<?xml version="1.0" encoding="UTF-8" standalone="yes"?><imgdir name="900020220.img"><imgdir name="info"><int name="version" value="10"/><int name="cloud" value="0"/><int name="town" value="0"/><int name="swim" value="0"/><int name="returnMap" value="900020220"/><int name="forcedReturn" value="900020220"/><float name="mobRate" value="1.0"/><string name="bgm" value="Bgm00/DragonDream"/><string name="mapMark" value="DragonDream"/><int name="fly" value="0"/><int name="noMapCmd" value="0"/><int name="hideMinimap" value="0"/><int name="fieldLimit" value="2368252"/><string name="onFirstUserEnter" value=""/><string name="onUserEnter" value=""/><int name="VRTop" value="-600"/><int name="VRLeft" value="-1880"/><int name="VRBottom" value="225"/><int name="VRRight" value="-10"/><imgdir name="limitUI"><int name="0" value="2"/><int name="1" value="3"/></imgdir></imgdir><imgdir name="back"><imgdir name="0"><string name="bS" value="dragonDream"/><int name="front" value="0"/><int name="ani" value="0"/><int name="no" value="0"/><int name="f" value="0"/><int name="x" value="25"/><int name="y" value="-77"/><int name="rx" value="-30"/><int name="ry" value="-100"/><int name="type" value="1"/><int name="cx" value="0"/><int name="cy" value="0"/><int name="a" value="255"/></imgdir><imgdir name="1"><string name="bS" value=""/><int name="front" value="0"/><int name="ani" value="0"/><int name="no" value="0"/><int name="f" value="0"/><int name="x" value="0"/><int name="y" value="0"/><int name="rx" value="0"/><int name="ry" value="0"/><int name="type" value="0"/><int name="cx" value="0"/><int name="cy" value="0"/><int name="a" value="255"/></imgdir><imgdir name="2"><string name="bS" value="dragonDream"/><int name="front" value="0"/><int name="ani" value="0"/><int name="no" value="1"/><int name="f" value="0"/><int name="x" value="-3"/><int name="y" value="-140"/><int name="rx" value="-35"/><int name="ry" value="-100"/><int name="type" value="1"/><int name="cx" value="0"/><int name="cy" value="0"/><int name="a" value="255"/></imgdir><imgdir name="3"><string name="bS" value="dragonDream"/><int name="front" value="0"/><int name="ani" value="0"/><int name="no" value="2"/><int name="f" value="0"/><int name="x" value="-293"/><int name="y" value="-83"/><int name="rx" value="-40"/><int name="ry" value="-100"/><int name="type" value="1"/><int name="cx" value="1879"/><int name="cy" value="0"/><int name="a" value="255"/></imgdir><imgdir name="4"><string name="bS" value="dragonDream"/><int name="front" value="0"/><int name="ani" value="0"/><int name="no" value="3"/><int name="f" value="0"/><int name="x" value="306"/><int name="y" value="-83"/><int name="rx" value="-40"/><int name="ry" value="-100"/><int name="type" value="1"/><int name="cx" value="1879"/><int name="cy" value="0"/><int name="a" value="255"/></imgdir><imgdir name="5"><string name="bS" value="dragonDream"/><int name="front" value="0"/><int name="ani" value="0"/><int name="no" value="4"/><int name="f" value="0"/><int name="x" value="980"/><int name="y" value="-83"/><int name="rx" value="-40"/><int name="ry" value="-100"/><int name="type" value="1"/><int name="cx" value="1879"/><int name="cy" value="0"/><int name="a" value="255"/></imgdir><imgdir name="6"><string name="bS" value="dragonDream"/><int name="front" value="0"/><int name="ani" value="0"/><int name="no" value="5"/><int name="f" value="0"/><int name="x" value="-136"/><int name="y" value="-116"/><int name="rx" value="-2"/><int name="ry" value="-100"/><int name="type" value="4"/><int name="cx" value="0"/><int name="cy" value="0"/><int name="a" value="255"/></imgdir><imgdir name="7"><string name="bS" value="dragonDream"/><int name="front" value="0"/><int name="ani" value="0"/><int name="no" value="6"/><int name="f" value="0"/><int name="x" value="70"/><int name="y" value="2"/><int name="rx" value="-3"/><int name="ry" value="-100"/><int name="type" value="4"/><int name="cx" value="0"/><int name="cy" value="0"/><int name="a" value="255"/></imgdir><imgdir name="8"><string name="bS" value="dragonDream"/><int name="front" value="0"/><int name="ani" value="0"/><int name="no" value="7"/><int name="f" value="0"/><int name="x" value="96"/><int name="y" value="-37"/><int name="rx" value="-1"/><int name="ry" value="-100"/><int name="type" value="4"/><int name="cx" value="0"/><int name="cy" value="0"/><int name="a" value="255"/></imgdir><imgdir name="9"><string name="bS" value="dragonDream"/><int name="front" value="0"/><int name="ani" value="1"/><int name="no" value="0"/><int name="f" value="0"/><int name="x" value="61"/><int name="y" value="-140"/><int name="rx" value="-100"/><int name="ry" value="-100"/><int name="type" value="1"/><int name="cx" value="3000"/><int name="cy" value="0"/><int name="a" value="255"/></imgdir><imgdir name="10"><string name="bS" value="dragonDream"/><int name="front" value="0"/><int name="ani" value="1"/><int name="no" value="1"/><int name="f" value="0"/><int name="x" value="-432"/><int name="y" value="-142"/><int name="rx" value="-100"/><int name="ry" value="-100"/><int name="type" value="1"/><int name="cx" value="3000"/><int name="cy" value="0"/><int name="a" value="255"/></imgdir><imgdir name="11"><string name="bS" value="dragonDream"/><int name="front" value="0"/><int name="ani" value="1"/><int name="no" value="2"/><int name="f" value="0"/><int name="x" value="-1111"/><int name="y" value="-187"/><int name="rx" value="-100"/><int name="ry" value="-100"/><int name="type" value="1"/><int name="cx" value="3000"/><int name="cy" value="0"/><int name="a" value="255"/></imgdir><imgdir name="12"><string name="bS" value="dragonDream"/><int name="front" value="0"/><int name="ani" value="1"/><int name="no" value="3"/><int name="f" value="0"/><int name="x" value="538"/><int name="y" value="-148"/><int name="rx" value="-100"/><int name="ry" value="-100"/><int name="type" value="1"/><int name="cx" value="3000"/><int name="cy" value="0"/><int name="a" value="255"/></imgdir><imgdir name="13"><string name="bS" value="dragonDream"/><int name="front" value="0"/><int name="ani" value="1"/><int name="no" value="4"/><int name="f" value="0"/><int name="x" value="131"/><int name="y" value="-171"/><int name="rx" value="-100"/><int name="ry" value="-100"/><int name="type" value="1"/><int name="cx" value="3000"/><int name="cy" value="0"/><int name="a" value="255"/></imgdir><imgdir name="14"><string name="bS" value="dragonDream"/><int name="front" value="0"/><int name="ani" value="1"/><int name="no" value="5"/><int name="f" value="0"/><int name="x" value="-1451"/><int name="y" value="-196"/><int name="rx" value="-100"/><int name="ry" value="-100"/><int name="type" value="1"/><int name="cx" value="3000"/><int name="cy" value="0"/><int name="a" value="255"/></imgdir><imgdir name="15"><string name="bS" value="dragonDream"/><int name="front" value="0"/><int name="ani" value="0"/><int name="no" value="8"/><int name="f" value="0"/><int name="x" value="-204"/><int name="y" value="-38"/><int name="rx" value="-60"/><int name="ry" value="-100"/><int name="type" value="1"/><int name="cx" value="1763"/><int name="cy" value="0"/><int name="a" value="255"/></imgdir><imgdir name="16"><string name="bS" value="dragonDream"/><int name="front" value="0"/><int name="ani" value="0"/><int name="no" value="9"/><int name="f" value="0"/><int name="x" value="237"/><int name="y" value="-39"/><int name="rx" value="-60"/><int name="ry" value="-100"/><int name="type" value="1"/><int name="cx" value="1763"/><int name="cy" value="0"/><int name="a" value="255"/></imgdir><imgdir name="17"><string name="bS" value="dragonDream"/><int name="front" value="0"/><int name="ani" value="0"/><int name="no" value="10"/><int name="f" value="0"/><int name="x" value="678"/><int name="y" value="-38"/><int name="rx" value="-60"/><int name="ry" value="-100"/><int name="type" value="1"/><int name="cx" value="1763"/><int name="cy" value="0"/><int name="a" value="255"/></imgdir><imgdir name="18"><string name="bS" value="dragonDream"/><int name="front" value="0"/><int name="ani" value="0"/><int name="no" value="11"/><int name="f" value="0"/><int name="x" value="1118"/><int name="y" value="-54"/><int name="rx" value="-60"/><int name="ry" value="-100"/><int name="type" value="1"/><int name="cx" value="1763"/><int name="cy" value="0"/><int name="a" value="255"/></imgdir><imgdir name="19"><string name="bS" value="dragonDream"/><int name="front" value="0"/><int name="ani" value="0"/><int name="no" value="19"/><int name="f" value="0"/><int name="x" value="-1211"/><int name="y" value="-30"/><int name="rx" value="-80"/><int name="ry" value="-100"/><int name="type" value="0"/><int name="cx" value="0"/><int name="cy" value="0"/><int name="a" value="255"/></imgdir><imgdir name="20"><string name="bS" value="dragonDream"/><int name="front" value="0"/><int name="ani" value="0"/><int name="no" value="12"/><int name="f" value="0"/><int name="x" value="-330"/><int name="y" value="-261"/><int name="rx" value="-100"/><int name="ry" value="-100"/><int name="type" value="1"/><int name="cx" value="1983"/><int name="cy" value="0"/><int name="a" value="255"/></imgdir><imgdir name="21"><string name="bS" value="dragonDream"/><int name="front" value="0"/><int name="ani" value="0"/><int name="no" value="13"/><int name="f" value="0"/><int name="x" value="328"/><int name="y" value="-261"/><int name="rx" value="-100"/><int name="ry" value="-100"/><int name="type" value="1"/><int name="cx" value="1983"/><int name="cy" value="0"/><int name="a" value="255"/></imgdir><imgdir name="22"><string name="bS" value="dragonDream"/><int name="front" value="0"/><int name="ani" value="0"/><int name="no" value="14"/><int name="f" value="0"/><int name="x" value="992"/><int name="y" value="-261"/><int name="rx" value="-100"/><int name="ry" value="-100"/><int name="type" value="1"/><int name="cx" value="1983"/><int name="cy" value="0"/><int name="a" value="255"/></imgdir><imgdir name="23"><string name="bS" value="dragonDream"/><int name="front" value="0"/><int name="ani" value="0"/><int name="no" value="15"/><int name="f" value="0"/><int name="x" value="1170"/><int name="y" value="38"/><int name="rx" value="-1"/><int name="ry" value="-100"/><int name="type" value="4"/><int name="cx" value="0"/><int name="cy" value="0"/><int name="a" value="255"/></imgdir><imgdir name="24"><string name="bS" value="dragonDream"/><int name="front" value="0"/><int name="ani" value="0"/><int name="no" value="16"/><int name="f" value="0"/><int name="x" value="-10"/><int name="y" value="35"/><int name="rx" value="-2"/><int name="ry" value="-100"/><int name="type" value="4"/><int name="cx" value="0"/><int name="cy" value="0"/><int name="a" value="255"/></imgdir><imgdir name="25"><string name="bS" value="dragonDream"/><int name="front" value="0"/><int name="ani" value="0"/><int name="no" value="17"/><int name="f" value="0"/><int name="x" value="-133"/><int name="y" value="60"/><int name="rx" value="-3"/><int name="ry" value="-100"/><int name="type" value="4"/><int name="cx" value="0"/><int name="cy" value="0"/><int name="a" value="255"/></imgdir></imgdir><imgdir name="life"><imgdir name="0"><string name="type" value="n"/><string name="id" value="1013002"/><int name="x" value="-423"/><int name="y" value="16"/><int name="mobTime" value="0"/><int name="f" value="0"/><int name="hide" value="0"/><int name="fh" value="5"/><int name="cy" value="35"/><int name="rx0" value="-473"/><int name="rx1" value="-373"/></imgdir></imgdir><imgdir name="reactor"></imgdir><imgdir name="0"><imgdir name="info"></imgdir><imgdir name="tile"></imgdir><imgdir name="obj"></imgdir></imgdir><imgdir name="1"><imgdir name="info"></imgdir><imgdir name="tile"></imgdir><imgdir name="obj"></imgdir></imgdir><imgdir name="2"><imgdir name="info"></imgdir><imgdir name="tile"></imgdir><imgdir name="obj"></imgdir></imgdir><imgdir name="3"><imgdir name="info"><string name="tS" value="DeepgrassySoil"/><int name="tSMag" value="1"/></imgdir><imgdir name="tile"><imgdir name="9"><int name="x" value="-1890"/><int name="y" value="240"/><string name="u" value="enH1"/><int name="no" value="0"/><int name="zM" value="0"/></imgdir><imgdir name="15"><int name="x" value="-1890"/><int name="y" value="120"/><string name="u" value="bsc"/><int name="no" value="2"/><int name="zM" value="0"/></imgdir><imgdir name="10"><int name="x" value="-1890"/><int name="y" value="60"/><string name="u" value="bsc"/><int name="no" value="3"/><int name="zM" value="0"/></imgdir><imgdir name="4"><int name="x" value="-1890"/><int name="y" value="60"/><string name="u" value="enH0"/><int name="no" value="2"/><int name="zM" value="0"/></imgdir><imgdir name="13"><int name="x" value="-1890"/><int name="y" value="180"/><string name="u" value="bsc"/><int name="no" value="1"/><int name="zM" value="0"/></imgdir><imgdir name="19"><int name="x" value="-1710"/><int name="y" value="120"/><string name="u" value="bsc"/><int name="no" value="3"/><int name="zM" value="0"/></imgdir><imgdir name="25"><int name="x" value="-1800"/><int name="y" value="180"/><string name="u" value="bsc"/><int name="no" value="1"/><int name="zM" value="0"/></imgdir><imgdir name="7"><int name="x" value="-1800"/><int name="y" value="240"/><string name="u" value="enH1"/><int name="no" value="3"/><int name="zM" value="0"/></imgdir><imgdir name="27"><int name="x" value="-1800"/><int name="y" value="120"/><string name="u" value="bsc"/><int name="no" value="3"/><int name="zM" value="0"/></imgdir><imgdir name="29"><int name="x" value="-1710"/><int name="y" value="240"/><string name="u" value="enH1"/><int name="no" value="3"/><int name="zM" value="0"/></imgdir><imgdir name="16"><int name="x" value="-1800"/><int name="y" value="60"/><string name="u" value="bsc"/><int name="no" value="4"/><int name="zM" value="0"/></imgdir><imgdir name="17"><int name="x" value="-1800"/><int name="y" value="60"/><string name="u" value="enH0"/><int name="no" value="1"/><int name="zM" value="0"/></imgdir><imgdir name="20"><int name="x" value="-1710"/><int name="y" value="180"/><string name="u" value="bsc"/><int name="no" value="1"/><int name="zM" value="0"/></imgdir><imgdir name="35"><int name="x" value="-1710"/><int name="y" value="60"/><string name="u" value="enH0"/><int name="no" value="2"/><int name="zM" value="0"/></imgdir><imgdir name="23"><int name="x" value="-1710"/><int name="y" value="60"/><string name="u" value="bsc"/><int name="no" value="3"/><int name="zM" value="0"/></imgdir><imgdir name="0"><int name="x" value="-1620"/><int name="y" value="180"/><string name="u" value="bsc"/><int name="no" value="1"/><int name="zM" value="0"/></imgdir><imgdir name="26"><int name="x" value="-1620"/><int name="y" value="60"/><string name="u" value="bsc"/><int name="no" value="4"/><int name="zM" value="0"/></imgdir><imgdir name="36"><int name="x" value="-1620"/><int name="y" value="60"/><string name="u" value="enH0"/><int name="no" value="1"/><int name="zM" value="0"/></imgdir><imgdir name="37"><int name="x" value="-1620"/><int name="y" value="120"/><string name="u" value="bsc"/><int name="no" value="1"/><int name="zM" value="0"/></imgdir><imgdir name="8"><int name="x" value="-1620"/><int name="y" value="240"/><string name="u" value="enH1"/><int name="no" value="3"/><int name="zM" value="0"/></imgdir><imgdir name="21"><int name="x" value="-1530"/><int name="y" value="60"/><string name="u" value="bsc"/><int name="no" value="0"/><int name="zM" value="0"/></imgdir><imgdir name="40"><int name="x" value="-1530"/><int name="y" value="60"/><string name="u" value="enH0"/><int name="no" value="3"/><int name="zM" value="0"/></imgdir><imgdir name="22"><int name="x" value="-1530"/><int name="y" value="240"/><string name="u" value="enH1"/><int name="no" value="3"/><int name="zM" value="0"/></imgdir><imgdir name="41"><int name="x" value="-1530"/><int name="y" value="120"/><string name="u" value="bsc"/><int name="no" value="1"/><int name="zM" value="0"/></imgdir><imgdir name="28"><int name="x" value="-1530"/><int name="y" value="180"/><string name="u" value="bsc"/><int name="no" value="2"/><int name="zM" value="0"/></imgdir><imgdir name="43"><int name="x" value="-1440"/><int name="y" value="240"/><string name="u" value="enH1"/><int name="no" value="1"/><int name="zM" value="0"/></imgdir><imgdir name="6"><int name="x" value="-1440"/><int name="y" value="180"/><string name="u" value="bsc"/><int name="no" value="0"/><int name="zM" value="0"/></imgdir><imgdir name="38"><int name="x" value="-1440"/><int name="y" value="60"/><string name="u" value="bsc"/><int name="no" value="1"/><int name="zM" value="0"/></imgdir><imgdir name="39"><int name="x" value="-1440"/><int name="y" value="120"/><string name="u" value="bsc"/><int name="no" value="1"/><int name="zM" value="0"/></imgdir><imgdir name="46"><int name="x" value="-1440"/><int name="y" value="60"/><string name="u" value="enH0"/><int name="no" value="2"/><int name="zM" value="0"/></imgdir><imgdir name="48"><int name="x" value="-1350"/><int name="y" value="60"/><string name="u" value="bsc"/><int name="no" value="2"/><int name="zM" value="0"/></imgdir><imgdir name="47"><int name="x" value="-1350"/><int name="y" value="60"/><string name="u" value="enH0"/><int name="no" value="1"/><int name="zM" value="0"/></imgdir><imgdir name="45"><int name="x" value="-1350"/><int name="y" value="240"/><string name="u" value="enH1"/><int name="no" value="0"/><int name="zM" value="0"/></imgdir><imgdir name="52"><int name="x" value="-1350"/><int name="y" value="120"/><string name="u" value="bsc"/><int name="no" value="3"/><int name="zM" value="0"/></imgdir><imgdir name="49"><int name="x" value="-1350"/><int name="y" value="180"/><string name="u" value="bsc"/><int name="no" value="0"/><int name="zM" value="0"/></imgdir><imgdir name="51"><int name="x" value="-1260"/><int name="y" value="240"/><string name="u" value="enH1"/><int name="no" value="3"/><int name="zM" value="0"/></imgdir><imgdir name="50"><int name="x" value="-1260"/><int name="y" value="120"/><string name="u" value="bsc"/><int name="no" value="3"/><int name="zM" value="0"/></imgdir><imgdir name="42"><int name="x" value="-1260"/><int name="y" value="60"/><string name="u" value="bsc"/><int name="no" value="4"/><int name="zM" value="0"/></imgdir><imgdir name="55"><int name="x" value="-1260"/><int name="y" value="60"/><string name="u" value="enH0"/><int name="no" value="1"/><int name="zM" value="0"/></imgdir><imgdir name="61"><int name="x" value="-1170"/><int name="y" value="240"/><string name="u" value="enH1"/><int name="no" value="3"/><int name="zM" value="0"/></imgdir><imgdir name="58"><int name="x" value="-1260"/><int name="y" value="180"/><string name="u" value="bsc"/><int name="no" value="2"/><int name="zM" value="0"/></imgdir><imgdir name="56"><int name="x" value="-1080"/><int name="y" value="240"/><string name="u" value="enH1"/><int name="no" value="2"/><int name="zM" value="0"/></imgdir><imgdir name="98"><int name="x" value="-720"/><int name="y" value="240"/><string name="u" value="enH1"/><int name="no" value="2"/><int name="zM" value="0"/></imgdir><imgdir name="102"><int name="x" value="-720"/><int name="y" value="180"/><string name="u" value="bsc"/><int name="no" value="0"/><int name="zM" value="0"/></imgdir><imgdir name="94"><int name="x" value="-720"/><int name="y" value="120"/><string name="u" value="bsc"/><int name="no" value="3"/><int name="zM" value="0"/></imgdir><imgdir name="96"><int name="x" value="-360"/><int name="y" value="180"/><string name="u" value="bsc"/><int name="no" value="4"/><int name="zM" value="0"/></imgdir><imgdir name="103"><int name="x" value="-270"/><int name="y" value="180"/><string name="u" value="bsc"/><int name="no" value="4"/><int name="zM" value="0"/></imgdir><imgdir name="99"><int name="x" value="-180"/><int name="y" value="60"/><string name="u" value="enH0"/><int name="no" value="3"/><int name="zM" value="0"/></imgdir><imgdir name="104"><int name="x" value="-360"/><int name="y" value="60"/><string name="u" value="enH0"/><int name="no" value="3"/><int name="zM" value="0"/></imgdir><imgdir name="78"><int name="x" value="-990"/><int name="y" value="180"/><string name="u" value="bsc"/><int name="no" value="2"/><int name="zM" value="0"/></imgdir><imgdir name="62"><int name="x" value="-900"/><int name="y" value="240"/><string name="u" value="enH1"/><int name="no" value="0"/><int name="zM" value="0"/></imgdir><imgdir name="65"><int name="x" value="-990"/><int name="y" value="240"/><string name="u" value="enH1"/><int name="no" value="2"/><int name="zM" value="0"/></imgdir><imgdir name="63"><int name="x" value="-990"/><int name="y" value="120"/><string name="u" value="bsc"/><int name="no" value="0"/><int name="zM" value="0"/></imgdir><imgdir name="81"><int name="x" value="-900"/><int name="y" value="120"/><string name="u" value="bsc"/><int name="no" value="2"/><int name="zM" value="0"/></imgdir><imgdir name="74"><int name="x" value="-810"/><int name="y" value="180"/><string name="u" value="bsc"/><int name="no" value="2"/><int name="zM" value="0"/></imgdir><imgdir name="85"><int name="x" value="-810"/><int name="y" value="240"/><string name="u" value="enH1"/><int name="no" value="2"/><int name="zM" value="0"/></imgdir><imgdir name="87"><int name="x" value="-900"/><int name="y" value="180"/><string name="u" value="bsc"/><int name="no" value="0"/><int name="zM" value="0"/></imgdir><imgdir name="84"><int name="x" value="-360"/><int name="y" value="120"/><string name="u" value="bsc"/><int name="no" value="1"/><int name="zM" value="0"/></imgdir><imgdir name="86"><int name="x" value="-270"/><int name="y" value="240"/><string name="u" value="enH1"/><int name="no" value="3"/><int name="zM" value="0"/></imgdir><imgdir name="83"><int name="x" value="-90"/><int name="y" value="240"/><string name="u" value="enH1"/><int name="no" value="2"/><int name="zM" value="0"/></imgdir><imgdir name="80"><int name="x" value="-900"/><int name="y" value="60"/><string name="u" value="bsc"/><int name="no" value="3"/><int name="zM" value="0"/></imgdir><imgdir name="92"><int name="x" value="-810"/><int name="y" value="60"/><string name="u" value="bsc"/><int name="no" value="2"/><int name="zM" value="0"/></imgdir><imgdir name="95"><int name="x" value="-900"/><int name="y" value="60"/><string name="u" value="enH0"/><int name="no" value="3"/><int name="zM" value="0"/></imgdir><imgdir name="90"><int name="x" value="-360"/><int name="y" value="60"/><string name="u" value="bsc"/><int name="no" value="0"/><int name="zM" value="0"/></imgdir><imgdir name="91"><int name="x" value="-810"/><int name="y" value="60"/><string name="u" value="enH0"/><int name="no" value="2"/><int name="zM" value="0"/></imgdir><imgdir name="93"><int name="x" value="-180"/><int name="y" value="180"/><string name="u" value="bsc"/><int name="no" value="3"/><int name="zM" value="0"/></imgdir><imgdir name="89"><int name="x" value="-810"/><int name="y" value="120"/><string name="u" value="bsc"/><int name="no" value="2"/><int name="zM" value="0"/></imgdir><imgdir name="88"><int name="x" value="-990"/><int name="y" value="60"/><string name="u" value="enH0"/><int name="no" value="3"/><int name="zM" value="0"/></imgdir><imgdir name="97"><int name="x" value="-270"/><int name="y" value="120"/><string name="u" value="bsc"/><int name="no" value="0"/><int name="zM" value="0"/></imgdir><imgdir name="101"><int name="x" value="-180"/><int name="y" value="60"/><string name="u" value="bsc"/><int name="no" value="4"/><int name="zM" value="0"/></imgdir><imgdir name="73"><int name="x" value="-1080"/><int name="y" value="60"/><string name="u" value="bsc"/><int name="no" value="1"/><int name="zM" value="0"/></imgdir><imgdir name="75"><int name="x" value="-1080"/><int name="y" value="60"/><string name="u" value="enH0"/><int name="no" value="1"/><int name="zM" value="0"/></imgdir><imgdir name="53"><int name="x" value="-1170"/><int name="y" value="60"/><string name="u" value="bsc"/><int name="no" value="0"/><int name="zM" value="0"/></imgdir><imgdir name="68"><int name="x" value="-360"/><int name="y" value="240"/><string name="u" value="enH1"/><int name="no" value="1"/><int name="zM" value="0"/></imgdir><imgdir name="66"><int name="x" value="-1170"/><int name="y" value="60"/><string name="u" value="enH0"/><int name="no" value="2"/><int name="zM" value="0"/></imgdir><imgdir name="69"><int name="x" value="-180"/><int name="y" value="240"/><string name="u" value="enH1"/><int name="no" value="2"/><int name="zM" value="0"/></imgdir><imgdir name="67"><int name="x" value="-1080"/><int name="y" value="120"/><string name="u" value="bsc"/><int name="no" value="0"/><int name="zM" value="0"/></imgdir><imgdir name="77"><int name="x" value="-90"/><int name="y" value="60"/><string name="u" value="bsc"/><int name="no" value="2"/><int name="zM" value="0"/></imgdir><imgdir name="59"><int name="x" value="-1170"/><int name="y" value="180"/><string name="u" value="bsc"/><int name="no" value="1"/><int name="zM" value="0"/></imgdir><imgdir name="44"><int name="x" value="-90"/><int name="y" value="120"/><string name="u" value="bsc"/><int name="no" value="1"/><int name="zM" value="0"/></imgdir><imgdir name="54"><int name="x" value="-1170"/><int name="y" value="120"/><string name="u" value="bsc"/><int name="no" value="2"/><int name="zM" value="0"/></imgdir><imgdir name="72"><int name="x" value="-450"/><int name="y" value="60"/><string name="u" value="bsc"/><int name="no" value="1"/><int name="zM" value="0"/></imgdir><imgdir name="57"><int name="x" value="-540"/><int name="y" value="60"/><string name="u" value="enH0"/><int name="no" value="0"/><int name="zM" value="0"/></imgdir><imgdir name="79"><int name="x" value="-990"/><int name="y" value="60"/><string name="u" value="bsc"/><int name="no" value="3"/><int name="zM" value="0"/></imgdir><imgdir name="76"><int name="x" value="-540"/><int name="y" value="120"/><string name="u" value="bsc"/><int name="no" value="1"/><int name="zM" value="0"/></imgdir><imgdir name="100"><int name="x" value="-90"/><int name="y" value="180"/><string name="u" value="bsc"/><int name="no" value="0"/><int name="zM" value="0"/></imgdir><imgdir name="82"><int name="x" value="-450"/><int name="y" value="240"/><string name="u" value="enH1"/><int name="no" value="2"/><int name="zM" value="0"/></imgdir><imgdir name="70"><int name="x" value="-1080"/><int name="y" value="180"/><string name="u" value="bsc"/><int name="no" value="0"/><int name="zM" value="0"/></imgdir><imgdir name="71"><int name="x" value="-540"/><int name="y" value="180"/><string name="u" value="bsc"/><int name="no" value="2"/><int name="zM" value="0"/></imgdir><imgdir name="64"><int name="x" value="-450"/><int name="y" value="120"/><string name="u" value="bsc"/><int name="no" value="2"/><int name="zM" value="0"/></imgdir><imgdir name="60"><int name="x" value="-450"/><int name="y" value="60"/><string name="u" value="enH0"/><int name="no" value="2"/><int name="zM" value="0"/></imgdir><imgdir name="14"><int name="x" value="-450"/><int name="y" value="180"/><string name="u" value="bsc"/><int name="no" value="3"/><int name="zM" value="0"/></imgdir><imgdir name="2"><int name="x" value="-630"/><int name="y" value="60"/><string name="u" value="bsc"/><int name="no" value="3"/><int name="zM" value="0"/></imgdir><imgdir name="12"><int name="x" value="-630"/><int name="y" value="180"/><string name="u" value="bsc"/><int name="no" value="4"/><int name="zM" value="0"/></imgdir><imgdir name="32"><int name="x" value="-630"/><int name="y" value="120"/><string name="u" value="bsc"/><int name="no" value="4"/><int name="zM" value="0"/></imgdir><imgdir name="33"><int name="x" value="-180"/><int name="y" value="120"/><string name="u" value="bsc"/><int name="no" value="2"/><int name="zM" value="0"/></imgdir><imgdir name="30"><int name="x" value="-540"/><int name="y" value="240"/><string name="u" value="enH1"/><int name="no" value="2"/><int name="zM" value="0"/></imgdir><imgdir name="24"><int name="x" value="-630"/><int name="y" value="240"/><string name="u" value="enH1"/><int name="no" value="3"/><int name="zM" value="0"/></imgdir><imgdir name="34"><int name="x" value="-270"/><int name="y" value="60"/><string name="u" value="bsc"/><int name="no" value="0"/><int name="zM" value="0"/></imgdir><imgdir name="1"><int name="x" value="-270"/><int name="y" value="60"/><string name="u" value="enH0"/><int name="no" value="3"/><int name="zM" value="0"/></imgdir><imgdir name="11"><int name="x" value="-540"/><int name="y" value="60"/><string name="u" value="bsc"/><int name="no" value="4"/><int name="zM" value="0"/></imgdir><imgdir name="5"><int name="x" value="-630"/><int name="y" value="60"/><string name="u" value="enH0"/><int name="no" value="2"/><int name="zM" value="0"/></imgdir><imgdir name="31"><int name="x" value="-720"/><int name="y" value="60"/><string name="u" value="enH0"/><int name="no" value="3"/><int name="zM" value="0"/></imgdir><imgdir name="18"><int name="x" value="-90"/><int name="y" value="60"/><string name="u" value="enH0"/><int name="no" value="1"/><int name="zM" value="0"/></imgdir><imgdir name="3"><int name="x" value="-720"/><int name="y" value="60"/><string name="u" value="bsc"/><int name="no" value="0"/><int name="zM" value="0"/></imgdir></imgdir><imgdir name="obj"><imgdir name="6"><string name="oS" value="acc1"/><string name="l0" value="DragonDream"/><string name="l1" value="stone"/><string name="l2" value="4"/><int name="x" value="-1694"/><int name="y" value="-8"/><int name="z" value="9"/><int name="f" value="0"/><int name="zM" value="0"/><int name="r" value="0"/></imgdir><imgdir name="1"><string name="oS" value="acc1"/><string name="l0" value="DragonDream"/><string name="l1" value="nature"/><string name="l2" value="2"/><int name="x" value="-970"/><int name="y" value="6"/><int name="z" value="8"/><int name="f" value="0"/><int name="zM" value="0"/><int name="r" value="0"/></imgdir><imgdir name="3"><string name="oS" value="acc1"/><string name="l0" value="DragonDream"/><string name="l1" value="stone"/><string name="l2" value="5"/><int name="x" value="-1714"/><int name="y" value="8"/><int name="z" value="10"/><int name="f" value="0"/><int name="zM" value="0"/><int name="r" value="0"/></imgdir><imgdir name="7"><string name="oS" value="signboard"/><string name="l0" value="market"/><string name="l1" value="arrow"/><string name="l2" value="10"/><int name="x" value="-1620"/><int name="y" value="-59"/><int name="z" value="9"/><int name="f" value="0"/><int name="zM" value="0"/><int name="r" value="0"/></imgdir><imgdir name="0"><string name="oS" value="signboard"/><string name="l0" value="market"/><string name="l1" value="arrow"/><string name="l2" value="10"/><int name="x" value="-900"/><int name="y" value="-59"/><int name="z" value="9"/><int name="f" value="0"/><int name="zM" value="0"/><int name="r" value="0"/></imgdir><imgdir name="2"><string name="oS" value="signboard"/><string name="l0" value="market"/><string name="l1" value="arrow"/><string name="l2" value="10"/><int name="x" value="-1260"/><int name="y" value="-60"/><int name="z" value="9"/><int name="f" value="0"/><int name="zM" value="0"/><int name="r" value="0"/></imgdir><imgdir name="8"><string name="oS" value="acc1"/><string name="l0" value="DragonDream"/><string name="l1" value="dragon"/><string name="l2" value="4"/><int name="x" value="-498"/><int name="y" value="-48"/><int name="z" value="4"/><int name="f" value="0"/><int name="zM" value="0"/><int name="r" value="0"/></imgdir><imgdir name="9"><string name="oS" value="acc1"/><string name="l0" value="DragonDream"/><string name="l1" value="dragonEgg"/><string name="l2" value="0"/><int name="x" value="-411"/><int name="y" value="-55"/><int name="z" value="9"/><int name="f" value="0"/><int name="zM" value="0"/><int name="r" value="0"/></imgdir><imgdir name="10"><string name="oS" value="acc1"/><string name="l0" value="DragonDream"/><string name="l1" value="dragonEgg"/><string name="l2" value="1"/><int name="x" value="-410"/><int name="y" value="-144"/><int name="z" value="7"/><int name="f" value="0"/><int name="zM" value="0"/><int name="r" value="0"/></imgdir><imgdir name="11"><string name="oS" value="acc1"/><string name="l0" value="DragonDream"/><string name="l1" value="dragonEgg"/><string name="l2" value="2"/><int name="x" value="-413"/><int name="y" value="-139"/><int name="z" value="6"/><int name="f" value="0"/><int name="zM" value="0"/><int name="r" value="0"/></imgdir><imgdir name="12"><string name="oS" value="acc1"/><string name="l0" value="DragonDream"/><string name="l1" value="dragonEgg"/><string name="l2" value="3"/><int name="x" value="-406"/><int name="y" value="-135"/><int name="z" value="5"/><int name="f" value="0"/><int name="zM" value="0"/><int name="r" value="0"/></imgdir><imgdir name="13"><string name="oS" value="acc1"/><string name="l0" value="DragonDream"/><string name="l1" value="dragonEgg"/><string name="l2" value="4"/><int name="x" value="-414"/><int name="y" value="-141"/><int name="z" value="9"/><int name="f" value="0"/><int name="zM" value="0"/><int name="r" value="0"/></imgdir><imgdir name="5"><string name="oS" value="acc1"/><string name="l0" value="DragonDream"/><string name="l1" value="dragonEgg"/><string name="l2" value="5"/><int name="x" value="-1463"/><int name="y" value="-6"/><int name="z" value="9"/><int name="f" value="0"/><int name="zM" value="0"/><int name="r" value="0"/></imgdir><imgdir name="4"><string name="oS" value="guide"/><string name="l0" value="tutorial"/><string name="l1" value="key"/><string name="l2" value="7"/><int name="x" value="-523"/><int name="y" value="-197"/><int name="z" value="9"/><int name="f" value="0"/><int name="zM" value="0"/><int name="r" value="0"/></imgdir><imgdir name="14"><string name="oS" value="acc1"/><string name="l0" value="DragonDream"/><string name="l1" value="dragonEgg"/><string name="l2" value="6"/><int name="x" value="-1154"/><int name="y" value="-50"/><int name="z" value="7"/><int name="f" value="0"/><int name="zM" value="0"/><int name="r" value="0"/></imgdir></imgdir></imgdir><imgdir name="4"><imgdir name="info"></imgdir><imgdir name="tile"></imgdir><imgdir name="obj"></imgdir></imgdir><imgdir name="5"><imgdir name="info"></imgdir><imgdir name="tile"></imgdir><imgdir name="obj"></imgdir></imgdir><imgdir name="6"><imgdir name="info"></imgdir><imgdir name="tile"></imgdir><imgdir name="obj"></imgdir></imgdir><imgdir name="7"><imgdir name="info"></imgdir><imgdir name="tile"></imgdir><imgdir name="obj"></imgdir></imgdir><imgdir name="foothold"><imgdir name="3"><imgdir name="0"><imgdir name="1"><int name="x1" value="-90"/><int name="y1" value="35"/><int name="x2" value="0"/><int name="y2" value="35"/><int name="prev" value="3"/><int name="next" value="0"/><int name="piece" value="0"/></imgdir><imgdir name="2"><int name="x1" value="-360"/><int name="y1" value="35"/><int name="x2" value="-270"/><int name="y2" value="35"/><int name="prev" value="5"/><int name="next" value="4"/><int name="piece" value="0"/></imgdir><imgdir name="3"><int name="x1" value="-180"/><int name="y1" value="35"/><int name="x2" value="-90"/><int name="y2" value="35"/><int name="prev" value="4"/><int name="next" value="1"/><int name="piece" value="0"/></imgdir><imgdir name="4"><int name="x1" value="-270"/><int name="y1" value="35"/><int name="x2" value="-180"/><int name="y2" value="35"/><int name="prev" value="2"/><int name="next" value="3"/><int name="piece" value="0"/></imgdir><imgdir name="5"><int name="x1" value="-450"/><int name="y1" value="35"/><int name="x2" value="-360"/><int name="y2" value="35"/><int name="prev" value="6"/><int name="next" value="2"/><int name="piece" value="0"/></imgdir><imgdir name="6"><int name="x1" value="-540"/><int name="y1" value="35"/><int name="x2" value="-450"/><int name="y2" value="35"/><int name="prev" value="8"/><int name="next" value="5"/><int name="piece" value="0"/></imgdir><imgdir name="7"><int name="x1" value="-720"/><int name="y1" value="35"/><int name="x2" value="-630"/><int name="y2" value="35"/><int name="prev" value="9"/><int name="next" value="8"/><int name="piece" value="0"/></imgdir><imgdir name="8"><int name="x1" value="-630"/><int name="y1" value="35"/><int name="x2" value="-540"/><int name="y2" value="35"/><int name="prev" value="7"/><int name="next" value="6"/><int name="piece" value="0"/></imgdir><imgdir name="9"><int name="x1" value="-810"/><int name="y1" value="35"/><int name="x2" value="-720"/><int name="y2" value="35"/><int name="prev" value="17"/><int name="next" value="7"/><int name="piece" value="0"/></imgdir><imgdir name="10"><int name="x1" value="-1530"/><int name="y1" value="35"/><int name="x2" value="-1440"/><int name="y2" value="35"/><int name="prev" value="11"/><int name="next" value="15"/><int name="piece" value="0"/></imgdir><imgdir name="11"><int name="x1" value="-1620"/><int name="y1" value="35"/><int name="x2" value="-1530"/><int name="y2" value="35"/><int name="prev" value="20"/><int name="next" value="10"/><int name="piece" value="0"/></imgdir><imgdir name="12"><int name="x1" value="-990"/><int name="y1" value="35"/><int name="x2" value="-900"/><int name="y2" value="35"/><int name="prev" value="16"/><int name="next" value="17"/><int name="piece" value="0"/></imgdir><imgdir name="13"><int name="x1" value="-1170"/><int name="y1" value="35"/><int name="x2" value="-1080"/><int name="y2" value="35"/><int name="prev" value="18"/><int name="next" value="16"/><int name="piece" value="0"/></imgdir><imgdir name="14"><int name="x1" value="-1350"/><int name="y1" value="35"/><int name="x2" value="-1260"/><int name="y2" value="35"/><int name="prev" value="15"/><int name="next" value="18"/><int name="piece" value="0"/></imgdir><imgdir name="15"><int name="x1" value="-1440"/><int name="y1" value="35"/><int name="x2" value="-1350"/><int name="y2" value="35"/><int name="prev" value="10"/><int name="next" value="14"/><int name="piece" value="0"/></imgdir><imgdir name="16"><int name="x1" value="-1080"/><int name="y1" value="35"/><int name="x2" value="-990"/><int name="y2" value="35"/><int name="prev" value="13"/><int name="next" value="12"/><int name="piece" value="0"/></imgdir><imgdir name="17"><int name="x1" value="-900"/><int name="y1" value="35"/><int name="x2" value="-810"/><int name="y2" value="35"/><int name="prev" value="12"/><int name="next" value="9"/><int name="piece" value="0"/></imgdir><imgdir name="18"><int name="x1" value="-1260"/><int name="y1" value="35"/><int name="x2" value="-1170"/><int name="y2" value="35"/><int name="prev" value="14"/><int name="next" value="13"/><int name="piece" value="0"/></imgdir><imgdir name="19"><int name="x1" value="-1800"/><int name="y1" value="35"/><int name="x2" value="-1710"/><int name="y2" value="35"/><int name="prev" value="21"/><int name="next" value="20"/><int name="piece" value="0"/></imgdir><imgdir name="20"><int name="x1" value="-1710"/><int name="y1" value="35"/><int name="x2" value="-1620"/><int name="y2" value="35"/><int name="prev" value="19"/><int name="next" value="11"/><int name="piece" value="0"/></imgdir><imgdir name="21"><int name="x1" value="-1890"/><int name="y1" value="35"/><int name="x2" value="-1800"/><int name="y2" value="35"/><int name="prev" value="0"/><int name="next" value="19"/><int name="piece" value="0"/></imgdir></imgdir></imgdir></imgdir><imgdir name="ladderRope"></imgdir><imgdir name="miniMap"><canvas name="canvas" width="127" height="46"><string name="_hash" value="220ec6bfcf9d6bbcfbcfdee57cf330cd4171a2aa7f9f1110f01a93473264395e"/></canvas><int name="width" value="2044"/><int name="height" value="748"/><int name="centerX" value="1938"/><int name="centerY" value="434"/><int name="mag" value="4"/></imgdir><imgdir name="portal"><imgdir name="0"><string name="pn" value="sp"/><int name="pt" value="0"/><int name="x" value="-1796"/><int name="y" value="-127"/><int name="tm" value="999999999"/><string name="tn" value=""/><int name="horizontalImpact" value="0"/></imgdir><imgdir name="1"><string name="pn" value="st00"/><int name="pt" value="1"/><int name="x" value="-1769"/><int name="y" value="40"/><int name="tm" value="999999999"/><string name="tn" value="st00"/><int name="horizontalImpact" value="0"/></imgdir><imgdir name="2"><string name="pn" value="scr00"/><int name="pt" value="9"/><int name="x" value="-707"/><int name="y" value="-11"/><int name="tm" value="999999999"/><string name="tn" value=""/><int name="delay" value="200"/><int name="horizontalImpact" value="0"/><string name="script" value="evantalk60"/></imgdir></imgdir></imgdir>