<?xml version="1.0" encoding="UTF-8" standalone="yes"?><imgdir name="900090103.img"><imgdir name="info"><int name="version" value="10"/><int name="cloud" value="0"/><int name="town" value="0"/><int name="swim" value="0"/><int name="returnMap" value="900020110"/><int name="forcedReturn" value="900020110"/><float name="mobRate" value="1.0"/><string name="bgm" value="Bgm00/DragonDream"/><string name="mapMark" value="None"/><int name="fly" value="0"/><int name="hideMinimap" value="0"/><int name="fieldLimit" value="8384255"/><int name="VRTop" value="-300"/><int name="VRLeft" value="-400"/><int name="VRBottom" value="300"/><int name="VRRight" value="400"/><string name="onFirstUserEnter" value=""/><string name="onUserEnter" value="getDragonEgg"/><int name="noMapCmd" value="0"/><int name="limitSpeedAndJump" value="1"/></imgdir><imgdir name="back"><imgdir name="0"><string name="bS" value="login"/><int name="front" value="1"/><int name="ani" value="0"/><int name="no" value="28"/><int name="f" value="0"/><int name="x" value="1"/><int name="y" value="5"/><int name="rx" value="0"/><int name="ry" value="0"/><int name="type" value="3"/><int name="cx" value="0"/><int name="cy" value="0"/><int name="a" value="255"/></imgdir></imgdir><imgdir name="life"></imgdir><imgdir name="reactor"></imgdir><imgdir name="0"><imgdir name="info"></imgdir><imgdir name="tile"></imgdir><imgdir name="obj"></imgdir></imgdir><imgdir name="1"><imgdir name="info"><string name="tS" value="allblackTile"/><int name="tSMag" value="1"/></imgdir><imgdir name="tile"><imgdir name="2"><int name="x" value="90"/><int name="y" value="0"/><string name="u" value="edU"/><int name="no" value="0"/><int name="zM" value="0"/></imgdir><imgdir name="3"><int name="x" value="90"/><int name="y" value="0"/><string name="u" value="edD"/><int name="no" value="0"/><int name="zM" value="0"/></imgdir><imgdir name="4"><int name="x" value="0"/><int name="y" value="0"/><string name="u" value="enH0"/><int name="no" value="0"/><int name="zM" value="0"/></imgdir><imgdir name="5"><int name="x" value="0"/><int name="y" value="0"/><string name="u" value="enH1"/><int name="no" value="0"/><int name="zM" value="0"/></imgdir><imgdir name="6"><int name="x" value="-90"/><int name="y" value="0"/><string name="u" value="edU"/><int name="no" value="0"/><int name="zM" value="0"/></imgdir><imgdir name="7"><int name="x" value="-90"/><int name="y" value="0"/><string name="u" value="edD"/><int name="no" value="0"/><int name="zM" value="0"/></imgdir><imgdir name="0"><int name="x" value="-90"/><int name="y" value="0"/><string name="u" value="enH1"/><int name="no" value="0"/><int name="zM" value="0"/></imgdir><imgdir name="1"><int name="x" value="-90"/><int name="y" value="0"/><string name="u" value="enH0"/><int name="no" value="0"/><int name="zM" value="0"/></imgdir></imgdir><imgdir name="obj"></imgdir></imgdir><imgdir name="2"><imgdir name="info"><string name="tS" value="allblackTile"/><int name="tSMag" value="1"/></imgdir><imgdir name="tile"><imgdir name="0"><int name="x" value="-405"/><int name="y" value="-270"/><string name="u" value="edU"/><int name="no" value="0"/><int name="zM" value="1"/></imgdir><imgdir name="1"><int name="x" value="-405"/><int name="y" value="-270"/><string name="u" value="edD"/><int name="no" value="0"/><int name="zM" value="1"/></imgdir><imgdir name="4"><int name="x" value="-405"/><int name="y" value="-270"/><string name="u" value="enH0"/><int name="no" value="0"/><int name="zM" value="1"/></imgdir><imgdir name="5"><int name="x" value="-405"/><int name="y" value="-270"/><string name="u" value="enH1"/><int name="no" value="0"/><int name="zM" value="1"/></imgdir><imgdir name="2"><int name="x" value="-315"/><int name="y" value="-270"/><string name="u" value="enH1"/><int name="no" value="0"/><int name="zM" value="1"/></imgdir><imgdir name="3"><int name="x" value="-315"/><int name="y" value="-270"/><string name="u" value="enH0"/><int name="no" value="0"/><int name="zM" value="1"/></imgdir><imgdir name="6"><int name="x" value="-225"/><int name="y" value="-270"/><string name="u" value="enH1"/><int name="no" value="0"/><int name="zM" value="1"/></imgdir><imgdir name="7"><int name="x" value="-225"/><int name="y" value="-270"/><string name="u" value="enH0"/><int name="no" value="0"/><int name="zM" value="1"/></imgdir><imgdir name="8"><int name="x" value="-135"/><int name="y" value="-270"/><string name="u" value="enH1"/><int name="no" value="0"/><int name="zM" value="1"/></imgdir><imgdir name="9"><int name="x" value="-135"/><int name="y" value="-270"/><string name="u" value="enH0"/><int name="no" value="0"/><int name="zM" value="1"/></imgdir><imgdir name="10"><int name="x" value="-45"/><int name="y" value="-270"/><string name="u" value="enH1"/><int name="no" value="0"/><int name="zM" value="1"/></imgdir><imgdir name="11"><int name="x" value="-45"/><int name="y" value="-270"/><string name="u" value="enH0"/><int name="no" value="0"/><int name="zM" value="1"/></imgdir><imgdir name="12"><int name="x" value="45"/><int name="y" value="-270"/><string name="u" value="enH1"/><int name="no" value="0"/><int name="zM" value="1"/></imgdir><imgdir name="13"><int name="x" value="45"/><int name="y" value="-270"/><string name="u" value="enH0"/><int name="no" value="0"/><int name="zM" value="1"/></imgdir><imgdir name="14"><int name="x" value="135"/><int name="y" value="-270"/><string name="u" value="enH1"/><int name="no" value="0"/><int name="zM" value="1"/></imgdir><imgdir name="15"><int name="x" value="135"/><int name="y" value="-270"/><string name="u" value="enH0"/><int name="no" value="0"/><int name="zM" value="1"/></imgdir><imgdir name="16"><int name="x" value="225"/><int name="y" value="-270"/><string name="u" value="enH1"/><int name="no" value="0"/><int name="zM" value="1"/></imgdir><imgdir name="17"><int name="x" value="225"/><int name="y" value="-270"/><string name="u" value="enH0"/><int name="no" value="0"/><int name="zM" value="1"/></imgdir><imgdir name="20"><int name="x" value="405"/><int name="y" value="-270"/><string name="u" value="edU"/><int name="no" value="0"/><int name="zM" value="1"/></imgdir><imgdir name="21"><int name="x" value="405"/><int name="y" value="-270"/><string name="u" value="edD"/><int name="no" value="0"/><int name="zM" value="1"/></imgdir><imgdir name="18"><int name="x" value="315"/><int name="y" value="-270"/><string name="u" value="enH1"/><int name="no" value="0"/><int name="zM" value="1"/></imgdir><imgdir name="19"><int name="x" value="315"/><int name="y" value="-270"/><string name="u" value="enH0"/><int name="no" value="0"/><int name="zM" value="1"/></imgdir><imgdir name="22"><int name="x" value="-405"/><int name="y" value="-330"/><string name="u" value="edU"/><int name="no" value="0"/><int name="zM" value="2"/></imgdir><imgdir name="23"><int name="x" value="-405"/><int name="y" value="-330"/><string name="u" value="edD"/><int name="no" value="0"/><int name="zM" value="2"/></imgdir><imgdir name="28"><int name="x" value="-315"/><int name="y" value="-330"/><string name="u" value="enH0"/><int name="no" value="0"/><int name="zM" value="2"/></imgdir><imgdir name="29"><int name="x" value="-315"/><int name="y" value="-330"/><string name="u" value="enH1"/><int name="no" value="0"/><int name="zM" value="2"/></imgdir><imgdir name="24"><int name="x" value="-405"/><int name="y" value="-330"/><string name="u" value="enH1"/><int name="no" value="0"/><int name="zM" value="2"/></imgdir><imgdir name="25"><int name="x" value="-405"/><int name="y" value="-330"/><string name="u" value="enH0"/><int name="no" value="0"/><int name="zM" value="2"/></imgdir><imgdir name="26"><int name="x" value="-225"/><int name="y" value="-330"/><string name="u" value="enH1"/><int name="no" value="0"/><int name="zM" value="2"/></imgdir><imgdir name="27"><int name="x" value="-225"/><int name="y" value="-330"/><string name="u" value="enH0"/><int name="no" value="0"/><int name="zM" value="2"/></imgdir><imgdir name="30"><int name="x" value="-135"/><int name="y" value="-330"/><string name="u" value="enH1"/><int name="no" value="0"/><int name="zM" value="2"/></imgdir><imgdir name="31"><int name="x" value="-135"/><int name="y" value="-330"/><string name="u" value="enH0"/><int name="no" value="0"/><int name="zM" value="2"/></imgdir><imgdir name="32"><int name="x" value="-45"/><int name="y" value="-330"/><string name="u" value="enH1"/><int name="no" value="0"/><int name="zM" value="2"/></imgdir><imgdir name="33"><int name="x" value="-45"/><int name="y" value="-330"/><string name="u" value="enH0"/><int name="no" value="0"/><int name="zM" value="2"/></imgdir><imgdir name="34"><int name="x" value="45"/><int name="y" value="-330"/><string name="u" value="enH1"/><int name="no" value="0"/><int name="zM" value="2"/></imgdir><imgdir name="35"><int name="x" value="45"/><int name="y" value="-330"/><string name="u" value="enH0"/><int name="no" value="0"/><int name="zM" value="2"/></imgdir><imgdir name="36"><int name="x" value="135"/><int name="y" value="-330"/><string name="u" value="enH1"/><int name="no" value="0"/><int name="zM" value="2"/></imgdir><imgdir name="37"><int name="x" value="135"/><int name="y" value="-330"/><string name="u" value="enH0"/><int name="no" value="0"/><int name="zM" value="2"/></imgdir><imgdir name="38"><int name="x" value="225"/><int name="y" value="-330"/><string name="u" value="enH1"/><int name="no" value="0"/><int name="zM" value="2"/></imgdir><imgdir name="39"><int name="x" value="225"/><int name="y" value="-330"/><string name="u" value="enH0"/><int name="no" value="0"/><int name="zM" value="2"/></imgdir><imgdir name="42"><int name="x" value="405"/><int name="y" value="-330"/><string name="u" value="edU"/><int name="no" value="0"/><int name="zM" value="2"/></imgdir><imgdir name="43"><int name="x" value="405"/><int name="y" value="-330"/><string name="u" value="edD"/><int name="no" value="0"/><int name="zM" value="2"/></imgdir><imgdir name="40"><int name="x" value="315"/><int name="y" value="-330"/><string name="u" value="enH1"/><int name="no" value="0"/><int name="zM" value="2"/></imgdir><imgdir name="41"><int name="x" value="315"/><int name="y" value="-330"/><string name="u" value="enH0"/><int name="no" value="0"/><int name="zM" value="2"/></imgdir></imgdir><imgdir name="obj"></imgdir></imgdir><imgdir name="3"><imgdir name="info"></imgdir><imgdir name="tile"></imgdir><imgdir name="obj"></imgdir></imgdir><imgdir name="4"><imgdir name="info"></imgdir><imgdir name="tile"></imgdir><imgdir name="obj"></imgdir></imgdir><imgdir name="5"><imgdir name="info"></imgdir><imgdir name="tile"></imgdir><imgdir name="obj"></imgdir></imgdir><imgdir name="6"><imgdir name="info"></imgdir><imgdir name="tile"></imgdir><imgdir name="obj"></imgdir></imgdir><imgdir name="7"><imgdir name="info"></imgdir><imgdir name="tile"></imgdir><imgdir name="obj"></imgdir></imgdir><imgdir name="foothold"><imgdir name="1"><imgdir name="0"><imgdir name="1"><int name="x1" value="-90"/><int name="y1" value="-25"/><int name="x2" value="-51"/><int name="y2" value="-25"/><int name="prev" value="6"/><int name="next" value="7"/></imgdir><imgdir name="2"><int name="x1" value="51"/><int name="y1" value="-25"/><int name="x2" value="129"/><int name="y2" value="-25"/><int name="prev" value="4"/><int name="next" value="3"/></imgdir><imgdir name="3"><int name="x1" value="129"/><int name="y1" value="-25"/><int name="x2" value="129"/><int name="y2" value="0"/><int name="prev" value="2"/><int name="next" value="0"/></imgdir><imgdir name="4"><int name="x1" value="0"/><int name="y1" value="-25"/><int name="x2" value="51"/><int name="y2" value="-25"/><int name="prev" value="7"/><int name="next" value="2"/></imgdir><imgdir name="5"><int name="x1" value="-129"/><int name="y1" value="0"/><int name="x2" value="-129"/><int name="y2" value="-25"/><int name="prev" value="0"/><int name="next" value="6"/></imgdir><imgdir name="6"><int name="x1" value="-129"/><int name="y1" value="-25"/><int name="x2" value="-90"/><int name="y2" value="-25"/><int name="prev" value="5"/><int name="next" value="1"/></imgdir><imgdir name="7"><int name="x1" value="-51"/><int name="y1" value="-25"/><int name="x2" value="0"/><int name="y2" value="-25"/><int name="prev" value="1"/><int name="next" value="4"/></imgdir></imgdir></imgdir><imgdir name="2"><imgdir name="1"><imgdir name="8"><int name="x1" value="-444"/><int name="y1" value="-270"/><int name="x2" value="-444"/><int name="y2" value="-295"/><int name="prev" value="0"/><int name="next" value="9"/></imgdir><imgdir name="9"><int name="x1" value="-444"/><int name="y1" value="-295"/><int name="x2" value="-366"/><int name="y2" value="-295"/><int name="prev" value="8"/><int name="next" value="11"/></imgdir><imgdir name="10"><int name="x1" value="-315"/><int name="y1" value="-295"/><int name="x2" value="-225"/><int name="y2" value="-295"/><int name="prev" value="11"/><int name="next" value="12"/></imgdir><imgdir name="11"><int name="x1" value="-366"/><int name="y1" value="-295"/><int name="x2" value="-315"/><int name="y2" value="-295"/><int name="prev" value="9"/><int name="next" value="10"/></imgdir><imgdir name="12"><int name="x1" value="-225"/><int name="y1" value="-295"/><int name="x2" value="-135"/><int name="y2" value="-295"/><int name="prev" value="10"/><int name="next" value="13"/></imgdir><imgdir name="13"><int name="x1" value="-135"/><int name="y1" value="-295"/><int name="x2" value="-45"/><int name="y2" value="-295"/><int name="prev" value="12"/><int name="next" value="14"/></imgdir><imgdir name="14"><int name="x1" value="-45"/><int name="y1" value="-295"/><int name="x2" value="45"/><int name="y2" value="-295"/><int name="prev" value="13"/><int name="next" value="15"/></imgdir><imgdir name="15"><int name="x1" value="45"/><int name="y1" value="-295"/><int name="x2" value="135"/><int name="y2" value="-295"/><int name="prev" value="14"/><int name="next" value="16"/></imgdir><imgdir name="16"><int name="x1" value="135"/><int name="y1" value="-295"/><int name="x2" value="225"/><int name="y2" value="-295"/><int name="prev" value="15"/><int name="next" value="17"/></imgdir><imgdir name="17"><int name="x1" value="225"/><int name="y1" value="-295"/><int name="x2" value="315"/><int name="y2" value="-295"/><int name="prev" value="16"/><int name="next" value="18"/></imgdir><imgdir name="18"><int name="x1" value="315"/><int name="y1" value="-295"/><int name="x2" value="366"/><int name="y2" value="-295"/><int name="prev" value="17"/><int name="next" value="19"/></imgdir><imgdir name="19"><int name="x1" value="366"/><int name="y1" value="-295"/><int name="x2" value="405"/><int name="y2" value="-295"/><int name="prev" value="18"/><int name="next" value="20"/></imgdir><imgdir name="20"><int name="x1" value="405"/><int name="y1" value="-295"/><int name="x2" value="444"/><int name="y2" value="-295"/><int name="prev" value="19"/><int name="next" value="21"/></imgdir><imgdir name="21"><int name="x1" value="444"/><int name="y1" value="-295"/><int name="x2" value="444"/><int name="y2" value="-270"/><int name="prev" value="20"/><int name="next" value="0"/></imgdir></imgdir><imgdir name="2"><imgdir name="22"><int name="x1" value="-444"/><int name="y1" value="-330"/><int name="x2" value="-444"/><int name="y2" value="-355"/><int name="prev" value="0"/><int name="next" value="23"/></imgdir><imgdir name="23"><int name="x1" value="-444"/><int name="y1" value="-355"/><int name="x2" value="-366"/><int name="y2" value="-355"/><int name="prev" value="22"/><int name="next" value="24"/></imgdir><imgdir name="24"><int name="x1" value="-366"/><int name="y1" value="-355"/><int name="x2" value="-315"/><int name="y2" value="-355"/><int name="prev" value="23"/><int name="next" value="26"/></imgdir><imgdir name="25"><int name="x1" value="-225"/><int name="y1" value="-355"/><int name="x2" value="-135"/><int name="y2" value="-355"/><int name="prev" value="26"/><int name="next" value="27"/></imgdir><imgdir name="26"><int name="x1" value="-315"/><int name="y1" value="-355"/><int name="x2" value="-225"/><int name="y2" value="-355"/><int name="prev" value="24"/><int name="next" value="25"/></imgdir><imgdir name="27"><int name="x1" value="-135"/><int name="y1" value="-355"/><int name="x2" value="-45"/><int name="y2" value="-355"/><int name="prev" value="25"/><int name="next" value="28"/></imgdir><imgdir name="28"><int name="x1" value="-45"/><int name="y1" value="-355"/><int name="x2" value="45"/><int name="y2" value="-355"/><int name="prev" value="27"/><int name="next" value="29"/></imgdir><imgdir name="29"><int name="x1" value="45"/><int name="y1" value="-355"/><int name="x2" value="135"/><int name="y2" value="-355"/><int name="prev" value="28"/><int name="next" value="30"/></imgdir><imgdir name="30"><int name="x1" value="135"/><int name="y1" value="-355"/><int name="x2" value="225"/><int name="y2" value="-355"/><int name="prev" value="29"/><int name="next" value="31"/></imgdir><imgdir name="31"><int name="x1" value="225"/><int name="y1" value="-355"/><int name="x2" value="315"/><int name="y2" value="-355"/><int name="prev" value="30"/><int name="next" value="32"/></imgdir><imgdir name="32"><int name="x1" value="315"/><int name="y1" value="-355"/><int name="x2" value="366"/><int name="y2" value="-355"/><int name="prev" value="31"/><int name="next" value="33"/></imgdir><imgdir name="33"><int name="x1" value="366"/><int name="y1" value="-355"/><int name="x2" value="405"/><int name="y2" value="-355"/><int name="prev" value="32"/><int name="next" value="34"/></imgdir><imgdir name="34"><int name="x1" value="405"/><int name="y1" value="-355"/><int name="x2" value="444"/><int name="y2" value="-355"/><int name="prev" value="33"/><int name="next" value="35"/></imgdir><imgdir name="35"><int name="x1" value="444"/><int name="y1" value="-355"/><int name="x2" value="444"/><int name="y2" value="-330"/><int name="prev" value="34"/><int name="next" value="0"/></imgdir></imgdir></imgdir></imgdir><imgdir name="ladderRope"></imgdir><imgdir name="portal"><imgdir name="0"><string name="pn" value="sp"/><int name="pt" value="0"/><int name="x" value="-1"/><int name="y" value="-298"/><int name="tm" value="999999999"/><string name="tn" value=""/></imgdir></imgdir></imgdir>