<?xml version="1.0" encoding="UTF-8" standalone="yes"?><imgdir name="900030000.img"><imgdir name="info"><int name="version" value="10"/><int name="cloud" value="0"/><int name="town" value="1"/><int name="swim" value="0"/><int name="returnMap" value="914100021"/><int name="forcedReturn" value="914100021"/><float name="mobRate" value="0.6999999"/><string name="bgm" value="Bgm14/DragonNest"/><string name="mapMark" value="BlackDragon"/><int name="fly" value="0"/><int name="noMapCmd" value="0"/><int name="hideMinimap" value="1"/><int name="fieldLimit" value="3009276"/><string name="onFirstUserEnter" value=""/><string name="onUserEnter" value=""/><int name="VRTop" value="-900"/><int name="VRLeft" value="766"/><int name="VRBottom" value="180"/><int name="VRRight" value="2654"/><int name="fieldType" value="28"/></imgdir><imgdir name="back"><imgdir name="0"><string name="bS" value="dragonRoad"/><int name="front" value="0"/><int name="ani" value="0"/><int name="no" value="0"/><int name="f" value="0"/><int name="x" value="20"/><int name="y" value="-172"/><int name="rx" value="0"/><int name="ry" value="0"/><int name="type" value="3"/><int name="cx" value="0"/><int name="cy" value="0"/><int name="a" value="255"/></imgdir><imgdir name="1"><string name="bS" value="dragonRoad"/><int name="front" value="0"/><int name="ani" value="0"/><int name="no" value="1"/><int name="f" value="0"/><int name="x" value="132"/><int name="y" value="-365"/><int name="rx" value="-10"/><int name="ry" value="-100"/><int name="type" value="1"/><int name="cx" value="0"/><int name="cy" value="0"/><int name="a" value="255"/></imgdir><imgdir name="2"><string name="bS" value="dragonRoad"/><int name="front" value="0"/><int name="ani" value="1"/><int name="no" value="0"/><int name="f" value="0"/><int name="x" value="247"/><int name="y" value="-408"/><int name="rx" value="-10"/><int name="ry" value="-100"/><int name="type" value="0"/><int name="cx" value="0"/><int name="cy" value="0"/><int name="a" value="255"/></imgdir><imgdir name="3"><string name="bS" value="dragonRoad"/><int name="front" value="0"/><int name="ani" value="0"/><int name="no" value="2"/><int name="f" value="0"/><int name="x" value="-643"/><int name="y" value="-184"/><int name="rx" value="-20"/><int name="ry" value="-100"/><int name="type" value="0"/><int name="cx" value="0"/><int name="cy" value="0"/><int name="a" value="255"/></imgdir><imgdir name="4"><string name="bS" value="dragonRoad"/><int name="front" value="0"/><int name="ani" value="0"/><int name="no" value="3"/><int name="f" value="0"/><int name="x" value="-214"/><int name="y" value="-184"/><int name="rx" value="-20"/><int name="ry" value="-100"/><int name="type" value="0"/><int name="cx" value="0"/><int name="cy" value="0"/><int name="a" value="255"/></imgdir><imgdir name="5"><string name="bS" value="dragonRoad"/><int name="front" value="0"/><int name="ani" value="0"/><int name="no" value="4"/><int name="f" value="0"/><int name="x" value="215"/><int name="y" value="-184"/><int name="rx" value="-20"/><int name="ry" value="-100"/><int name="type" value="0"/><int name="cx" value="0"/><int name="cy" value="0"/><int name="a" value="255"/></imgdir><imgdir name="6"><string name="bS" value="dragonRoad"/><int name="front" value="0"/><int name="ani" value="0"/><int name="no" value="5"/><int name="f" value="0"/><int name="x" value="644"/><int name="y" value="-184"/><int name="rx" value="-20"/><int name="ry" value="-100"/><int name="type" value="0"/><int name="cx" value="0"/><int name="cy" value="0"/><int name="a" value="255"/></imgdir><imgdir name="7"><string name="bS" value="dragonRoad"/><int name="front" value="0"/><int name="ani" value="0"/><int name="no" value="6"/><int name="f" value="0"/><int name="x" value="-301"/><int name="y" value="-94"/><int name="rx" value="-2"/><int name="ry" value="-100"/><int name="type" value="4"/><int name="cx" value="1500"/><int name="cy" value="0"/><int name="a" value="255"/></imgdir><imgdir name="8"><string name="bS" value="dragonRoad"/><int name="front" value="0"/><int name="ani" value="0"/><int name="no" value="7"/><int name="f" value="0"/><int name="x" value="380"/><int name="y" value="-73"/><int name="rx" value="-4"/><int name="ry" value="-100"/><int name="type" value="4"/><int name="cx" value="2000"/><int name="cy" value="0"/><int name="a" value="255"/></imgdir><imgdir name="9"><string name="bS" value="dragonRoad"/><int name="front" value="0"/><int name="ani" value="0"/><int name="no" value="9"/><int name="f" value="0"/><int name="x" value="-689"/><int name="y" value="-246"/><int name="rx" value="-50"/><int name="ry" value="-100"/><int name="type" value="1"/><int name="cx" value="2067"/><int name="cy" value="0"/><int name="a" value="255"/></imgdir><imgdir name="10"><string name="bS" value="dragonRoad"/><int name="front" value="0"/><int name="ani" value="0"/><int name="no" value="10"/><int name="f" value="0"/><int name="x" value="0"/><int name="y" value="-113"/><int name="rx" value="-50"/><int name="ry" value="-100"/><int name="type" value="1"/><int name="cx" value="2067"/><int name="cy" value="0"/><int name="a" value="255"/></imgdir><imgdir name="11"><string name="bS" value="dragonRoad"/><int name="front" value="0"/><int name="ani" value="0"/><int name="no" value="12"/><int name="f" value="0"/><int name="x" value="670"/><int name="y" value="-255"/><int name="rx" value="-50"/><int name="ry" value="-100"/><int name="type" value="1"/><int name="cx" value="2067"/><int name="cy" value="0"/><int name="a" value="255"/></imgdir><imgdir name="12"><string name="bS" value="dragonRoad"/><int name="front" value="0"/><int name="ani" value="1"/><int name="no" value="6"/><int name="f" value="0"/><int name="x" value="-1193"/><int name="y" value="-39"/><int name="rx" value="-50"/><int name="ry" value="-100"/><int name="type" value="1"/><int name="cx" value="2067"/><int name="cy" value="0"/><int name="a" value="255"/></imgdir><imgdir name="13"><string name="bS" value="dragonRoad"/><int name="front" value="0"/><int name="ani" value="1"/><int name="no" value="7"/><int name="f" value="0"/><int name="x" value="1398"/><int name="y" value="-13"/><int name="rx" value="-50"/><int name="ry" value="-100"/><int name="type" value="1"/><int name="cx" value="2067"/><int name="cy" value="0"/><int name="a" value="255"/></imgdir><imgdir name="14"><string name="bS" value="dragonRoad"/><int name="front" value="0"/><int name="ani" value="1"/><int name="no" value="8"/><int name="f" value="0"/><int name="x" value="1728"/><int name="y" value="-52"/><int name="rx" value="-50"/><int name="ry" value="-100"/><int name="type" value="1"/><int name="cx" value="2067"/><int name="cy" value="0"/><int name="a" value="255"/></imgdir><imgdir name="15"><string name="bS" value="dragonRoad"/><int name="front" value="0"/><int name="ani" value="1"/><int name="no" value="9"/><int name="f" value="0"/><int name="x" value="-81"/><int name="y" value="-14"/><int name="rx" value="-50"/><int name="ry" value="-100"/><int name="type" value="1"/><int name="cx" value="2067"/><int name="cy" value="0"/><int name="a" value="255"/></imgdir><imgdir name="17"><string name="bS" value="dragonRoad"/><int name="front" value="0"/><int name="ani" value="0"/><int name="no" value="28"/><int name="f" value="0"/><int name="x" value="-1901"/><int name="y" value="-408"/><int name="rx" value="-80"/><int name="ry" value="-100"/><int name="type" value="1"/><int name="cx" value="4000"/><int name="cy" value="0"/><int name="a" value="255"/></imgdir><imgdir name="16"><string name="bS" value="dragonRoad"/><int name="front" value="0"/><int name="ani" value="0"/><int name="no" value="27"/><int name="f" value="0"/><int name="x" value="-2273"/><int name="y" value="-455"/><int name="rx" value="-80"/><int name="ry" value="-100"/><int name="type" value="1"/><int name="cx" value="4000"/><int name="cy" value="0"/><int name="a" value="255"/></imgdir><imgdir name="18"><string name="bS" value="dragonRoad"/><int name="front" value="0"/><int name="ani" value="0"/><int name="no" value="29"/><int name="f" value="0"/><int name="x" value="-1934"/><int name="y" value="-98"/><int name="rx" value="-80"/><int name="ry" value="-100"/><int name="type" value="1"/><int name="cx" value="4000"/><int name="cy" value="0"/><int name="a" value="255"/></imgdir><imgdir name="19"><string name="bS" value="dragonRoad"/><int name="front" value="0"/><int name="ani" value="0"/><int name="no" value="30"/><int name="f" value="0"/><int name="x" value="-1291"/><int name="y" value="-443"/><int name="rx" value="-80"/><int name="ry" value="-100"/><int name="type" value="1"/><int name="cx" value="4000"/><int name="cy" value="0"/><int name="a" value="255"/></imgdir><imgdir name="20"><string name="bS" value="dragonRoad"/><int name="front" value="0"/><int name="ani" value="0"/><int name="no" value="31"/><int name="f" value="0"/><int name="x" value="-1226"/><int name="y" value="-125"/><int name="rx" value="-80"/><int name="ry" value="-100"/><int name="type" value="1"/><int name="cx" value="4000"/><int name="cy" value="0"/><int name="a" value="255"/></imgdir><imgdir name="21"><string name="bS" value="dragonRoad"/><int name="front" value="0"/><int name="ani" value="0"/><int name="no" value="32"/><int name="f" value="0"/><int name="x" value="-855"/><int name="y" value="-466"/><int name="rx" value="-80"/><int name="ry" value="-100"/><int name="type" value="1"/><int name="cx" value="4000"/><int name="cy" value="0"/><int name="a" value="255"/></imgdir><imgdir name="23"><string name="bS" value="dragonRoad"/><int name="front" value="0"/><int name="ani" value="0"/><int name="no" value="33"/><int name="f" value="0"/><int name="x" value="-277"/><int name="y" value="-427"/><int name="rx" value="-80"/><int name="ry" value="-100"/><int name="type" value="0"/><int name="cx" value="0"/><int name="cy" value="0"/><int name="a" value="255"/></imgdir><imgdir name="22"><string name="bS" value="dragonRoad"/><int name="front" value="0"/><int name="ani" value="0"/><int name="no" value="27"/><int name="f" value="0"/><int name="x" value="-649"/><int name="y" value="-467"/><int name="rx" value="-80"/><int name="ry" value="-100"/><int name="type" value="0"/><int name="cx" value="0"/><int name="cy" value="0"/><int name="a" value="255"/></imgdir><imgdir name="24"><string name="bS" value="dragonRoad"/><int name="front" value="0"/><int name="ani" value="0"/><int name="no" value="34"/><int name="f" value="0"/><int name="x" value="-426"/><int name="y" value="-66"/><int name="rx" value="-80"/><int name="ry" value="-100"/><int name="type" value="0"/><int name="cx" value="0"/><int name="cy" value="0"/><int name="a" value="255"/></imgdir><imgdir name="25"><string name="bS" value="dragonRoad"/><int name="front" value="0"/><int name="ani" value="0"/><int name="no" value="35"/><int name="f" value="0"/><int name="x" value="333"/><int name="y" value="-428"/><int name="rx" value="-80"/><int name="ry" value="-100"/><int name="type" value="0"/><int name="cx" value="0"/><int name="cy" value="0"/><int name="a" value="255"/></imgdir><imgdir name="26"><string name="bS" value="dragonRoad"/><int name="front" value="0"/><int name="ani" value="0"/><int name="no" value="36"/><int name="f" value="0"/><int name="x" value="443"/><int name="y" value="-96"/><int name="rx" value="-80"/><int name="ry" value="-100"/><int name="type" value="0"/><int name="cx" value="0"/><int name="cy" value="0"/><int name="a" value="255"/></imgdir><imgdir name="28"><string name="bS" value="dragonRoad"/><int name="front" value="0"/><int name="ani" value="0"/><int name="no" value="37"/><int name="f" value="0"/><int name="x" value="1060"/><int name="y" value="-354"/><int name="rx" value="-85"/><int name="ry" value="-100"/><int name="type" value="0"/><int name="cx" value="0"/><int name="cy" value="0"/><int name="a" value="255"/></imgdir><imgdir name="27"><string name="bS" value="dragonRoad"/><int name="front" value="0"/><int name="ani" value="0"/><int name="no" value="32"/><int name="f" value="0"/><int name="x" value="769"/><int name="y" value="-478"/><int name="rx" value="-80"/><int name="ry" value="-100"/><int name="type" value="0"/><int name="cx" value="0"/><int name="cy" value="0"/><int name="a" value="255"/></imgdir><imgdir name="29"><string name="bS" value="dragonRoad"/><int name="front" value="0"/><int name="ani" value="1"/><int name="no" value="10"/><int name="f" value="0"/><int name="x" value="1207"/><int name="y" value="-17"/><int name="rx" value="-85"/><int name="ry" value="-100"/><int name="type" value="0"/><int name="cx" value="0"/><int name="cy" value="0"/><int name="a" value="255"/></imgdir><imgdir name="30"><string name="bS" value="dragonRoad"/><int name="front" value="0"/><int name="ani" value="0"/><int name="no" value="38"/><int name="f" value="0"/><int name="x" value="-1607"/><int name="y" value="-340"/><int name="rx" value="-85"/><int name="ry" value="-100"/><int name="type" value="0"/><int name="cx" value="0"/><int name="cy" value="0"/><int name="a" value="255"/></imgdir><imgdir name="31"><string name="bS" value="dragonRoad"/><int name="front" value="0"/><int name="ani" value="1"/><int name="no" value="11"/><int name="f" value="0"/><int name="x" value="-1788"/><int name="y" value="-67"/><int name="rx" value="-85"/><int name="ry" value="-100"/><int name="type" value="0"/><int name="cx" value="0"/><int name="cy" value="0"/><int name="a" value="255"/></imgdir><imgdir name="32"><string name="bS" value="dragonRoad"/><int name="front" value="0"/><int name="ani" value="0"/><int name="no" value="39"/><int name="f" value="0"/><int name="x" value="1814"/><int name="y" value="-107"/><int name="rx" value="-85"/><int name="ry" value="-100"/><int name="type" value="0"/><int name="cx" value="0"/><int name="cy" value="0"/><int name="a" value="255"/></imgdir><imgdir name="33"><string name="bS" value="dragonRoad"/><int name="front" value="0"/><int name="ani" value="1"/><int name="no" value="12"/><int name="f" value="0"/><int name="x" value="1833"/><int name="y" value="-94"/><int name="rx" value="-85"/><int name="ry" value="-100"/><int name="type" value="0"/><int name="cx" value="0"/><int name="cy" value="0"/><int name="a" value="255"/></imgdir><imgdir name="34"><string name="bS" value="dragonRoad"/><int name="front" value="0"/><int name="ani" value="0"/><int name="no" value="40"/><int name="f" value="0"/><int name="x" value="46"/><int name="y" value="-170"/><int name="rx" value="-85"/><int name="ry" value="-100"/><int name="type" value="0"/><int name="cx" value="0"/><int name="cy" value="0"/><int name="a" value="255"/></imgdir><imgdir name="35"><string name="bS" value="dragonRoad"/><int name="front" value="1"/><int name="ani" value="0"/><int name="no" value="41"/><int name="f" value="0"/><int name="x" value="0"/><int name="y" value="0"/><int name="rx" value="-100"/><int name="ry" value="-100"/><int name="type" value="3"/><int name="cx" value="0"/><int name="cy" value="0"/><int name="a" value="255"/></imgdir><imgdir name="36"><string name="bS" value="dragonRoad"/><int name="front" value="1"/><int name="ani" value="1"/><int name="no" value="13"/><int name="f" value="0"/><int name="x" value="0"/><int name="y" value="0"/><int name="rx" value="0"/><int name="ry" value="0"/><int name="type" value="0"/><int name="cx" value="0"/><int name="cy" value="0"/><int name="a" value="255"/></imgdir><imgdir name="37"><string name="bS" value="dragonRoad"/><int name="front" value="1"/><int name="ani" value="1"/><int name="no" value="14"/><int name="f" value="0"/><int name="x" value="0"/><int name="y" value="0"/><int name="rx" value="0"/><int name="ry" value="0"/><int name="type" value="0"/><int name="cx" value="0"/><int name="cy" value="0"/><int name="a" value="255"/></imgdir><imgdir name="38"><string name="bS" value="dragonRoad"/><int name="front" value="1"/><int name="ani" value="1"/><int name="no" value="15"/><int name="f" value="0"/><int name="x" value="0"/><int name="y" value="0"/><int name="rx" value="0"/><int name="ry" value="0"/><int name="type" value="0"/><int name="cx" value="0"/><int name="cy" value="0"/><int name="a" value="255"/></imgdir><imgdir name="39"><string name="bS" value="dragonRoad"/><int name="front" value="1"/><int name="ani" value="1"/><int name="no" value="16"/><int name="f" value="0"/><int name="x" value="0"/><int name="y" value="0"/><int name="rx" value="0"/><int name="ry" value="0"/><int name="type" value="0"/><int name="cx" value="0"/><int name="cy" value="0"/><int name="a" value="255"/></imgdir><imgdir name="40"><string name="bS" value="dragonRoad"/><int name="front" value="1"/><int name="ani" value="1"/><int name="no" value="17"/><int name="f" value="0"/><int name="x" value="0"/><int name="y" value="0"/><int name="rx" value="0"/><int name="ry" value="0"/><int name="type" value="0"/><int name="cx" value="0"/><int name="cy" value="0"/><int name="a" value="255"/><int name="screenMode" value="1"/></imgdir><imgdir name="41"><string name="bS" value="dragonRoad"/><int name="front" value="1"/><int name="ani" value="1"/><int name="no" value="18"/><int name="f" value="0"/><int name="x" value="0"/><int name="y" value="0"/><int name="rx" value="0"/><int name="ry" value="0"/><int name="type" value="0"/><int name="cx" value="0"/><int name="cy" value="0"/><int name="a" value="255"/><int name="screenMode" value="1"/></imgdir><imgdir name="42"><string name="bS" value="dragonRoad"/><int name="front" value="1"/><int name="ani" value="1"/><int name="no" value="19"/><int name="f" value="0"/><int name="x" value="0"/><int name="y" value="0"/><int name="rx" value="0"/><int name="ry" value="0"/><int name="type" value="0"/><int name="cx" value="0"/><int name="cy" value="0"/><int name="a" value="255"/><int name="screenMode" value="1"/></imgdir><imgdir name="43"><string name="bS" value="dragonRoad"/><int name="front" value="1"/><int name="ani" value="1"/><int name="no" value="25"/><int name="f" value="0"/><int name="x" value="-1"/><int name="y" value="-84"/><int name="rx" value="0"/><int name="ry" value="0"/><int name="type" value="0"/><int name="cx" value="0"/><int name="cy" value="0"/><int name="a" value="255"/><int name="screenMode" value="2"/></imgdir><imgdir name="44"><string name="bS" value="dragonRoad"/><int name="front" value="1"/><int name="ani" value="1"/><int name="no" value="26"/><int name="f" value="0"/><int name="x" value="-1"/><int name="y" value="-84"/><int name="rx" value="0"/><int name="ry" value="0"/><int name="type" value="0"/><int name="cx" value="0"/><int name="cy" value="0"/><int name="a" value="255"/><int name="screenMode" value="2"/></imgdir><imgdir name="45"><string name="bS" value="dragonRoad"/><int name="front" value="1"/><int name="ani" value="1"/><int name="no" value="27"/><int name="f" value="0"/><int name="x" value="-1"/><int name="y" value="-84"/><int name="rx" value="0"/><int name="ry" value="0"/><int name="type" value="0"/><int name="cx" value="0"/><int name="cy" value="0"/><int name="a" value="255"/><int name="screenMode" value="2"/></imgdir></imgdir><imgdir name="life"><imgdir name="0"><string name="type" value="n"/><string name="id" value="1013205"/><int name="x" value="2173"/><int name="y" value="-8"/><int name="mobTime" value="0"/><int name="f" value="0"/><int name="hide" value="0"/><int name="fh" value="14"/><int name="cy" value="2"/><int name="rx0" value="2123"/><int name="rx1" value="2223"/></imgdir></imgdir><imgdir name="reactor"></imgdir><imgdir name="0"><imgdir name="info"></imgdir><imgdir name="tile"></imgdir><imgdir name="obj"></imgdir></imgdir><imgdir name="1"><imgdir name="info"></imgdir><imgdir name="tile"></imgdir><imgdir name="obj"></imgdir></imgdir><imgdir name="2"><imgdir name="info"></imgdir><imgdir name="tile"></imgdir><imgdir name="obj"><imgdir name="0"><string name="oS" value="dungeon3"/><string name="l0" value="dragonRoad"/><string name="l1" value="nature1"/><string name="l2" value="3"/><int name="x" value="1831"/><int name="y" value="-67"/><int name="z" value="9"/><int name="f" value="0"/><int name="zM" value="2"/><int name="r" value="0"/></imgdir><imgdir name="1"><string name="oS" value="dungeon3"/><string name="l0" value="dragonRoad"/><string name="l1" value="nature2"/><string name="l2" value="17"/><int name="x" value="2268"/><int name="y" value="-21"/><int name="z" value="9"/><int name="f" value="0"/><int name="zM" value="5"/><int name="r" value="0"/></imgdir><imgdir name="2"><string name="oS" value="acc12"/><string name="l0" value="aran"/><string name="l1" value="tree"/><string name="l2" value="0"/><int name="x" value="1457"/><int name="y" value="-73"/><int name="z" value="9"/><int name="f" value="0"/><int name="zM" value="4"/><int name="r" value="0"/></imgdir><imgdir name="3"><string name="oS" value="acc12"/><string name="l0" value="aran"/><string name="l1" value="tree"/><string name="l2" value="1"/><int name="x" value="1552"/><int name="y" value="-41"/><int name="z" value="10"/><int name="f" value="0"/><int name="zM" value="4"/><int name="r" value="0"/></imgdir><imgdir name="4"><string name="oS" value="acc12"/><string name="l0" value="aran"/><string name="l1" value="grass"/><string name="l2" value="3"/><int name="x" value="2178"/><int name="y" value="16"/><int name="z" value="9"/><int name="f" value="0"/><int name="zM" value="3"/><int name="r" value="0"/></imgdir></imgdir></imgdir><imgdir name="3"><imgdir name="info"></imgdir><imgdir name="tile"></imgdir><imgdir name="obj"><imgdir name="0"><string name="oS" value="acc12"/><string name="l0" value="aran"/><string name="l1" value="dragon"/><string name="l2" value="0"/><int name="x" value="2120"/><int name="y" value="-63"/><int name="z" value="9"/><int name="f" value="0"/><int name="zM" value="1"/><int name="r" value="0"/></imgdir><imgdir name="1"><string name="oS" value="acc12"/><string name="l0" value="aran"/><string name="l1" value="dragon"/><string name="l2" value="1"/><int name="x" value="2231"/><int name="y" value="-240"/><int name="z" value="9"/><int name="f" value="0"/><int name="zM" value="6"/><int name="r" value="0"/></imgdir><imgdir name="2"><string name="oS" value="acc12"/><string name="l0" value="aran"/><string name="l1" value="dragon"/><string name="l2" value="2"/><int name="x" value="2145"/><int name="y" value="-459"/><int name="z" value="9"/><int name="f" value="0"/><int name="zM" value="7"/><int name="r" value="0"/></imgdir><imgdir name="3"><string name="oS" value="acc12"/><string name="l0" value="aran"/><string name="l1" value="dragon"/><string name="l2" value="3"/><int name="x" value="2550"/><int name="y" value="-407"/><int name="z" value="9"/><int name="f" value="0"/><int name="zM" value="8"/><int name="r" value="0"/></imgdir><imgdir name="4"><string name="oS" value="guide"/><string name="l0" value="tutorial"/><string name="l1" value="key"/><string name="l2" value="7"/><int name="x" value="2075"/><int name="y" value="-119"/><int name="z" value="9"/><int name="f" value="0"/><int name="zM" value="0"/><int name="r" value="0"/></imgdir></imgdir></imgdir><imgdir name="4"><imgdir name="info"><string name="tS" value="dragonRoad"/><int name="tSMag" value="1"/></imgdir><imgdir name="tile"><imgdir name="49"><int name="x" value="2385"/><int name="y" value="30"/><string name="u" value="bsc"/><int name="no" value="1"/><int name="zM" value="0"/></imgdir><imgdir name="47"><int name="x" value="2385"/><int name="y" value="30"/><string name="u" value="enH0"/><int name="no" value="1"/><int name="zM" value="0"/></imgdir><imgdir name="51"><int name="x" value="2295"/><int name="y" value="30"/><string name="u" value="bsc"/><int name="no" value="4"/><int name="zM" value="0"/></imgdir><imgdir name="45"><int name="x" value="2295"/><int name="y" value="30"/><string name="u" value="enH0"/><int name="no" value="0"/><int name="zM" value="0"/></imgdir><imgdir name="54"><int name="x" value="2205"/><int name="y" value="30"/><string name="u" value="bsc"/><int name="no" value="4"/><int name="zM" value="0"/></imgdir><imgdir name="56"><int name="x" value="2205"/><int name="y" value="30"/><string name="u" value="enH0"/><int name="no" value="0"/><int name="zM" value="0"/></imgdir><imgdir name="52"><int name="x" value="2475"/><int name="y" value="30"/><string name="u" value="bsc"/><int name="no" value="3"/><int name="zM" value="0"/></imgdir><imgdir name="62"><int name="x" value="2475"/><int name="y" value="30"/><string name="u" value="enH0"/><int name="no" value="0"/><int name="zM" value="0"/></imgdir><imgdir name="53"><int name="x" value="2565"/><int name="y" value="30"/><string name="u" value="bsc"/><int name="no" value="4"/><int name="zM" value="0"/></imgdir><imgdir name="64"><int name="x" value="2565"/><int name="y" value="30"/><string name="u" value="enH0"/><int name="no" value="0"/><int name="zM" value="0"/></imgdir><imgdir name="55"><int name="x" value="2205"/><int name="y" value="90"/><string name="u" value="bsc"/><int name="no" value="5"/><int name="zM" value="0"/></imgdir><imgdir name="66"><int name="x" value="2205"/><int name="y" value="150"/><string name="u" value="bsc"/><int name="no" value="0"/><int name="zM" value="0"/></imgdir><imgdir name="73"><int name="x" value="2295"/><int name="y" value="210"/><string name="u" value="enH1"/><int name="no" value="2"/><int name="zM" value="0"/></imgdir><imgdir name="48"><int name="x" value="2295"/><int name="y" value="90"/><string name="u" value="bsc"/><int name="no" value="2"/><int name="zM" value="0"/></imgdir><imgdir name="69"><int name="x" value="2205"/><int name="y" value="210"/><string name="u" value="enH1"/><int name="no" value="0"/><int name="zM" value="0"/></imgdir><imgdir name="74"><int name="x" value="2295"/><int name="y" value="150"/><string name="u" value="bsc"/><int name="no" value="0"/><int name="zM" value="0"/></imgdir><imgdir name="50"><int name="x" value="2385"/><int name="y" value="90"/><string name="u" value="bsc"/><int name="no" value="3"/><int name="zM" value="0"/></imgdir><imgdir name="67"><int name="x" value="2385"/><int name="y" value="210"/><string name="u" value="enH1"/><int name="no" value="2"/><int name="zM" value="0"/></imgdir><imgdir name="70"><int name="x" value="2385"/><int name="y" value="150"/><string name="u" value="bsc"/><int name="no" value="0"/><int name="zM" value="0"/></imgdir><imgdir name="71"><int name="x" value="2475"/><int name="y" value="210"/><string name="u" value="enH1"/><int name="no" value="0"/><int name="zM" value="0"/></imgdir><imgdir name="46"><int name="x" value="2475"/><int name="y" value="90"/><string name="u" value="bsc"/><int name="no" value="5"/><int name="zM" value="0"/></imgdir><imgdir name="61"><int name="x" value="2565"/><int name="y" value="90"/><string name="u" value="bsc"/><int name="no" value="0"/><int name="zM" value="0"/></imgdir><imgdir name="65"><int name="x" value="2565"/><int name="y" value="150"/><string name="u" value="bsc"/><int name="no" value="4"/><int name="zM" value="0"/></imgdir><imgdir name="60"><int name="x" value="2475"/><int name="y" value="150"/><string name="u" value="bsc"/><int name="no" value="0"/><int name="zM" value="0"/></imgdir><imgdir name="63"><int name="x" value="2565"/><int name="y" value="210"/><string name="u" value="enH1"/><int name="no" value="0"/><int name="zM" value="0"/></imgdir><imgdir name="57"><int name="x" value="2115"/><int name="y" value="30"/><string name="u" value="bsc"/><int name="no" value="3"/><int name="zM" value="0"/></imgdir><imgdir name="59"><int name="x" value="2115"/><int name="y" value="30"/><string name="u" value="enH0"/><int name="no" value="2"/><int name="zM" value="0"/></imgdir><imgdir name="76"><int name="x" value="2115"/><int name="y" value="90"/><string name="u" value="bsc"/><int name="no" value="4"/><int name="zM" value="0"/></imgdir><imgdir name="78"><int name="x" value="2115"/><int name="y" value="150"/><string name="u" value="bsc"/><int name="no" value="1"/><int name="zM" value="0"/></imgdir><imgdir name="58"><int name="x" value="2115"/><int name="y" value="210"/><string name="u" value="enH1"/><int name="no" value="1"/><int name="zM" value="0"/></imgdir><imgdir name="72"><int name="x" value="2025"/><int name="y" value="210"/><string name="u" value="enH1"/><int name="no" value="2"/><int name="zM" value="0"/></imgdir><imgdir name="75"><int name="x" value="2025"/><int name="y" value="30"/><string name="u" value="bsc"/><int name="no" value="5"/><int name="zM" value="0"/></imgdir><imgdir name="79"><int name="x" value="2025"/><int name="y" value="90"/><string name="u" value="bsc"/><int name="no" value="0"/><int name="zM" value="0"/></imgdir><imgdir name="68"><int name="x" value="1665"/><int name="y" value="210"/><string name="u" value="enH1"/><int name="no" value="2"/><int name="zM" value="0"/></imgdir><imgdir name="77"><int name="x" value="1755"/><int name="y" value="150"/><string name="u" value="bsc"/><int name="no" value="5"/><int name="zM" value="0"/></imgdir><imgdir name="41"><int name="x" value="1395"/><int name="y" value="90"/><string name="u" value="bsc"/><int name="no" value="3"/><int name="zM" value="0"/></imgdir><imgdir name="20"><int name="x" value="1305"/><int name="y" value="90"/><string name="u" value="bsc"/><int name="no" value="4"/><int name="zM" value="0"/></imgdir><imgdir name="32"><int name="x" value="1215"/><int name="y" value="210"/><string name="u" value="enH1"/><int name="no" value="2"/><int name="zM" value="0"/></imgdir><imgdir name="43"><int name="x" value="1395"/><int name="y" value="30"/><string name="u" value="enH0"/><int name="no" value="0"/><int name="zM" value="0"/></imgdir><imgdir name="44"><int name="x" value="1305"/><int name="y" value="30"/><string name="u" value="enH0"/><int name="no" value="1"/><int name="zM" value="0"/></imgdir><imgdir name="15"><int name="x" value="1305"/><int name="y" value="30"/><string name="u" value="bsc"/><int name="no" value="1"/><int name="zM" value="0"/></imgdir><imgdir name="22"><int name="x" value="1215"/><int name="y" value="30"/><string name="u" value="enH0"/><int name="no" value="2"/><int name="zM" value="0"/></imgdir><imgdir name="40"><int name="x" value="1215"/><int name="y" value="30"/><string name="u" value="bsc"/><int name="no" value="2"/><int name="zM" value="0"/></imgdir><imgdir name="21"><int name="x" value="1305"/><int name="y" value="150"/><string name="u" value="bsc"/><int name="no" value="0"/><int name="zM" value="0"/></imgdir><imgdir name="13"><int name="x" value="1395"/><int name="y" value="150"/><string name="u" value="bsc"/><int name="no" value="2"/><int name="zM" value="0"/></imgdir><imgdir name="36"><int name="x" value="1665"/><int name="y" value="150"/><string name="u" value="bsc"/><int name="no" value="1"/><int name="zM" value="0"/></imgdir><imgdir name="37"><int name="x" value="1665"/><int name="y" value="90"/><string name="u" value="bsc"/><int name="no" value="0"/><int name="zM" value="0"/></imgdir><imgdir name="1"><int name="x" value="1935"/><int name="y" value="90"/><string name="u" value="bsc"/><int name="no" value="0"/><int name="zM" value="0"/></imgdir><imgdir name="16"><int name="x" value="1935"/><int name="y" value="150"/><string name="u" value="bsc"/><int name="no" value="5"/><int name="zM" value="0"/></imgdir><imgdir name="42"><int name="x" value="2025"/><int name="y" value="150"/><string name="u" value="bsc"/><int name="no" value="2"/><int name="zM" value="0"/></imgdir><imgdir name="24"><int name="x" value="1845"/><int name="y" value="210"/><string name="u" value="enH1"/><int name="no" value="2"/><int name="zM" value="0"/></imgdir><imgdir name="25"><int name="x" value="1575"/><int name="y" value="90"/><string name="u" value="bsc"/><int name="no" value="5"/><int name="zM" value="0"/></imgdir><imgdir name="3"><int name="x" value="1575"/><int name="y" value="150"/><string name="u" value="bsc"/><int name="no" value="2"/><int name="zM" value="0"/></imgdir><imgdir name="2"><int name="x" value="1575"/><int name="y" value="210"/><string name="u" value="enH1"/><int name="no" value="1"/><int name="zM" value="0"/></imgdir><imgdir name="39"><int name="x" value="1845"/><int name="y" value="90"/><string name="u" value="bsc"/><int name="no" value="4"/><int name="zM" value="0"/></imgdir><imgdir name="35"><int name="x" value="1935"/><int name="y" value="210"/><string name="u" value="enH1"/><int name="no" value="1"/><int name="zM" value="0"/></imgdir><imgdir name="14"><int name="x" value="1755"/><int name="y" value="210"/><string name="u" value="enH1"/><int name="no" value="0"/><int name="zM" value="0"/></imgdir><imgdir name="7"><int name="x" value="1485"/><int name="y" value="210"/><string name="u" value="enH1"/><int name="no" value="1"/><int name="zM" value="0"/></imgdir><imgdir name="0"><int name="x" value="1755"/><int name="y" value="90"/><string name="u" value="bsc"/><int name="no" value="4"/><int name="zM" value="0"/></imgdir><imgdir name="8"><int name="x" value="1395"/><int name="y" value="30"/><string name="u" value="bsc"/><int name="no" value="0"/><int name="zM" value="0"/></imgdir><imgdir name="38"><int name="x" value="1575"/><int name="y" value="30"/><string name="u" value="bsc"/><int name="no" value="0"/><int name="zM" value="0"/></imgdir><imgdir name="34"><int name="x" value="1485"/><int name="y" value="30"/><string name="u" value="enH0"/><int name="no" value="1"/><int name="zM" value="0"/></imgdir><imgdir name="5"><int name="x" value="1485"/><int name="y" value="30"/><string name="u" value="bsc"/><int name="no" value="5"/><int name="zM" value="0"/></imgdir><imgdir name="6"><int name="x" value="1755"/><int name="y" value="30"/><string name="u" value="enH0"/><int name="no" value="0"/><int name="zM" value="0"/></imgdir><imgdir name="11"><int name="x" value="1755"/><int name="y" value="30"/><string name="u" value="bsc"/><int name="no" value="3"/><int name="zM" value="0"/></imgdir><imgdir name="4"><int name="x" value="2025"/><int name="y" value="30"/><string name="u" value="enH0"/><int name="no" value="2"/><int name="zM" value="0"/></imgdir><imgdir name="27"><int name="x" value="1845"/><int name="y" value="30"/><string name="u" value="enH0"/><int name="no" value="0"/><int name="zM" value="0"/></imgdir><imgdir name="33"><int name="x" value="1845"/><int name="y" value="30"/><string name="u" value="bsc"/><int name="no" value="2"/><int name="zM" value="0"/></imgdir><imgdir name="17"><int name="x" value="1935"/><int name="y" value="30"/><string name="u" value="enH0"/><int name="no" value="2"/><int name="zM" value="0"/></imgdir><imgdir name="18"><int name="x" value="1935"/><int name="y" value="30"/><string name="u" value="bsc"/><int name="no" value="2"/><int name="zM" value="0"/></imgdir><imgdir name="23"><int name="x" value="1395"/><int name="y" value="210"/><string name="u" value="enH1"/><int name="no" value="0"/><int name="zM" value="0"/></imgdir><imgdir name="12"><int name="x" value="1305"/><int name="y" value="210"/><string name="u" value="enH1"/><int name="no" value="2"/><int name="zM" value="0"/></imgdir><imgdir name="29"><int name="x" value="1485"/><int name="y" value="150"/><string name="u" value="bsc"/><int name="no" value="3"/><int name="zM" value="0"/></imgdir><imgdir name="31"><int name="x" value="1215"/><int name="y" value="150"/><string name="u" value="bsc"/><int name="no" value="2"/><int name="zM" value="0"/></imgdir><imgdir name="10"><int name="x" value="1485"/><int name="y" value="90"/><string name="u" value="bsc"/><int name="no" value="3"/><int name="zM" value="0"/></imgdir><imgdir name="26"><int name="x" value="1215"/><int name="y" value="90"/><string name="u" value="bsc"/><int name="no" value="5"/><int name="zM" value="0"/></imgdir><imgdir name="28"><int name="x" value="1845"/><int name="y" value="150"/><string name="u" value="bsc"/><int name="no" value="2"/><int name="zM" value="0"/></imgdir><imgdir name="30"><int name="x" value="1665"/><int name="y" value="30"/><string name="u" value="enH0"/><int name="no" value="1"/><int name="zM" value="0"/></imgdir><imgdir name="9"><int name="x" value="1665"/><int name="y" value="30"/><string name="u" value="bsc"/><int name="no" value="0"/><int name="zM" value="0"/></imgdir><imgdir name="19"><int name="x" value="1575"/><int name="y" value="30"/><string name="u" value="enH0"/><int name="no" value="0"/><int name="zM" value="0"/></imgdir><imgdir name="82"><int name="x" value="1125"/><int name="y" value="30"/><string name="u" value="enH0"/><int name="no" value="1"/><int name="zM" value="0"/></imgdir><imgdir name="81"><int name="x" value="1035"/><int name="y" value="30"/><string name="u" value="enH0"/><int name="no" value="1"/><int name="zM" value="0"/></imgdir><imgdir name="83"><int name="x" value="1125"/><int name="y" value="30"/><string name="u" value="bsc"/><int name="no" value="3"/><int name="zM" value="0"/></imgdir><imgdir name="89"><int name="x" value="1125"/><int name="y" value="90"/><string name="u" value="bsc"/><int name="no" value="0"/><int name="zM" value="0"/></imgdir><imgdir name="80"><int name="x" value="1035"/><int name="y" value="30"/><string name="u" value="bsc"/><int name="no" value="5"/><int name="zM" value="0"/></imgdir><imgdir name="85"><int name="x" value="1125"/><int name="y" value="150"/><string name="u" value="bsc"/><int name="no" value="1"/><int name="zM" value="0"/></imgdir><imgdir name="84"><int name="x" value="1125"/><int name="y" value="210"/><string name="u" value="enH1"/><int name="no" value="0"/><int name="zM" value="0"/></imgdir><imgdir name="87"><int name="x" value="1035"/><int name="y" value="90"/><string name="u" value="bsc"/><int name="no" value="3"/><int name="zM" value="0"/></imgdir><imgdir name="90"><int name="x" value="1035"/><int name="y" value="150"/><string name="u" value="bsc"/><int name="no" value="1"/><int name="zM" value="0"/></imgdir><imgdir name="93"><int name="x" value="1035"/><int name="y" value="210"/><string name="u" value="enH1"/><int name="no" value="2"/><int name="zM" value="0"/></imgdir><imgdir name="99"><int name="x" value="945"/><int name="y" value="30"/><string name="u" value="enH0"/><int name="no" value="0"/><int name="zM" value="0"/></imgdir><imgdir name="96"><int name="x" value="945"/><int name="y" value="150"/><string name="u" value="bsc"/><int name="no" value="0"/><int name="zM" value="0"/></imgdir><imgdir name="94"><int name="x" value="945"/><int name="y" value="210"/><string name="u" value="enH1"/><int name="no" value="1"/><int name="zM" value="0"/></imgdir><imgdir name="86"><int name="x" value="945"/><int name="y" value="30"/><string name="u" value="bsc"/><int name="no" value="4"/><int name="zM" value="0"/></imgdir><imgdir name="91"><int name="x" value="945"/><int name="y" value="90"/><string name="u" value="bsc"/><int name="no" value="5"/><int name="zM" value="0"/></imgdir><imgdir name="95"><int name="x" value="855"/><int name="y" value="30"/><string name="u" value="bsc"/><int name="no" value="3"/><int name="zM" value="0"/></imgdir><imgdir name="97"><int name="x" value="855"/><int name="y" value="30"/><string name="u" value="enH0"/><int name="no" value="2"/><int name="zM" value="0"/></imgdir><imgdir name="103"><int name="x" value="855"/><int name="y" value="90"/><string name="u" value="bsc"/><int name="no" value="0"/><int name="zM" value="0"/></imgdir><imgdir name="92"><int name="x" value="855"/><int name="y" value="150"/><string name="u" value="bsc"/><int name="no" value="5"/><int name="zM" value="0"/></imgdir><imgdir name="104"><int name="x" value="855"/><int name="y" value="210"/><string name="u" value="enH1"/><int name="no" value="0"/><int name="zM" value="0"/></imgdir><imgdir name="98"><int name="x" value="765"/><int name="y" value="210"/><string name="u" value="enH1"/><int name="no" value="0"/><int name="zM" value="0"/></imgdir><imgdir name="88"><int name="x" value="765"/><int name="y" value="150"/><string name="u" value="bsc"/><int name="no" value="5"/><int name="zM" value="0"/></imgdir><imgdir name="102"><int name="x" value="765"/><int name="y" value="30"/><string name="u" value="bsc"/><int name="no" value="5"/><int name="zM" value="0"/></imgdir><imgdir name="100"><int name="x" value="765"/><int name="y" value="30"/><string name="u" value="enH0"/><int name="no" value="0"/><int name="zM" value="0"/></imgdir><imgdir name="101"><int name="x" value="765"/><int name="y" value="90"/><string name="u" value="bsc"/><int name="no" value="5"/><int name="zM" value="0"/></imgdir></imgdir><imgdir name="obj"><imgdir name="0"><string name="oS" value="acc12"/><string name="l0" value="aran"/><string name="l1" value="house"/><string name="l2" value="0"/><int name="x" value="886"/><int name="y" value="-196"/><int name="z" value="9"/><int name="f" value="1"/><int name="zM" value="0"/><int name="r" value="0"/></imgdir></imgdir></imgdir><imgdir name="5"><imgdir name="info"></imgdir><imgdir name="tile"></imgdir><imgdir name="obj"></imgdir></imgdir><imgdir name="6"><imgdir name="info"></imgdir><imgdir name="tile"></imgdir><imgdir name="obj"></imgdir></imgdir><imgdir name="7"><imgdir name="info"></imgdir><imgdir name="tile"></imgdir><imgdir name="obj"></imgdir></imgdir><imgdir name="user"><imgdir name="0"><imgdir name="cond"><int name="gender" value="0"/></imgdir><imgdir name="look"><int name="cap" value="1003029"/><int name="clothes" value="1052226"/><int name="shoes" value="1072425"/></imgdir></imgdir><imgdir name="1"><imgdir name="cond"><int name="gender" value="1"/></imgdir><imgdir name="look"><int name="cap" value="1003030"/><int name="clothes" value="1052226"/><int name="shoes" value="1072425"/></imgdir></imgdir></imgdir><imgdir name="foothold"><imgdir name="4"><imgdir name="0"><imgdir name="1"><int name="x1" value="2025"/><int name="y1" value="2"/><int name="x2" value="2115"/><int name="y2" value="2"/><int name="prev" value="3"/><int name="next" value="14"/><int name="piece" value="0"/></imgdir><imgdir name="2"><int name="x1" value="1755"/><int name="y1" value="2"/><int name="x2" value="1845"/><int name="y2" value="2"/><int name="prev" value="7"/><int name="next" value="6"/><int name="piece" value="0"/></imgdir><imgdir name="3"><int name="x1" value="1935"/><int name="y1" value="2"/><int name="x2" value="2025"/><int name="y2" value="2"/><int name="prev" value="6"/><int name="next" value="1"/><int name="piece" value="0"/></imgdir><imgdir name="4"><int name="x1" value="1575"/><int name="y1" value="2"/><int name="x2" value="1665"/><int name="y2" value="2"/><int name="prev" value="8"/><int name="next" value="7"/><int name="piece" value="0"/></imgdir><imgdir name="5"><int name="x1" value="1215"/><int name="y1" value="2"/><int name="x2" value="1305"/><int name="y2" value="2"/><int name="prev" value="18"/><int name="next" value="10"/><int name="piece" value="0"/></imgdir><imgdir name="6"><int name="x1" value="1845"/><int name="y1" value="2"/><int name="x2" value="1935"/><int name="y2" value="2"/><int name="prev" value="2"/><int name="next" value="3"/><int name="piece" value="0"/></imgdir><imgdir name="7"><int name="x1" value="1665"/><int name="y1" value="2"/><int name="x2" value="1755"/><int name="y2" value="2"/><int name="prev" value="4"/><int name="next" value="2"/><int name="piece" value="0"/></imgdir><imgdir name="8"><int name="x1" value="1485"/><int name="y1" value="2"/><int name="x2" value="1575"/><int name="y2" value="2"/><int name="prev" value="9"/><int name="next" value="4"/><int name="piece" value="0"/></imgdir><imgdir name="9"><int name="x1" value="1395"/><int name="y1" value="2"/><int name="x2" value="1485"/><int name="y2" value="2"/><int name="prev" value="10"/><int name="next" value="8"/><int name="piece" value="0"/></imgdir><imgdir name="10"><int name="x1" value="1305"/><int name="y1" value="2"/><int name="x2" value="1395"/><int name="y2" value="2"/><int name="prev" value="5"/><int name="next" value="9"/><int name="piece" value="0"/></imgdir><imgdir name="11"><int name="x1" value="2295"/><int name="y1" value="2"/><int name="x2" value="2385"/><int name="y2" value="2"/><int name="prev" value="13"/><int name="next" value="12"/><int name="piece" value="0"/></imgdir><imgdir name="12"><int name="x1" value="2385"/><int name="y1" value="2"/><int name="x2" value="2475"/><int name="y2" value="2"/><int name="prev" value="11"/><int name="next" value="15"/><int name="piece" value="0"/></imgdir><imgdir name="13"><int name="x1" value="2205"/><int name="y1" value="2"/><int name="x2" value="2295"/><int name="y2" value="2"/><int name="prev" value="14"/><int name="next" value="11"/><int name="piece" value="0"/></imgdir><imgdir name="14"><int name="x1" value="2115"/><int name="y1" value="2"/><int name="x2" value="2205"/><int name="y2" value="2"/><int name="prev" value="1"/><int name="next" value="13"/><int name="piece" value="0"/></imgdir><imgdir name="15"><int name="x1" value="2475"/><int name="y1" value="2"/><int name="x2" value="2565"/><int name="y2" value="2"/><int name="prev" value="12"/><int name="next" value="16"/><int name="piece" value="0"/></imgdir><imgdir name="16"><int name="x1" value="2565"/><int name="y1" value="2"/><int name="x2" value="2655"/><int name="y2" value="2"/><int name="prev" value="15"/><int name="next" value="0"/><int name="piece" value="0"/></imgdir><imgdir name="17"><int name="x1" value="1035"/><int name="y1" value="2"/><int name="x2" value="1125"/><int name="y2" value="2"/><int name="prev" value="20"/><int name="next" value="18"/><int name="piece" value="0"/></imgdir><imgdir name="18"><int name="x1" value="1125"/><int name="y1" value="2"/><int name="x2" value="1215"/><int name="y2" value="2"/><int name="prev" value="17"/><int name="next" value="5"/><int name="piece" value="0"/></imgdir><imgdir name="19"><int name="x1" value="855"/><int name="y1" value="2"/><int name="x2" value="945"/><int name="y2" value="2"/><int name="prev" value="21"/><int name="next" value="20"/><int name="piece" value="0"/></imgdir><imgdir name="20"><int name="x1" value="945"/><int name="y1" value="2"/><int name="x2" value="1035"/><int name="y2" value="2"/><int name="prev" value="19"/><int name="next" value="17"/><int name="piece" value="0"/></imgdir><imgdir name="21"><int name="x1" value="765"/><int name="y1" value="2"/><int name="x2" value="855"/><int name="y2" value="2"/><int name="prev" value="0"/><int name="next" value="19"/><int name="piece" value="0"/></imgdir></imgdir></imgdir></imgdir><imgdir name="ladderRope"></imgdir><imgdir name="miniMap"><canvas name="canvas" width="140" height="64"><string name="_hash" value="57ca44634199395d922fd1859ca95555eb6c0fa96909efd8388569fd7bdfd797"/></canvas><int name="width" value="2243"/><int name="height" value="1032"/><int name="centerX" value="-460"/><int name="centerY" value="736"/><int name="mag" value="4"/></imgdir><imgdir name="portal"><imgdir name="0"><string name="pn" value="sp"/><int name="pt" value="0"/><int name="x" value="942"/><int name="y" value="-123"/><int name="tm" value="999999999"/><string name="tn" value=""/></imgdir><imgdir name="1"><string name="pn" value="out00"/><int name="pt" value="7"/><int name="x" value="857"/><int name="y" value="4"/><int name="tm" value="999999999"/><string name="tn" value=""/><int name="horizontalImpact" value="0"/><string name="script" value="outAfrienMemory"/></imgdir></imgdir></imgdir>