<?xml version="1.0" encoding="UTF-8" standalone="yes"?><imgdir name="901000000.img"><imgdir name="info"><int name="version" value="10"/><int name="cloud" value="0"/><int name="town" value="0"/><int name="swim" value="0"/><float name="mobRate" value="1.0"/><string name="bgm" value="Bgm00/GoPicnic"/><string name="mapMark" value="None"/><int name="fly" value="0"/><int name="noMapCmd" value="0"/><int name="hideMinimap" value="0"/><int name="fieldLimit" value="0"/><int name="VRTop" value="-300"/><int name="VRLeft" value="-400"/><int name="VRBottom" value="300"/><int name="VRRight" value="400"/><string name="onFirstUserEnter" value=""/><string name="onUserEnter" value="DoSurvey"/><int name="standAlone" value="1"/><int name="partyStandAlone" value="0"/><string name="fieldScript" value=""/><int name="isHideUI" value="1"/><int name="forcedScreenMode" value="0"/></imgdir><imgdir name="back"><imgdir name="0"><string name="bS" value=""/><int name="front" value="0"/><int name="ani" value="0"/><int name="no" value="0"/><int name="f" value="0"/><int name="x" value="0"/><int name="y" value="0"/><int name="rx" value="0"/><int name="ry" value="0"/><int name="type" value="0"/><int name="cx" value="0"/><int name="cy" value="0"/><int name="a" value="255"/></imgdir></imgdir><imgdir name="life"></imgdir><imgdir name="reactor"></imgdir><imgdir name="0"><imgdir name="info"></imgdir><imgdir name="tile"></imgdir><imgdir name="obj"></imgdir></imgdir><imgdir name="1"><imgdir name="info"><string name="tS" value="allblackTile"/><int name="tSMag" value="1"/></imgdir><imgdir name="tile"><imgdir name="0"><int name="x" value="-360"/><int name="y" value="120"/><string name="u" value="edU"/><int name="no" value="0"/><int name="zM" value="0"/></imgdir><imgdir name="1"><int name="x" value="-360"/><int name="y" value="120"/><string name="u" value="edD"/><int name="no" value="0"/><int name="zM" value="0"/></imgdir><imgdir name="6"><int name="x" value="-270"/><int name="y" value="120"/><string name="u" value="enH0"/><int name="no" value="0"/><int name="zM" value="0"/></imgdir><imgdir name="7"><int name="x" value="-270"/><int name="y" value="120"/><string name="u" value="enH1"/><int name="no" value="0"/><int name="zM" value="0"/></imgdir><imgdir name="2"><int name="x" value="-360"/><int name="y" value="120"/><string name="u" value="enH1"/><int name="no" value="0"/><int name="zM" value="0"/></imgdir><imgdir name="3"><int name="x" value="-360"/><int name="y" value="120"/><string name="u" value="enH0"/><int name="no" value="0"/><int name="zM" value="0"/></imgdir><imgdir name="4"><int name="x" value="-180"/><int name="y" value="120"/><string name="u" value="enH1"/><int name="no" value="0"/><int name="zM" value="0"/></imgdir><imgdir name="5"><int name="x" value="-180"/><int name="y" value="120"/><string name="u" value="enH0"/><int name="no" value="0"/><int name="zM" value="0"/></imgdir><imgdir name="10"><int name="x" value="-90"/><int name="y" value="120"/><string name="u" value="enH1"/><int name="no" value="0"/><int name="zM" value="0"/></imgdir><imgdir name="11"><int name="x" value="-90"/><int name="y" value="120"/><string name="u" value="enH0"/><int name="no" value="0"/><int name="zM" value="0"/></imgdir><imgdir name="16"><int name="x" value="180"/><int name="y" value="120"/><string name="u" value="enH0"/><int name="no" value="0"/><int name="zM" value="0"/></imgdir><imgdir name="17"><int name="x" value="180"/><int name="y" value="120"/><string name="u" value="enH1"/><int name="no" value="0"/><int name="zM" value="0"/></imgdir><imgdir name="8"><int name="x" value="0"/><int name="y" value="120"/><string name="u" value="enH1"/><int name="no" value="0"/><int name="zM" value="0"/></imgdir><imgdir name="9"><int name="x" value="0"/><int name="y" value="120"/><string name="u" value="enH0"/><int name="no" value="0"/><int name="zM" value="0"/></imgdir><imgdir name="12"><int name="x" value="90"/><int name="y" value="120"/><string name="u" value="enH0"/><int name="no" value="0"/><int name="zM" value="0"/></imgdir><imgdir name="13"><int name="x" value="90"/><int name="y" value="120"/><string name="u" value="enH1"/><int name="no" value="0"/><int name="zM" value="0"/></imgdir><imgdir name="18"><int name="x" value="360"/><int name="y" value="120"/><string name="u" value="edU"/><int name="no" value="0"/><int name="zM" value="0"/></imgdir><imgdir name="19"><int name="x" value="360"/><int name="y" value="120"/><string name="u" value="edD"/><int name="no" value="0"/><int name="zM" value="0"/></imgdir><imgdir name="14"><int name="x" value="270"/><int name="y" value="120"/><string name="u" value="enH1"/><int name="no" value="0"/><int name="zM" value="0"/></imgdir><imgdir name="15"><int name="x" value="270"/><int name="y" value="120"/><string name="u" value="enH0"/><int name="no" value="0"/><int name="zM" value="0"/></imgdir></imgdir><imgdir name="obj"></imgdir></imgdir><imgdir name="2"><imgdir name="info"></imgdir><imgdir name="tile"></imgdir><imgdir name="obj"></imgdir></imgdir><imgdir name="3"><imgdir name="info"></imgdir><imgdir name="tile"></imgdir><imgdir name="obj"></imgdir></imgdir><imgdir name="4"><imgdir name="info"></imgdir><imgdir name="tile"></imgdir><imgdir name="obj"></imgdir></imgdir><imgdir name="5"><imgdir name="info"></imgdir><imgdir name="tile"></imgdir><imgdir name="obj"></imgdir></imgdir><imgdir name="6"><imgdir name="info"></imgdir><imgdir name="tile"></imgdir><imgdir name="obj"></imgdir></imgdir><imgdir name="7"><imgdir name="info"></imgdir><imgdir name="tile"></imgdir><imgdir name="obj"></imgdir></imgdir><imgdir name="foothold"><imgdir name="1"><imgdir name="0"><imgdir name="1"><int name="x1" value="-399"/><int name="y1" value="120"/><int name="x2" value="-399"/><int name="y2" value="95"/><int name="prev" value="0"/><int name="next" value="2"/><int name="piece" value="0"/></imgdir><imgdir name="2"><int name="x1" value="-399"/><int name="y1" value="95"/><int name="x2" value="-321"/><int name="y2" value="95"/><int name="prev" value="1"/><int name="next" value="3"/><int name="piece" value="0"/></imgdir><imgdir name="3"><int name="x1" value="-321"/><int name="y1" value="95"/><int name="x2" value="-270"/><int name="y2" value="95"/><int name="prev" value="2"/><int name="next" value="5"/><int name="piece" value="0"/></imgdir><imgdir name="4"><int name="x1" value="-180"/><int name="y1" value="95"/><int name="x2" value="-90"/><int name="y2" value="95"/><int name="prev" value="5"/><int name="next" value="7"/><int name="piece" value="0"/></imgdir><imgdir name="5"><int name="x1" value="-270"/><int name="y1" value="95"/><int name="x2" value="-180"/><int name="y2" value="95"/><int name="prev" value="3"/><int name="next" value="4"/><int name="piece" value="0"/></imgdir><imgdir name="6"><int name="x1" value="0"/><int name="y1" value="95"/><int name="x2" value="90"/><int name="y2" value="95"/><int name="prev" value="7"/><int name="next" value="8"/><int name="piece" value="0"/></imgdir><imgdir name="7"><int name="x1" value="-90"/><int name="y1" value="95"/><int name="x2" value="0"/><int name="y2" value="95"/><int name="prev" value="4"/><int name="next" value="6"/><int name="piece" value="0"/></imgdir><imgdir name="8"><int name="x1" value="90"/><int name="y1" value="95"/><int name="x2" value="180"/><int name="y2" value="95"/><int name="prev" value="6"/><int name="next" value="10"/><int name="piece" value="0"/></imgdir><imgdir name="9"><int name="x1" value="270"/><int name="y1" value="95"/><int name="x2" value="321"/><int name="y2" value="95"/><int name="prev" value="10"/><int name="next" value="11"/><int name="piece" value="0"/></imgdir><imgdir name="10"><int name="x1" value="180"/><int name="y1" value="95"/><int name="x2" value="270"/><int name="y2" value="95"/><int name="prev" value="8"/><int name="next" value="9"/><int name="piece" value="0"/></imgdir><imgdir name="11"><int name="x1" value="321"/><int name="y1" value="95"/><int name="x2" value="360"/><int name="y2" value="95"/><int name="prev" value="9"/><int name="next" value="12"/><int name="piece" value="0"/></imgdir><imgdir name="12"><int name="x1" value="360"/><int name="y1" value="95"/><int name="x2" value="399"/><int name="y2" value="95"/><int name="prev" value="11"/><int name="next" value="13"/><int name="piece" value="0"/></imgdir><imgdir name="13"><int name="x1" value="399"/><int name="y1" value="95"/><int name="x2" value="399"/><int name="y2" value="120"/><int name="prev" value="12"/><int name="next" value="0"/><int name="piece" value="0"/></imgdir></imgdir></imgdir></imgdir><imgdir name="ladderRope"></imgdir><imgdir name="portal"><imgdir name="0"><string name="pn" value="sp"/><int name="pt" value="0"/><int name="x" value="0"/><int name="y" value="0"/><int name="tm" value="999999999"/><string name="tn" value=""/><int name="horizontalImpact" value="0"/></imgdir></imgdir></imgdir>