<?xml version="1.0" encoding="UTF-8" standalone="yes"?><imgdir name="910010100.img"><imgdir name="back"><imgdir name="0"><int name="no" value="0"/><int name="x" value="-48"/><int name="y" value="-109"/><int name="rx" value="0"/><int name="ry" value="0"/><int name="type" value="1"/><int name="cx" value="0"/><int name="cy" value="0"/><string name="bS" value="grassySoil_new"/><int name="a" value="255"/><int name="front" value="0"/><int name="ani" value="0"/><int name="f" value="0"/></imgdir><imgdir name="1"><string name="bS" value="grassySoil_new"/><int name="front" value="0"/><int name="ani" value="0"/><int name="no" value="3"/><int name="f" value="0"/><int name="x" value="-255"/><int name="y" value="-111"/><int name="rx" value="-1"/><int name="ry" value="-2"/><int name="type" value="4"/><int name="cx" value="0"/><int name="cy" value="0"/><int name="a" value="255"/></imgdir><imgdir name="2"><string name="bS" value="grassySoil_new"/><int name="front" value="0"/><int name="ani" value="0"/><int name="no" value="5"/><int name="f" value="0"/><int name="x" value="-12"/><int name="y" value="-78"/><int name="rx" value="-5"/><int name="ry" value="-5"/><int name="type" value="1"/><int name="cx" value="0"/><int name="cy" value="0"/><int name="a" value="255"/></imgdir><imgdir name="3"><string name="bS" value="grassySoil_new"/><int name="front" value="0"/><int name="ani" value="0"/><int name="no" value="6"/><int name="f" value="0"/><int name="x" value="-64"/><int name="y" value="-48"/><int name="rx" value="-10"/><int name="ry" value="-12"/><int name="type" value="1"/><int name="cx" value="0"/><int name="cy" value="0"/><int name="a" value="255"/></imgdir><imgdir name="4"><string name="bS" value="grassySoil_new"/><int name="front" value="0"/><int name="ani" value="0"/><int name="no" value="7"/><int name="f" value="0"/><int name="x" value="-288"/><int name="y" value="76"/><int name="rx" value="-10"/><int name="ry" value="-12"/><int name="type" value="1"/><int name="cx" value="0"/><int name="cy" value="0"/><int name="a" value="255"/></imgdir><imgdir name="5"><string name="bS" value="grassySoil_new"/><int name="front" value="0"/><int name="ani" value="0"/><int name="no" value="7"/><int name="f" value="0"/><int name="x" value="0"/><int name="y" value="87"/><int name="rx" value="-10"/><int name="ry" value="-12"/><int name="type" value="1"/><int name="cx" value="0"/><int name="cy" value="0"/><int name="a" value="255"/></imgdir><imgdir name="6"><string name="bS" value="grassySoil_new"/><int name="front" value="0"/><int name="ani" value="0"/><int name="no" value="8"/><int name="f" value="0"/><int name="x" value="-68"/><int name="y" value="-69"/><int name="rx" value="-2"/><int name="ry" value="-10"/><int name="type" value="4"/><int name="cx" value="0"/><int name="cy" value="0"/><int name="a" value="255"/></imgdir><imgdir name="7"><string name="bS" value="grassySoil_new"/><int name="front" value="0"/><int name="ani" value="0"/><int name="no" value="9"/><int name="f" value="0"/><int name="x" value="-341"/><int name="y" value="12"/><int name="rx" value="-12"/><int name="ry" value="-15"/><int name="type" value="1"/><int name="cx" value="1200"/><int name="cy" value="0"/><int name="a" value="255"/></imgdir><imgdir name="8"><string name="bS" value="grassySoil_new"/><int name="front" value="0"/><int name="ani" value="0"/><int name="no" value="10"/><int name="f" value="0"/><int name="x" value="130"/><int name="y" value="-56"/><int name="rx" value="-12"/><int name="ry" value="-15"/><int name="type" value="1"/><int name="cx" value="1200"/><int name="cy" value="0"/><int name="a" value="255"/></imgdir><imgdir name="9"><string name="bS" value="grassySoil_new"/><int name="front" value="0"/><int name="ani" value="0"/><int name="no" value="12"/><int name="f" value="0"/><int name="x" value="-21"/><int name="y" value="260"/><int name="rx" value="-15"/><int name="ry" value="-15"/><int name="type" value="1"/><int name="cx" value="0"/><int name="cy" value="0"/><int name="a" value="255"/></imgdir><imgdir name="10"><string name="bS" value="grassySoil_new"/><int name="front" value="0"/><int name="ani" value="0"/><int name="no" value="15"/><int name="f" value="0"/><int name="x" value="-654"/><int name="y" value="201"/><int name="rx" value="-15"/><int name="ry" value="-15"/><int name="type" value="1"/><int name="cx" value="2000"/><int name="cy" value="0"/><int name="a" value="255"/></imgdir><imgdir name="11"><string name="bS" value="grassySoil_new"/><int name="front" value="0"/><int name="ani" value="0"/><int name="no" value="16"/><int name="f" value="0"/><int name="x" value="14"/><int name="y" value="133"/><int name="rx" value="-15"/><int name="ry" value="-15"/><int name="type" value="1"/><int name="cx" value="2000"/><int name="cy" value="0"/><int name="a" value="255"/></imgdir><imgdir name="12"><string name="bS" value="grassySoil_new"/><int name="front" value="0"/><int name="ani" value="0"/><int name="no" value="17"/><int name="f" value="0"/><int name="x" value="514"/><int name="y" value="99"/><int name="rx" value="-15"/><int name="ry" value="-15"/><int name="type" value="1"/><int name="cx" value="2000"/><int name="cy" value="0"/><int name="a" value="255"/></imgdir><imgdir name="13"><string name="bS" value="grassySoil_new"/><int name="front" value="0"/><int name="ani" value="0"/><int name="no" value="18"/><int name="f" value="0"/><int name="x" value="1014"/><int name="y" value="123"/><int name="rx" value="-15"/><int name="ry" value="-15"/><int name="type" value="1"/><int name="cx" value="2000"/><int name="cy" value="0"/><int name="a" value="255"/></imgdir></imgdir><imgdir name="life"><imgdir name="0"><string name="type" value="n"/><string name="id" value="1012112"/><int name="x" value="379"/><int name="y" value="271"/><int name="mobTime" value="0"/><int name="f" value="0"/><int name="hide" value="0"/><int name="fh" value="10"/><int name="cy" value="275"/><int name="rx0" value="329"/><int name="rx1" value="429"/></imgdir><imgdir name="1"><string name="type" value="n"/><string name="id" value="9000033"/><int name="x" value="78"/><int name="y" value="32"/><int name="mobTime" value="0"/><string name="limitedname" value="2008summer"/><int name="f" value="0"/><int name="hide" value="0"/><int name="fh" value="33"/><int name="cy" value="35"/><int name="rx0" value="28"/><int name="rx1" value="109"/></imgdir></imgdir><imgdir name="0"><imgdir name="info"></imgdir><imgdir name="tile"></imgdir><imgdir name="obj"></imgdir></imgdir><imgdir name="1"><imgdir name="info"><string name="tS" value="grassySoil"/><int name="tSMag" value="1"/></imgdir><imgdir name="tile"><imgdir name="4"><int name="x" value="-180"/><int name="y" value="300"/><string name="u" value="enH0"/><int name="no" value="1"/><int name="zM" value="0"/></imgdir><imgdir name="1"><int name="x" value="-270"/><int name="y" value="300"/><string name="u" value="enH0"/><int name="no" value="1"/><int name="zM" value="0"/></imgdir><imgdir name="11"><int name="x" value="-360"/><int name="y" value="300"/><string name="u" value="enH0"/><int name="no" value="1"/><int name="zM" value="0"/></imgdir><imgdir name="9"><int name="x" value="-450"/><int name="y" value="300"/><string name="u" value="enH0"/><int name="no" value="0"/><int name="zM" value="0"/></imgdir><imgdir name="17"><int name="x" value="-360"/><int name="y" value="480"/><string name="u" value="enH1"/><int name="no" value="1"/><int name="zM" value="0"/></imgdir><imgdir name="8"><int name="x" value="-450"/><int name="y" value="300"/><string name="u" value="bsc"/><int name="no" value="1"/><int name="zM" value="0"/></imgdir><imgdir name="10"><int name="x" value="-360"/><int name="y" value="300"/><string name="u" value="bsc"/><int name="no" value="3"/><int name="zM" value="0"/></imgdir><imgdir name="7"><int name="x" value="-450"/><int name="y" value="360"/><string name="u" value="bsc"/><int name="no" value="4"/><int name="zM" value="0"/></imgdir><imgdir name="13"><int name="x" value="-360"/><int name="y" value="360"/><string name="u" value="bsc"/><int name="no" value="3"/><int name="zM" value="0"/></imgdir><imgdir name="20"><int name="x" value="-360"/><int name="y" value="420"/><string name="u" value="bsc"/><int name="no" value="1"/><int name="zM" value="0"/></imgdir><imgdir name="22"><int name="x" value="-270"/><int name="y" value="480"/><string name="u" value="enH1"/><int name="no" value="1"/><int name="zM" value="0"/></imgdir><imgdir name="25"><int name="x" value="-180"/><int name="y" value="480"/><string name="u" value="enH1"/><int name="no" value="1"/><int name="zM" value="0"/></imgdir><imgdir name="0"><int name="x" value="-270"/><int name="y" value="300"/><string name="u" value="bsc"/><int name="no" value="2"/><int name="zM" value="0"/></imgdir><imgdir name="23"><int name="x" value="-270"/><int name="y" value="420"/><string name="u" value="bsc"/><int name="no" value="2"/><int name="zM" value="0"/></imgdir><imgdir name="21"><int name="x" value="-270"/><int name="y" value="360"/><string name="u" value="bsc"/><int name="no" value="2"/><int name="zM" value="0"/></imgdir><imgdir name="27"><int name="x" value="-180"/><int name="y" value="360"/><string name="u" value="bsc"/><int name="no" value="2"/><int name="zM" value="0"/></imgdir><imgdir name="5"><int name="x" value="-180"/><int name="y" value="300"/><string name="u" value="bsc"/><int name="no" value="1"/><int name="zM" value="0"/></imgdir><imgdir name="26"><int name="x" value="-180"/><int name="y" value="420"/><string name="u" value="bsc"/><int name="no" value="1"/><int name="zM" value="0"/></imgdir><imgdir name="36"><int name="x" value="0"/><int name="y" value="300"/><string name="u" value="enH0"/><int name="no" value="0"/><int name="zM" value="0"/></imgdir><imgdir name="30"><int name="x" value="-90"/><int name="y" value="300"/><string name="u" value="enH0"/><int name="no" value="1"/><int name="zM" value="0"/></imgdir><imgdir name="33"><int name="x" value="90"/><int name="y" value="300"/><string name="u" value="enH0"/><int name="no" value="1"/><int name="zM" value="0"/></imgdir><imgdir name="38"><int name="x" value="180"/><int name="y" value="300"/><string name="u" value="enH0"/><int name="no" value="1"/><int name="zM" value="0"/></imgdir><imgdir name="29"><int name="x" value="-90"/><int name="y" value="480"/><string name="u" value="enH1"/><int name="no" value="1"/><int name="zM" value="0"/></imgdir><imgdir name="28"><int name="x" value="-90"/><int name="y" value="420"/><string name="u" value="bsc"/><int name="no" value="3"/><int name="zM" value="0"/></imgdir><imgdir name="24"><int name="x" value="-90"/><int name="y" value="360"/><string name="u" value="bsc"/><int name="no" value="4"/><int name="zM" value="0"/></imgdir><imgdir name="2"><int name="x" value="-90"/><int name="y" value="300"/><string name="u" value="bsc"/><int name="no" value="2"/><int name="zM" value="0"/></imgdir><imgdir name="31"><int name="x" value="0"/><int name="y" value="300"/><string name="u" value="bsc"/><int name="no" value="0"/><int name="zM" value="0"/></imgdir><imgdir name="3"><int name="x" value="0"/><int name="y" value="360"/><string name="u" value="bsc"/><int name="no" value="1"/><int name="zM" value="0"/></imgdir><imgdir name="32"><int name="x" value="90"/><int name="y" value="300"/><string name="u" value="bsc"/><int name="no" value="3"/><int name="zM" value="0"/></imgdir><imgdir name="37"><int name="x" value="180"/><int name="y" value="300"/><string name="u" value="bsc"/><int name="no" value="0"/><int name="zM" value="0"/></imgdir><imgdir name="43"><int name="x" value="90"/><int name="y" value="420"/><string name="u" value="bsc"/><int name="no" value="2"/><int name="zM" value="0"/></imgdir><imgdir name="6"><int name="x" value="180"/><int name="y" value="360"/><string name="u" value="bsc"/><int name="no" value="0"/><int name="zM" value="0"/></imgdir><imgdir name="12"><int name="x" value="270"/><int name="y" value="360"/><string name="u" value="bsc"/><int name="no" value="2"/><int name="zM" value="0"/></imgdir><imgdir name="44"><int name="x" value="270"/><int name="y" value="300"/><string name="u" value="bsc"/><int name="no" value="4"/><int name="zM" value="0"/></imgdir><imgdir name="14"><int name="x" value="270"/><int name="y" value="300"/><string name="u" value="enH0"/><int name="no" value="0"/><int name="zM" value="0"/></imgdir><imgdir name="16"><int name="x" value="270"/><int name="y" value="420"/><string name="u" value="bsc"/><int name="no" value="2"/><int name="zM" value="0"/></imgdir><imgdir name="18"><int name="x" value="270"/><int name="y" value="480"/><string name="u" value="enH1"/><int name="no" value="0"/><int name="zM" value="0"/></imgdir><imgdir name="34"><int name="x" value="-360"/><int name="y" value="0"/><string name="u" value="enH0"/><int name="no" value="1"/><int name="zM" value="7"/></imgdir><imgdir name="46"><int name="x" value="-270"/><int name="y" value="0"/><string name="u" value="edD"/><int name="no" value="0"/><int name="zM" value="7"/></imgdir><imgdir name="45"><int name="x" value="-270"/><int name="y" value="0"/><string name="u" value="edU"/><int name="no" value="1"/><int name="zM" value="7"/></imgdir><imgdir name="49"><int name="x" value="-450"/><int name="y" value="0"/><string name="u" value="enH0"/><int name="no" value="1"/><int name="zM" value="7"/></imgdir><imgdir name="42"><int name="x" value="90"/><int name="y" value="480"/><string name="u" value="enH1"/><int name="no" value="1"/><int name="zM" value="0"/></imgdir><imgdir name="41"><int name="x" value="0"/><int name="y" value="480"/><string name="u" value="enH1"/><int name="no" value="0"/><int name="zM" value="0"/></imgdir><imgdir name="47"><int name="x" value="0"/><int name="y" value="420"/><string name="u" value="bsc"/><int name="no" value="2"/><int name="zM" value="0"/></imgdir><imgdir name="35"><int name="x" value="180"/><int name="y" value="420"/><string name="u" value="bsc"/><int name="no" value="4"/><int name="zM" value="0"/></imgdir><imgdir name="48"><int name="x" value="180"/><int name="y" value="480"/><string name="u" value="enH1"/><int name="no" value="0"/><int name="zM" value="0"/></imgdir><imgdir name="50"><int name="x" value="-360"/><int name="y" value="0"/><string name="u" value="enH1"/><int name="no" value="1"/><int name="zM" value="7"/></imgdir><imgdir name="40"><int name="x" value="90"/><int name="y" value="360"/><string name="u" value="bsc"/><int name="no" value="1"/><int name="zM" value="0"/></imgdir><imgdir name="39"><int name="x" value="-450"/><int name="y" value="0"/><string name="u" value="enH1"/><int name="no" value="0"/><int name="zM" value="7"/></imgdir><imgdir name="51"><int name="x" value="-180"/><int name="y" value="60"/><string name="u" value="edU"/><int name="no" value="1"/><int name="zM" value="6"/></imgdir><imgdir name="52"><int name="x" value="-180"/><int name="y" value="60"/><string name="u" value="edD"/><int name="no" value="0"/><int name="zM" value="6"/></imgdir><imgdir name="53"><int name="x" value="-90"/><int name="y" value="120"/><string name="u" value="edU"/><int name="no" value="0"/><int name="zM" value="4"/></imgdir><imgdir name="54"><int name="x" value="-90"/><int name="y" value="120"/><string name="u" value="edD"/><int name="no" value="0"/><int name="zM" value="4"/></imgdir><imgdir name="55"><int name="x" value="0"/><int name="y" value="180"/><string name="u" value="edU"/><int name="no" value="1"/><int name="zM" value="3"/></imgdir><imgdir name="56"><int name="x" value="0"/><int name="y" value="180"/><string name="u" value="edD"/><int name="no" value="0"/><int name="zM" value="3"/></imgdir><imgdir name="57"><int name="x" value="90"/><int name="y" value="240"/><string name="u" value="edU"/><int name="no" value="1"/><int name="zM" value="2"/></imgdir><imgdir name="58"><int name="x" value="90"/><int name="y" value="240"/><string name="u" value="edD"/><int name="no" value="0"/><int name="zM" value="2"/></imgdir><imgdir name="61"><int name="x" value="360"/><int name="y" value="300"/><string name="u" value="bsc"/><int name="no" value="1"/><int name="zM" value="0"/></imgdir><imgdir name="62"><int name="x" value="360"/><int name="y" value="300"/><string name="u" value="enH0"/><int name="no" value="0"/><int name="zM" value="0"/></imgdir><imgdir name="63"><int name="x" value="360"/><int name="y" value="360"/><string name="u" value="bsc"/><int name="no" value="1"/><int name="zM" value="0"/></imgdir><imgdir name="60"><int name="x" value="360"/><int name="y" value="480"/><string name="u" value="enH1"/><int name="no" value="1"/><int name="zM" value="0"/></imgdir><imgdir name="59"><int name="x" value="360"/><int name="y" value="420"/><string name="u" value="bsc"/><int name="no" value="2"/><int name="zM" value="0"/></imgdir><imgdir name="64"><int name="x" value="0"/><int name="y" value="60"/><string name="u" value="edU"/><int name="no" value="1"/><int name="zM" value="5"/></imgdir><imgdir name="65"><int name="x" value="0"/><int name="y" value="60"/><string name="u" value="edD"/><int name="no" value="0"/><int name="zM" value="5"/></imgdir><imgdir name="66"><int name="x" value="90"/><int name="y" value="60"/><string name="u" value="edU"/><int name="no" value="0"/><int name="zM" value="5"/></imgdir><imgdir name="67"><int name="x" value="90"/><int name="y" value="60"/><string name="u" value="edD"/><int name="no" value="0"/><int name="zM" value="5"/></imgdir><imgdir name="15"><int name="x" value="0"/><int name="y" value="60"/><string name="u" value="enH1"/><int name="no" value="0"/><int name="zM" value="5"/></imgdir><imgdir name="19"><int name="x" value="0"/><int name="y" value="60"/><string name="u" value="enH0"/><int name="no" value="1"/><int name="zM" value="5"/></imgdir><imgdir name="72"><int name="x" value="-450"/><int name="y" value="420"/><string name="u" value="bsc"/><int name="no" value="4"/><int name="zM" value="0"/></imgdir><imgdir name="69"><int name="x" value="-450"/><int name="y" value="480"/><string name="u" value="enH1"/><int name="no" value="1"/><int name="zM" value="0"/></imgdir><imgdir name="70"><int name="x" value="450"/><int name="y" value="360"/><string name="u" value="bsc"/><int name="no" value="3"/><int name="zM" value="0"/></imgdir><imgdir name="74"><int name="x" value="450"/><int name="y" value="480"/><string name="u" value="enH1"/><int name="no" value="0"/><int name="zM" value="0"/></imgdir><imgdir name="73"><int name="x" value="450"/><int name="y" value="300"/><string name="u" value="bsc"/><int name="no" value="1"/><int name="zM" value="0"/></imgdir><imgdir name="68"><int name="x" value="450"/><int name="y" value="420"/><string name="u" value="bsc"/><int name="no" value="0"/><int name="zM" value="0"/></imgdir><imgdir name="71"><int name="x" value="450"/><int name="y" value="300"/><string name="u" value="enH0"/><int name="no" value="2"/><int name="zM" value="0"/></imgdir><imgdir name="78"><int name="x" value="-540"/><int name="y" value="420"/><string name="u" value="bsc"/><int name="no" value="0"/><int name="zM" value="0"/></imgdir><imgdir name="77"><int name="x" value="-540"/><int name="y" value="300"/><string name="u" value="bsc"/><int name="no" value="4"/><int name="zM" value="0"/></imgdir><imgdir name="79"><int name="x" value="-540"/><int name="y" value="300"/><string name="u" value="enH0"/><int name="no" value="0"/><int name="zM" value="0"/></imgdir><imgdir name="75"><int name="x" value="-540"/><int name="y" value="360"/><string name="u" value="bsc"/><int name="no" value="1"/><int name="zM" value="0"/></imgdir><imgdir name="76"><int name="x" value="-540"/><int name="y" value="480"/><string name="u" value="enH1"/><int name="no" value="0"/><int name="zM" value="0"/></imgdir><imgdir name="80"><int name="x" value="-450"/><int name="y" value="0"/><string name="u" value="edU"/><int name="no" value="0"/><int name="zM" value="7"/></imgdir><imgdir name="81"><int name="x" value="-450"/><int name="y" value="0"/><string name="u" value="edD"/><int name="no" value="0"/><int name="zM" value="7"/></imgdir><imgdir name="84"><int name="x" value="-630"/><int name="y" value="300"/><string name="u" value="enH0"/><int name="no" value="2"/><int name="zM" value="0"/></imgdir><imgdir name="83"><int name="x" value="-720"/><int name="y" value="300"/><string name="u" value="enH0"/><int name="no" value="2"/><int name="zM" value="0"/></imgdir><imgdir name="82"><int name="x" value="-720"/><int name="y" value="300"/><string name="u" value="bsc"/><int name="no" value="4"/><int name="zM" value="0"/></imgdir><imgdir name="89"><int name="x" value="-720"/><int name="y" value="360"/><string name="u" value="bsc"/><int name="no" value="2"/><int name="zM" value="0"/></imgdir><imgdir name="85"><int name="x" value="-630"/><int name="y" value="300"/><string name="u" value="bsc"/><int name="no" value="0"/><int name="zM" value="0"/></imgdir><imgdir name="86"><int name="x" value="-630"/><int name="y" value="420"/><string name="u" value="bsc"/><int name="no" value="2"/><int name="zM" value="0"/></imgdir><imgdir name="95"><int name="x" value="-720"/><int name="y" value="480"/><string name="u" value="enH1"/><int name="no" value="0"/><int name="zM" value="0"/></imgdir><imgdir name="96"><int name="x" value="-720"/><int name="y" value="420"/><string name="u" value="bsc"/><int name="no" value="1"/><int name="zM" value="0"/></imgdir><imgdir name="87"><int name="x" value="-630"/><int name="y" value="360"/><string name="u" value="bsc"/><int name="no" value="1"/><int name="zM" value="0"/></imgdir><imgdir name="93"><int name="x" value="-630"/><int name="y" value="480"/><string name="u" value="enH1"/><int name="no" value="1"/><int name="zM" value="0"/></imgdir><imgdir name="99"><int name="x" value="-900"/><int name="y" value="300"/><string name="u" value="edU"/><int name="no" value="0"/><int name="zM" value="0"/></imgdir><imgdir name="101"><int name="x" value="-900"/><int name="y" value="300"/><string name="u" value="enH0"/><int name="no" value="2"/><int name="zM" value="0"/></imgdir><imgdir name="98"><int name="x" value="-810"/><int name="y" value="300"/><string name="u" value="enH0"/><int name="no" value="0"/><int name="zM" value="0"/></imgdir><imgdir name="103"><int name="x" value="-810"/><int name="y" value="420"/><string name="u" value="bsc"/><int name="no" value="0"/><int name="zM" value="0"/></imgdir><imgdir name="91"><int name="x" value="-810"/><int name="y" value="480"/><string name="u" value="enH1"/><int name="no" value="2"/><int name="zM" value="0"/></imgdir><imgdir name="97"><int name="x" value="-810"/><int name="y" value="300"/><string name="u" value="bsc"/><int name="no" value="4"/><int name="zM" value="0"/></imgdir><imgdir name="105"><int name="x" value="-810"/><int name="y" value="360"/><string name="u" value="bsc"/><int name="no" value="1"/><int name="zM" value="0"/></imgdir><imgdir name="106"><int name="x" value="-900"/><int name="y" value="300"/><string name="u" value="enV0"/><int name="no" value="0"/><int name="zM" value="0"/></imgdir><imgdir name="88"><int name="x" value="-900"/><int name="y" value="300"/><string name="u" value="bsc"/><int name="no" value="1"/><int name="zM" value="0"/></imgdir><imgdir name="94"><int name="x" value="-900"/><int name="y" value="360"/><string name="u" value="enV0"/><int name="no" value="2"/><int name="zM" value="0"/></imgdir><imgdir name="100"><int name="x" value="-900"/><int name="y" value="360"/><string name="u" value="bsc"/><int name="no" value="2"/><int name="zM" value="0"/></imgdir><imgdir name="90"><int name="x" value="-900"/><int name="y" value="480"/><string name="u" value="enH1"/><int name="no" value="1"/><int name="zM" value="0"/></imgdir><imgdir name="102"><int name="x" value="-900"/><int name="y" value="420"/><string name="u" value="bsc"/><int name="no" value="0"/><int name="zM" value="0"/></imgdir><imgdir name="104"><int name="x" value="-900"/><int name="y" value="480"/><string name="u" value="edD"/><int name="no" value="0"/><int name="zM" value="0"/></imgdir><imgdir name="92"><int name="x" value="-900"/><int name="y" value="420"/><string name="u" value="enV0"/><int name="no" value="0"/><int name="zM" value="0"/></imgdir><imgdir name="109"><int name="x" value="630"/><int name="y" value="300"/><string name="u" value="edU"/><int name="no" value="0"/><int name="zM" value="0"/></imgdir><imgdir name="108"><int name="x" value="540"/><int name="y" value="300"/><string name="u" value="enH0"/><int name="no" value="1"/><int name="zM" value="0"/></imgdir><imgdir name="110"><int name="x" value="630"/><int name="y" value="300"/><string name="u" value="enV1"/><int name="no" value="0"/><int name="zM" value="0"/></imgdir><imgdir name="113"><int name="x" value="630"/><int name="y" value="360"/><string name="u" value="enV1"/><int name="no" value="2"/><int name="zM" value="0"/></imgdir><imgdir name="107"><int name="x" value="540"/><int name="y" value="300"/><string name="u" value="bsc"/><int name="no" value="1"/><int name="zM" value="0"/></imgdir><imgdir name="111"><int name="x" value="540"/><int name="y" value="360"/><string name="u" value="bsc"/><int name="no" value="1"/><int name="zM" value="0"/></imgdir><imgdir name="114"><int name="x" value="630"/><int name="y" value="420"/><string name="u" value="enV1"/><int name="no" value="0"/><int name="zM" value="0"/></imgdir><imgdir name="112"><int name="x" value="540"/><int name="y" value="420"/><string name="u" value="bsc"/><int name="no" value="4"/><int name="zM" value="0"/></imgdir><imgdir name="115"><int name="x" value="630"/><int name="y" value="480"/><string name="u" value="edD"/><int name="no" value="0"/><int name="zM" value="0"/></imgdir><imgdir name="116"><int name="x" value="540"/><int name="y" value="480"/><string name="u" value="enH1"/><int name="no" value="2"/><int name="zM" value="0"/></imgdir></imgdir><imgdir name="obj"><imgdir name="2"><string name="oS" value="acc1"/><string name="l0" value="grassySoil"/><string name="l1" value="nature"/><string name="l2" value="22"/><int name="x" value="-290"/><int name="y" value="242"/><int name="z" value="9"/><int name="f" value="0"/><int name="zM" value="0"/></imgdir><imgdir name="4"><string name="oS" value="acc1"/><string name="l0" value="grassySoil"/><string name="l1" value="nature"/><string name="l2" value="24"/><int name="x" value="-314"/><int name="y" value="238"/><int name="z" value="9"/><int name="f" value="0"/><int name="zM" value="0"/></imgdir><imgdir name="5"><string name="oS" value="acc1"/><string name="l0" value="grassySoil"/><string name="l1" value="nature"/><string name="l2" value="23"/><int name="x" value="-443"/><int name="y" value="229"/><int name="z" value="8"/><int name="f" value="0"/><int name="zM" value="0"/></imgdir><imgdir name="6"><string name="oS" value="acc1"/><string name="l0" value="grassySoil"/><string name="l1" value="nature"/><string name="l2" value="22"/><int name="x" value="-449"/><int name="y" value="240"/><int name="z" value="9"/><int name="f" value="0"/><int name="zM" value="0"/></imgdir><imgdir name="7"><string name="oS" value="acc1"/><string name="l0" value="grassySoil"/><string name="l1" value="nature"/><string name="l2" value="24"/><int name="x" value="-406"/><int name="y" value="230"/><int name="z" value="9"/><int name="f" value="0"/><int name="zM" value="0"/></imgdir><imgdir name="8"><string name="oS" value="acc1"/><string name="l0" value="grassySoil"/><string name="l1" value="nature"/><string name="l2" value="22"/><int name="x" value="-432"/><int name="y" value="242"/><int name="z" value="9"/><int name="f" value="0"/><int name="zM" value="0"/></imgdir><imgdir name="9"><string name="oS" value="acc1"/><string name="l0" value="grassySoil"/><string name="l1" value="nature"/><string name="l2" value="0"/><int name="x" value="303"/><int name="y" value="254"/><int name="z" value="9"/><int name="f" value="0"/><int name="zM" value="0"/></imgdir><imgdir name="10"><string name="oS" value="acc1"/><string name="l0" value="grassySoil"/><string name="l1" value="nature"/><string name="l2" value="1"/><int name="x" value="235"/><int name="y" value="252"/><int name="z" value="8"/><int name="f" value="0"/><int name="zM" value="0"/></imgdir><imgdir name="11"><string name="oS" value="acc1"/><string name="l0" value="grassySoil"/><string name="l1" value="nature"/><string name="l2" value="2"/><int name="x" value="173"/><int name="y" value="257"/><int name="z" value="9"/><int name="f" value="0"/><int name="zM" value="0"/></imgdir><imgdir name="13"><string name="oS" value="acc1"/><string name="l0" value="grassySoil"/><string name="l1" value="nature"/><string name="l2" value="9"/><int name="x" value="52"/><int name="y" value="240"/><int name="z" value="9"/><int name="f" value="0"/><int name="zM" value="0"/></imgdir><imgdir name="14"><string name="oS" value="acc1"/><string name="l0" value="grassySoil"/><string name="l1" value="nature"/><string name="l2" value="9"/><int name="x" value="-242"/><int name="y" value="242"/><int name="z" value="9"/><int name="f" value="0"/><int name="zM" value="0"/></imgdir><imgdir name="12"><string name="oS" value="acc1"/><string name="l0" value="midForest"/><string name="l1" value="artificiality"/><string name="l2" value="8"/><int name="x" value="-112"/><int name="y" value="261"/><int name="z" value="9"/><int name="f" value="0"/><int name="zM" value="0"/></imgdir><imgdir name="3"><string name="oS" value="acc1"/><string name="l0" value="grassySoil"/><string name="l1" value="nature"/><string name="l2" value="1"/><int name="x" value="186"/><int name="y" value="255"/><int name="z" value="8"/><int name="f" value="0"/><int name="zM" value="0"/></imgdir><imgdir name="16"><string name="oS" value="acc1"/><string name="l0" value="grassySoil"/><string name="l1" value="nature"/><string name="l2" value="10"/><int name="x" value="-326"/><int name="y" value="-54"/><int name="z" value="9"/><int name="f" value="0"/><int name="zM" value="7"/><int name="piece" value="16"/></imgdir><imgdir name="0"><string name="oS" value="acc1"/><string name="l0" value="grassySoil_new"/><string name="l1" value="nature"/><string name="l2" value="0"/><int name="x" value="-376"/><int name="y" value="-186"/><int name="z" value="9"/><int name="f" value="0"/><int name="zM" value="0"/><int name="r" value="0"/><int name="move" value="0"/><int name="dynamic" value="0"/><int name="piece" value="0"/></imgdir><imgdir name="15"><string name="oS" value="acc1"/><string name="l0" value="grassySoil"/><string name="l1" value="artificiality"/><string name="l2" value="34"/><int name="x" value="-362"/><int name="y" value="203"/><int name="z" value="8"/><int name="f" value="0"/><int name="zM" value="0"/><int name="piece" value="15"/></imgdir><imgdir name="1"><string name="oS" value="acc1"/><string name="l0" value="grassySoil_new"/><string name="l1" value="nature"/><string name="l2" value="2"/><int name="x" value="280"/><int name="y" value="64"/><int name="z" value="1"/><int name="f" value="0"/><int name="zM" value="0"/><int name="r" value="0"/><int name="move" value="0"/><int name="dynamic" value="0"/><int name="piece" value="1"/></imgdir><imgdir name="17"><string name="oS" value="acc1"/><string name="l0" value="grassySoil_new"/><string name="l1" value="nature"/><string name="l2" value="4"/><int name="x" value="-474"/><int name="y" value="196"/><int name="z" value="7"/><int name="f" value="0"/><int name="zM" value="0"/><int name="r" value="0"/><int name="move" value="0"/><int name="dynamic" value="0"/><int name="piece" value="17"/></imgdir></imgdir></imgdir><imgdir name="2"><imgdir name="info"></imgdir><imgdir name="tile"></imgdir><imgdir name="obj"><imgdir name="0"><string name="oS" value="acc1"/><string name="l0" value="midForest"/><string name="l1" value="artificiality"/><string name="l2" value="7"/><int name="x" value="-81"/><int name="y" value="287"/><int name="z" value="9"/><int name="f" value="0"/><int name="zM" value="1"/></imgdir></imgdir></imgdir><imgdir name="3"><imgdir name="info"></imgdir><imgdir name="tile"></imgdir><imgdir name="obj"></imgdir></imgdir><imgdir name="4"><imgdir name="info"></imgdir><imgdir name="tile"></imgdir><imgdir name="obj"></imgdir></imgdir><imgdir name="5"><imgdir name="info"></imgdir><imgdir name="tile"></imgdir><imgdir name="obj"></imgdir></imgdir><imgdir name="6"><imgdir name="info"></imgdir><imgdir name="tile"></imgdir><imgdir name="obj"></imgdir></imgdir><imgdir name="7"><imgdir name="info"></imgdir><imgdir name="tile"></imgdir><imgdir name="obj"></imgdir></imgdir><imgdir name="reactor"></imgdir><imgdir name="info"><int name="version" value="10"/><int name="cloud" value="0"/><int name="town" value="0"/><float name="mobRate" value="1.0"/><string name="bgm" value="Bgm00/FloralLife"/><int name="returnMap" value="910010300"/><string name="mapDesc" value=""/><int name="forcedReturn" value="910010300"/><int name="hideMinimap" value="0"/><int name="moveLimit" value="0"/><string name="mapMark" value="Quest"/><int name="swim" value="0"/><int name="fieldLimit" value="270952"/><int name="fly" value="0"/><int name="standAlone" value="0"/><int name="partyStandAlone" value="0"/><int name="noMapCmd" value="0"/><int name="VRTop" value="-385"/><int name="VRLeft" value="-929"/><int name="VRBottom" value="465"/><int name="VRRight" value="659"/><string name="fieldScript" value=""/><string name="onFirstUserEnter" value=""/><string name="onUserEnter" value=""/></imgdir><imgdir name="foothold"><imgdir name="1"><imgdir name="0"><imgdir name="1"><int name="x1" value="-270"/><int name="y1" value="275"/><int name="x2" value="-180"/><int name="y2" value="275"/><int name="prev" value="4"/><int name="next" value="2"/><int name="piece" value="-1"/></imgdir><imgdir name="2"><int name="x1" value="-180"/><int name="y1" value="275"/><int name="x2" value="-90"/><int name="y2" value="275"/><int name="prev" value="1"/><int name="next" value="6"/><int name="piece" value="-1"/></imgdir><imgdir name="3"><int name="x1" value="-450"/><int name="y1" value="275"/><int name="x2" value="-360"/><int name="y2" value="275"/><int name="prev" value="12"/><int name="next" value="4"/><int name="piece" value="-1"/></imgdir><imgdir name="4"><int name="x1" value="-360"/><int name="y1" value="275"/><int name="x2" value="-270"/><int name="y2" value="275"/><int name="prev" value="3"/><int name="next" value="1"/><int name="piece" value="-1"/></imgdir><imgdir name="5"><int name="x1" value="270"/><int name="y1" value="275"/><int name="x2" value="360"/><int name="y2" value="275"/><int name="prev" value="9"/><int name="next" value="10"/><int name="piece" value="-1"/></imgdir><imgdir name="6"><int name="x1" value="-90"/><int name="y1" value="275"/><int name="x2" value="0"/><int name="y2" value="275"/><int name="prev" value="2"/><int name="next" value="8"/><int name="piece" value="-1"/></imgdir><imgdir name="7"><int name="x1" value="90"/><int name="y1" value="275"/><int name="x2" value="180"/><int name="y2" value="275"/><int name="prev" value="8"/><int name="next" value="9"/><int name="piece" value="-1"/></imgdir><imgdir name="8"><int name="x1" value="0"/><int name="y1" value="275"/><int name="x2" value="90"/><int name="y2" value="275"/><int name="prev" value="6"/><int name="next" value="7"/><int name="piece" value="-1"/></imgdir><imgdir name="9"><int name="x1" value="180"/><int name="y1" value="275"/><int name="x2" value="270"/><int name="y2" value="275"/><int name="prev" value="7"/><int name="next" value="5"/><int name="piece" value="-1"/></imgdir><imgdir name="10"><int name="x1" value="360"/><int name="y1" value="275"/><int name="x2" value="450"/><int name="y2" value="275"/><int name="prev" value="5"/><int name="next" value="11"/><int name="piece" value="-1"/></imgdir><imgdir name="11"><int name="x1" value="450"/><int name="y1" value="275"/><int name="x2" value="540"/><int name="y2" value="275"/><int name="prev" value="10"/><int name="next" value="22"/><int name="piece" value="-1"/></imgdir><imgdir name="12"><int name="x1" value="-540"/><int name="y1" value="275"/><int name="x2" value="-450"/><int name="y2" value="275"/><int name="prev" value="14"/><int name="next" value="3"/><int name="piece" value="-1"/></imgdir><imgdir name="13"><int name="x1" value="-720"/><int name="y1" value="275"/><int name="x2" value="-630"/><int name="y2" value="275"/><int name="prev" value="17"/><int name="next" value="14"/><int name="piece" value="-1"/></imgdir><imgdir name="14"><int name="x1" value="-630"/><int name="y1" value="275"/><int name="x2" value="-540"/><int name="y2" value="275"/><int name="prev" value="13"/><int name="next" value="12"/><int name="piece" value="-1"/></imgdir><imgdir name="15"><int name="x1" value="-939"/><int name="y1" value="480"/><int name="x2" value="-939"/><int name="y2" value="420"/><int name="prev" value="0"/><int name="next" value="16"/><int name="piece" value="-1"/></imgdir><imgdir name="16"><int name="x1" value="-939"/><int name="y1" value="420"/><int name="x2" value="-939"/><int name="y2" value="360"/><int name="prev" value="15"/><int name="next" value="21"/><int name="piece" value="-1"/></imgdir><imgdir name="17"><int name="x1" value="-810"/><int name="y1" value="275"/><int name="x2" value="-720"/><int name="y2" value="275"/><int name="prev" value="20"/><int name="next" value="13"/><int name="piece" value="-1"/></imgdir><imgdir name="18"><int name="x1" value="-939"/><int name="y1" value="300"/><int name="x2" value="-939"/><int name="y2" value="275"/><int name="prev" value="21"/><int name="next" value="19"/><int name="piece" value="-1"/></imgdir><imgdir name="19"><int name="x1" value="-939"/><int name="y1" value="275"/><int name="x2" value="-861"/><int name="y2" value="275"/><int name="prev" value="18"/><int name="next" value="20"/><int name="piece" value="-1"/></imgdir><imgdir name="20"><int name="x1" value="-861"/><int name="y1" value="275"/><int name="x2" value="-810"/><int name="y2" value="275"/><int name="prev" value="19"/><int name="next" value="17"/><int name="piece" value="-1"/></imgdir><imgdir name="21"><int name="x1" value="-939"/><int name="y1" value="360"/><int name="x2" value="-939"/><int name="y2" value="300"/><int name="prev" value="16"/><int name="next" value="18"/><int name="piece" value="-1"/></imgdir><imgdir name="22"><int name="x1" value="540"/><int name="y1" value="275"/><int name="x2" value="591"/><int name="y2" value="275"/><int name="prev" value="11"/><int name="next" value="23"/><int name="piece" value="-1"/></imgdir><imgdir name="23"><int name="x1" value="591"/><int name="y1" value="275"/><int name="x2" value="630"/><int name="y2" value="275"/><int name="prev" value="22"/><int name="next" value="24"/><int name="piece" value="-1"/></imgdir><imgdir name="24"><int name="x1" value="630"/><int name="y1" value="275"/><int name="x2" value="669"/><int name="y2" value="275"/><int name="prev" value="23"/><int name="next" value="25"/><int name="piece" value="-1"/></imgdir><imgdir name="25"><int name="x1" value="669"/><int name="y1" value="275"/><int name="x2" value="669"/><int name="y2" value="300"/><int name="prev" value="24"/><int name="next" value="26"/><int name="piece" value="-1"/></imgdir><imgdir name="26"><int name="x1" value="669"/><int name="y1" value="300"/><int name="x2" value="669"/><int name="y2" value="360"/><int name="prev" value="25"/><int name="next" value="27"/><int name="piece" value="-1"/></imgdir><imgdir name="27"><int name="x1" value="669"/><int name="y1" value="360"/><int name="x2" value="669"/><int name="y2" value="420"/><int name="prev" value="26"/><int name="next" value="28"/><int name="piece" value="-1"/></imgdir><imgdir name="28"><int name="x1" value="669"/><int name="y1" value="420"/><int name="x2" value="669"/><int name="y2" value="480"/><int name="prev" value="27"/><int name="next" value="0"/><int name="piece" value="-1"/></imgdir></imgdir><imgdir name="5"><imgdir name="29"><int name="x1" value="0"/><int name="y1" value="35"/><int name="x2" value="39"/><int name="y2" value="35"/><int name="prev" value="31"/><int name="next" value="32"/><int name="piece" value="-1"/></imgdir><imgdir name="30"><int name="x1" value="-39"/><int name="y1" value="60"/><int name="x2" value="-39"/><int name="y2" value="35"/><int name="prev" value="0"/><int name="next" value="31"/><int name="piece" value="-1"/></imgdir><imgdir name="31"><int name="x1" value="-39"/><int name="y1" value="35"/><int name="x2" value="0"/><int name="y2" value="35"/><int name="prev" value="30"/><int name="next" value="29"/><int name="piece" value="-1"/></imgdir><imgdir name="32"><int name="x1" value="39"/><int name="y1" value="35"/><int name="x2" value="51"/><int name="y2" value="35"/><int name="prev" value="29"/><int name="next" value="33"/><int name="piece" value="-1"/></imgdir><imgdir name="33"><int name="x1" value="51"/><int name="y1" value="35"/><int name="x2" value="90"/><int name="y2" value="35"/><int name="prev" value="32"/><int name="next" value="34"/><int name="piece" value="-1"/></imgdir><imgdir name="34"><int name="x1" value="90"/><int name="y1" value="35"/><int name="x2" value="129"/><int name="y2" value="35"/><int name="prev" value="33"/><int name="next" value="35"/><int name="piece" value="-1"/></imgdir><imgdir name="35"><int name="x1" value="129"/><int name="y1" value="35"/><int name="x2" value="129"/><int name="y2" value="60"/><int name="prev" value="34"/><int name="next" value="0"/><int name="piece" value="-1"/></imgdir></imgdir><imgdir name="7"><imgdir name="36"><int name="x1" value="-360"/><int name="y1" value="-25"/><int name="x2" value="-309"/><int name="y2" value="-25"/><int name="prev" value="43"/><int name="next" value="37"/><int name="piece" value="-1"/></imgdir><imgdir name="37"><int name="x1" value="-309"/><int name="y1" value="-25"/><int name="x2" value="-270"/><int name="y2" value="-25"/><int name="prev" value="36"/><int name="next" value="38"/><int name="piece" value="-1"/></imgdir><imgdir name="38"><int name="x1" value="-270"/><int name="y1" value="-25"/><int name="x2" value="-231"/><int name="y2" value="-25"/><int name="prev" value="37"/><int name="next" value="39"/><int name="piece" value="-1"/></imgdir><imgdir name="39"><int name="x1" value="-231"/><int name="y1" value="-25"/><int name="x2" value="-231"/><int name="y2" value="0"/><int name="prev" value="38"/><int name="next" value="0"/><int name="piece" value="-1"/></imgdir><imgdir name="40"><int name="x1" value="-450"/><int name="y1" value="-25"/><int name="x2" value="-411"/><int name="y2" value="-25"/><int name="prev" value="42"/><int name="next" value="43"/><int name="piece" value="-1"/></imgdir><imgdir name="41"><int name="x1" value="-489"/><int name="y1" value="0"/><int name="x2" value="-489"/><int name="y2" value="-25"/><int name="prev" value="0"/><int name="next" value="42"/><int name="piece" value="-1"/></imgdir><imgdir name="42"><int name="x1" value="-489"/><int name="y1" value="-25"/><int name="x2" value="-450"/><int name="y2" value="-25"/><int name="prev" value="41"/><int name="next" value="40"/><int name="piece" value="-1"/></imgdir><imgdir name="43"><int name="x1" value="-411"/><int name="y1" value="-25"/><int name="x2" value="-360"/><int name="y2" value="-25"/><int name="prev" value="40"/><int name="next" value="36"/><int name="piece" value="-1"/></imgdir></imgdir><imgdir name="6"><imgdir name="44"><int name="x1" value="-219"/><int name="y1" value="60"/><int name="x2" value="-219"/><int name="y2" value="35"/><int name="prev" value="0"/><int name="next" value="45"/><int name="piece" value="-1"/></imgdir><imgdir name="45"><int name="x1" value="-219"/><int name="y1" value="35"/><int name="x2" value="-141"/><int name="y2" value="35"/><int name="prev" value="44"/><int name="next" value="46"/><int name="piece" value="-1"/></imgdir><imgdir name="46"><int name="x1" value="-141"/><int name="y1" value="35"/><int name="x2" value="-141"/><int name="y2" value="60"/><int name="prev" value="45"/><int name="next" value="0"/><int name="piece" value="-1"/></imgdir></imgdir><imgdir name="4"><imgdir name="47"><int name="x1" value="-129"/><int name="y1" value="120"/><int name="x2" value="-129"/><int name="y2" value="95"/><int name="prev" value="0"/><int name="next" value="48"/><int name="piece" value="-1"/></imgdir><imgdir name="48"><int name="x1" value="-129"/><int name="y1" value="95"/><int name="x2" value="-51"/><int name="y2" value="95"/><int name="prev" value="47"/><int name="next" value="49"/><int name="piece" value="-1"/></imgdir><imgdir name="49"><int name="x1" value="-51"/><int name="y1" value="95"/><int name="x2" value="-51"/><int name="y2" value="120"/><int name="prev" value="48"/><int name="next" value="0"/><int name="piece" value="-1"/></imgdir></imgdir><imgdir name="3"><imgdir name="50"><int name="x1" value="-39"/><int name="y1" value="180"/><int name="x2" value="-39"/><int name="y2" value="155"/><int name="prev" value="0"/><int name="next" value="51"/><int name="piece" value="-1"/></imgdir><imgdir name="51"><int name="x1" value="-39"/><int name="y1" value="155"/><int name="x2" value="39"/><int name="y2" value="155"/><int name="prev" value="50"/><int name="next" value="52"/><int name="piece" value="-1"/></imgdir><imgdir name="52"><int name="x1" value="39"/><int name="y1" value="155"/><int name="x2" value="39"/><int name="y2" value="180"/><int name="prev" value="51"/><int name="next" value="0"/><int name="piece" value="-1"/></imgdir></imgdir><imgdir name="2"><imgdir name="53"><int name="x1" value="51"/><int name="y1" value="240"/><int name="x2" value="51"/><int name="y2" value="215"/><int name="prev" value="0"/><int name="next" value="54"/><int name="piece" value="-1"/></imgdir><imgdir name="54"><int name="x1" value="51"/><int name="y1" value="215"/><int name="x2" value="129"/><int name="y2" value="215"/><int name="prev" value="53"/><int name="next" value="55"/><int name="piece" value="-1"/></imgdir><imgdir name="55"><int name="x1" value="129"/><int name="y1" value="215"/><int name="x2" value="129"/><int name="y2" value="240"/><int name="prev" value="54"/><int name="next" value="0"/><int name="piece" value="-1"/></imgdir></imgdir></imgdir></imgdir><imgdir name="ladderRope"></imgdir><imgdir name="miniMap"><canvas name="canvas" width="105" height="65"><string name="_hash" value="118194a7c90178bf598958bc4f69e2ae8afead43c91ad748d23ce8531b6a53a4"/></canvas><int name="width" value="1689"/><int name="height" value="1046"/><int name="centerX" value="981"/><int name="centerY" value="491"/><int name="mag" value="4"/></imgdir><imgdir name="portal"><imgdir name="0"><string name="pn" value="sp"/><int name="pt" value="0"/><int name="x" value="-335"/><int name="y" value="-138"/><int name="tm" value="999999999"/><string name="tn" value=""/></imgdir><imgdir name="1"><string name="pn" value="st00"/><int name="pt" value="1"/><int name="x" value="-371"/><int name="y" value="-35"/><int name="tm" value="999999999"/><string name="tn" value=""/></imgdir></imgdir></imgdir>