<?xml version="1.0" encoding="UTF-8" standalone="yes"?><imgdir name="910010001.img"><imgdir name="info"><int name="version" value="10"/><int name="cloud" value="0"/><int name="town" value="0"/><int name="swim" value="0"/><int name="returnMap" value="910010500"/><int name="forcedReturn" value="910010500"/><float name="mobRate" value="1.0"/><string name="bgm" value="Bgm11/DarkMountain"/><string name="mapMark" value="Quest"/><int name="hideMinimap" value="0"/><int name="fieldLimit" value="336508"/><string name="link" value="910010000"/><string name="onFirstUserEnter" value="moonrabbit_mapEnter"/><int name="partyOnly" value="1"/><int name="fly" value="0"/><int name="noMapCmd" value="0"/><string name="onUserEnter" value="moonrabbit_takeawayitem"/><string name="fieldScript" value="moonRabbit"/></imgdir></imgdir>