<?xml version="1.0" encoding="UTF-8" standalone="yes"?><imgdir name="910090100.img"><imgdir name="info"><int name="version" value="10"/><int name="cloud" value="0"/><string name="mapDesc" value=""/><int name="town" value="0"/><int name="returnMap" value="100000000"/><float name="mobRate" value="1.2"/><string name="bgm" value="Bgm00/FloralLife"/><int name="hideMinimap" value="1"/><int name="forcedReturn" value="999999999"/><int name="moveLimit" value="0"/><string name="mapMark" value="Henesys"/><int name="fieldLimit" value="271096"/><int name="swim" value="0"/><int name="fly" value="0"/><int name="noMapCmd" value="0"/><string name="onFirstUserEnter" value=""/><string name="onUserEnter" value="chasing_jewel"/><int name="standAlone" value="1"/><int name="partyStandAlone" value="0"/><int name="noChair" value="1"/><string name="fieldScript" value=""/></imgdir><imgdir name="back"><imgdir name="0"><int name="no" value="0"/><int name="x" value="-48"/><int name="y" value="-109"/><int name="rx" value="0"/><int name="ry" value="0"/><int name="type" value="1"/><int name="cx" value="0"/><int name="cy" value="0"/><string name="bS" value="grassySoil_new"/><int name="a" value="255"/><int name="front" value="0"/><int name="ani" value="0"/><int name="f" value="0"/></imgdir><imgdir name="1"><string name="bS" value="grassySoil_new"/><int name="front" value="0"/><int name="ani" value="0"/><int name="no" value="3"/><int name="f" value="0"/><int name="x" value="-255"/><int name="y" value="-111"/><int name="rx" value="-1"/><int name="ry" value="-2"/><int name="type" value="4"/><int name="cx" value="0"/><int name="cy" value="0"/><int name="a" value="255"/></imgdir><imgdir name="2"><string name="bS" value="grassySoil_new"/><int name="front" value="0"/><int name="ani" value="0"/><int name="no" value="5"/><int name="f" value="0"/><int name="x" value="-12"/><int name="y" value="-56"/><int name="rx" value="-5"/><int name="ry" value="-5"/><int name="type" value="1"/><int name="cx" value="0"/><int name="cy" value="0"/><int name="a" value="255"/></imgdir><imgdir name="3"><string name="bS" value="grassySoil_new"/><int name="front" value="0"/><int name="ani" value="0"/><int name="no" value="6"/><int name="f" value="0"/><int name="x" value="-64"/><int name="y" value="-48"/><int name="rx" value="-10"/><int name="ry" value="-12"/><int name="type" value="1"/><int name="cx" value="0"/><int name="cy" value="0"/><int name="a" value="255"/></imgdir><imgdir name="4"><string name="bS" value="grassySoil_new"/><int name="front" value="0"/><int name="ani" value="0"/><int name="no" value="7"/><int name="f" value="0"/><int name="x" value="-288"/><int name="y" value="76"/><int name="rx" value="-10"/><int name="ry" value="-12"/><int name="type" value="1"/><int name="cx" value="0"/><int name="cy" value="0"/><int name="a" value="255"/></imgdir><imgdir name="5"><string name="bS" value="grassySoil_new"/><int name="front" value="0"/><int name="ani" value="0"/><int name="no" value="7"/><int name="f" value="0"/><int name="x" value="0"/><int name="y" value="87"/><int name="rx" value="-10"/><int name="ry" value="-12"/><int name="type" value="1"/><int name="cx" value="0"/><int name="cy" value="0"/><int name="a" value="255"/></imgdir><imgdir name="6"><string name="bS" value="grassySoil_new"/><int name="front" value="0"/><int name="ani" value="0"/><int name="no" value="8"/><int name="f" value="0"/><int name="x" value="-68"/><int name="y" value="-69"/><int name="rx" value="-2"/><int name="ry" value="-10"/><int name="type" value="4"/><int name="cx" value="0"/><int name="cy" value="0"/><int name="a" value="255"/></imgdir><imgdir name="7"><string name="bS" value="grassySoil_new"/><int name="front" value="0"/><int name="ani" value="0"/><int name="no" value="9"/><int name="f" value="0"/><int name="x" value="-341"/><int name="y" value="12"/><int name="rx" value="-12"/><int name="ry" value="-15"/><int name="type" value="1"/><int name="cx" value="1200"/><int name="cy" value="0"/><int name="a" value="255"/></imgdir><imgdir name="8"><string name="bS" value="grassySoil_new"/><int name="front" value="0"/><int name="ani" value="0"/><int name="no" value="10"/><int name="f" value="0"/><int name="x" value="130"/><int name="y" value="-56"/><int name="rx" value="-12"/><int name="ry" value="-15"/><int name="type" value="1"/><int name="cx" value="1200"/><int name="cy" value="0"/><int name="a" value="255"/></imgdir><imgdir name="9"><string name="bS" value="grassySoil_new"/><int name="front" value="0"/><int name="ani" value="0"/><int name="no" value="12"/><int name="f" value="0"/><int name="x" value="-21"/><int name="y" value="260"/><int name="rx" value="-15"/><int name="ry" value="-15"/><int name="type" value="1"/><int name="cx" value="0"/><int name="cy" value="0"/><int name="a" value="255"/></imgdir><imgdir name="10"><string name="bS" value="grassySoil_new"/><int name="front" value="0"/><int name="ani" value="0"/><int name="no" value="15"/><int name="f" value="0"/><int name="x" value="-654"/><int name="y" value="201"/><int name="rx" value="-15"/><int name="ry" value="-15"/><int name="type" value="1"/><int name="cx" value="2000"/><int name="cy" value="0"/><int name="a" value="255"/></imgdir><imgdir name="11"><string name="bS" value="grassySoil_new"/><int name="front" value="0"/><int name="ani" value="0"/><int name="no" value="16"/><int name="f" value="0"/><int name="x" value="14"/><int name="y" value="133"/><int name="rx" value="-15"/><int name="ry" value="-15"/><int name="type" value="1"/><int name="cx" value="2000"/><int name="cy" value="0"/><int name="a" value="255"/></imgdir><imgdir name="12"><string name="bS" value="grassySoil_new"/><int name="front" value="0"/><int name="ani" value="0"/><int name="no" value="17"/><int name="f" value="0"/><int name="x" value="514"/><int name="y" value="99"/><int name="rx" value="-15"/><int name="ry" value="-15"/><int name="type" value="1"/><int name="cx" value="2000"/><int name="cy" value="0"/><int name="a" value="255"/></imgdir><imgdir name="13"><string name="bS" value="grassySoil_new"/><int name="front" value="0"/><int name="ani" value="0"/><int name="no" value="18"/><int name="f" value="0"/><int name="x" value="1014"/><int name="y" value="123"/><int name="rx" value="-15"/><int name="ry" value="-15"/><int name="type" value="1"/><int name="cx" value="2000"/><int name="cy" value="0"/><int name="a" value="255"/></imgdir></imgdir><imgdir name="life"><imgdir name="0"><string name="type" value="n"/><string name="id" value="1520006"/><int name="x" value="2773"/><int name="y" value="-39"/><int name="mobTime" value="0"/><int name="f" value="0"/><int name="hide" value="0"/><int name="fh" value="64"/><int name="cy" value="-25"/><int name="rx0" value="2723"/><int name="rx1" value="2823"/></imgdir><imgdir name="1"><string name="type" value="n"/><string name="id" value="1520007"/><int name="x" value="2690"/><int name="y" value="-40"/><int name="mobTime" value="0"/><int name="f" value="0"/><int name="hide" value="0"/><int name="fh" value="51"/><int name="cy" value="-25"/><int name="rx0" value="2640"/><int name="rx1" value="2740"/></imgdir></imgdir><imgdir name="0"><imgdir name="info"></imgdir><imgdir name="tile"></imgdir><imgdir name="obj"><imgdir name="35"><string name="oS" value="acc1"/><string name="l0" value="grassySoil"/><string name="l1" value="nature"/><string name="l2" value="21"/><int name="x" value="2183"/><int name="y" value="-114"/><int name="z" value="7"/><int name="f" value="0"/><int name="zM" value="1"/></imgdir><imgdir name="27"><string name="oS" value="acc1"/><string name="l0" value="grassySoil"/><string name="l1" value="nature"/><string name="l2" value="19"/><int name="x" value="3046"/><int name="y" value="-91"/><int name="z" value="7"/><int name="f" value="0"/><int name="zM" value="6"/></imgdir><imgdir name="11"><string name="oS" value="acc1"/><string name="l0" value="grassySoil"/><string name="l1" value="nature"/><string name="l2" value="20"/><int name="x" value="2787"/><int name="y" value="-117"/><int name="z" value="6"/><int name="f" value="0"/><int name="zM" value="5"/></imgdir><imgdir name="31"><string name="oS" value="acc1"/><string name="l0" value="grassySoil"/><string name="l1" value="nature"/><string name="l2" value="19"/><int name="x" value="2757"/><int name="y" value="-104"/><int name="z" value="7"/><int name="f" value="0"/><int name="zM" value="5"/></imgdir><imgdir name="29"><string name="oS" value="acc1"/><string name="l0" value="grassySoil"/><string name="l1" value="nature"/><string name="l2" value="5"/><int name="x" value="3014"/><int name="y" value="-64"/><int name="z" value="3"/><int name="f" value="0"/><int name="zM" value="6"/></imgdir><imgdir name="30"><string name="oS" value="acc1"/><string name="l0" value="grassySoil"/><string name="l1" value="nature"/><string name="l2" value="5"/><int name="x" value="2967"/><int name="y" value="-66"/><int name="z" value="1"/><int name="f" value="0"/><int name="zM" value="9"/></imgdir><imgdir name="33"><string name="oS" value="acc1"/><string name="l0" value="grassySoil"/><string name="l1" value="nature"/><string name="l2" value="6"/><int name="x" value="2994"/><int name="y" value="-58"/><int name="z" value="4"/><int name="f" value="0"/><int name="zM" value="9"/></imgdir><imgdir name="5"><string name="oS" value="acc1"/><string name="l0" value="grassySoil"/><string name="l1" value="nature"/><string name="l2" value="6"/><int name="x" value="2940"/><int name="y" value="-66"/><int name="z" value="3"/><int name="f" value="1"/><int name="zM" value="9"/></imgdir><imgdir name="32"><string name="oS" value="acc1"/><string name="l0" value="grassySoil"/><string name="l1" value="nature"/><string name="l2" value="6"/><int name="x" value="3045"/><int name="y" value="-53"/><int name="z" value="3"/><int name="f" value="0"/><int name="zM" value="6"/></imgdir><imgdir name="0"><string name="oS" value="acc1"/><string name="l0" value="grassySoil"/><string name="l1" value="nature"/><string name="l2" value="5"/><int name="x" value="2805"/><int name="y" value="-64"/><int name="z" value="5"/><int name="f" value="0"/><int name="zM" value="5"/></imgdir><imgdir name="17"><string name="oS" value="acc1"/><string name="l0" value="grassySoil"/><string name="l1" value="nature"/><string name="l2" value="6"/><int name="x" value="2778"/><int name="y" value="-57"/><int name="z" value="4"/><int name="f" value="0"/><int name="zM" value="5"/></imgdir><imgdir name="16"><string name="oS" value="acc1"/><string name="l0" value="grassySoil"/><string name="l1" value="nature"/><string name="l2" value="5"/><int name="x" value="2746"/><int name="y" value="-61"/><int name="z" value="1"/><int name="f" value="0"/><int name="zM" value="5"/></imgdir><imgdir name="18"><string name="oS" value="acc1"/><string name="l0" value="grassySoil"/><string name="l1" value="nature"/><string name="l2" value="6"/><int name="x" value="2700"/><int name="y" value="-55"/><int name="z" value="4"/><int name="f" value="0"/><int name="zM" value="5"/></imgdir><imgdir name="19"><string name="oS" value="acc1"/><string name="l0" value="grassySoil"/><string name="l1" value="nature"/><string name="l2" value="5"/><int name="x" value="2367"/><int name="y" value="-58"/><int name="z" value="2"/><int name="f" value="0"/><int name="zM" value="2"/></imgdir><imgdir name="20"><string name="oS" value="acc1"/><string name="l0" value="grassySoil"/><string name="l1" value="nature"/><string name="l2" value="6"/><int name="x" value="2410"/><int name="y" value="-58"/><int name="z" value="2"/><int name="f" value="0"/><int name="zM" value="2"/></imgdir><imgdir name="21"><string name="oS" value="acc1"/><string name="l0" value="grassySoil"/><string name="l1" value="nature"/><string name="l2" value="6"/><int name="x" value="2265"/><int name="y" value="-55"/><int name="z" value="2"/><int name="f" value="0"/><int name="zM" value="1"/></imgdir><imgdir name="26"><string name="oS" value="acc1"/><string name="l0" value="grassySoil"/><string name="l1" value="nature"/><string name="l2" value="6"/><int name="x" value="2160"/><int name="y" value="-53"/><int name="z" value="5"/><int name="f" value="0"/><int name="zM" value="1"/></imgdir><imgdir name="28"><string name="oS" value="acc1"/><string name="l0" value="grassySoil"/><string name="l1" value="nature"/><string name="l2" value="5"/><int name="x" value="1974"/><int name="y" value="-58"/><int name="z" value="3"/><int name="f" value="0"/><int name="zM" value="3"/></imgdir><imgdir name="40"><string name="oS" value="acc1"/><string name="l0" value="grassySoil"/><string name="l1" value="nature"/><string name="l2" value="0"/><int name="x" value="2044"/><int name="y" value="-317"/><int name="z" value="4"/><int name="f" value="0"/><int name="zM" value="16"/></imgdir><imgdir name="41"><string name="oS" value="acc1"/><string name="l0" value="grassySoil"/><string name="l1" value="nature"/><string name="l2" value="0"/><int name="x" value="2195"/><int name="y" value="-318"/><int name="z" value="4"/><int name="f" value="0"/><int name="zM" value="17"/></imgdir><imgdir name="42"><string name="oS" value="acc1"/><string name="l0" value="grassySoil"/><string name="l1" value="nature"/><string name="l2" value="20"/><int name="x" value="2079"/><int name="y" value="-775"/><int name="z" value="7"/><int name="f" value="0"/><int name="zM" value="30"/></imgdir><imgdir name="39"><string name="oS" value="acc1"/><string name="l0" value="grassySoil"/><string name="l1" value="nature"/><string name="l2" value="6"/><int name="x" value="2006"/><int name="y" value="-750"/><int name="z" value="3"/><int name="f" value="0"/><int name="zM" value="30"/></imgdir><imgdir name="36"><string name="oS" value="acc1"/><string name="l0" value="grassySoil"/><string name="l1" value="nature"/><string name="l2" value="5"/><int name="x" value="2021"/><int name="y" value="-758"/><int name="z" value="2"/><int name="f" value="0"/><int name="zM" value="30"/></imgdir><imgdir name="38"><string name="oS" value="acc1"/><string name="l0" value="grassySoil"/><string name="l1" value="nature"/><string name="l2" value="6"/><int name="x" value="2069"/><int name="y" value="-747"/><int name="z" value="4"/><int name="f" value="0"/><int name="zM" value="30"/></imgdir><imgdir name="8"><string name="oS" value="guide"/><string name="l0" value="midForest"/><string name="l1" value="danger"/><string name="l2" value="0"/><int name="x" value="1800"/><int name="y" value="-70"/><int name="z" value="9"/><int name="f" value="0"/><int name="zM" value="4"/><int name="r" value="0"/><int name="move" value="0"/><int name="dynamic" value="0"/><int name="piece" value="8"/></imgdir><imgdir name="1"><string name="oS" value="acc1"/><string name="l0" value="grassySoil"/><string name="l1" value="artificiality"/><string name="l2" value="26"/><int name="x" value="2860"/><int name="y" value="-71"/><int name="z" value="9"/><int name="f" value="0"/><int name="zM" value="5"/><int name="r" value="0"/><int name="piece" value="1"/></imgdir><imgdir name="3"><string name="oS" value="acc1"/><string name="l0" value="grassySoil_new"/><string name="l1" value="nature"/><string name="l2" value="1"/><int name="x" value="2584"/><int name="y" value="-1085"/><int name="z" value="9"/><int name="f" value="0"/><int name="zM" value="33"/><int name="r" value="0"/><int name="move" value="0"/><int name="dynamic" value="0"/><int name="piece" value="3"/></imgdir><imgdir name="2"><string name="oS" value="acc1"/><string name="l0" value="grassySoil"/><string name="l1" value="nature"/><string name="l2" value="6"/><int name="x" value="2044"/><int name="y" value="-750"/><int name="z" value="3"/><int name="f" value="0"/><int name="zM" value="30"/><int name="piece" value="2"/></imgdir><imgdir name="22"><string name="oS" value="acc1"/><string name="l0" value="grassySoil_new"/><string name="l1" value="nature"/><string name="l2" value="4"/><int name="x" value="2188"/><int name="y" value="-101"/><int name="z" value="9"/><int name="f" value="0"/><int name="zM" value="1"/><int name="r" value="0"/><int name="move" value="0"/><int name="dynamic" value="0"/><int name="piece" value="22"/></imgdir><imgdir name="9"><string name="oS" value="acc1"/><string name="l0" value="grassySoil_new"/><string name="l1" value="nature"/><string name="l2" value="4"/><int name="x" value="2568"/><int name="y" value="-104"/><int name="z" value="9"/><int name="f" value="0"/><int name="zM" value="7"/><int name="r" value="0"/><int name="move" value="0"/><int name="dynamic" value="0"/><int name="piece" value="9"/></imgdir><imgdir name="6"><string name="oS" value="acc1"/><string name="l0" value="grassySoil"/><string name="l1" value="artificiality"/><string name="l2" value="26"/><int name="x" value="2803"/><int name="y" value="-969"/><int name="z" value="9"/><int name="f" value="0"/><int name="zM" value="32"/><int name="r" value="0"/><int name="piece" value="6"/></imgdir><imgdir name="24"><string name="oS" value="acc1"/><string name="l0" value="grassySoil_new"/><string name="l1" value="nature"/><string name="l2" value="4"/><int name="x" value="2171"/><int name="y" value="-790"/><int name="z" value="9"/><int name="f" value="0"/><int name="zM" value="30"/><int name="r" value="0"/><int name="move" value="0"/><int name="dynamic" value="0"/><int name="piece" value="24"/></imgdir><imgdir name="23"><string name="oS" value="guide"/><string name="l0" value="milepost"/><string name="l1" value="henesis"/><string name="l2" value="6"/><int name="x" value="1877"/><int name="y" value="-89"/><int name="z" value="9"/><int name="f" value="0"/><int name="zM" value="8"/><int name="r" value="0"/><int name="move" value="0"/><int name="dynamic" value="0"/><int name="piece" value="23"/></imgdir><imgdir name="14"><string name="oS" value="guide"/><string name="l0" value="milepost"/><string name="l1" value="henesis"/><string name="l2" value="4"/><int name="x" value="1874"/><int name="y" value="-134"/><int name="z" value="2"/><int name="f" value="0"/><int name="zM" value="13"/><int name="r" value="0"/><int name="move" value="0"/><int name="dynamic" value="0"/><int name="piece" value="14"/></imgdir><imgdir name="12"><string name="oS" value="guide"/><string name="l0" value="milepost"/><string name="l1" value="henesis"/><string name="l2" value="2"/><int name="x" value="1869"/><int name="y" value="-183"/><int name="z" value="9"/><int name="f" value="0"/><int name="zM" value="13"/><int name="r" value="0"/><int name="move" value="0"/><int name="dynamic" value="0"/><int name="piece" value="12"/></imgdir><imgdir name="10"><string name="oS" value="guide"/><string name="l0" value="milepost"/><string name="l1" value="henesis"/><string name="l2" value="0"/><int name="x" value="1867"/><int name="y" value="-49"/><int name="z" value="9"/><int name="f" value="0"/><int name="zM" value="8"/><int name="r" value="0"/><int name="move" value="0"/><int name="dynamic" value="0"/><int name="piece" value="10"/></imgdir><imgdir name="13"><string name="oS" value="acc1"/><string name="l0" value="grassySoil_new"/><string name="l1" value="nature"/><string name="l2" value="0"/><int name="x" value="1704"/><int name="y" value="-181"/><int name="z" value="9"/><int name="f" value="0"/><int name="zM" value="4"/><int name="r" value="0"/><int name="move" value="0"/><int name="dynamic" value="0"/><int name="piece" value="13"/></imgdir><imgdir name="15"><string name="oS" value="acc1"/><string name="l0" value="grassySoil"/><string name="l1" value="nature"/><string name="l2" value="9"/><int name="x" value="2484"/><int name="y" value="-538"/><int name="z" value="3"/><int name="f" value="0"/><int name="zM" value="26"/><int name="piece" value="15"/></imgdir><imgdir name="25"><string name="oS" value="acc1"/><string name="l0" value="grassySoil"/><string name="l1" value="nature"/><string name="l2" value="9"/><int name="x" value="2590"/><int name="y" value="-538"/><int name="z" value="2"/><int name="f" value="0"/><int name="zM" value="27"/><int name="piece" value="25"/></imgdir><imgdir name="7"><string name="oS" value="acc1"/><string name="l0" value="grassySoil"/><string name="l1" value="nature"/><string name="l2" value="9"/><int name="x" value="2626"/><int name="y" value="-539"/><int name="z" value="3"/><int name="f" value="0"/><int name="zM" value="27"/><int name="piece" value="7"/></imgdir><imgdir name="34"><string name="oS" value="acc1"/><string name="l0" value="grassySoil"/><string name="l1" value="nature"/><string name="l2" value="9"/><int name="x" value="2841"/><int name="y" value="-537"/><int name="z" value="5"/><int name="f" value="0"/><int name="zM" value="24"/><int name="piece" value="34"/></imgdir><imgdir name="37"><string name="oS" value="acc1"/><string name="l0" value="grassySoil"/><string name="l1" value="nature"/><string name="l2" value="9"/><int name="x" value="2707"/><int name="y" value="-538"/><int name="z" value="4"/><int name="f" value="0"/><int name="zM" value="25"/><int name="piece" value="37"/></imgdir><imgdir name="4"><string name="oS" value="acc1"/><string name="l0" value="grassySoil"/><string name="l1" value="nature"/><string name="l2" value="6"/><int name="x" value="1994"/><int name="y" value="-745"/><int name="z" value="1"/><int name="f" value="1"/><int name="zM" value="30"/><int name="piece" value="4"/></imgdir></imgdir></imgdir><imgdir name="1"><imgdir name="info"><string name="tS" value="grassySoil"/></imgdir><imgdir name="tile"><imgdir name="1"><int name="x" value="2430"/><int name="y" value="-900"/><string name="u" value="enH1"/><int name="no" value="1"/><int name="zM" value="31"/></imgdir><imgdir name="0"><int name="x" value="2430"/><int name="y" value="-900"/><string name="u" value="enH0"/><int name="no" value="1"/><int name="zM" value="31"/></imgdir><imgdir name="4"><int name="x" value="2430"/><int name="y" value="-900"/><string name="u" value="edU"/><int name="no" value="0"/><int name="zM" value="31"/></imgdir><imgdir name="5"><int name="x" value="2430"/><int name="y" value="-900"/><string name="u" value="edD"/><int name="no" value="0"/><int name="zM" value="31"/></imgdir><imgdir name="8"><int name="x" value="2610"/><int name="y" value="-900"/><string name="u" value="enH1"/><int name="no" value="2"/><int name="zM" value="31"/></imgdir><imgdir name="9"><int name="x" value="2610"/><int name="y" value="-900"/><string name="u" value="enH0"/><int name="no" value="3"/><int name="zM" value="31"/></imgdir><imgdir name="2"><int name="x" value="2520"/><int name="y" value="-900"/><string name="u" value="enH1"/><int name="no" value="0"/><int name="zM" value="31"/></imgdir><imgdir name="3"><int name="x" value="2520"/><int name="y" value="-900"/><string name="u" value="enH0"/><int name="no" value="3"/><int name="zM" value="31"/></imgdir><imgdir name="6"><int name="x" value="2700"/><int name="y" value="-900"/><string name="u" value="enH1"/><int name="no" value="2"/><int name="zM" value="31"/></imgdir><imgdir name="7"><int name="x" value="2700"/><int name="y" value="-900"/><string name="u" value="enH0"/><int name="no" value="3"/><int name="zM" value="31"/></imgdir><imgdir name="10"><int name="x" value="2790"/><int name="y" value="-900"/><string name="u" value="enH1"/><int name="no" value="3"/><int name="zM" value="31"/></imgdir><imgdir name="11"><int name="x" value="2790"/><int name="y" value="-900"/><string name="u" value="enH0"/><int name="no" value="2"/><int name="zM" value="31"/></imgdir><imgdir name="13"><int name="x" value="2880"/><int name="y" value="-900"/><string name="u" value="enH0"/><int name="no" value="1"/><int name="zM" value="31"/></imgdir><imgdir name="12"><int name="x" value="2880"/><int name="y" value="-900"/><string name="u" value="enH1"/><int name="no" value="2"/><int name="zM" value="31"/></imgdir><imgdir name="14"><int name="x" value="2970"/><int name="y" value="-900"/><string name="u" value="edU"/><int name="no" value="1"/><int name="zM" value="31"/></imgdir><imgdir name="15"><int name="x" value="2970"/><int name="y" value="-900"/><string name="u" value="edD"/><int name="no" value="0"/><int name="zM" value="31"/></imgdir></imgdir><imgdir name="obj"></imgdir></imgdir><imgdir name="2"><imgdir name="info"><string name="tS" value="grassySoil"/></imgdir><imgdir name="tile"><imgdir name="6"><int name="x" value="2115"/><int name="y" value="-690"/><string name="u" value="enH0"/><int name="no" value="1"/><int name="zM" value="28"/></imgdir><imgdir name="7"><int name="x" value="2115"/><int name="y" value="-690"/><string name="u" value="enH1"/><int name="no" value="1"/><int name="zM" value="28"/></imgdir><imgdir name="2"><int name="x" value="2025"/><int name="y" value="-690"/><string name="u" value="enH1"/><int name="no" value="1"/><int name="zM" value="28"/></imgdir><imgdir name="3"><int name="x" value="2025"/><int name="y" value="-690"/><string name="u" value="enH0"/><int name="no" value="1"/><int name="zM" value="28"/></imgdir><imgdir name="8"><int name="x" value="1935"/><int name="y" value="-690"/><string name="u" value="edU"/><int name="no" value="0"/><int name="zM" value="28"/></imgdir><imgdir name="9"><int name="x" value="1935"/><int name="y" value="-690"/><string name="u" value="edD"/><int name="no" value="0"/><int name="zM" value="28"/></imgdir><imgdir name="0"><int name="x" value="1935"/><int name="y" value="-690"/><string name="u" value="enH1"/><int name="no" value="1"/><int name="zM" value="28"/></imgdir><imgdir name="1"><int name="x" value="1935"/><int name="y" value="-690"/><string name="u" value="enH0"/><int name="no" value="2"/><int name="zM" value="28"/></imgdir><imgdir name="16"><int name="x" value="2565"/><int name="y" value="-690"/><string name="u" value="edU"/><int name="no" value="0"/><int name="zM" value="28"/></imgdir><imgdir name="17"><int name="x" value="2565"/><int name="y" value="-690"/><string name="u" value="edD"/><int name="no" value="0"/><int name="zM" value="28"/></imgdir><imgdir name="14"><int name="x" value="2385"/><int name="y" value="-690"/><string name="u" value="enH1"/><int name="no" value="2"/><int name="zM" value="28"/></imgdir><imgdir name="15"><int name="x" value="2385"/><int name="y" value="-690"/><string name="u" value="enH0"/><int name="no" value="0"/><int name="zM" value="28"/></imgdir><imgdir name="12"><int name="x" value="2295"/><int name="y" value="-690"/><string name="u" value="enH1"/><int name="no" value="3"/><int name="zM" value="28"/></imgdir><imgdir name="13"><int name="x" value="2295"/><int name="y" value="-690"/><string name="u" value="enH0"/><int name="no" value="2"/><int name="zM" value="28"/></imgdir><imgdir name="4"><int name="x" value="2205"/><int name="y" value="-690"/><string name="u" value="enH1"/><int name="no" value="3"/><int name="zM" value="28"/></imgdir><imgdir name="5"><int name="x" value="2205"/><int name="y" value="-690"/><string name="u" value="enH0"/><int name="no" value="3"/><int name="zM" value="28"/></imgdir><imgdir name="10"><int name="x" value="2475"/><int name="y" value="-690"/><string name="u" value="enH1"/><int name="no" value="1"/><int name="zM" value="28"/></imgdir><imgdir name="11"><int name="x" value="2475"/><int name="y" value="-690"/><string name="u" value="enH0"/><int name="no" value="2"/><int name="zM" value="28"/></imgdir></imgdir><imgdir name="obj"><imgdir name="0"><string name="oS" value="connect"/><string name="l0" value="ladder"/><string name="l1" value="0"/><string name="l2" value="4"/><int name="x" value="2639"/><int name="y" value="-814"/><int name="z" value="3"/><int name="f" value="0"/><int name="zM" value="29"/></imgdir></imgdir></imgdir><imgdir name="3"><imgdir name="info"><string name="tS" value="grassySoil"/></imgdir><imgdir name="tile"><imgdir name="0"><int name="x" value="2250"/><int name="y" value="-480"/><string name="u" value="edU"/><int name="no" value="0"/><int name="zM" value="21"/></imgdir><imgdir name="1"><int name="x" value="2250"/><int name="y" value="-480"/><string name="u" value="edD"/><int name="no" value="0"/><int name="zM" value="21"/></imgdir><imgdir name="6"><int name="x" value="2340"/><int name="y" value="-480"/><string name="u" value="enH0"/><int name="no" value="3"/><int name="zM" value="21"/></imgdir><imgdir name="7"><int name="x" value="2340"/><int name="y" value="-480"/><string name="u" value="enH1"/><int name="no" value="0"/><int name="zM" value="21"/></imgdir><imgdir name="2"><int name="x" value="2250"/><int name="y" value="-480"/><string name="u" value="enH1"/><int name="no" value="0"/><int name="zM" value="21"/></imgdir><imgdir name="3"><int name="x" value="2250"/><int name="y" value="-480"/><string name="u" value="enH0"/><int name="no" value="2"/><int name="zM" value="21"/></imgdir><imgdir name="10"><int name="x" value="2520"/><int name="y" value="-480"/><string name="u" value="enH1"/><int name="no" value="1"/><int name="zM" value="21"/></imgdir><imgdir name="11"><int name="x" value="2520"/><int name="y" value="-480"/><string name="u" value="enH0"/><int name="no" value="3"/><int name="zM" value="21"/></imgdir><imgdir name="4"><int name="x" value="2430"/><int name="y" value="-480"/><string name="u" value="enH1"/><int name="no" value="2"/><int name="zM" value="21"/></imgdir><imgdir name="5"><int name="x" value="2430"/><int name="y" value="-480"/><string name="u" value="enH0"/><int name="no" value="2"/><int name="zM" value="21"/></imgdir><imgdir name="8"><int name="x" value="2610"/><int name="y" value="-480"/><string name="u" value="enH1"/><int name="no" value="2"/><int name="zM" value="21"/></imgdir><imgdir name="9"><int name="x" value="2610"/><int name="y" value="-480"/><string name="u" value="enH0"/><int name="no" value="3"/><int name="zM" value="21"/></imgdir><imgdir name="12"><int name="x" value="2700"/><int name="y" value="-480"/><string name="u" value="enH1"/><int name="no" value="3"/><int name="zM" value="21"/></imgdir><imgdir name="13"><int name="x" value="2700"/><int name="y" value="-480"/><string name="u" value="enH0"/><int name="no" value="3"/><int name="zM" value="21"/></imgdir><imgdir name="18"><int name="x" value="2970"/><int name="y" value="-480"/><string name="u" value="edU"/><int name="no" value="0"/><int name="zM" value="21"/></imgdir><imgdir name="19"><int name="x" value="2970"/><int name="y" value="-480"/><string name="u" value="edD"/><int name="no" value="0"/><int name="zM" value="21"/></imgdir><imgdir name="14"><int name="x" value="2790"/><int name="y" value="-480"/><string name="u" value="enH1"/><int name="no" value="1"/><int name="zM" value="21"/></imgdir><imgdir name="15"><int name="x" value="2790"/><int name="y" value="-480"/><string name="u" value="enH0"/><int name="no" value="2"/><int name="zM" value="21"/></imgdir><imgdir name="16"><int name="x" value="2880"/><int name="y" value="-480"/><string name="u" value="enH1"/><int name="no" value="1"/><int name="zM" value="21"/></imgdir><imgdir name="17"><int name="x" value="2880"/><int name="y" value="-480"/><string name="u" value="enH0"/><int name="no" value="2"/><int name="zM" value="21"/></imgdir></imgdir><imgdir name="obj"><imgdir name="0"><string name="oS" value="connect"/><string name="l0" value="ladder"/><string name="l1" value="0"/><string name="l2" value="4"/><int name="x" value="2173"/><int name="y" value="-598"/><int name="z" value="3"/><int name="f" value="0"/><int name="zM" value="22"/></imgdir></imgdir></imgdir><imgdir name="4"><imgdir name="info"><string name="tS" value="grassySoil"/></imgdir><imgdir name="tile"><imgdir name="4"><int name="x" value="2295"/><int name="y" value="-270"/><string name="u" value="enH0"/><int name="no" value="2"/><int name="zM" value="14"/></imgdir><imgdir name="5"><int name="x" value="2295"/><int name="y" value="-270"/><string name="u" value="enH1"/><int name="no" value="3"/><int name="zM" value="14"/></imgdir><imgdir name="8"><int name="x" value="2115"/><int name="y" value="-270"/><string name="u" value="enH1"/><int name="no" value="1"/><int name="zM" value="14"/></imgdir><imgdir name="9"><int name="x" value="2115"/><int name="y" value="-270"/><string name="u" value="enH0"/><int name="no" value="1"/><int name="zM" value="14"/></imgdir><imgdir name="6"><int name="x" value="2205"/><int name="y" value="-270"/><string name="u" value="enH1"/><int name="no" value="3"/><int name="zM" value="14"/></imgdir><imgdir name="7"><int name="x" value="2205"/><int name="y" value="-270"/><string name="u" value="enH0"/><int name="no" value="3"/><int name="zM" value="14"/></imgdir><imgdir name="0"><int name="x" value="2385"/><int name="y" value="-270"/><string name="u" value="enH1"/><int name="no" value="0"/><int name="zM" value="14"/></imgdir><imgdir name="1"><int name="x" value="2385"/><int name="y" value="-270"/><string name="u" value="enH0"/><int name="no" value="2"/><int name="zM" value="14"/></imgdir><imgdir name="3"><int name="x" value="2475"/><int name="y" value="-270"/><string name="u" value="enH0"/><int name="no" value="2"/><int name="zM" value="14"/></imgdir><imgdir name="2"><int name="x" value="2475"/><int name="y" value="-270"/><string name="u" value="enH1"/><int name="no" value="0"/><int name="zM" value="14"/></imgdir><imgdir name="11"><int name="x" value="2565"/><int name="y" value="-270"/><string name="u" value="edU"/><int name="no" value="1"/><int name="zM" value="14"/></imgdir><imgdir name="10"><int name="x" value="2565"/><int name="y" value="-270"/><string name="u" value="edD"/><int name="no" value="0"/><int name="zM" value="14"/></imgdir><imgdir name="12"><int name="x" value="2025"/><int name="y" value="-270"/><string name="u" value="edU"/><int name="no" value="1"/><int name="zM" value="14"/></imgdir><imgdir name="13"><int name="x" value="2025"/><int name="y" value="-270"/><string name="u" value="edD"/><int name="no" value="1"/><int name="zM" value="14"/></imgdir><imgdir name="14"><int name="x" value="2025"/><int name="y" value="-270"/><string name="u" value="enH0"/><int name="no" value="2"/><int name="zM" value="14"/></imgdir><imgdir name="15"><int name="x" value="2025"/><int name="y" value="-270"/><string name="u" value="enH1"/><int name="no" value="3"/><int name="zM" value="14"/></imgdir></imgdir><imgdir name="obj"><imgdir name="0"><string name="oS" value="connect"/><string name="l0" value="ladder"/><string name="l1" value="0"/><string name="l2" value="4"/><int name="x" value="2643"/><int name="y" value="-390"/><int name="z" value="2"/><int name="f" value="0"/><int name="zM" value="15"/></imgdir><imgdir name="4"><string name="oS" value="acc1"/><string name="l0" value="grassySoil"/><string name="l1" value="nature"/><string name="l2" value="0"/><int name="x" value="2320"/><int name="y" value="-316"/><int name="z" value="3"/><int name="f" value="0"/><int name="zM" value="14"/></imgdir><imgdir name="1"><string name="oS" value="acc1"/><string name="l0" value="grassySoil"/><string name="l1" value="nature"/><string name="l2" value="20"/><int name="x" value="2443"/><int name="y" value="-351"/><int name="z" value="7"/><int name="f" value="0"/><int name="zM" value="14"/></imgdir><imgdir name="2"><string name="oS" value="acc1"/><string name="l0" value="grassySoil"/><string name="l1" value="nature"/><string name="l2" value="6"/><int name="x" value="2433"/><int name="y" value="-324"/><int name="z" value="4"/><int name="f" value="0"/><int name="zM" value="14"/></imgdir><imgdir name="3"><string name="oS" value="acc1"/><string name="l0" value="grassySoil"/><string name="l1" value="nature"/><string name="l2" value="6"/><int name="x" value="2411"/><int name="y" value="-321"/><int name="z" value="3"/><int name="f" value="0"/><int name="zM" value="14"/></imgdir><imgdir name="5"><string name="oS" value="connect"/><string name="l0" value="ladder"/><string name="l1" value="0"/><string name="l2" value="0"/><int name="x" value="2282"/><int name="y" value="-508"/><int name="z" value="3"/><int name="f" value="0"/><int name="zM" value="23"/><int name="r" value="0"/><int name="move" value="0"/><int name="dynamic" value="0"/><int name="piece" value="5"/></imgdir><imgdir name="6"><string name="oS" value="connect"/><string name="l0" value="ladder"/><string name="l1" value="0"/><string name="l2" value="2"/><int name="x" value="2281"/><int name="y" value="-467"/><int name="z" value="1"/><int name="f" value="1"/><int name="zM" value="20"/><int name="r" value="0"/><int name="move" value="0"/><int name="dynamic" value="0"/><int name="piece" value="6"/></imgdir><imgdir name="7"><string name="oS" value="connect"/><string name="l0" value="ladder"/><string name="l1" value="0"/><string name="l2" value="1"/><int name="x" value="2281"/><int name="y" value="-415"/><int name="z" value="3"/><int name="f" value="1"/><int name="zM" value="19"/><int name="r" value="0"/><int name="move" value="0"/><int name="dynamic" value="0"/><int name="piece" value="7"/></imgdir><imgdir name="8"><string name="oS" value="connect"/><string name="l0" value="ladder"/><string name="l1" value="0"/><string name="l2" value="3"/><int name="x" value="2279"/><int name="y" value="-384"/><int name="z" value="3"/><int name="f" value="0"/><int name="zM" value="18"/><int name="r" value="0"/><int name="move" value="0"/><int name="dynamic" value="0"/><int name="piece" value="8"/></imgdir></imgdir></imgdir><imgdir name="5"><imgdir name="info"><string name="tS" value="grassySoil"/></imgdir><imgdir name="tile"><imgdir name="64"><int name="x" value="1890"/><int name="y" value="0"/><string name="u" value="enH0"/><int name="no" value="0"/><int name="zM" value="0"/></imgdir><imgdir name="52"><int name="x" value="2790"/><int name="y" value="120"/><string name="u" value="bsc"/><int name="no" value="0"/><int name="zM" value="0"/></imgdir><imgdir name="56"><int name="x" value="2610"/><int name="y" value="180"/><string name="u" value="enH1"/><int name="no" value="0"/><int name="zM" value="0"/></imgdir><imgdir name="51"><int name="x" value="1890"/><int name="y" value="180"/><string name="u" value="enH1"/><int name="no" value="0"/><int name="zM" value="0"/></imgdir><imgdir name="54"><int name="x" value="1800"/><int name="y" value="180"/><string name="u" value="enH1"/><int name="no" value="0"/><int name="zM" value="0"/></imgdir><imgdir name="14"><int name="x" value="1710"/><int name="y" value="120"/><string name="u" value="bsc"/><int name="no" value="4"/><int name="zM" value="0"/></imgdir><imgdir name="2"><int name="x" value="1620"/><int name="y" value="180"/><string name="u" value="enH1"/><int name="no" value="1"/><int name="zM" value="0"/></imgdir><imgdir name="19"><int name="x" value="1980"/><int name="y" value="180"/><string name="u" value="enH1"/><int name="no" value="1"/><int name="zM" value="0"/></imgdir><imgdir name="35"><int name="x" value="2160"/><int name="y" value="180"/><string name="u" value="enH1"/><int name="no" value="0"/><int name="zM" value="0"/></imgdir><imgdir name="23"><int name="x" value="1800"/><int name="y" value="120"/><string name="u" value="bsc"/><int name="no" value="0"/><int name="zM" value="0"/></imgdir><imgdir name="33"><int name="x" value="1620"/><int name="y" value="120"/><string name="u" value="bsc"/><int name="no" value="2"/><int name="zM" value="0"/></imgdir><imgdir name="42"><int name="x" value="2970"/><int name="y" value="60"/><string name="u" value="bsc"/><int name="no" value="0"/><int name="zM" value="0"/></imgdir><imgdir name="40"><int name="x" value="2610"/><int name="y" value="120"/><string name="u" value="bsc"/><int name="no" value="2"/><int name="zM" value="0"/></imgdir><imgdir name="7"><int name="x" value="2700"/><int name="y" value="180"/><string name="u" value="enH1"/><int name="no" value="0"/><int name="zM" value="0"/></imgdir><imgdir name="61"><int name="x" value="3060"/><int name="y" value="0"/><string name="u" value="bsc"/><int name="no" value="4"/><int name="zM" value="0"/></imgdir><imgdir name="50"><int name="x" value="2340"/><int name="y" value="120"/><string name="u" value="bsc"/><int name="no" value="1"/><int name="zM" value="0"/></imgdir><imgdir name="47"><int name="x" value="1980"/><int name="y" value="120"/><string name="u" value="bsc"/><int name="no" value="0"/><int name="zM" value="0"/></imgdir><imgdir name="58"><int name="x" value="2070"/><int name="y" value="180"/><string name="u" value="enH1"/><int name="no" value="0"/><int name="zM" value="0"/></imgdir><imgdir name="45"><int name="x" value="2790"/><int name="y" value="180"/><string name="u" value="enH1"/><int name="no" value="0"/><int name="zM" value="0"/></imgdir><imgdir name="55"><int name="x" value="3060"/><int name="y" value="120"/><string name="u" value="bsc"/><int name="no" value="1"/><int name="zM" value="0"/></imgdir><imgdir name="69"><int name="x" value="2340"/><int name="y" value="180"/><string name="u" value="enH1"/><int name="no" value="0"/><int name="zM" value="0"/></imgdir><imgdir name="67"><int name="x" value="2070"/><int name="y" value="0"/><string name="u" value="bsc"/><int name="no" value="0"/><int name="zM" value="0"/></imgdir><imgdir name="41"><int name="x" value="2520"/><int name="y" value="60"/><string name="u" value="bsc"/><int name="no" value="0"/><int name="zM" value="0"/></imgdir><imgdir name="10"><int name="x" value="3060"/><int name="y" value="60"/><string name="u" value="bsc"/><int name="no" value="1"/><int name="zM" value="0"/></imgdir><imgdir name="24"><int name="x" value="1890"/><int name="y" value="0"/><string name="u" value="bsc"/><int name="no" value="2"/><int name="zM" value="0"/></imgdir><imgdir name="37"><int name="x" value="3060"/><int name="y" value="180"/><string name="u" value="enH1"/><int name="no" value="0"/><int name="zM" value="0"/></imgdir><imgdir name="4"><int name="x" value="2430"/><int name="y" value="0"/><string name="u" value="bsc"/><int name="no" value="1"/><int name="zM" value="0"/></imgdir><imgdir name="17"><int name="x" value="2520"/><int name="y" value="0"/><string name="u" value="bsc"/><int name="no" value="3"/><int name="zM" value="0"/></imgdir><imgdir name="29"><int name="x" value="1980"/><int name="y" value="0"/><string name="u" value="enH0"/><int name="no" value="0"/><int name="zM" value="0"/></imgdir><imgdir name="38"><int name="x" value="1890"/><int name="y" value="60"/><string name="u" value="bsc"/><int name="no" value="0"/><int name="zM" value="0"/></imgdir><imgdir name="15"><int name="x" value="2970"/><int name="y" value="180"/><string name="u" value="enH1"/><int name="no" value="0"/><int name="zM" value="0"/></imgdir><imgdir name="1"><int name="x" value="1710"/><int name="y" value="0"/><string name="u" value="enH0"/><int name="no" value="1"/><int name="zM" value="0"/></imgdir><imgdir name="5"><int name="x" value="1980"/><int name="y" value="0"/><string name="u" value="bsc"/><int name="no" value="1"/><int name="zM" value="0"/></imgdir><imgdir name="25"><int name="x" value="2250"/><int name="y" value="120"/><string name="u" value="bsc"/><int name="no" value="4"/><int name="zM" value="0"/></imgdir><imgdir name="11"><int name="x" value="2700"/><int name="y" value="60"/><string name="u" value="bsc"/><int name="no" value="4"/><int name="zM" value="0"/></imgdir><imgdir name="20"><int name="x" value="1890"/><int name="y" value="120"/><string name="u" value="bsc"/><int name="no" value="4"/><int name="zM" value="0"/></imgdir><imgdir name="39"><int name="x" value="2880"/><int name="y" value="120"/><string name="u" value="bsc"/><int name="no" value="2"/><int name="zM" value="0"/></imgdir><imgdir name="32"><int name="x" value="2430"/><int name="y" value="180"/><string name="u" value="enH1"/><int name="no" value="0"/><int name="zM" value="0"/></imgdir><imgdir name="9"><int name="x" value="2970"/><int name="y" value="0"/><string name="u" value="bsc"/><int name="no" value="0"/><int name="zM" value="0"/></imgdir><imgdir name="62"><int name="x" value="2520"/><int name="y" value="120"/><string name="u" value="bsc"/><int name="no" value="0"/><int name="zM" value="0"/></imgdir><imgdir name="3"><int name="x" value="1800"/><int name="y" value="0"/><string name="u" value="bsc"/><int name="no" value="2"/><int name="zM" value="0"/></imgdir><imgdir name="31"><int name="x" value="1620"/><int name="y" value="0"/><string name="u" value="bsc"/><int name="no" value="2"/><int name="zM" value="0"/></imgdir><imgdir name="30"><int name="x" value="1710"/><int name="y" value="180"/><string name="u" value="enH1"/><int name="no" value="0"/><int name="zM" value="0"/></imgdir><imgdir name="70"><int name="x" value="2070"/><int name="y" value="60"/><string name="u" value="bsc"/><int name="no" value="4"/><int name="zM" value="0"/></imgdir><imgdir name="65"><int name="x" value="1800"/><int name="y" value="60"/><string name="u" value="bsc"/><int name="no" value="3"/><int name="zM" value="0"/></imgdir><imgdir name="22"><int name="x" value="1800"/><int name="y" value="0"/><string name="u" value="enH0"/><int name="no" value="0"/><int name="zM" value="0"/></imgdir><imgdir name="36"><int name="x" value="2430"/><int name="y" value="120"/><string name="u" value="bsc"/><int name="no" value="1"/><int name="zM" value="0"/></imgdir><imgdir name="13"><int name="x" value="1620"/><int name="y" value="60"/><string name="u" value="bsc"/><int name="no" value="0"/><int name="zM" value="0"/></imgdir><imgdir name="48"><int name="x" value="2160"/><int name="y" value="60"/><string name="u" value="bsc"/><int name="no" value="1"/><int name="zM" value="0"/></imgdir><imgdir name="27"><int name="x" value="2430"/><int name="y" value="60"/><string name="u" value="bsc"/><int name="no" value="2"/><int name="zM" value="0"/></imgdir><imgdir name="53"><int name="x" value="2520"/><int name="y" value="180"/><string name="u" value="enH1"/><int name="no" value="1"/><int name="zM" value="0"/></imgdir><imgdir name="46"><int name="x" value="1620"/><int name="y" value="0"/><string name="u" value="enH0"/><int name="no" value="0"/><int name="zM" value="0"/></imgdir><imgdir name="63"><int name="x" value="3060"/><int name="y" value="0"/><string name="u" value="enH0"/><int name="no" value="2"/><int name="zM" value="0"/></imgdir><imgdir name="44"><int name="x" value="2970"/><int name="y" value="0"/><string name="u" value="enH0"/><int name="no" value="0"/><int name="zM" value="0"/></imgdir><imgdir name="66"><int name="x" value="2430"/><int name="y" value="0"/><string name="u" value="enH0"/><int name="no" value="0"/><int name="zM" value="0"/></imgdir><imgdir name="49"><int name="x" value="2520"/><int name="y" value="0"/><string name="u" value="enH0"/><int name="no" value="0"/><int name="zM" value="0"/></imgdir><imgdir name="43"><int name="x" value="2070"/><int name="y" value="0"/><string name="u" value="enH0"/><int name="no" value="1"/><int name="zM" value="0"/></imgdir><imgdir name="0"><int name="x" value="2880"/><int name="y" value="180"/><string name="u" value="enH1"/><int name="no" value="1"/><int name="zM" value="0"/></imgdir><imgdir name="6"><int name="x" value="1980"/><int name="y" value="60"/><string name="u" value="bsc"/><int name="no" value="3"/><int name="zM" value="0"/></imgdir><imgdir name="8"><int name="x" value="1710"/><int name="y" value="60"/><string name="u" value="bsc"/><int name="no" value="4"/><int name="zM" value="0"/></imgdir><imgdir name="60"><int name="x" value="2250"/><int name="y" value="180"/><string name="u" value="enH1"/><int name="no" value="0"/><int name="zM" value="0"/></imgdir><imgdir name="59"><int name="x" value="2700"/><int name="y" value="120"/><string name="u" value="bsc"/><int name="no" value="3"/><int name="zM" value="0"/></imgdir><imgdir name="16"><int name="x" value="2970"/><int name="y" value="120"/><string name="u" value="bsc"/><int name="no" value="2"/><int name="zM" value="0"/></imgdir><imgdir name="57"><int name="x" value="1710"/><int name="y" value="0"/><string name="u" value="bsc"/><int name="no" value="0"/><int name="zM" value="0"/></imgdir><imgdir name="21"><int name="x" value="2070"/><int name="y" value="120"/><string name="u" value="bsc"/><int name="no" value="2"/><int name="zM" value="0"/></imgdir><imgdir name="72"><int name="x" value="2160"/><int name="y" value="120"/><string name="u" value="bsc"/><int name="no" value="0"/><int name="zM" value="0"/></imgdir><imgdir name="74"><int name="x" value="2160"/><int name="y" value="0"/><string name="u" value="bsc"/><int name="no" value="4"/><int name="zM" value="0"/></imgdir><imgdir name="73"><int name="x" value="2160"/><int name="y" value="0"/><string name="u" value="enH0"/><int name="no" value="1"/><int name="zM" value="0"/></imgdir><imgdir name="71"><int name="x" value="2250"/><int name="y" value="60"/><string name="u" value="bsc"/><int name="no" value="4"/><int name="zM" value="0"/></imgdir><imgdir name="79"><int name="x" value="2340"/><int name="y" value="60"/><string name="u" value="bsc"/><int name="no" value="2"/><int name="zM" value="0"/></imgdir><imgdir name="84"><int name="x" value="2610"/><int name="y" value="60"/><string name="u" value="bsc"/><int name="no" value="3"/><int name="zM" value="0"/></imgdir><imgdir name="83"><int name="x" value="2880"/><int name="y" value="0"/><string name="u" value="enH0"/><int name="no" value="2"/><int name="zM" value="0"/></imgdir><imgdir name="82"><int name="x" value="2790"/><int name="y" value="60"/><string name="u" value="bsc"/><int name="no" value="5"/><int name="zM" value="0"/></imgdir><imgdir name="81"><int name="x" value="2340"/><int name="y" value="0"/><string name="u" value="bsc"/><int name="no" value="3"/><int name="zM" value="0"/></imgdir><imgdir name="78"><int name="x" value="2340"/><int name="y" value="0"/><string name="u" value="enH0"/><int name="no" value="1"/><int name="zM" value="0"/></imgdir><imgdir name="75"><int name="x" value="2250"/><int name="y" value="0"/><string name="u" value="bsc"/><int name="no" value="4"/><int name="zM" value="0"/></imgdir><imgdir name="76"><int name="x" value="2250"/><int name="y" value="0"/><string name="u" value="enH0"/><int name="no" value="1"/><int name="zM" value="0"/></imgdir><imgdir name="80"><int name="x" value="2790"/><int name="y" value="0"/><string name="u" value="bsc"/><int name="no" value="3"/><int name="zM" value="0"/></imgdir><imgdir name="77"><int name="x" value="2700"/><int name="y" value="0"/><string name="u" value="enH0"/><int name="no" value="0"/><int name="zM" value="0"/></imgdir><imgdir name="28"><int name="x" value="2700"/><int name="y" value="0"/><string name="u" value="bsc"/><int name="no" value="0"/><int name="zM" value="0"/></imgdir><imgdir name="26"><int name="x" value="2880"/><int name="y" value="0"/><string name="u" value="bsc"/><int name="no" value="0"/><int name="zM" value="0"/></imgdir><imgdir name="12"><int name="x" value="2610"/><int name="y" value="0"/><string name="u" value="enH0"/><int name="no" value="2"/><int name="zM" value="0"/></imgdir><imgdir name="18"><int name="x" value="2880"/><int name="y" value="60"/><string name="u" value="bsc"/><int name="no" value="2"/><int name="zM" value="0"/></imgdir><imgdir name="68"><int name="x" value="2790"/><int name="y" value="0"/><string name="u" value="enH0"/><int name="no" value="3"/><int name="zM" value="0"/></imgdir><imgdir name="34"><int name="x" value="2610"/><int name="y" value="0"/><string name="u" value="bsc"/><int name="no" value="2"/><int name="zM" value="0"/></imgdir></imgdir><imgdir name="obj"><imgdir name="0"><string name="oS" value="connect"/><string name="l0" value="ladder"/><string name="l1" value="0"/><string name="l2" value="4"/><int name="x" value="2042"/><int name="y" value="-180"/><int name="z" value="3"/><int name="f" value="0"/><int name="zM" value="10"/></imgdir></imgdir></imgdir><imgdir name="6"><imgdir name="info"></imgdir><imgdir name="tile"></imgdir><imgdir name="obj"><imgdir name="0"><string name="oS" value="connect"/><string name="l0" value="ladder"/><string name="l1" value="0"/><string name="l2" value="0"/><int name="x" value="2472"/><int name="y" value="-301"/><int name="z" value="3"/><int name="f" value="0"/><int name="zM" value="12"/></imgdir><imgdir name="1"><string name="oS" value="connect"/><string name="l0" value="ladder"/><string name="l1" value="0"/><string name="l2" value="1"/><int name="x" value="2472"/><int name="y" value="-266"/><int name="z" value="3"/><int name="f" value="1"/><int name="zM" value="12"/></imgdir><imgdir name="2"><string name="oS" value="connect"/><string name="l0" value="ladder"/><string name="l1" value="0"/><string name="l2" value="2"/><int name="x" value="2472"/><int name="y" value="-215"/><int name="z" value="1"/><int name="f" value="1"/><int name="zM" value="12"/></imgdir><imgdir name="3"><string name="oS" value="connect"/><string name="l0" value="ladder"/><string name="l1" value="0"/><string name="l2" value="3"/><int name="x" value="2471"/><int name="y" value="-79"/><int name="z" value="3"/><int name="f" value="0"/><int name="zM" value="11"/></imgdir><imgdir name="5"><string name="oS" value="connect"/><string name="l0" value="ladder"/><string name="l1" value="0"/><string name="l2" value="1"/><int name="x" value="2472"/><int name="y" value="-109"/><int name="z" value="3"/><int name="f" value="0"/><int name="zM" value="12"/><int name="r" value="0"/><int name="move" value="0"/><int name="dynamic" value="0"/><int name="piece" value="5"/></imgdir><imgdir name="4"><string name="oS" value="connect"/><string name="l0" value="ladder"/><string name="l1" value="0"/><string name="l2" value="2"/><int name="x" value="2472"/><int name="y" value="-160"/><int name="z" value="1"/><int name="f" value="0"/><int name="zM" value="12"/><int name="r" value="0"/><int name="move" value="0"/><int name="dynamic" value="0"/><int name="piece" value="4"/></imgdir></imgdir></imgdir><imgdir name="7"><imgdir name="info"></imgdir><imgdir name="tile"></imgdir><imgdir name="obj"></imgdir></imgdir><imgdir name="reactor"></imgdir><imgdir name="foothold"><imgdir name="1"><imgdir name="31"><imgdir name="1"><int name="x1" value="2430"/><int name="y1" value="-925"/><int name="x2" value="2469"/><int name="y2" value="-925"/><int name="prev" value="4"/><int name="next" value="5"/><int name="piece" value="-1"/></imgdir><imgdir name="2"><int name="x1" value="2520"/><int name="y1" value="-925"/><int name="x2" value="2610"/><int name="y2" value="-925"/><int name="prev" value="5"/><int name="next" value="7"/><int name="piece" value="-1"/></imgdir><imgdir name="3"><int name="x1" value="2391"/><int name="y1" value="-900"/><int name="x2" value="2391"/><int name="y2" value="-925"/><int name="prev" value="0"/><int name="next" value="4"/><int name="piece" value="-1"/></imgdir><imgdir name="4"><int name="x1" value="2391"/><int name="y1" value="-925"/><int name="x2" value="2430"/><int name="y2" value="-925"/><int name="prev" value="3"/><int name="next" value="1"/><int name="piece" value="-1"/></imgdir><imgdir name="5"><int name="x1" value="2469"/><int name="y1" value="-925"/><int name="x2" value="2520"/><int name="y2" value="-925"/><int name="prev" value="1"/><int name="next" value="2"/><int name="piece" value="-1"/></imgdir><imgdir name="6"><int name="x1" value="2700"/><int name="y1" value="-925"/><int name="x2" value="2790"/><int name="y2" value="-925"/><int name="prev" value="7"/><int name="next" value="8"/><int name="piece" value="-1"/></imgdir><imgdir name="7"><int name="x1" value="2610"/><int name="y1" value="-925"/><int name="x2" value="2700"/><int name="y2" value="-925"/><int name="prev" value="2"/><int name="next" value="6"/><int name="piece" value="-1"/></imgdir><imgdir name="8"><int name="x1" value="2790"/><int name="y1" value="-925"/><int name="x2" value="2880"/><int name="y2" value="-925"/><int name="prev" value="6"/><int name="next" value="9"/><int name="piece" value="-1"/></imgdir><imgdir name="9"><int name="x1" value="2880"/><int name="y1" value="-925"/><int name="x2" value="2931"/><int name="y2" value="-925"/><int name="prev" value="8"/><int name="next" value="10"/><int name="piece" value="-1"/></imgdir><imgdir name="10"><int name="x1" value="2931"/><int name="y1" value="-925"/><int name="x2" value="2970"/><int name="y2" value="-925"/><int name="prev" value="9"/><int name="next" value="11"/><int name="piece" value="-1"/></imgdir><imgdir name="11"><int name="x1" value="2970"/><int name="y1" value="-925"/><int name="x2" value="3009"/><int name="y2" value="-925"/><int name="prev" value="10"/><int name="next" value="12"/><int name="piece" value="-1"/></imgdir><imgdir name="12"><int name="x1" value="3009"/><int name="y1" value="-925"/><int name="x2" value="3009"/><int name="y2" value="-900"/><int name="prev" value="11"/><int name="next" value="0"/><int name="piece" value="-1"/></imgdir></imgdir></imgdir><imgdir name="2"><imgdir name="28"><imgdir name="13"><int name="x1" value="1935"/><int name="y1" value="-715"/><int name="x2" value="1974"/><int name="y2" value="-715"/><int name="prev" value="18"/><int name="next" value="19"/><int name="piece" value="-1"/></imgdir><imgdir name="14"><int name="x1" value="2025"/><int name="y1" value="-715"/><int name="x2" value="2115"/><int name="y2" value="-715"/><int name="prev" value="19"/><int name="next" value="16"/><int name="piece" value="-1"/></imgdir><imgdir name="15"><int name="x1" value="2205"/><int name="y1" value="-715"/><int name="x2" value="2295"/><int name="y2" value="-715"/><int name="prev" value="16"/><int name="next" value="21"/><int name="piece" value="-1"/></imgdir><imgdir name="16"><int name="x1" value="2115"/><int name="y1" value="-715"/><int name="x2" value="2205"/><int name="y2" value="-715"/><int name="prev" value="14"/><int name="next" value="15"/><int name="piece" value="-1"/></imgdir><imgdir name="17"><int name="x1" value="1896"/><int name="y1" value="-690"/><int name="x2" value="1896"/><int name="y2" value="-715"/><int name="prev" value="0"/><int name="next" value="18"/><int name="piece" value="-1"/></imgdir><imgdir name="18"><int name="x1" value="1896"/><int name="y1" value="-715"/><int name="x2" value="1935"/><int name="y2" value="-715"/><int name="prev" value="17"/><int name="next" value="13"/><int name="piece" value="-1"/></imgdir><imgdir name="19"><int name="x1" value="1974"/><int name="y1" value="-715"/><int name="x2" value="2025"/><int name="y2" value="-715"/><int name="prev" value="13"/><int name="next" value="14"/><int name="piece" value="-1"/></imgdir><imgdir name="20"><int name="x1" value="2475"/><int name="y1" value="-715"/><int name="x2" value="2526"/><int name="y2" value="-715"/><int name="prev" value="22"/><int name="next" value="23"/><int name="piece" value="-1"/></imgdir><imgdir name="21"><int name="x1" value="2295"/><int name="y1" value="-715"/><int name="x2" value="2385"/><int name="y2" value="-715"/><int name="prev" value="15"/><int name="next" value="22"/><int name="piece" value="-1"/></imgdir><imgdir name="22"><int name="x1" value="2385"/><int name="y1" value="-715"/><int name="x2" value="2475"/><int name="y2" value="-715"/><int name="prev" value="21"/><int name="next" value="20"/><int name="piece" value="-1"/></imgdir><imgdir name="23"><int name="x1" value="2526"/><int name="y1" value="-715"/><int name="x2" value="2565"/><int name="y2" value="-715"/><int name="prev" value="20"/><int name="next" value="24"/><int name="piece" value="-1"/></imgdir><imgdir name="24"><int name="x1" value="2565"/><int name="y1" value="-715"/><int name="x2" value="2604"/><int name="y2" value="-715"/><int name="prev" value="23"/><int name="next" value="25"/><int name="piece" value="-1"/></imgdir><imgdir name="25"><int name="x1" value="2604"/><int name="y1" value="-715"/><int name="x2" value="2604"/><int name="y2" value="-690"/><int name="prev" value="24"/><int name="next" value="0"/><int name="piece" value="-1"/></imgdir></imgdir></imgdir><imgdir name="3"><imgdir name="21"><imgdir name="26"><int name="x1" value="2211"/><int name="y1" value="-480"/><int name="x2" value="2211"/><int name="y2" value="-505"/><int name="prev" value="0"/><int name="next" value="27"/><int name="piece" value="-1"/></imgdir><imgdir name="27"><int name="x1" value="2211"/><int name="y1" value="-505"/><int name="x2" value="2289"/><int name="y2" value="-505"/><int name="prev" value="26"/><int name="next" value="28"/><int name="piece" value="-1"/></imgdir><imgdir name="28"><int name="x1" value="2289"/><int name="y1" value="-505"/><int name="x2" value="2340"/><int name="y2" value="-505"/><int name="prev" value="27"/><int name="next" value="30"/><int name="piece" value="-1"/></imgdir><imgdir name="29"><int name="x1" value="2430"/><int name="y1" value="-505"/><int name="x2" value="2520"/><int name="y2" value="-505"/><int name="prev" value="30"/><int name="next" value="32"/><int name="piece" value="-1"/></imgdir><imgdir name="30"><int name="x1" value="2340"/><int name="y1" value="-505"/><int name="x2" value="2430"/><int name="y2" value="-505"/><int name="prev" value="28"/><int name="next" value="29"/><int name="piece" value="-1"/></imgdir><imgdir name="31"><int name="x1" value="2610"/><int name="y1" value="-505"/><int name="x2" value="2700"/><int name="y2" value="-505"/><int name="prev" value="32"/><int name="next" value="33"/><int name="piece" value="-1"/></imgdir><imgdir name="32"><int name="x1" value="2520"/><int name="y1" value="-505"/><int name="x2" value="2610"/><int name="y2" value="-505"/><int name="prev" value="29"/><int name="next" value="31"/><int name="piece" value="-1"/></imgdir><imgdir name="33"><int name="x1" value="2700"/><int name="y1" value="-505"/><int name="x2" value="2790"/><int name="y2" value="-505"/><int name="prev" value="31"/><int name="next" value="34"/><int name="piece" value="-1"/></imgdir><imgdir name="34"><int name="x1" value="2790"/><int name="y1" value="-505"/><int name="x2" value="2880"/><int name="y2" value="-505"/><int name="prev" value="33"/><int name="next" value="35"/><int name="piece" value="-1"/></imgdir><imgdir name="35"><int name="x1" value="2880"/><int name="y1" value="-505"/><int name="x2" value="2931"/><int name="y2" value="-505"/><int name="prev" value="34"/><int name="next" value="36"/><int name="piece" value="-1"/></imgdir><imgdir name="36"><int name="x1" value="2931"/><int name="y1" value="-505"/><int name="x2" value="2970"/><int name="y2" value="-505"/><int name="prev" value="35"/><int name="next" value="37"/><int name="piece" value="-1"/></imgdir><imgdir name="37"><int name="x1" value="2970"/><int name="y1" value="-505"/><int name="x2" value="3009"/><int name="y2" value="-505"/><int name="prev" value="36"/><int name="next" value="38"/><int name="piece" value="-1"/></imgdir><imgdir name="38"><int name="x1" value="3009"/><int name="y1" value="-505"/><int name="x2" value="3009"/><int name="y2" value="-480"/><int name="prev" value="37"/><int name="next" value="0"/><int name="piece" value="-1"/></imgdir></imgdir></imgdir><imgdir name="4"><imgdir name="14"><imgdir name="39"><int name="x1" value="2385"/><int name="y1" value="-295"/><int name="x2" value="2475"/><int name="y2" value="-295"/><int name="prev" value="41"/><int name="next" value="40"/><int name="piece" value="-1"/></imgdir><imgdir name="40"><int name="x1" value="2475"/><int name="y1" value="-295"/><int name="x2" value="2526"/><int name="y2" value="-295"/><int name="prev" value="39"/><int name="next" value="44"/><int name="piece" value="-1"/></imgdir><imgdir name="41"><int name="x1" value="2295"/><int name="y1" value="-295"/><int name="x2" value="2385"/><int name="y2" value="-295"/><int name="prev" value="42"/><int name="next" value="39"/><int name="piece" value="-1"/></imgdir><imgdir name="42"><int name="x1" value="2205"/><int name="y1" value="-295"/><int name="x2" value="2295"/><int name="y2" value="-295"/><int name="prev" value="43"/><int name="next" value="41"/><int name="piece" value="-1"/></imgdir><imgdir name="43"><int name="x1" value="2115"/><int name="y1" value="-295"/><int name="x2" value="2205"/><int name="y2" value="-295"/><int name="prev" value="49"/><int name="next" value="42"/><int name="piece" value="-1"/></imgdir><imgdir name="44"><int name="x1" value="2526"/><int name="y1" value="-295"/><int name="x2" value="2565"/><int name="y2" value="-295"/><int name="prev" value="40"/><int name="next" value="45"/><int name="piece" value="-1"/></imgdir><imgdir name="45"><int name="x1" value="2565"/><int name="y1" value="-295"/><int name="x2" value="2604"/><int name="y2" value="-295"/><int name="prev" value="44"/><int name="next" value="46"/><int name="piece" value="-1"/></imgdir><imgdir name="46"><int name="x1" value="2604"/><int name="y1" value="-295"/><int name="x2" value="2604"/><int name="y2" value="-270"/><int name="prev" value="45"/><int name="next" value="0"/><int name="piece" value="-1"/></imgdir><imgdir name="47"><int name="x1" value="1986"/><int name="y1" value="-270"/><int name="x2" value="1986"/><int name="y2" value="-295"/><int name="prev" value="0"/><int name="next" value="48"/><int name="piece" value="-1"/></imgdir><imgdir name="48"><int name="x1" value="1986"/><int name="y1" value="-295"/><int name="x2" value="2064"/><int name="y2" value="-295"/><int name="prev" value="47"/><int name="next" value="49"/><int name="piece" value="-1"/></imgdir><imgdir name="49"><int name="x1" value="2064"/><int name="y1" value="-295"/><int name="x2" value="2115"/><int name="y2" value="-295"/><int name="prev" value="48"/><int name="next" value="43"/><int name="piece" value="-1"/></imgdir></imgdir></imgdir><imgdir name="5"><imgdir name="0"><imgdir name="50"><int name="x1" value="1710"/><int name="y1" value="-25"/><int name="x2" value="1800"/><int name="y2" value="-25"/><int name="prev" value="56"/><int name="next" value="52"/><int name="piece" value="-1"/></imgdir><imgdir name="51"><int name="x1" value="2610"/><int name="y1" value="-25"/><int name="x2" value="2700"/><int name="y2" value="-25"/><int name="prev" value="57"/><int name="next" value="64"/><int name="piece" value="-1"/></imgdir><imgdir name="52"><int name="x1" value="1800"/><int name="y1" value="-25"/><int name="x2" value="1890"/><int name="y2" value="-25"/><int name="prev" value="50"/><int name="next" value="59"/><int name="piece" value="-1"/></imgdir><imgdir name="53"><int name="x1" value="1980"/><int name="y1" value="-25"/><int name="x2" value="2070"/><int name="y2" value="-25"/><int name="prev" value="59"/><int name="next" value="54"/><int name="piece" value="-1"/></imgdir><imgdir name="54"><int name="x1" value="2070"/><int name="y1" value="-25"/><int name="x2" value="2160"/><int name="y2" value="-25"/><int name="prev" value="53"/><int name="next" value="62"/><int name="piece" value="-1"/></imgdir><imgdir name="55"><int name="x1" value="2970"/><int name="y1" value="-25"/><int name="x2" value="3060"/><int name="y2" value="-25"/><int name="prev" value="66"/><int name="next" value="58"/><int name="piece" value="-1"/></imgdir><imgdir name="56"><int name="x1" value="1620"/><int name="y1" value="-25"/><int name="x2" value="1710"/><int name="y2" value="-25"/><int name="prev" value="0"/><int name="next" value="50"/><int name="piece" value="-1"/></imgdir><imgdir name="57"><int name="x1" value="2520"/><int name="y1" value="-25"/><int name="x2" value="2610"/><int name="y2" value="-25"/><int name="prev" value="60"/><int name="next" value="51"/><int name="piece" value="-1"/></imgdir><imgdir name="58"><int name="x1" value="3060"/><int name="y1" value="-25"/><int name="x2" value="3150"/><int name="y2" value="-25"/><int name="prev" value="55"/><int name="next" value="0"/><int name="piece" value="-1"/></imgdir><imgdir name="59"><int name="x1" value="1890"/><int name="y1" value="-25"/><int name="x2" value="1980"/><int name="y2" value="-25"/><int name="prev" value="52"/><int name="next" value="53"/><int name="piece" value="-1"/></imgdir><imgdir name="60"><int name="x1" value="2430"/><int name="y1" value="-25"/><int name="x2" value="2520"/><int name="y2" value="-25"/><int name="prev" value="65"/><int name="next" value="57"/><int name="piece" value="-1"/></imgdir><imgdir name="61"><int name="x1" value="2790"/><int name="y1" value="-25"/><int name="x2" value="2880"/><int name="y2" value="-25"/><int name="prev" value="64"/><int name="next" value="66"/><int name="piece" value="-1"/></imgdir><imgdir name="62"><int name="x1" value="2160"/><int name="y1" value="-25"/><int name="x2" value="2250"/><int name="y2" value="-25"/><int name="prev" value="54"/><int name="next" value="63"/><int name="piece" value="-1"/></imgdir><imgdir name="63"><int name="x1" value="2250"/><int name="y1" value="-25"/><int name="x2" value="2340"/><int name="y2" value="-25"/><int name="prev" value="62"/><int name="next" value="65"/><int name="piece" value="-1"/></imgdir><imgdir name="64"><int name="x1" value="2700"/><int name="y1" value="-25"/><int name="x2" value="2790"/><int name="y2" value="-25"/><int name="prev" value="51"/><int name="next" value="61"/><int name="piece" value="-1"/></imgdir><imgdir name="65"><int name="x1" value="2340"/><int name="y1" value="-25"/><int name="x2" value="2430"/><int name="y2" value="-25"/><int name="prev" value="63"/><int name="next" value="60"/><int name="piece" value="-1"/></imgdir><imgdir name="66"><int name="x1" value="2880"/><int name="y1" value="-25"/><int name="x2" value="2970"/><int name="y2" value="-25"/><int name="prev" value="61"/><int name="next" value="55"/><int name="piece" value="-1"/></imgdir></imgdir></imgdir></imgdir><imgdir name="ladderRope"><imgdir name="1"><int name="l" value="1"/><int name="uf" value="1"/><int name="x" value="2639"/><int name="y1" value="-923"/><int name="y2" value="-663"/><int name="page" value="2"/></imgdir><imgdir name="2"><int name="l" value="1"/><int name="uf" value="1"/><int name="x" value="2173"/><int name="y1" value="-713"/><int name="y2" value="-447"/><int name="page" value="3"/></imgdir><imgdir name="3"><int name="l" value="1"/><int name="uf" value="1"/><int name="x" value="2643"/><int name="y1" value="-503"/><int name="y2" value="-239"/><int name="page" value="4"/></imgdir><imgdir name="4"><int name="l" value="1"/><int name="uf" value="1"/><int name="x" value="2281"/><int name="y1" value="-503"/><int name="y2" value="-369"/><int name="page" value="4"/></imgdir><imgdir name="5"><int name="l" value="1"/><int name="uf" value="0"/><int name="x" value="2279"/><int name="y1" value="-353"/><int name="y2" value="-355"/><int name="page" value="4"/></imgdir><imgdir name="6"><int name="l" value="1"/><int name="uf" value="1"/><int name="x" value="2042"/><int name="y1" value="-293"/><int name="y2" value="-29"/><int name="page" value="5"/></imgdir><imgdir name="7"><int name="l" value="1"/><int name="uf" value="0"/><int name="x" value="2471"/><int name="y1" value="-48"/><int name="y2" value="-50"/><int name="page" value="6"/></imgdir><imgdir name="8"><int name="l" value="1"/><int name="uf" value="1"/><int name="x" value="2472"/><int name="y1" value="-293"/><int name="y2" value="-63"/><int name="page" value="6"/></imgdir></imgdir><imgdir name="miniMap"><canvas name="canvas" width="101" height="102"><string name="_hash" value="8b6a8a0256226ddba617c26619bcaa7a03daa8a87ea86516dc205a9f42c79c0c"/></canvas><int name="width" value="1626"/><int name="height" value="1647"/><int name="centerX" value="-1572"/><int name="centerY" value="1392"/><int name="mag" value="4"/></imgdir><imgdir name="portal"><imgdir name="0"><string name="pn" value="sp"/><int name="pt" value="0"/><int name="x" value="1783"/><int name="y" value="-86"/><int name="tm" value="999999999"/><string name="tn" value=""/></imgdir><imgdir name="1"><string name="pn" value="out00"/><int name="pt" value="7"/><int name="x" value="2980"/><int name="y" value="-29"/><int name="tm" value="999999999"/><string name="tn" value=""/><int name="horizontalImpact" value="0"/><string name="script" value="exit_adventure"/></imgdir></imgdir></imgdir>