<?xml version="1.0" encoding="UTF-8" standalone="yes"?><imgdir name="910048200.img"><imgdir name="info"><int name="version" value="10"/><int name="cloud" value="0"/><int name="town" value="0"/><int name="swim" value="0"/><int name="returnMap" value="910048200"/><int name="forcedReturn" value="910048200"/><float name="mobRate" value="1.0"/><string name="bgm" value="BgmEvent2/miniGameStation"/><string name="mapMark" value="discovery"/><int name="fly" value="0"/><int name="standAlone" value="0"/><int name="partyStandAlone" value="0"/><int name="noMapCmd" value="0"/><int name="hideMinimap" value="1"/><int name="fieldLimit" value="335849212"/><string name="fieldScript" value=""/><string name="onFirstUserEnter" value=""/><string name="onUserEnter" value="enter_910048200"/><int name="VRTop" value="-685"/><int name="VRLeft" value="-1379"/><int name="VRBottom" value="225"/><int name="VRRight" value="119"/><int name="fieldType" value="0"/><int name="noChair" value="1"/><int name="quarterView" value="0"/><string name="AmbientBGM" value=""/><int name="AmbientBGMv" value="100"/><int name="vanishPet" value="1"/><int name="vanishAndroid" value="1"/><int name="vanishDragon" value="1"/><int name="noHekatonEffect" value="1"/><int name="limitUserEffectField" value="1"/></imgdir><imgdir name="back"><imgdir name="0"><string name="bS" value="Rien"/><int name="front" value="0"/><int name="ani" value="0"/><int name="no" value="0"/><int name="f" value="0"/><int name="x" value="44"/><int name="y" value="-18"/><int name="rx" value="0"/><int name="ry" value="0"/><int name="type" value="3"/><int name="cx" value="0"/><int name="cy" value="0"/><int name="a" value="255"/></imgdir><imgdir name="1"><string name="bS" value="Rien"/><int name="front" value="0"/><int name="ani" value="0"/><int name="no" value="1"/><int name="f" value="0"/><int name="x" value="0"/><int name="y" value="-220"/><int name="rx" value="0"/><int name="ry" value="-70"/><int name="type" value="1"/><int name="cx" value="0"/><int name="cy" value="0"/><int name="a" value="255"/></imgdir><imgdir name="2"><string name="bS" value="Rien"/><int name="front" value="0"/><int name="ani" value="0"/><int name="no" value="2"/><int name="f" value="0"/><int name="x" value="-368"/><int name="y" value="-446"/><int name="rx" value="-7"/><int name="ry" value="-50"/><int name="type" value="1"/><int name="cx" value="1600"/><int name="cy" value="0"/><int name="a" value="255"/></imgdir><imgdir name="3"><string name="bS" value="Rien"/><int name="front" value="0"/><int name="ani" value="0"/><int name="no" value="3"/><int name="f" value="0"/><int name="x" value="432"/><int name="y" value="-366"/><int name="rx" value="-7"/><int name="ry" value="-50"/><int name="type" value="1"/><int name="cx" value="1600"/><int name="cy" value="0"/><int name="a" value="255"/></imgdir><imgdir name="6"><string name="bS" value="glacierExplorer"/><int name="front" value="0"/><int name="ani" value="0"/><int name="no" value="4"/><int name="f" value="0"/><int name="w" value="0"/><int name="x" value="-460"/><int name="y" value="-143"/><int name="rx" value="-5"/><int name="ry" value="0"/><int name="wx" value="0"/><int name="wy" value="0"/><int name="type" value="4"/><int name="cx" value="0"/><int name="cy" value="0"/><int name="a" value="255"/><string name="backTags" value=""/></imgdir><imgdir name="4"><string name="bS" value="glacierExplorer"/><int name="front" value="0"/><int name="ani" value="0"/><int name="no" value="2"/><int name="f" value="0"/><int name="w" value="0"/><int name="x" value="35"/><int name="y" value="-244"/><int name="rx" value="-7"/><int name="ry" value="-50"/><int name="wx" value="0"/><int name="wy" value="0"/><int name="type" value="1"/><int name="cx" value="0"/><int name="cy" value="0"/><int name="a" value="255"/><string name="backTags" value=""/></imgdir><imgdir name="8"><string name="bS" value="Rien"/><int name="front" value="0"/><int name="ani" value="0"/><int name="no" value="8"/><int name="f" value="0"/><int name="x" value="0"/><int name="y" value="-33"/><int name="rx" value="-30"/><int name="ry" value="-60"/><int name="type" value="1"/><int name="cx" value="0"/><int name="cy" value="0"/><int name="a" value="255"/></imgdir><imgdir name="10"><string name="bS" value="Rien"/><int name="front" value="0"/><int name="ani" value="0"/><int name="no" value="10"/><int name="f" value="0"/><int name="x" value="0"/><int name="y" value="-143"/><int name="rx" value="-30"/><int name="ry" value="-70"/><int name="type" value="1"/><int name="cx" value="2400"/><int name="cy" value="0"/><int name="a" value="255"/></imgdir><imgdir name="11"><string name="bS" value="Rien"/><int name="front" value="0"/><int name="ani" value="0"/><int name="no" value="11"/><int name="f" value="0"/><int name="x" value="800"/><int name="y" value="-121"/><int name="rx" value="-30"/><int name="ry" value="-70"/><int name="type" value="1"/><int name="cx" value="2400"/><int name="cy" value="0"/><int name="a" value="255"/></imgdir><imgdir name="14"><string name="bS" value="Rien"/><int name="front" value="0"/><int name="ani" value="1"/><int name="no" value="1"/><int name="f" value="0"/><int name="x" value="-300"/><int name="y" value="-297"/><int name="rx" value="-70"/><int name="ry" value="-30"/><int name="type" value="1"/><int name="cx" value="3200"/><int name="cy" value="0"/><int name="a" value="255"/></imgdir><imgdir name="15"><string name="bS" value="Rien"/><int name="front" value="0"/><int name="ani" value="1"/><int name="no" value="2"/><int name="f" value="0"/><int name="x" value="-1400"/><int name="y" value="-386"/><int name="rx" value="-70"/><int name="ry" value="-30"/><int name="type" value="1"/><int name="cx" value="3400"/><int name="cy" value="0"/><int name="a" value="255"/></imgdir><imgdir name="16"><string name="bS" value="Rien"/><int name="front" value="0"/><int name="ani" value="1"/><int name="no" value="3"/><int name="f" value="0"/><int name="x" value="800"/><int name="y" value="-321"/><int name="rx" value="-70"/><int name="ry" value="-30"/><int name="type" value="1"/><int name="cx" value="3600"/><int name="cy" value="0"/><int name="a" value="255"/></imgdir><imgdir name="9"><string name="bS" value="Rien"/><int name="front" value="0"/><int name="ani" value="0"/><int name="no" value="9"/><int name="f" value="0"/><int name="x" value="-800"/><int name="y" value="-86"/><int name="rx" value="-30"/><int name="ry" value="-70"/><int name="type" value="1"/><int name="cx" value="2400"/><int name="cy" value="0"/><int name="a" value="255"/></imgdir><imgdir name="7"><string name="bS" value="Rien"/><int name="front" value="0"/><int name="ani" value="0"/><int name="no" value="7"/><int name="f" value="0"/><int name="x" value="40"/><int name="y" value="-51"/><int name="rx" value="0"/><int name="ry" value="-100"/><int name="type" value="1"/><int name="cx" value="0"/><int name="cy" value="0"/><int name="a" value="255"/></imgdir><imgdir name="13"><string name="bS" value="Rien"/><int name="front" value="0"/><int name="ani" value="1"/><int name="no" value="0"/><int name="f" value="0"/><int name="x" value="-500"/><int name="y" value="-274"/><int name="rx" value="-70"/><int name="ry" value="-30"/><int name="type" value="1"/><int name="cx" value="3000"/><int name="cy" value="0"/><int name="a" value="255"/></imgdir><imgdir name="5"><string name="bS" value="glacierExplorer"/><int name="front" value="0"/><int name="ani" value="0"/><int name="no" value="3"/><int name="f" value="0"/><int name="x" value="-129"/><int name="y" value="-237"/><int name="rx" value="-7"/><int name="ry" value="-50"/><int name="type" value="1"/><int name="cx" value="0"/><int name="cy" value="0"/><int name="a" value="255"/><int name="w" value="0"/><int name="wx" value="0"/><int name="wy" value="0"/><string name="backTags" value=""/></imgdir><imgdir name="17"><string name="bS" value="Rien"/><int name="front" value="0"/><int name="ani" value="1"/><int name="no" value="4"/><int name="f" value="0"/><int name="x" value="-1884"/><int name="y" value="-490"/><int name="rx" value="-70"/><int name="ry" value="-30"/><int name="type" value="1"/><int name="cx" value="3800"/><int name="cy" value="0"/><int name="a" value="255"/></imgdir><imgdir name="12"><string name="bS" value="Rien"/><int name="front" value="0"/><int name="ani" value="1"/><int name="no" value="11"/><int name="f" value="0"/><int name="x" value="191"/><int name="y" value="-226"/><int name="rx" value="5"/><int name="ry" value="-100"/><int name="type" value="4"/><int name="cx" value="2000"/><int name="cy" value="0"/><int name="a" value="255"/></imgdir><imgdir name="18"><string name="bS" value="event2"/><int name="front" value="0"/><int name="ani" value="1"/><int name="no" value="15"/><int name="f" value="0"/><int name="w" value="0"/><int name="x" value="-1060"/><int name="y" value="-364"/><int name="rx" value="-100"/><int name="ry" value="-100"/><int name="wx" value="0"/><int name="wy" value="0"/><int name="type" value="0"/><int name="cx" value="0"/><int name="cy" value="0"/><int name="a" value="255"/><string name="backTags" value=""/></imgdir><imgdir name="19"><string name="bS" value="event2"/><int name="front" value="0"/><int name="ani" value="1"/><int name="no" value="16"/><int name="f" value="0"/><int name="w" value="0"/><int name="x" value="-742"/><int name="y" value="-366"/><int name="rx" value="-100"/><int name="ry" value="-100"/><int name="wx" value="0"/><int name="wy" value="0"/><int name="type" value="0"/><int name="cx" value="0"/><int name="cy" value="0"/><int name="a" value="255"/><string name="backTags" value=""/></imgdir></imgdir><imgdir name="life"><imgdir name="0"><string name="type" value="n"/><string name="id" value="9062028"/><int name="x" value="-297"/><int name="y" value="-349"/><int name="mobTime" value="0"/><int name="f" value="0"/><int name="hide" value="0"/><int name="fh" value="2"/><int name="cy" value="-325"/><int name="rx0" value="-347"/><int name="rx1" value="-247"/></imgdir></imgdir><imgdir name="reactor"></imgdir><imgdir name="0"><imgdir name="info"></imgdir><imgdir name="tile"></imgdir><imgdir name="obj"></imgdir></imgdir><imgdir name="1"><imgdir name="info"></imgdir><imgdir name="tile"></imgdir><imgdir name="obj"></imgdir></imgdir><imgdir name="2"><imgdir name="info"></imgdir><imgdir name="tile"></imgdir><imgdir name="obj"></imgdir></imgdir><imgdir name="3"><imgdir name="info"></imgdir><imgdir name="tile"></imgdir><imgdir name="obj"></imgdir></imgdir><imgdir name="4"><imgdir name="info"></imgdir><imgdir name="tile"></imgdir><imgdir name="obj"></imgdir></imgdir><imgdir name="5"><imgdir name="info"></imgdir><imgdir name="tile"></imgdir><imgdir name="obj"></imgdir></imgdir><imgdir name="6"><imgdir name="info"></imgdir><imgdir name="tile"></imgdir><imgdir name="obj"></imgdir></imgdir><imgdir name="7"><imgdir name="info"><string name="tS" value="glacierExplorer"/><int name="tSMag" value="1"/></imgdir><imgdir name="tile"><imgdir name="10"><int name="x" value="-1350"/><int name="y" value="60"/><string name="u" value="enH0"/><int name="no" value="1"/><int name="zM" value="0"/></imgdir><imgdir name="9"><int name="x" value="-1260"/><int name="y" value="60"/><string name="u" value="enH0"/><int name="no" value="3"/><int name="zM" value="0"/></imgdir><imgdir name="13"><int name="x" value="-1170"/><int name="y" value="60"/><string name="u" value="enH0"/><int name="no" value="2"/><int name="zM" value="0"/></imgdir><imgdir name="26"><int name="x" value="-360"/><int name="y" value="60"/><string name="u" value="enH0"/><int name="no" value="1"/><int name="zM" value="0"/></imgdir><imgdir name="15"><int name="x" value="-1080"/><int name="y" value="60"/><string name="u" value="enH0"/><int name="no" value="3"/><int name="zM" value="0"/></imgdir><imgdir name="19"><int name="x" value="-540"/><int name="y" value="60"/><string name="u" value="enH0"/><int name="no" value="1"/><int name="zM" value="0"/></imgdir><imgdir name="21"><int name="x" value="-450"/><int name="y" value="60"/><string name="u" value="enH0"/><int name="no" value="1"/><int name="zM" value="0"/></imgdir><imgdir name="23"><int name="x" value="-630"/><int name="y" value="60"/><string name="u" value="enH0"/><int name="no" value="1"/><int name="zM" value="0"/></imgdir><imgdir name="29"><int name="x" value="-720"/><int name="y" value="60"/><string name="u" value="enH0"/><int name="no" value="3"/><int name="zM" value="0"/></imgdir><imgdir name="17"><int name="x" value="-990"/><int name="y" value="60"/><string name="u" value="enH0"/><int name="no" value="3"/><int name="zM" value="0"/></imgdir><imgdir name="33"><int name="x" value="-900"/><int name="y" value="60"/><string name="u" value="enH0"/><int name="no" value="1"/><int name="zM" value="0"/></imgdir><imgdir name="30"><int name="x" value="-810"/><int name="y" value="60"/><string name="u" value="enH0"/><int name="no" value="1"/><int name="zM" value="0"/></imgdir><imgdir name="25"><int name="x" value="-270"/><int name="y" value="60"/><string name="u" value="enH0"/><int name="no" value="0"/><int name="zM" value="0"/></imgdir><imgdir name="37"><int name="x" value="0"/><int name="y" value="60"/><string name="u" value="enH0"/><int name="no" value="2"/><int name="zM" value="0"/></imgdir><imgdir name="41"><int name="x" value="-180"/><int name="y" value="60"/><string name="u" value="enH0"/><int name="no" value="2"/><int name="zM" value="0"/></imgdir><imgdir name="39"><int name="x" value="-90"/><int name="y" value="60"/><string name="u" value="enH0"/><int name="no" value="2"/><int name="zM" value="0"/></imgdir><imgdir name="66"><int name="x" value="-1350"/><int name="y" value="180"/><string name="u" value="bsc"/><int name="no" value="5"/><int name="zM" value="0"/></imgdir><imgdir name="5"><int name="x" value="-1350"/><int name="y" value="240"/><string name="u" value="enH1"/><int name="no" value="1"/><int name="zM" value="0"/></imgdir><imgdir name="11"><int name="x" value="-1350"/><int name="y" value="60"/><string name="u" value="bsc"/><int name="no" value="4"/><int name="zM" value="0"/></imgdir><imgdir name="67"><int name="x" value="-1350"/><int name="y" value="120"/><string name="u" value="bsc"/><int name="no" value="3"/><int name="zM" value="0"/></imgdir><imgdir name="8"><int name="x" value="-1260"/><int name="y" value="60"/><string name="u" value="bsc"/><int name="no" value="3"/><int name="zM" value="0"/></imgdir><imgdir name="1"><int name="x" value="-1260"/><int name="y" value="120"/><string name="u" value="bsc"/><int name="no" value="5"/><int name="zM" value="0"/></imgdir><imgdir name="69"><int name="x" value="-1260"/><int name="y" value="180"/><string name="u" value="bsc"/><int name="no" value="1"/><int name="zM" value="0"/></imgdir><imgdir name="70"><int name="x" value="-1170"/><int name="y" value="240"/><string name="u" value="enH1"/><int name="no" value="0"/><int name="zM" value="0"/></imgdir><imgdir name="71"><int name="x" value="-1260"/><int name="y" value="240"/><string name="u" value="enH1"/><int name="no" value="1"/><int name="zM" value="0"/></imgdir><imgdir name="64"><int name="x" value="-1170"/><int name="y" value="180"/><string name="u" value="bsc"/><int name="no" value="0"/><int name="zM" value="0"/></imgdir><imgdir name="3"><int name="x" value="-1170"/><int name="y" value="120"/><string name="u" value="bsc"/><int name="no" value="2"/><int name="zM" value="0"/></imgdir><imgdir name="12"><int name="x" value="-1170"/><int name="y" value="60"/><string name="u" value="bsc"/><int name="no" value="5"/><int name="zM" value="0"/></imgdir><imgdir name="68"><int name="x" value="-1080"/><int name="y" value="120"/><string name="u" value="bsc"/><int name="no" value="5"/><int name="zM" value="0"/></imgdir><imgdir name="14"><int name="x" value="-1080"/><int name="y" value="60"/><string name="u" value="bsc"/><int name="no" value="3"/><int name="zM" value="0"/></imgdir><imgdir name="72"><int name="x" value="-1080"/><int name="y" value="240"/><string name="u" value="enH1"/><int name="no" value="0"/><int name="zM" value="0"/></imgdir><imgdir name="62"><int name="x" value="-1080"/><int name="y" value="180"/><string name="u" value="bsc"/><int name="no" value="2"/><int name="zM" value="0"/></imgdir><imgdir name="16"><int name="x" value="-990"/><int name="y" value="60"/><string name="u" value="bsc"/><int name="no" value="1"/><int name="zM" value="0"/></imgdir><imgdir name="60"><int name="x" value="-990"/><int name="y" value="120"/><string name="u" value="bsc"/><int name="no" value="5"/><int name="zM" value="0"/></imgdir><imgdir name="63"><int name="x" value="-990"/><int name="y" value="180"/><string name="u" value="bsc"/><int name="no" value="5"/><int name="zM" value="0"/></imgdir><imgdir name="58"><int name="x" value="-900"/><int name="y" value="120"/><string name="u" value="bsc"/><int name="no" value="5"/><int name="zM" value="0"/></imgdir><imgdir name="32"><int name="x" value="-900"/><int name="y" value="60"/><string name="u" value="bsc"/><int name="no" value="4"/><int name="zM" value="0"/></imgdir><imgdir name="74"><int name="x" value="-990"/><int name="y" value="240"/><string name="u" value="enH1"/><int name="no" value="1"/><int name="zM" value="0"/></imgdir><imgdir name="75"><int name="x" value="-900"/><int name="y" value="240"/><string name="u" value="enH1"/><int name="no" value="0"/><int name="zM" value="0"/></imgdir><imgdir name="65"><int name="x" value="-900"/><int name="y" value="180"/><string name="u" value="bsc"/><int name="no" value="0"/><int name="zM" value="0"/></imgdir><imgdir name="56"><int name="x" value="-810"/><int name="y" value="180"/><string name="u" value="bsc"/><int name="no" value="0"/><int name="zM" value="0"/></imgdir><imgdir name="61"><int name="x" value="-810"/><int name="y" value="240"/><string name="u" value="enH1"/><int name="no" value="1"/><int name="zM" value="0"/></imgdir><imgdir name="73"><int name="x" value="-810"/><int name="y" value="120"/><string name="u" value="bsc"/><int name="no" value="1"/><int name="zM" value="0"/></imgdir><imgdir name="31"><int name="x" value="-810"/><int name="y" value="60"/><string name="u" value="bsc"/><int name="no" value="0"/><int name="zM" value="0"/></imgdir><imgdir name="28"><int name="x" value="-720"/><int name="y" value="60"/><string name="u" value="bsc"/><int name="no" value="3"/><int name="zM" value="0"/></imgdir><imgdir name="57"><int name="x" value="-720"/><int name="y" value="120"/><string name="u" value="bsc"/><int name="no" value="4"/><int name="zM" value="0"/></imgdir><imgdir name="53"><int name="x" value="-720"/><int name="y" value="180"/><string name="u" value="bsc"/><int name="no" value="0"/><int name="zM" value="0"/></imgdir><imgdir name="59"><int name="x" value="-720"/><int name="y" value="240"/><string name="u" value="enH1"/><int name="no" value="0"/><int name="zM" value="0"/></imgdir><imgdir name="22"><int name="x" value="-630"/><int name="y" value="60"/><string name="u" value="bsc"/><int name="no" value="1"/><int name="zM" value="0"/></imgdir><imgdir name="54"><int name="x" value="-630"/><int name="y" value="120"/><string name="u" value="bsc"/><int name="no" value="0"/><int name="zM" value="0"/></imgdir><imgdir name="77"><int name="x" value="-630"/><int name="y" value="180"/><string name="u" value="bsc"/><int name="no" value="1"/><int name="zM" value="0"/></imgdir><imgdir name="55"><int name="x" value="-630"/><int name="y" value="240"/><string name="u" value="enH1"/><int name="no" value="1"/><int name="zM" value="0"/></imgdir><imgdir name="18"><int name="x" value="-540"/><int name="y" value="60"/><string name="u" value="bsc"/><int name="no" value="5"/><int name="zM" value="0"/></imgdir><imgdir name="79"><int name="x" value="-540"/><int name="y" value="120"/><string name="u" value="bsc"/><int name="no" value="3"/><int name="zM" value="0"/></imgdir><imgdir name="50"><int name="x" value="-540"/><int name="y" value="240"/><string name="u" value="enH1"/><int name="no" value="1"/><int name="zM" value="0"/></imgdir><imgdir name="80"><int name="x" value="-540"/><int name="y" value="180"/><string name="u" value="bsc"/><int name="no" value="2"/><int name="zM" value="0"/></imgdir><imgdir name="52"><int name="x" value="-450"/><int name="y" value="180"/><string name="u" value="bsc"/><int name="no" value="4"/><int name="zM" value="0"/></imgdir><imgdir name="51"><int name="x" value="-450"/><int name="y" value="240"/><string name="u" value="enH1"/><int name="no" value="0"/><int name="zM" value="0"/></imgdir><imgdir name="20"><int name="x" value="-450"/><int name="y" value="60"/><string name="u" value="bsc"/><int name="no" value="2"/><int name="zM" value="0"/></imgdir><imgdir name="76"><int name="x" value="-450"/><int name="y" value="120"/><string name="u" value="bsc"/><int name="no" value="4"/><int name="zM" value="0"/></imgdir><imgdir name="78"><int name="x" value="-360"/><int name="y" value="120"/><string name="u" value="bsc"/><int name="no" value="1"/><int name="zM" value="0"/></imgdir><imgdir name="27"><int name="x" value="-360"/><int name="y" value="60"/><string name="u" value="bsc"/><int name="no" value="0"/><int name="zM" value="0"/></imgdir><imgdir name="48"><int name="x" value="-360"/><int name="y" value="240"/><string name="u" value="enH1"/><int name="no" value="1"/><int name="zM" value="0"/></imgdir><imgdir name="81"><int name="x" value="-360"/><int name="y" value="180"/><string name="u" value="bsc"/><int name="no" value="4"/><int name="zM" value="0"/></imgdir><imgdir name="24"><int name="x" value="-270"/><int name="y" value="60"/><string name="u" value="bsc"/><int name="no" value="5"/><int name="zM" value="0"/></imgdir><imgdir name="82"><int name="x" value="-270"/><int name="y" value="120"/><string name="u" value="bsc"/><int name="no" value="1"/><int name="zM" value="0"/></imgdir><imgdir name="85"><int name="x" value="-270"/><int name="y" value="180"/><string name="u" value="bsc"/><int name="no" value="1"/><int name="zM" value="0"/></imgdir><imgdir name="49"><int name="x" value="-270"/><int name="y" value="240"/><string name="u" value="enH1"/><int name="no" value="0"/><int name="zM" value="0"/></imgdir><imgdir name="40"><int name="x" value="-180"/><int name="y" value="60"/><string name="u" value="bsc"/><int name="no" value="1"/><int name="zM" value="0"/></imgdir><imgdir name="83"><int name="x" value="-180"/><int name="y" value="120"/><string name="u" value="bsc"/><int name="no" value="5"/><int name="zM" value="0"/></imgdir><imgdir name="47"><int name="x" value="-180"/><int name="y" value="240"/><string name="u" value="enH1"/><int name="no" value="0"/><int name="zM" value="0"/></imgdir><imgdir name="46"><int name="x" value="-180"/><int name="y" value="180"/><string name="u" value="bsc"/><int name="no" value="4"/><int name="zM" value="0"/></imgdir><imgdir name="38"><int name="x" value="-90"/><int name="y" value="60"/><string name="u" value="bsc"/><int name="no" value="1"/><int name="zM" value="0"/></imgdir><imgdir name="36"><int name="x" value="0"/><int name="y" value="60"/><string name="u" value="bsc"/><int name="no" value="2"/><int name="zM" value="0"/></imgdir><imgdir name="86"><int name="x" value="-90"/><int name="y" value="120"/><string name="u" value="bsc"/><int name="no" value="3"/><int name="zM" value="0"/></imgdir><imgdir name="42"><int name="x" value="0"/><int name="y" value="120"/><string name="u" value="bsc"/><int name="no" value="0"/><int name="zM" value="0"/></imgdir><imgdir name="84"><int name="x" value="-90"/><int name="y" value="240"/><string name="u" value="enH1"/><int name="no" value="0"/><int name="zM" value="0"/></imgdir><imgdir name="87"><int name="x" value="-90"/><int name="y" value="180"/><string name="u" value="bsc"/><int name="no" value="2"/><int name="zM" value="0"/></imgdir><imgdir name="88"><int name="x" value="0"/><int name="y" value="240"/><string name="u" value="enH1"/><int name="no" value="1"/><int name="zM" value="0"/></imgdir><imgdir name="44"><int name="x" value="0"/><int name="y" value="180"/><string name="u" value="bsc"/><int name="no" value="2"/><int name="zM" value="0"/></imgdir><imgdir name="4"><int name="x" value="-270"/><int name="y" value="-300"/><string name="u" value="enH1"/><int name="no" value="1"/><int name="zM" value="1"/></imgdir><imgdir name="2"><int name="x" value="-270"/><int name="y" value="-300"/><string name="u" value="enH0"/><int name="no" value="3"/><int name="zM" value="1"/></imgdir><imgdir name="0"><int name="x" value="-180"/><int name="y" value="-300"/><string name="u" value="edD"/><int name="no" value="0"/><int name="zM" value="1"/></imgdir><imgdir name="7"><int name="x" value="-180"/><int name="y" value="-300"/><string name="u" value="edU"/><int name="no" value="2"/><int name="zM" value="1"/></imgdir><imgdir name="6"><int name="x" value="-360"/><int name="y" value="-300"/><string name="u" value="enH0"/><int name="no" value="2"/><int name="zM" value="1"/></imgdir><imgdir name="35"><int name="x" value="-360"/><int name="y" value="-300"/><string name="u" value="enH1"/><int name="no" value="1"/><int name="zM" value="1"/></imgdir><imgdir name="34"><int name="x" value="-450"/><int name="y" value="-300"/><string name="u" value="enH0"/><int name="no" value="1"/><int name="zM" value="1"/></imgdir><imgdir name="43"><int name="x" value="-450"/><int name="y" value="-300"/><string name="u" value="enH1"/><int name="no" value="0"/><int name="zM" value="1"/></imgdir><imgdir name="45"><int name="x" value="-450"/><int name="y" value="-300"/><string name="u" value="edD"/><int name="no" value="2"/><int name="zM" value="1"/></imgdir><imgdir name="89"><int name="x" value="-450"/><int name="y" value="-300"/><string name="u" value="edU"/><int name="no" value="1"/><int name="zM" value="1"/></imgdir><imgdir name="90"><int name="x" value="-1350"/><int name="y" value="60"/><string name="u" value="enV0"/><int name="no" value="0"/><int name="zM" value="0"/></imgdir><imgdir name="91"><int name="x" value="-1350"/><int name="y" value="60"/><string name="u" value="edU"/><int name="no" value="1"/><int name="zM" value="0"/></imgdir><imgdir name="92"><int name="x" value="-1350"/><int name="y" value="120"/><string name="u" value="enV0"/><int name="no" value="0"/><int name="zM" value="0"/></imgdir><imgdir name="93"><int name="x" value="-1350"/><int name="y" value="180"/><string name="u" value="enV0"/><int name="no" value="1"/><int name="zM" value="0"/></imgdir><imgdir name="94"><int name="x" value="-1350"/><int name="y" value="240"/><string name="u" value="edD"/><int name="no" value="2"/><int name="zM" value="0"/></imgdir><imgdir name="95"><int name="x" value="90"/><int name="y" value="60"/><string name="u" value="edU"/><int name="no" value="0"/><int name="zM" value="0"/></imgdir><imgdir name="98"><int name="x" value="90"/><int name="y" value="120"/><string name="u" value="enV1"/><int name="no" value="1"/><int name="zM" value="0"/></imgdir><imgdir name="99"><int name="x" value="90"/><int name="y" value="240"/><string name="u" value="edD"/><int name="no" value="1"/><int name="zM" value="0"/></imgdir><imgdir name="96"><int name="x" value="90"/><int name="y" value="60"/><string name="u" value="enV1"/><int name="no" value="1"/><int name="zM" value="0"/></imgdir><imgdir name="97"><int name="x" value="90"/><int name="y" value="180"/><string name="u" value="enV1"/><int name="no" value="0"/><int name="zM" value="0"/></imgdir></imgdir><imgdir name="obj"></imgdir></imgdir><imgdir name="foothold"><imgdir name="7"><imgdir name="1"><imgdir name="1"><int name="x1" value="-270"/><int name="y1" value="-325"/><int name="x2" value="-219"/><int name="y2" value="-325"/><int name="prev" value="2"/><int name="next" value="3"/><int name="piece" value="-1"/></imgdir><imgdir name="2"><int name="x1" value="-360"/><int name="y1" value="-325"/><int name="x2" value="-270"/><int name="y2" value="-325"/><int name="prev" value="9"/><int name="next" value="1"/><int name="piece" value="-1"/></imgdir><imgdir name="3"><int name="x1" value="-219"/><int name="y1" value="-325"/><int name="x2" value="-180"/><int name="y2" value="-325"/><int name="prev" value="1"/><int name="next" value="4"/><int name="piece" value="-1"/></imgdir><imgdir name="4"><int name="x1" value="-180"/><int name="y1" value="-325"/><int name="x2" value="-141"/><int name="y2" value="-325"/><int name="prev" value="3"/><int name="next" value="5"/><int name="piece" value="-1"/></imgdir><imgdir name="5"><int name="x1" value="-141"/><int name="y1" value="-325"/><int name="x2" value="-141"/><int name="y2" value="-300"/><int name="prev" value="4"/><int name="next" value="0"/><int name="piece" value="-1"/></imgdir><imgdir name="6"><int name="x1" value="-450"/><int name="y1" value="-325"/><int name="x2" value="-411"/><int name="y2" value="-325"/><int name="prev" value="8"/><int name="next" value="9"/><int name="piece" value="-1"/></imgdir><imgdir name="7"><int name="x1" value="-489"/><int name="y1" value="-300"/><int name="x2" value="-489"/><int name="y2" value="-325"/><int name="prev" value="0"/><int name="next" value="8"/><int name="piece" value="-1"/></imgdir><imgdir name="8"><int name="x1" value="-489"/><int name="y1" value="-325"/><int name="x2" value="-450"/><int name="y2" value="-325"/><int name="prev" value="7"/><int name="next" value="6"/><int name="piece" value="-1"/></imgdir><imgdir name="9"><int name="x1" value="-411"/><int name="y1" value="-325"/><int name="x2" value="-360"/><int name="y2" value="-325"/><int name="prev" value="6"/><int name="next" value="2"/><int name="piece" value="-1"/></imgdir></imgdir><imgdir name="0"><imgdir name="10"><int name="x1" value="-1260"/><int name="y1" value="35"/><int name="x2" value="-1170"/><int name="y2" value="35"/><int name="prev" value="29"/><int name="next" value="12"/><int name="piece" value="-1"/></imgdir><imgdir name="11"><int name="x1" value="-1350"/><int name="y1" value="35"/><int name="x2" value="-1311"/><int name="y2" value="35"/><int name="prev" value="28"/><int name="next" value="29"/><int name="piece" value="-1"/></imgdir><imgdir name="12"><int name="x1" value="-1170"/><int name="y1" value="35"/><int name="x2" value="-1080"/><int name="y2" value="35"/><int name="prev" value="10"/><int name="next" value="13"/><int name="piece" value="-1"/></imgdir><imgdir name="13"><int name="x1" value="-1080"/><int name="y1" value="35"/><int name="x2" value="-990"/><int name="y2" value="35"/><int name="prev" value="12"/><int name="next" value="14"/><int name="piece" value="-1"/></imgdir><imgdir name="14"><int name="x1" value="-990"/><int name="y1" value="35"/><int name="x2" value="-900"/><int name="y2" value="35"/><int name="prev" value="13"/><int name="next" value="22"/><int name="piece" value="-1"/></imgdir><imgdir name="15"><int name="x1" value="-540"/><int name="y1" value="35"/><int name="x2" value="-450"/><int name="y2" value="35"/><int name="prev" value="17"/><int name="next" value="16"/><int name="piece" value="-1"/></imgdir><imgdir name="16"><int name="x1" value="-450"/><int name="y1" value="35"/><int name="x2" value="-360"/><int name="y2" value="35"/><int name="prev" value="15"/><int name="next" value="19"/><int name="piece" value="-1"/></imgdir><imgdir name="17"><int name="x1" value="-630"/><int name="y1" value="35"/><int name="x2" value="-540"/><int name="y2" value="35"/><int name="prev" value="20"/><int name="next" value="15"/><int name="piece" value="-1"/></imgdir><imgdir name="18"><int name="x1" value="-270"/><int name="y1" value="35"/><int name="x2" value="-180"/><int name="y2" value="35"/><int name="prev" value="19"/><int name="next" value="25"/><int name="piece" value="-1"/></imgdir><imgdir name="19"><int name="x1" value="-360"/><int name="y1" value="35"/><int name="x2" value="-270"/><int name="y2" value="35"/><int name="prev" value="16"/><int name="next" value="18"/><int name="piece" value="-1"/></imgdir><imgdir name="20"><int name="x1" value="-720"/><int name="y1" value="35"/><int name="x2" value="-630"/><int name="y2" value="35"/><int name="prev" value="21"/><int name="next" value="17"/><int name="piece" value="-1"/></imgdir><imgdir name="21"><int name="x1" value="-810"/><int name="y1" value="35"/><int name="x2" value="-720"/><int name="y2" value="35"/><int name="prev" value="22"/><int name="next" value="20"/><int name="piece" value="-1"/></imgdir><imgdir name="22"><int name="x1" value="-900"/><int name="y1" value="35"/><int name="x2" value="-810"/><int name="y2" value="35"/><int name="prev" value="14"/><int name="next" value="21"/><int name="piece" value="-1"/></imgdir><imgdir name="23"><int name="x1" value="0"/><int name="y1" value="35"/><int name="x2" value="51"/><int name="y2" value="35"/><int name="prev" value="24"/><int name="next" value="32"/><int name="piece" value="-1"/></imgdir><imgdir name="24"><int name="x1" value="-90"/><int name="y1" value="35"/><int name="x2" value="0"/><int name="y2" value="35"/><int name="prev" value="25"/><int name="next" value="23"/><int name="piece" value="-1"/></imgdir><imgdir name="25"><int name="x1" value="-180"/><int name="y1" value="35"/><int name="x2" value="-90"/><int name="y2" value="35"/><int name="prev" value="18"/><int name="next" value="24"/><int name="piece" value="-1"/></imgdir><imgdir name="26"><int name="x1" value="-1389"/><int name="y1" value="120"/><int name="x2" value="-1389"/><int name="y2" value="60"/><int name="prev" value="30"/><int name="next" value="27"/><int name="piece" value="-1"/></imgdir><imgdir name="27"><int name="x1" value="-1389"/><int name="y1" value="60"/><int name="x2" value="-1389"/><int name="y2" value="35"/><int name="prev" value="26"/><int name="next" value="28"/><int name="piece" value="-1"/></imgdir><imgdir name="28"><int name="x1" value="-1389"/><int name="y1" value="35"/><int name="x2" value="-1350"/><int name="y2" value="35"/><int name="prev" value="27"/><int name="next" value="11"/><int name="piece" value="-1"/></imgdir><imgdir name="29"><int name="x1" value="-1311"/><int name="y1" value="35"/><int name="x2" value="-1260"/><int name="y2" value="35"/><int name="prev" value="11"/><int name="next" value="10"/><int name="piece" value="-1"/></imgdir><imgdir name="30"><int name="x1" value="-1389"/><int name="y1" value="180"/><int name="x2" value="-1389"/><int name="y2" value="120"/><int name="prev" value="31"/><int name="next" value="26"/><int name="piece" value="-1"/></imgdir><imgdir name="31"><int name="x1" value="-1389"/><int name="y1" value="240"/><int name="x2" value="-1389"/><int name="y2" value="180"/><int name="prev" value="0"/><int name="next" value="30"/><int name="piece" value="-1"/></imgdir><imgdir name="32"><int name="x1" value="51"/><int name="y1" value="35"/><int name="x2" value="90"/><int name="y2" value="35"/><int name="prev" value="23"/><int name="next" value="33"/><int name="piece" value="-1"/></imgdir><imgdir name="33"><int name="x1" value="90"/><int name="y1" value="35"/><int name="x2" value="129"/><int name="y2" value="35"/><int name="prev" value="32"/><int name="next" value="34"/><int name="piece" value="-1"/></imgdir><imgdir name="34"><int name="x1" value="129"/><int name="y1" value="35"/><int name="x2" value="129"/><int name="y2" value="60"/><int name="prev" value="33"/><int name="next" value="35"/><int name="piece" value="-1"/></imgdir><imgdir name="35"><int name="x1" value="129"/><int name="y1" value="60"/><int name="x2" value="129"/><int name="y2" value="120"/><int name="prev" value="34"/><int name="next" value="37"/><int name="piece" value="-1"/></imgdir><imgdir name="36"><int name="x1" value="129"/><int name="y1" value="180"/><int name="x2" value="129"/><int name="y2" value="240"/><int name="prev" value="37"/><int name="next" value="0"/><int name="piece" value="-1"/></imgdir><imgdir name="37"><int name="x1" value="129"/><int name="y1" value="120"/><int name="x2" value="129"/><int name="y2" value="180"/><int name="prev" value="35"/><int name="next" value="36"/><int name="piece" value="-1"/></imgdir></imgdir></imgdir></imgdir><imgdir name="ladderRope"></imgdir><imgdir name="miniMap"><canvas name="canvas" width="94" height="38"><string name="_hash" value="52bd86e0cbd4eafafeed950570f2103a23aabf42b156e65cbda243833b4da7f6"/></canvas><int name="width" value="1506"/><int name="height" value="610"/><int name="centerX" value="1381"/><int name="centerY" value="329"/><int name="mag" value="4"/></imgdir><imgdir name="portal"><imgdir name="0"><string name="pn" value="sp"/><int name="pt" value="0"/><int name="x" value="-798"/><int name="y" value="7"/><int name="tm" value="999999999"/><string name="tn" value=""/><int name="horizontalImpact" value="0"/></imgdir><imgdir name="1"><string name="pn" value="sp"/><int name="pt" value="0"/><int name="x" value="-931"/><int name="y" value="13"/><int name="tm" value="999999999"/><string name="tn" value=""/><int name="horizontalImpact" value="0"/></imgdir><imgdir name="2"><string name="pn" value="sp"/><int name="pt" value="0"/><int name="x" value="-1051"/><int name="y" value="11"/><int name="tm" value="999999999"/><string name="tn" value=""/><int name="horizontalImpact" value="0"/></imgdir><imgdir name="3"><string name="pn" value="sp"/><int name="pt" value="0"/><int name="x" value="-1275"/><int name="y" value="7"/><int name="tm" value="999999999"/><string name="tn" value=""/><int name="horizontalImpact" value="0"/></imgdir><imgdir name="4"><string name="pn" value="sp"/><int name="pt" value="0"/><int name="x" value="-562"/><int name="y" value="3"/><int name="tm" value="999999999"/><string name="tn" value=""/><int name="horizontalImpact" value="0"/></imgdir><imgdir name="5"><string name="pn" value="sp"/><int name="pt" value="0"/><int name="x" value="-688"/><int name="y" value="10"/><int name="tm" value="999999999"/><string name="tn" value=""/><int name="horizontalImpact" value="0"/></imgdir><imgdir name="6"><string name="pn" value="sp"/><int name="pt" value="0"/><int name="x" value="-623"/><int name="y" value="13"/><int name="tm" value="999999999"/><string name="tn" value=""/><int name="horizontalImpact" value="0"/></imgdir><imgdir name="7"><string name="pn" value="sp"/><int name="pt" value="0"/><int name="x" value="-455"/><int name="y" value="5"/><int name="tm" value="999999999"/><string name="tn" value=""/><int name="horizontalImpact" value="0"/></imgdir><imgdir name="8"><string name="pn" value="sp"/><int name="pt" value="0"/><int name="x" value="-1184"/><int name="y" value="13"/><int name="tm" value="999999999"/><string name="tn" value=""/><int name="horizontalImpact" value="0"/></imgdir><imgdir name="9"><string name="pn" value="out00"/><int name="pt" value="7"/><int name="x" value="-271"/><int name="y" value="33"/><int name="tm" value="999999999"/><string name="tn" value=""/><int name="horizontalImpact" value="0"/><string name="script" value="out_910048200"/></imgdir></imgdir></imgdir>