<?xml version="1.0" encoding="UTF-8" standalone="yes"?><imgdir name="910090313.img"><imgdir name="info"><int name="version" value="10"/><int name="cloud" value="0"/><int name="town" value="0"/><int name="swim" value="1"/><int name="returnMap" value="100051043"/><int name="forcedReturn" value="100051043"/><float name="mobRate" value="1.0"/><string name="bgm" value="Bgm51/ThePartemRuins"/><string name="mapMark" value="Partem"/><int name="fly" value="0"/><int name="standAlone" value="0"/><int name="partyStandAlone" value="0"/><int name="quarterView" value="0"/><int name="noMapCmd" value="0"/><int name="hideMinimap" value="0"/><int name="fieldLimit" value="271096"/><string name="AmbientBGM" value=""/><int name="AmbientBGMv" value="100"/><string name="fieldScript" value=""/><string name="onFirstUserEnter" value=""/><string name="onUserEnter" value="enter_910090313"/><int name="noChair" value="1"/><int name="qrLimit" value="35900"/></imgdir><imgdir name="back"><imgdir name="0"><string name="bS" value="partem3"/><int name="front" value="0"/><int name="ani" value="0"/><int name="no" value="0"/><int name="f" value="0"/><int name="w" value="0"/><int name="x" value="80"/><int name="y" value="-89"/><int name="rx" value="0"/><int name="ry" value="0"/><int name="wx" value="0"/><int name="wy" value="0"/><int name="type" value="3"/><int name="cx" value="100"/><int name="cy" value="0"/><int name="a" value="255"/><string name="backTags" value=""/></imgdir><imgdir name="1"><string name="bS" value="partem3"/><int name="front" value="0"/><int name="ani" value="0"/><int name="no" value="1"/><int name="f" value="0"/><int name="w" value="0"/><int name="x" value="-649"/><int name="y" value="-287"/><int name="rx" value="-1"/><int name="ry" value="-60"/><int name="wx" value="0"/><int name="wy" value="0"/><int name="type" value="3"/><int name="cx" value="1300"/><int name="cy" value="0"/><int name="a" value="255"/><string name="backTags" value=""/></imgdir><imgdir name="2"><string name="bS" value="partem3"/><int name="front" value="0"/><int name="ani" value="0"/><int name="no" value="2"/><int name="f" value="0"/><int name="w" value="0"/><int name="x" value="-64"/><int name="y" value="10"/><int name="rx" value="-1"/><int name="ry" value="-60"/><int name="wx" value="0"/><int name="wy" value="0"/><int name="type" value="3"/><int name="cx" value="2000"/><int name="cy" value="0"/><int name="a" value="255"/><string name="backTags" value=""/><int name="flowX" value="0"/><int name="flowY" value="-8"/></imgdir><imgdir name="3"><string name="bS" value="partem3"/><int name="front" value="0"/><int name="ani" value="0"/><int name="no" value="3"/><int name="f" value="0"/><int name="w" value="0"/><int name="x" value="334"/><int name="y" value="-64"/><int name="rx" value="-1"/><int name="ry" value="-60"/><int name="wx" value="0"/><int name="wy" value="0"/><int name="type" value="3"/><int name="cx" value="1000"/><int name="cy" value="0"/><int name="a" value="255"/><string name="backTags" value=""/><int name="flowX" value="0"/><int name="flowY" value="-8"/></imgdir><imgdir name="4"><string name="bS" value="partem3"/><int name="front" value="0"/><int name="ani" value="0"/><int name="no" value="4"/><int name="f" value="0"/><int name="w" value="0"/><int name="x" value="-494"/><int name="y" value="-74"/><int name="rx" value="-10"/><int name="ry" value="-65"/><int name="wx" value="0"/><int name="wy" value="0"/><int name="type" value="3"/><int name="cx" value="2000"/><int name="cy" value="1110"/><int name="a" value="255"/><string name="backTags" value=""/><int name="flowX" value="0"/><int name="flowY" value="-8"/></imgdir><imgdir name="5"><string name="bS" value="partem3"/><int name="front" value="0"/><int name="ani" value="0"/><int name="no" value="5"/><int name="f" value="0"/><int name="w" value="0"/><int name="x" value="90"/><int name="y" value="-2"/><int name="rx" value="-10"/><int name="ry" value="-65"/><int name="wx" value="0"/><int name="wy" value="0"/><int name="type" value="3"/><int name="cx" value="2000"/><int name="cy" value="1110"/><int name="a" value="255"/><string name="backTags" value=""/><int name="flowX" value="0"/><int name="flowY" value="-8"/></imgdir><imgdir name="6"><string name="bS" value="partem3"/><int name="front" value="0"/><int name="ani" value="0"/><int name="no" value="6"/><int name="f" value="0"/><int name="w" value="0"/><int name="x" value="806"/><int name="y" value="46"/><int name="rx" value="-10"/><int name="ry" value="-65"/><int name="wx" value="0"/><int name="wy" value="0"/><int name="type" value="3"/><int name="cx" value="2000"/><int name="cy" value="1110"/><int name="a" value="255"/><string name="backTags" value=""/><int name="flowX" value="0"/><int name="flowY" value="-10"/></imgdir><imgdir name="7"><string name="bS" value="partem3"/><int name="front" value="0"/><int name="ani" value="0"/><int name="no" value="7"/><int name="f" value="0"/><int name="w" value="0"/><int name="x" value="438"/><int name="y" value="-75"/><int name="rx" value="-10"/><int name="ry" value="-65"/><int name="wx" value="0"/><int name="wy" value="0"/><int name="type" value="3"/><int name="cx" value="2000"/><int name="cy" value="1110"/><int name="a" value="255"/><string name="backTags" value=""/><int name="flowX" value="0"/><int name="flowY" value="-10"/></imgdir><imgdir name="8"><string name="bS" value="partem3"/><int name="front" value="0"/><int name="ani" value="0"/><int name="no" value="21"/><int name="f" value="0"/><int name="w" value="0"/><int name="x" value="-118"/><int name="y" value="-121"/><int name="rx" value="-10"/><int name="ry" value="-65"/><int name="wx" value="0"/><int name="wy" value="0"/><int name="type" value="3"/><int name="cx" value="800"/><int name="cy" value="800"/><int name="a" value="255"/><string name="backTags" value=""/><int name="flowX" value="0"/><int name="flowY" value="-10"/></imgdir><imgdir name="9"><string name="bS" value="partem3"/><int name="front" value="0"/><int name="ani" value="0"/><int name="no" value="8"/><int name="f" value="0"/><int name="w" value="0"/><int name="x" value="-746"/><int name="y" value="-93"/><int name="rx" value="-30"/><int name="ry" value="-70"/><int name="wx" value="0"/><int name="wy" value="0"/><int name="type" value="2"/><int name="cx" value="0"/><int name="cy" value="1190"/><int name="a" value="255"/><string name="backTags" value=""/><int name="flowX" value="0"/><int name="flowY" value="-10"/></imgdir><imgdir name="10"><string name="bS" value="partem3"/><int name="front" value="0"/><int name="ani" value="0"/><int name="no" value="9"/><int name="f" value="0"/><int name="w" value="0"/><int name="x" value="779"/><int name="y" value="17"/><int name="rx" value="-30"/><int name="ry" value="-70"/><int name="wx" value="0"/><int name="wy" value="0"/><int name="type" value="2"/><int name="cx" value="0"/><int name="cy" value="1190"/><int name="a" value="255"/><string name="backTags" value=""/><int name="flowX" value="0"/><int name="flowY" value="-10"/></imgdir><imgdir name="11"><string name="bS" value="partem3"/><int name="front" value="0"/><int name="ani" value="0"/><int name="no" value="10"/><int name="f" value="0"/><int name="w" value="0"/><int name="x" value="-258"/><int name="y" value="-124"/><int name="rx" value="-30"/><int name="ry" value="-70"/><int name="wx" value="0"/><int name="wy" value="0"/><int name="type" value="2"/><int name="cx" value="0"/><int name="cy" value="1190"/><int name="a" value="255"/><string name="backTags" value=""/><int name="flowX" value="0"/><int name="flowY" value="-10"/></imgdir><imgdir name="12"><string name="bS" value="partem3"/><int name="front" value="0"/><int name="ani" value="0"/><int name="no" value="11"/><int name="f" value="0"/><int name="w" value="0"/><int name="x" value="268"/><int name="y" value="-70"/><int name="rx" value="-30"/><int name="ry" value="-70"/><int name="wx" value="0"/><int name="wy" value="0"/><int name="type" value="2"/><int name="cx" value="0"/><int name="cy" value="1190"/><int name="a" value="255"/><string name="backTags" value=""/><int name="flowX" value="0"/><int name="flowY" value="-10"/></imgdir><imgdir name="13"><string name="bS" value="partem3"/><int name="front" value="0"/><int name="ani" value="0"/><int name="no" value="22"/><int name="f" value="0"/><int name="w" value="0"/><int name="x" value="-217"/><int name="y" value="95"/><int name="rx" value="-30"/><int name="ry" value="-70"/><int name="wx" value="0"/><int name="wy" value="0"/><int name="type" value="0"/><int name="cx" value="800"/><int name="cy" value="800"/><int name="a" value="255"/><int name="flowX" value="0"/><int name="flowY" value="-8"/><string name="backTags" value=""/></imgdir><imgdir name="14"><string name="bS" value="partem3"/><int name="front" value="0"/><int name="ani" value="0"/><int name="no" value="23"/><int name="f" value="0"/><int name="w" value="0"/><int name="x" value="-181"/><int name="y" value="198"/><int name="rx" value="-30"/><int name="ry" value="-70"/><int name="wx" value="0"/><int name="wy" value="0"/><int name="type" value="0"/><int name="cx" value="800"/><int name="cy" value="800"/><int name="a" value="255"/><string name="backTags" value=""/><int name="flowX" value="0"/><int name="flowY" value="-8"/></imgdir><imgdir name="15"><string name="bS" value="partem3"/><int name="front" value="0"/><int name="ani" value="0"/><int name="no" value="24"/><int name="f" value="0"/><int name="w" value="0"/><int name="x" value="128"/><int name="y" value="-313"/><int name="rx" value="-30"/><int name="ry" value="-70"/><int name="wx" value="0"/><int name="wy" value="0"/><int name="type" value="0"/><int name="cx" value="800"/><int name="cy" value="800"/><int name="a" value="255"/><string name="backTags" value=""/><int name="flowX" value="0"/><int name="flowY" value="-8"/></imgdir><imgdir name="16"><string name="bS" value="partem3"/><int name="front" value="0"/><int name="ani" value="0"/><int name="no" value="12"/><int name="f" value="0"/><int name="w" value="0"/><int name="x" value="-323"/><int name="y" value="-62"/><int name="rx" value="-30"/><int name="ry" value="-70"/><int name="wx" value="0"/><int name="wy" value="0"/><int name="type" value="3"/><int name="cx" value="1200"/><int name="cy" value="800"/><int name="a" value="255"/><string name="backTags" value=""/><int name="flowX" value="0"/><int name="flowY" value="-8"/></imgdir><imgdir name="17"><string name="bS" value="partem3"/><int name="front" value="0"/><int name="ani" value="0"/><int name="no" value="29"/><int name="f" value="0"/><int name="w" value="0"/><int name="x" value="-616"/><int name="y" value="-1484"/><int name="rx" value="-90"/><int name="ry" value="-90"/><int name="wx" value="0"/><int name="wy" value="0"/><int name="type" value="2"/><int name="cx" value="0"/><int name="cy" value="530"/><int name="a" value="255"/><string name="backTags" value=""/><int name="flowX" value="0"/><int name="flowY" value="-15"/></imgdir><imgdir name="20"><string name="bS" value="partem3"/><int name="front" value="0"/><int name="ani" value="0"/><int name="no" value="26"/><int name="f" value="0"/><int name="w" value="0"/><int name="x" value="-1788"/><int name="y" value="-879"/><int name="rx" value="-90"/><int name="ry" value="-90"/><int name="wx" value="0"/><int name="wy" value="0"/><int name="type" value="3"/><int name="cx" value="1500"/><int name="cy" value="1500"/><int name="a" value="255"/><string name="backTags" value=""/><int name="flowX" value="0"/><int name="flowY" value="-20"/></imgdir><imgdir name="21"><string name="bS" value="partem3"/><int name="front" value="0"/><int name="ani" value="0"/><int name="no" value="27"/><int name="f" value="0"/><int name="w" value="0"/><int name="x" value="283"/><int name="y" value="169"/><int name="rx" value="-90"/><int name="ry" value="-90"/><int name="wx" value="0"/><int name="wy" value="0"/><int name="type" value="3"/><int name="cx" value="1500"/><int name="cy" value="700"/><int name="a" value="255"/><string name="backTags" value=""/><int name="flowX" value="0"/><int name="flowY" value="-20"/></imgdir><imgdir name="22"><string name="bS" value="partem3"/><int name="front" value="0"/><int name="ani" value="0"/><int name="no" value="17"/><int name="f" value="0"/><int name="w" value="0"/><int name="x" value="123"/><int name="y" value="-446"/><int name="rx" value="-90"/><int name="ry" value="-90"/><int name="wx" value="0"/><int name="wy" value="0"/><int name="type" value="3"/><int name="cx" value="1500"/><int name="cy" value="1000"/><int name="a" value="255"/><string name="backTags" value=""/><int name="flowX" value="0"/><int name="flowY" value="-20"/></imgdir><imgdir name="23"><string name="bS" value="partem3"/><int name="front" value="0"/><int name="ani" value="0"/><int name="no" value="18"/><int name="f" value="0"/><int name="w" value="0"/><int name="x" value="-266"/><int name="y" value="104"/><int name="rx" value="-90"/><int name="ry" value="-90"/><int name="wx" value="0"/><int name="wy" value="0"/><int name="type" value="3"/><int name="cx" value="1500"/><int name="cy" value="1000"/><int name="a" value="255"/><string name="backTags" value=""/><int name="flowX" value="0"/><int name="flowY" value="-20"/></imgdir><imgdir name="24"><string name="bS" value="partem3"/><int name="front" value="0"/><int name="ani" value="0"/><int name="no" value="19"/><int name="f" value="0"/><int name="w" value="0"/><int name="x" value="-3"/><int name="y" value="325"/><int name="rx" value="0"/><int name="ry" value="0"/><int name="wx" value="0"/><int name="wy" value="0"/><int name="type" value="1"/><int name="cx" value="0"/><int name="cy" value="0"/><int name="a" value="255"/><string name="backTags" value=""/></imgdir><imgdir name="19"><string name="bS" value="partem3"/><int name="front" value="0"/><int name="ani" value="0"/><int name="no" value="25"/><int name="f" value="0"/><int name="w" value="0"/><int name="x" value="-767"/><int name="y" value="-177"/><int name="rx" value="-90"/><int name="ry" value="-90"/><int name="wx" value="0"/><int name="wy" value="0"/><int name="type" value="3"/><int name="cx" value="1500"/><int name="cy" value="1500"/><int name="a" value="255"/><string name="backTags" value=""/><int name="flowX" value="0"/><int name="flowY" value="-20"/></imgdir><imgdir name="18"><string name="bS" value="partem3"/><int name="front" value="0"/><int name="ani" value="0"/><int name="no" value="28"/><int name="f" value="0"/><int name="w" value="0"/><int name="x" value="419"/><int name="y" value="-512"/><int name="rx" value="-90"/><int name="ry" value="-90"/><int name="wx" value="0"/><int name="wy" value="0"/><int name="type" value="2"/><int name="cx" value="0"/><int name="cy" value="530"/><int name="a" value="255"/><string name="backTags" value=""/><int name="flowX" value="0"/><int name="flowY" value="-15"/></imgdir></imgdir><imgdir name="life"></imgdir><imgdir name="reactor"></imgdir><imgdir name="0"><imgdir name="info"></imgdir><imgdir name="tile"></imgdir><imgdir name="obj"></imgdir></imgdir><imgdir name="1"><imgdir name="info"><string name="tS" value="allInvisibleTile"/><int name="tSMag" value="1"/></imgdir><imgdir name="tile"><imgdir name="6"><int name="x" value="90"/><int name="y" value="240"/><string name="u" value="edU"/><int name="no" value="0"/><int name="zM" value="4"/></imgdir><imgdir name="8"><int name="x" value="0"/><int name="y" value="240"/><string name="u" value="enH0"/><int name="no" value="0"/><int name="zM" value="4"/></imgdir><imgdir name="12"><int name="x" value="-180"/><int name="y" value="120"/><string name="u" value="edU"/><int name="no" value="0"/><int name="zM" value="4"/></imgdir><imgdir name="10"><int name="x" value="-180"/><int name="y" value="120"/><string name="u" value="enV0"/><int name="no" value="0"/><int name="zM" value="4"/></imgdir><imgdir name="0"><int name="x" value="-180"/><int name="y" value="180"/><string name="u" value="enV0"/><int name="no" value="0"/><int name="zM" value="4"/></imgdir><imgdir name="11"><int name="x" value="-180"/><int name="y" value="180"/><string name="u" value="bsc"/><int name="no" value="0"/><int name="zM" value="4"/></imgdir><imgdir name="3"><int name="x" value="-90"/><int name="y" value="240"/><string name="u" value="slRU"/><int name="no" value="0"/><int name="zM" value="4"/></imgdir><imgdir name="5"><int name="x" value="-180"/><int name="y" value="180"/><string name="u" value="slRU"/><int name="no" value="0"/><int name="zM" value="4"/></imgdir><imgdir name="14"><int name="x" value="90"/><int name="y" value="300"/><string name="u" value="edD"/><int name="no" value="0"/><int name="zM" value="4"/></imgdir><imgdir name="16"><int name="x" value="-180"/><int name="y" value="300"/><string name="u" value="edD"/><int name="no" value="0"/><int name="zM" value="4"/></imgdir><imgdir name="7"><int name="x" value="90"/><int name="y" value="240"/><string name="u" value="enV1"/><int name="no" value="0"/><int name="zM" value="4"/></imgdir><imgdir name="9"><int name="x" value="0"/><int name="y" value="240"/><string name="u" value="bsc"/><int name="no" value="0"/><int name="zM" value="4"/></imgdir><imgdir name="13"><int name="x" value="0"/><int name="y" value="300"/><string name="u" value="enH1"/><int name="no" value="0"/><int name="zM" value="4"/></imgdir><imgdir name="2"><int name="x" value="-90"/><int name="y" value="240"/><string name="u" value="bsc"/><int name="no" value="0"/><int name="zM" value="4"/></imgdir><imgdir name="17"><int name="x" value="-90"/><int name="y" value="300"/><string name="u" value="enH1"/><int name="no" value="0"/><int name="zM" value="4"/></imgdir><imgdir name="4"><int name="x" value="-180"/><int name="y" value="240"/><string name="u" value="bsc"/><int name="no" value="0"/><int name="zM" value="4"/></imgdir><imgdir name="1"><int name="x" value="-180"/><int name="y" value="300"/><string name="u" value="enH1"/><int name="no" value="0"/><int name="zM" value="4"/></imgdir><imgdir name="15"><int name="x" value="-180"/><int name="y" value="240"/><string name="u" value="enV0"/><int name="no" value="0"/><int name="zM" value="4"/></imgdir><imgdir name="18"><int name="x" value="-540"/><int name="y" value="480"/><string name="u" value="edU"/><int name="no" value="0"/><int name="zM" value="0"/></imgdir><imgdir name="19"><int name="x" value="-540"/><int name="y" value="480"/><string name="u" value="edD"/><int name="no" value="0"/><int name="zM" value="0"/></imgdir><imgdir name="44"><int name="x" value="630"/><int name="y" value="480"/><string name="u" value="edU"/><int name="no" value="0"/><int name="zM" value="0"/></imgdir><imgdir name="45"><int name="x" value="630"/><int name="y" value="480"/><string name="u" value="edD"/><int name="no" value="0"/><int name="zM" value="0"/></imgdir><imgdir name="46"><int name="x" value="540"/><int name="y" value="480"/><string name="u" value="enH0"/><int name="no" value="0"/><int name="zM" value="0"/></imgdir><imgdir name="47"><int name="x" value="540"/><int name="y" value="480"/><string name="u" value="enH1"/><int name="no" value="0"/><int name="zM" value="0"/></imgdir><imgdir name="42"><int name="x" value="450"/><int name="y" value="480"/><string name="u" value="enH1"/><int name="no" value="0"/><int name="zM" value="0"/></imgdir><imgdir name="43"><int name="x" value="450"/><int name="y" value="480"/><string name="u" value="enH0"/><int name="no" value="0"/><int name="zM" value="0"/></imgdir><imgdir name="40"><int name="x" value="360"/><int name="y" value="480"/><string name="u" value="enH1"/><int name="no" value="0"/><int name="zM" value="0"/></imgdir><imgdir name="41"><int name="x" value="360"/><int name="y" value="480"/><string name="u" value="enH0"/><int name="no" value="0"/><int name="zM" value="0"/></imgdir><imgdir name="38"><int name="x" value="270"/><int name="y" value="480"/><string name="u" value="enH1"/><int name="no" value="0"/><int name="zM" value="0"/></imgdir><imgdir name="39"><int name="x" value="270"/><int name="y" value="480"/><string name="u" value="enH0"/><int name="no" value="0"/><int name="zM" value="0"/></imgdir><imgdir name="36"><int name="x" value="180"/><int name="y" value="480"/><string name="u" value="enH1"/><int name="no" value="0"/><int name="zM" value="0"/></imgdir><imgdir name="37"><int name="x" value="180"/><int name="y" value="480"/><string name="u" value="enH0"/><int name="no" value="0"/><int name="zM" value="0"/></imgdir><imgdir name="34"><int name="x" value="90"/><int name="y" value="480"/><string name="u" value="enH1"/><int name="no" value="0"/><int name="zM" value="0"/></imgdir><imgdir name="35"><int name="x" value="90"/><int name="y" value="480"/><string name="u" value="enH0"/><int name="no" value="0"/><int name="zM" value="0"/></imgdir><imgdir name="32"><int name="x" value="0"/><int name="y" value="480"/><string name="u" value="enH1"/><int name="no" value="0"/><int name="zM" value="0"/></imgdir><imgdir name="33"><int name="x" value="0"/><int name="y" value="480"/><string name="u" value="enH0"/><int name="no" value="0"/><int name="zM" value="0"/></imgdir><imgdir name="24"><int name="x" value="-360"/><int name="y" value="480"/><string name="u" value="enH1"/><int name="no" value="0"/><int name="zM" value="0"/></imgdir><imgdir name="25"><int name="x" value="-360"/><int name="y" value="480"/><string name="u" value="enH0"/><int name="no" value="0"/><int name="zM" value="0"/></imgdir><imgdir name="22"><int name="x" value="-450"/><int name="y" value="480"/><string name="u" value="enH1"/><int name="no" value="0"/><int name="zM" value="0"/></imgdir><imgdir name="23"><int name="x" value="-450"/><int name="y" value="480"/><string name="u" value="enH0"/><int name="no" value="0"/><int name="zM" value="0"/></imgdir><imgdir name="20"><int name="x" value="-540"/><int name="y" value="480"/><string name="u" value="enH1"/><int name="no" value="0"/><int name="zM" value="0"/></imgdir><imgdir name="21"><int name="x" value="-540"/><int name="y" value="480"/><string name="u" value="enH0"/><int name="no" value="0"/><int name="zM" value="0"/></imgdir><imgdir name="30"><int name="x" value="-90"/><int name="y" value="480"/><string name="u" value="enH1"/><int name="no" value="0"/><int name="zM" value="0"/></imgdir><imgdir name="31"><int name="x" value="-90"/><int name="y" value="480"/><string name="u" value="enH0"/><int name="no" value="0"/><int name="zM" value="0"/></imgdir><imgdir name="26"><int name="x" value="-180"/><int name="y" value="480"/><string name="u" value="enH1"/><int name="no" value="0"/><int name="zM" value="0"/></imgdir><imgdir name="27"><int name="x" value="-180"/><int name="y" value="480"/><string name="u" value="enH0"/><int name="no" value="0"/><int name="zM" value="0"/></imgdir><imgdir name="28"><int name="x" value="-270"/><int name="y" value="480"/><string name="u" value="enH1"/><int name="no" value="0"/><int name="zM" value="0"/></imgdir><imgdir name="29"><int name="x" value="-270"/><int name="y" value="480"/><string name="u" value="enH0"/><int name="no" value="0"/><int name="zM" value="0"/></imgdir></imgdir><imgdir name="obj"></imgdir></imgdir><imgdir name="2"><imgdir name="info"><string name="tS" value="blackTileFly"/><int name="tSMag" value="1"/></imgdir><imgdir name="tile"><imgdir name="0"><int name="x" value="-225"/><int name="y" value="210"/><string name="u" value="edU"/><int name="no" value="0"/><int name="zM" value="7"/></imgdir><imgdir name="1"><int name="x" value="-225"/><int name="y" value="210"/><string name="u" value="edD"/><int name="no" value="0"/><int name="zM" value="7"/></imgdir><imgdir name="2"><int name="x" value="135"/><int name="y" value="210"/><string name="u" value="edU"/><int name="no" value="0"/><int name="zM" value="8"/></imgdir><imgdir name="3"><int name="x" value="135"/><int name="y" value="210"/><string name="u" value="edD"/><int name="no" value="0"/><int name="zM" value="8"/></imgdir><imgdir name="4"><int name="x" value="315"/><int name="y" value="210"/><string name="u" value="edU"/><int name="no" value="0"/><int name="zM" value="9"/></imgdir><imgdir name="5"><int name="x" value="315"/><int name="y" value="210"/><string name="u" value="edD"/><int name="no" value="0"/><int name="zM" value="9"/></imgdir><imgdir name="6"><int name="x" value="495"/><int name="y" value="210"/><string name="u" value="edU"/><int name="no" value="0"/><int name="zM" value="5"/></imgdir><imgdir name="7"><int name="x" value="495"/><int name="y" value="210"/><string name="u" value="edD"/><int name="no" value="0"/><int name="zM" value="5"/></imgdir><imgdir name="8"><int name="x" value="-495"/><int name="y" value="210"/><string name="u" value="edU"/><int name="no" value="0"/><int name="zM" value="6"/></imgdir><imgdir name="9"><int name="x" value="-495"/><int name="y" value="210"/><string name="u" value="edD"/><int name="no" value="0"/><int name="zM" value="6"/></imgdir><imgdir name="10"><int name="x" value="-315"/><int name="y" value="390"/><string name="u" value="edU"/><int name="no" value="0"/><int name="zM" value="1"/></imgdir><imgdir name="11"><int name="x" value="-315"/><int name="y" value="390"/><string name="u" value="edD"/><int name="no" value="0"/><int name="zM" value="1"/></imgdir><imgdir name="12"><int name="x" value="45"/><int name="y" value="390"/><string name="u" value="edU"/><int name="no" value="0"/><int name="zM" value="2"/></imgdir><imgdir name="13"><int name="x" value="45"/><int name="y" value="390"/><string name="u" value="edD"/><int name="no" value="0"/><int name="zM" value="2"/></imgdir><imgdir name="14"><int name="x" value="315"/><int name="y" value="390"/><string name="u" value="edU"/><int name="no" value="0"/><int name="zM" value="3"/></imgdir><imgdir name="15"><int name="x" value="315"/><int name="y" value="390"/><string name="u" value="edD"/><int name="no" value="0"/><int name="zM" value="3"/></imgdir><imgdir name="16"><int name="x" value="45"/><int name="y" value="-330"/><string name="u" value="edU"/><int name="no" value="0"/><int name="zM" value="10"/></imgdir><imgdir name="17"><int name="x" value="45"/><int name="y" value="-330"/><string name="u" value="edD"/><int name="no" value="0"/><int name="zM" value="10"/></imgdir></imgdir><imgdir name="obj"></imgdir></imgdir><imgdir name="3"><imgdir name="info"></imgdir><imgdir name="tile"></imgdir><imgdir name="obj"></imgdir></imgdir><imgdir name="4"><imgdir name="info"></imgdir><imgdir name="tile"></imgdir><imgdir name="obj"></imgdir></imgdir><imgdir name="5"><imgdir name="info"></imgdir><imgdir name="tile"></imgdir><imgdir name="obj"></imgdir></imgdir><imgdir name="6"><imgdir name="info"></imgdir><imgdir name="tile"></imgdir><imgdir name="obj"></imgdir></imgdir><imgdir name="7"><imgdir name="info"></imgdir><imgdir name="tile"></imgdir><imgdir name="obj"></imgdir></imgdir><imgdir name="foothold"><imgdir name="1"><imgdir name="4"><imgdir name="1"><int name="x1" value="-219"/><int name="y1" value="240"/><int name="x2" value="-219"/><int name="y2" value="180"/><int name="prev" value="13"/><int name="next" value="8"/><int name="piece" value="-1"/></imgdir><imgdir name="2"><int name="x1" value="-90"/><int name="y1" value="155"/><int name="x2" value="0"/><int name="y2" value="215"/><int name="prev" value="3"/><int name="next" value="7"/><int name="piece" value="-1"/></imgdir><imgdir name="3"><int name="x1" value="-180"/><int name="y1" value="95"/><int name="x2" value="-90"/><int name="y2" value="155"/><int name="prev" value="10"/><int name="next" value="2"/><int name="piece" value="-1"/></imgdir><imgdir name="4"><int name="x1" value="51"/><int name="y1" value="215"/><int name="x2" value="129"/><int name="y2" value="215"/><int name="prev" value="7"/><int name="next" value="5"/><int name="piece" value="-1"/></imgdir><imgdir name="5"><int name="x1" value="129"/><int name="y1" value="215"/><int name="x2" value="129"/><int name="y2" value="240"/><int name="prev" value="4"/><int name="next" value="6"/><int name="piece" value="-1"/></imgdir><imgdir name="6"><int name="x1" value="129"/><int name="y1" value="240"/><int name="x2" value="129"/><int name="y2" value="300"/><int name="prev" value="5"/><int name="next" value="0"/><int name="piece" value="-1"/></imgdir><imgdir name="7"><int name="x1" value="0"/><int name="y1" value="215"/><int name="x2" value="51"/><int name="y2" value="215"/><int name="prev" value="2"/><int name="next" value="4"/><int name="piece" value="-1"/></imgdir><imgdir name="8"><int name="x1" value="-219"/><int name="y1" value="180"/><int name="x2" value="-219"/><int name="y2" value="120"/><int name="prev" value="1"/><int name="next" value="9"/><int name="piece" value="-1"/></imgdir><imgdir name="9"><int name="x1" value="-219"/><int name="y1" value="120"/><int name="x2" value="-219"/><int name="y2" value="95"/><int name="prev" value="8"/><int name="next" value="10"/><int name="piece" value="-1"/></imgdir><imgdir name="10"><int name="x1" value="-219"/><int name="y1" value="95"/><int name="x2" value="-180"/><int name="y2" value="95"/><int name="prev" value="9"/><int name="next" value="11"/><int name="piece" value="-1"/></imgdir><imgdir name="11"><int name="x1" value="-180"/><int name="y1" value="95"/><int name="x2" value="-141"/><int name="y2" value="95"/><int name="prev" value="10"/><int name="next" value="12"/><int name="piece" value="-1"/></imgdir><imgdir name="12"><int name="x1" value="-141"/><int name="y1" value="95"/><int name="x2" value="-141"/><int name="y2" value="120"/><int name="prev" value="11"/><int name="next" value="0"/><int name="piece" value="-1"/></imgdir><imgdir name="13"><int name="x1" value="-219"/><int name="y1" value="300"/><int name="x2" value="-219"/><int name="y2" value="240"/><int name="prev" value="0"/><int name="next" value="1"/><int name="piece" value="-1"/></imgdir></imgdir><imgdir name="0"><imgdir name="14"><int name="x1" value="-579"/><int name="y1" value="480"/><int name="x2" value="-579"/><int name="y2" value="455"/><int name="prev" value="0"/><int name="next" value="15"/><int name="piece" value="-1"/></imgdir><imgdir name="15"><int name="x1" value="-579"/><int name="y1" value="455"/><int name="x2" value="-501"/><int name="y2" value="455"/><int name="prev" value="14"/><int name="next" value="16"/><int name="piece" value="-1"/></imgdir><imgdir name="16"><int name="x1" value="-501"/><int name="y1" value="455"/><int name="x2" value="-450"/><int name="y2" value="455"/><int name="prev" value="15"/><int name="next" value="17"/><int name="piece" value="-1"/></imgdir><imgdir name="17"><int name="x1" value="-450"/><int name="y1" value="455"/><int name="x2" value="-360"/><int name="y2" value="455"/><int name="prev" value="16"/><int name="next" value="18"/><int name="piece" value="-1"/></imgdir><imgdir name="18"><int name="x1" value="-360"/><int name="y1" value="455"/><int name="x2" value="-270"/><int name="y2" value="455"/><int name="prev" value="17"/><int name="next" value="20"/><int name="piece" value="-1"/></imgdir><imgdir name="19"><int name="x1" value="-180"/><int name="y1" value="455"/><int name="x2" value="-90"/><int name="y2" value="455"/><int name="prev" value="20"/><int name="next" value="21"/><int name="piece" value="-1"/></imgdir><imgdir name="20"><int name="x1" value="-270"/><int name="y1" value="455"/><int name="x2" value="-180"/><int name="y2" value="455"/><int name="prev" value="18"/><int name="next" value="19"/><int name="piece" value="-1"/></imgdir><imgdir name="21"><int name="x1" value="-90"/><int name="y1" value="455"/><int name="x2" value="0"/><int name="y2" value="455"/><int name="prev" value="19"/><int name="next" value="22"/><int name="piece" value="-1"/></imgdir><imgdir name="22"><int name="x1" value="0"/><int name="y1" value="455"/><int name="x2" value="90"/><int name="y2" value="455"/><int name="prev" value="21"/><int name="next" value="23"/><int name="piece" value="-1"/></imgdir><imgdir name="23"><int name="x1" value="90"/><int name="y1" value="455"/><int name="x2" value="180"/><int name="y2" value="455"/><int name="prev" value="22"/><int name="next" value="24"/><int name="piece" value="-1"/></imgdir><imgdir name="24"><int name="x1" value="180"/><int name="y1" value="455"/><int name="x2" value="270"/><int name="y2" value="455"/><int name="prev" value="23"/><int name="next" value="25"/><int name="piece" value="-1"/></imgdir><imgdir name="25"><int name="x1" value="270"/><int name="y1" value="455"/><int name="x2" value="360"/><int name="y2" value="455"/><int name="prev" value="24"/><int name="next" value="26"/><int name="piece" value="-1"/></imgdir><imgdir name="26"><int name="x1" value="360"/><int name="y1" value="455"/><int name="x2" value="450"/><int name="y2" value="455"/><int name="prev" value="25"/><int name="next" value="27"/><int name="piece" value="-1"/></imgdir><imgdir name="27"><int name="x1" value="450"/><int name="y1" value="455"/><int name="x2" value="540"/><int name="y2" value="455"/><int name="prev" value="26"/><int name="next" value="30"/><int name="piece" value="-1"/></imgdir><imgdir name="28"><int name="x1" value="591"/><int name="y1" value="455"/><int name="x2" value="669"/><int name="y2" value="455"/><int name="prev" value="30"/><int name="next" value="29"/><int name="piece" value="-1"/></imgdir><imgdir name="29"><int name="x1" value="669"/><int name="y1" value="455"/><int name="x2" value="669"/><int name="y2" value="480"/><int name="prev" value="28"/><int name="next" value="0"/><int name="piece" value="-1"/></imgdir><imgdir name="30"><int name="x1" value="540"/><int name="y1" value="455"/><int name="x2" value="591"/><int name="y2" value="455"/><int name="prev" value="27"/><int name="next" value="28"/><int name="piece" value="-1"/></imgdir></imgdir></imgdir><imgdir name="2"><imgdir name="7"><imgdir name="31"><int name="x1" value="-228"/><int name="y1" value="210"/><int name="x2" value="-228"/><int name="y2" value="207"/><int name="prev" value="36"/><int name="next" value="32"/><int name="piece" value="-1"/></imgdir><imgdir name="32"><int name="x1" value="-228"/><int name="y1" value="207"/><int name="x2" value="-222"/><int name="y2" value="207"/><int name="prev" value="31"/><int name="next" value="33"/><int name="piece" value="-1"/></imgdir><imgdir name="33"><int name="x1" value="-222"/><int name="y1" value="207"/><int name="x2" value="-222"/><int name="y2" value="210"/><int name="prev" value="32"/><int name="next" value="34"/><int name="piece" value="-1"/></imgdir><imgdir name="34"><int name="x1" value="-222"/><int name="y1" value="210"/><int name="x2" value="-222"/><int name="y2" value="213"/><int name="prev" value="33"/><int name="next" value="35"/><int name="piece" value="-1"/></imgdir><imgdir name="35"><int name="x1" value="-222"/><int name="y1" value="213"/><int name="x2" value="-228"/><int name="y2" value="213"/><int name="prev" value="34"/><int name="next" value="36"/><int name="piece" value="-1"/></imgdir><imgdir name="36"><int name="x1" value="-228"/><int name="y1" value="213"/><int name="x2" value="-228"/><int name="y2" value="210"/><int name="prev" value="35"/><int name="next" value="31"/><int name="piece" value="-1"/></imgdir></imgdir><imgdir name="8"><imgdir name="37"><int name="x1" value="132"/><int name="y1" value="210"/><int name="x2" value="132"/><int name="y2" value="207"/><int name="prev" value="42"/><int name="next" value="38"/><int name="piece" value="-1"/></imgdir><imgdir name="38"><int name="x1" value="132"/><int name="y1" value="207"/><int name="x2" value="138"/><int name="y2" value="207"/><int name="prev" value="37"/><int name="next" value="39"/><int name="piece" value="-1"/></imgdir><imgdir name="39"><int name="x1" value="138"/><int name="y1" value="207"/><int name="x2" value="138"/><int name="y2" value="210"/><int name="prev" value="38"/><int name="next" value="40"/><int name="piece" value="-1"/></imgdir><imgdir name="40"><int name="x1" value="138"/><int name="y1" value="210"/><int name="x2" value="138"/><int name="y2" value="213"/><int name="prev" value="39"/><int name="next" value="41"/><int name="piece" value="-1"/></imgdir><imgdir name="41"><int name="x1" value="138"/><int name="y1" value="213"/><int name="x2" value="132"/><int name="y2" value="213"/><int name="prev" value="40"/><int name="next" value="42"/><int name="piece" value="-1"/></imgdir><imgdir name="42"><int name="x1" value="132"/><int name="y1" value="213"/><int name="x2" value="132"/><int name="y2" value="210"/><int name="prev" value="41"/><int name="next" value="37"/><int name="piece" value="-1"/></imgdir></imgdir><imgdir name="9"><imgdir name="43"><int name="x1" value="312"/><int name="y1" value="210"/><int name="x2" value="312"/><int name="y2" value="207"/><int name="prev" value="48"/><int name="next" value="44"/><int name="piece" value="-1"/></imgdir><imgdir name="44"><int name="x1" value="312"/><int name="y1" value="207"/><int name="x2" value="318"/><int name="y2" value="207"/><int name="prev" value="43"/><int name="next" value="45"/><int name="piece" value="-1"/></imgdir><imgdir name="45"><int name="x1" value="318"/><int name="y1" value="207"/><int name="x2" value="318"/><int name="y2" value="210"/><int name="prev" value="44"/><int name="next" value="46"/><int name="piece" value="-1"/></imgdir><imgdir name="46"><int name="x1" value="318"/><int name="y1" value="210"/><int name="x2" value="318"/><int name="y2" value="213"/><int name="prev" value="45"/><int name="next" value="47"/><int name="piece" value="-1"/></imgdir><imgdir name="47"><int name="x1" value="318"/><int name="y1" value="213"/><int name="x2" value="312"/><int name="y2" value="213"/><int name="prev" value="46"/><int name="next" value="48"/><int name="piece" value="-1"/></imgdir><imgdir name="48"><int name="x1" value="312"/><int name="y1" value="213"/><int name="x2" value="312"/><int name="y2" value="210"/><int name="prev" value="47"/><int name="next" value="43"/><int name="piece" value="-1"/></imgdir></imgdir><imgdir name="5"><imgdir name="49"><int name="x1" value="492"/><int name="y1" value="210"/><int name="x2" value="492"/><int name="y2" value="207"/><int name="prev" value="54"/><int name="next" value="50"/><int name="piece" value="-1"/></imgdir><imgdir name="50"><int name="x1" value="492"/><int name="y1" value="207"/><int name="x2" value="498"/><int name="y2" value="207"/><int name="prev" value="49"/><int name="next" value="51"/><int name="piece" value="-1"/></imgdir><imgdir name="51"><int name="x1" value="498"/><int name="y1" value="207"/><int name="x2" value="498"/><int name="y2" value="210"/><int name="prev" value="50"/><int name="next" value="52"/><int name="piece" value="-1"/></imgdir><imgdir name="52"><int name="x1" value="498"/><int name="y1" value="210"/><int name="x2" value="498"/><int name="y2" value="213"/><int name="prev" value="51"/><int name="next" value="53"/><int name="piece" value="-1"/></imgdir><imgdir name="53"><int name="x1" value="498"/><int name="y1" value="213"/><int name="x2" value="492"/><int name="y2" value="213"/><int name="prev" value="52"/><int name="next" value="54"/><int name="piece" value="-1"/></imgdir><imgdir name="54"><int name="x1" value="492"/><int name="y1" value="213"/><int name="x2" value="492"/><int name="y2" value="210"/><int name="prev" value="53"/><int name="next" value="49"/><int name="piece" value="-1"/></imgdir></imgdir><imgdir name="6"><imgdir name="55"><int name="x1" value="-498"/><int name="y1" value="210"/><int name="x2" value="-498"/><int name="y2" value="207"/><int name="prev" value="60"/><int name="next" value="56"/><int name="piece" value="-1"/></imgdir><imgdir name="56"><int name="x1" value="-498"/><int name="y1" value="207"/><int name="x2" value="-492"/><int name="y2" value="207"/><int name="prev" value="55"/><int name="next" value="57"/><int name="piece" value="-1"/></imgdir><imgdir name="57"><int name="x1" value="-492"/><int name="y1" value="207"/><int name="x2" value="-492"/><int name="y2" value="210"/><int name="prev" value="56"/><int name="next" value="58"/><int name="piece" value="-1"/></imgdir><imgdir name="58"><int name="x1" value="-492"/><int name="y1" value="210"/><int name="x2" value="-492"/><int name="y2" value="213"/><int name="prev" value="57"/><int name="next" value="59"/><int name="piece" value="-1"/></imgdir><imgdir name="59"><int name="x1" value="-492"/><int name="y1" value="213"/><int name="x2" value="-498"/><int name="y2" value="213"/><int name="prev" value="58"/><int name="next" value="60"/><int name="piece" value="-1"/></imgdir><imgdir name="60"><int name="x1" value="-498"/><int name="y1" value="213"/><int name="x2" value="-498"/><int name="y2" value="210"/><int name="prev" value="59"/><int name="next" value="55"/><int name="piece" value="-1"/></imgdir></imgdir><imgdir name="1"><imgdir name="61"><int name="x1" value="-318"/><int name="y1" value="390"/><int name="x2" value="-318"/><int name="y2" value="387"/><int name="prev" value="66"/><int name="next" value="62"/><int name="piece" value="-1"/></imgdir><imgdir name="62"><int name="x1" value="-318"/><int name="y1" value="387"/><int name="x2" value="-312"/><int name="y2" value="387"/><int name="prev" value="61"/><int name="next" value="63"/><int name="piece" value="-1"/></imgdir><imgdir name="63"><int name="x1" value="-312"/><int name="y1" value="387"/><int name="x2" value="-312"/><int name="y2" value="390"/><int name="prev" value="62"/><int name="next" value="64"/><int name="piece" value="-1"/></imgdir><imgdir name="64"><int name="x1" value="-312"/><int name="y1" value="390"/><int name="x2" value="-312"/><int name="y2" value="393"/><int name="prev" value="63"/><int name="next" value="65"/><int name="piece" value="-1"/></imgdir><imgdir name="65"><int name="x1" value="-312"/><int name="y1" value="393"/><int name="x2" value="-318"/><int name="y2" value="393"/><int name="prev" value="64"/><int name="next" value="66"/><int name="piece" value="-1"/></imgdir><imgdir name="66"><int name="x1" value="-318"/><int name="y1" value="393"/><int name="x2" value="-318"/><int name="y2" value="390"/><int name="prev" value="65"/><int name="next" value="61"/><int name="piece" value="-1"/></imgdir></imgdir><imgdir name="2"><imgdir name="67"><int name="x1" value="42"/><int name="y1" value="390"/><int name="x2" value="42"/><int name="y2" value="387"/><int name="prev" value="72"/><int name="next" value="68"/><int name="piece" value="-1"/></imgdir><imgdir name="68"><int name="x1" value="42"/><int name="y1" value="387"/><int name="x2" value="48"/><int name="y2" value="387"/><int name="prev" value="67"/><int name="next" value="69"/><int name="piece" value="-1"/></imgdir><imgdir name="69"><int name="x1" value="48"/><int name="y1" value="387"/><int name="x2" value="48"/><int name="y2" value="390"/><int name="prev" value="68"/><int name="next" value="70"/><int name="piece" value="-1"/></imgdir><imgdir name="70"><int name="x1" value="48"/><int name="y1" value="390"/><int name="x2" value="48"/><int name="y2" value="393"/><int name="prev" value="69"/><int name="next" value="71"/><int name="piece" value="-1"/></imgdir><imgdir name="71"><int name="x1" value="48"/><int name="y1" value="393"/><int name="x2" value="42"/><int name="y2" value="393"/><int name="prev" value="70"/><int name="next" value="72"/><int name="piece" value="-1"/></imgdir><imgdir name="72"><int name="x1" value="42"/><int name="y1" value="393"/><int name="x2" value="42"/><int name="y2" value="390"/><int name="prev" value="71"/><int name="next" value="67"/><int name="piece" value="-1"/></imgdir></imgdir><imgdir name="3"><imgdir name="73"><int name="x1" value="312"/><int name="y1" value="390"/><int name="x2" value="312"/><int name="y2" value="387"/><int name="prev" value="78"/><int name="next" value="74"/><int name="piece" value="-1"/></imgdir><imgdir name="74"><int name="x1" value="312"/><int name="y1" value="387"/><int name="x2" value="318"/><int name="y2" value="387"/><int name="prev" value="73"/><int name="next" value="75"/><int name="piece" value="-1"/></imgdir><imgdir name="75"><int name="x1" value="318"/><int name="y1" value="387"/><int name="x2" value="318"/><int name="y2" value="390"/><int name="prev" value="74"/><int name="next" value="76"/><int name="piece" value="-1"/></imgdir><imgdir name="76"><int name="x1" value="318"/><int name="y1" value="390"/><int name="x2" value="318"/><int name="y2" value="393"/><int name="prev" value="75"/><int name="next" value="77"/><int name="piece" value="-1"/></imgdir><imgdir name="77"><int name="x1" value="318"/><int name="y1" value="393"/><int name="x2" value="312"/><int name="y2" value="393"/><int name="prev" value="76"/><int name="next" value="78"/><int name="piece" value="-1"/></imgdir><imgdir name="78"><int name="x1" value="312"/><int name="y1" value="393"/><int name="x2" value="312"/><int name="y2" value="390"/><int name="prev" value="77"/><int name="next" value="73"/><int name="piece" value="-1"/></imgdir></imgdir><imgdir name="10"><imgdir name="79"><int name="x1" value="42"/><int name="y1" value="-330"/><int name="x2" value="42"/><int name="y2" value="-333"/><int name="prev" value="84"/><int name="next" value="80"/><int name="piece" value="-1"/></imgdir><imgdir name="80"><int name="x1" value="42"/><int name="y1" value="-333"/><int name="x2" value="48"/><int name="y2" value="-333"/><int name="prev" value="79"/><int name="next" value="81"/><int name="piece" value="-1"/></imgdir><imgdir name="81"><int name="x1" value="48"/><int name="y1" value="-333"/><int name="x2" value="48"/><int name="y2" value="-330"/><int name="prev" value="80"/><int name="next" value="82"/><int name="piece" value="-1"/></imgdir><imgdir name="82"><int name="x1" value="48"/><int name="y1" value="-330"/><int name="x2" value="48"/><int name="y2" value="-327"/><int name="prev" value="81"/><int name="next" value="83"/><int name="piece" value="-1"/></imgdir><imgdir name="83"><int name="x1" value="48"/><int name="y1" value="-327"/><int name="x2" value="42"/><int name="y2" value="-327"/><int name="prev" value="82"/><int name="next" value="84"/><int name="piece" value="-1"/></imgdir><imgdir name="84"><int name="x1" value="42"/><int name="y1" value="-327"/><int name="x2" value="42"/><int name="y2" value="-330"/><int name="prev" value="83"/><int name="next" value="79"/><int name="piece" value="-1"/></imgdir></imgdir></imgdir></imgdir><imgdir name="ladderRope"></imgdir><imgdir name="miniMap"><canvas name="canvas" width="1" height="1"><string name="_hash" value="d4fe2678e8be9298b66f78bb869acb1bf4e32f74f6b527d93829a66646b8ee87"/><string name="_outlink" value="Map/Map/Map9/910090312.img/miniMap/canvas"/></canvas><int name="width" value="1220"/><int name="height" value="838"/><int name="centerX" value="565"/><int name="centerY" value="333"/><int name="mag" value="4"/></imgdir><imgdir name="portal"><imgdir name="0"><string name="pn" value="sp"/><int name="pt" value="0"/><int name="x" value="1"/><int name="y" value="202"/><int name="tm" value="999999999"/><string name="tn" value=""/><int name="horizontalImpact" value="0"/></imgdir></imgdir></imgdir>