<?xml version="1.0" encoding="UTF-8" standalone="yes"?><imgdir name="910026801.img"><imgdir name="info"><int name="version" value="10"/><int name="cloud" value="0"/><int name="town" value="0"/><int name="swim" value="0"/><int name="returnMap" value="910026900"/><int name="forcedReturn" value="910026901"/><float name="mobRate" value="1.0"/><string name="bgm" value="BgmEvent2/tenthBoard"/><string name="mapMark" value="Event"/><int name="fly" value="0"/><int name="noMapCmd" value="1"/><int name="hideMinimap" value="0"/><int name="fieldLimit" value="277178364"/><int name="VRTop" value="-194"/><int name="VRLeft" value="-625"/><int name="VRBottom" value="150"/><int name="VRRight" value="805"/><string name="fieldScript" value=""/><string name="onFirstUserEnter" value=""/><string name="onUserEnter" value=""/><int name="standAlone" value="0"/><int name="partyStandAlone" value="0"/><int name="limitSpeedAndJump" value="1"/><int name="noChair" value="1"/><string name="link" value="910026800"/></imgdir></imgdir>