<?xml version="1.0" encoding="UTF-8" standalone="yes"?><imgdir name="910060003.img"><imgdir name="info"><int name="version" value="10"/><int name="cloud" value="0"/><int name="town" value="0"/><int name="returnMap" value="100020000"/><float name="mobRate" value="1.999998"/><string name="bgm" value="Bgm01/CavaBien"/><string name="mapDesc" value=""/><int name="forcedReturn" value="100020000"/><int name="hideMinimap" value="0"/><int name="moveLimit" value="0"/><string name="mapMark" value="Henesys"/><int name="swim" value="0"/><int name="fly" value="0"/><int name="noMapCmd" value="0"/><int name="fieldLimit" value="344252"/><string name="onFirstUserEnter" value=""/><string name="onUserEnter" value=""/><string name="link" value="910060000"/><int name="lvForceMove" value="20"/></imgdir></imgdir>