<?xml version="1.0" encoding="UTF-8" standalone="yes"?><imgdir name="910090301.img"><imgdir name="info"><int name="version" value="10"/><int name="cloud" value="0"/><int name="town" value="0"/><int name="swim" value="0"/><int name="returnMap" value="910090301"/><int name="forcedReturn" value="910090301"/><float name="mobRate" value="1.0"/><string name="bgm" value="Bgm51.img/Pathfinder"/><string name="mapMark" value="Partem"/><int name="fly" value="0"/><int name="standAlone" value="0"/><int name="partyStandAlone" value="0"/><int name="quarterView" value="0"/><int name="noMapCmd" value="0"/><int name="hideMinimap" value="0"/><int name="fieldLimit" value="271096"/><string name="AmbientBGM" value=""/><int name="AmbientBGMv" value="100"/><int name="VRTop" value="-760"/><int name="VRLeft" value="-1677"/><int name="VRBottom" value="252"/><int name="VRRight" value="564"/><int name="MRLeft" value="-1102"/><int name="MRTop" value="-760"/><int name="MRRight" value="564"/><int name="MRBottom" value="252"/><string name="fieldScript" value=""/><string name="onFirstUserEnter" value=""/><string name="onUserEnter" value="enter_910090301"/><int name="noChair" value="1"/></imgdir><imgdir name="back"><imgdir name="0"><string name="bS" value="partem2"/><int name="front" value="0"/><int name="ani" value="0"/><int name="no" value="1"/><int name="f" value="0"/><int name="w" value="0"/><int name="x" value="464"/><int name="y" value="-318"/><int name="rx" value="0"/><int name="ry" value="0"/><int name="wx" value="0"/><int name="wy" value="0"/><int name="type" value="3"/><int name="cx" value="0"/><int name="cy" value="0"/><int name="a" value="255"/><string name="backTags" value=""/></imgdir><imgdir name="1"><string name="bS" value="partem2"/><int name="front" value="0"/><int name="ani" value="0"/><int name="no" value="2"/><int name="f" value="0"/><int name="w" value="0"/><int name="x" value="23"/><int name="y" value="-209"/><int name="rx" value="-1"/><int name="ry" value="-65"/><int name="wx" value="0"/><int name="wy" value="0"/><int name="type" value="1"/><int name="cx" value="300"/><int name="cy" value="0"/><int name="a" value="255"/><string name="backTags" value=""/></imgdir><imgdir name="2"><string name="bS" value="partem2"/><int name="front" value="0"/><int name="ani" value="0"/><int name="no" value="3"/><int name="f" value="0"/><int name="w" value="0"/><int name="x" value="63"/><int name="y" value="-494"/><int name="rx" value="-3"/><int name="ry" value="-67"/><int name="wx" value="0"/><int name="wy" value="0"/><int name="type" value="1"/><int name="cx" value="0"/><int name="cy" value="0"/><int name="a" value="255"/><string name="backTags" value=""/></imgdir><imgdir name="3"><string name="bS" value="partem2"/><int name="front" value="0"/><int name="ani" value="0"/><int name="no" value="4"/><int name="f" value="0"/><int name="w" value="0"/><int name="x" value="-78"/><int name="y" value="-160"/><int name="rx" value="-3"/><int name="ry" value="-67"/><int name="wx" value="0"/><int name="wy" value="0"/><int name="type" value="0"/><int name="cx" value="0"/><int name="cy" value="0"/><int name="a" value="255"/><string name="backTags" value=""/></imgdir><imgdir name="4"><string name="bS" value="partem2"/><int name="front" value="0"/><int name="ani" value="0"/><int name="no" value="5"/><int name="f" value="0"/><int name="w" value="0"/><int name="x" value="-565"/><int name="y" value="-120"/><int name="rx" value="-3"/><int name="ry" value="-67"/><int name="wx" value="0"/><int name="wy" value="0"/><int name="type" value="0"/><int name="cx" value="0"/><int name="cy" value="0"/><int name="a" value="255"/><string name="backTags" value=""/></imgdir><imgdir name="5"><string name="bS" value="partem2"/><int name="front" value="0"/><int name="ani" value="0"/><int name="no" value="6"/><int name="f" value="0"/><int name="w" value="0"/><int name="x" value="577"/><int name="y" value="-169"/><int name="rx" value="-3"/><int name="ry" value="-67"/><int name="wx" value="0"/><int name="wy" value="0"/><int name="type" value="0"/><int name="cx" value="0"/><int name="cy" value="0"/><int name="a" value="255"/><string name="backTags" value=""/></imgdir><imgdir name="6"><string name="bS" value="partem2"/><int name="front" value="0"/><int name="ani" value="0"/><int name="no" value="7"/><int name="f" value="0"/><int name="w" value="0"/><int name="x" value="81"/><int name="y" value="239"/><int name="rx" value="-10"/><int name="ry" value="-69"/><int name="wx" value="0"/><int name="wy" value="0"/><int name="type" value="1"/><int name="cx" value="0"/><int name="cy" value="0"/><int name="a" value="255"/><string name="backTags" value=""/></imgdir><imgdir name="7"><string name="bS" value="partem2"/><int name="front" value="0"/><int name="ani" value="0"/><int name="no" value="8"/><int name="f" value="0"/><int name="w" value="0"/><int name="x" value="102"/><int name="y" value="-478"/><int name="rx" value="-10"/><int name="ry" value="-69"/><int name="wx" value="0"/><int name="wy" value="0"/><int name="type" value="1"/><int name="cx" value="0"/><int name="cy" value="0"/><int name="a" value="255"/><string name="backTags" value=""/></imgdir><imgdir name="8"><string name="bS" value="partem2"/><int name="front" value="0"/><int name="ani" value="0"/><int name="no" value="9"/><int name="f" value="0"/><int name="w" value="0"/><int name="x" value="-767"/><int name="y" value="-254"/><int name="rx" value="-20"/><int name="ry" value="-70"/><int name="wx" value="0"/><int name="wy" value="0"/><int name="type" value="0"/><int name="cx" value="0"/><int name="cy" value="0"/><int name="a" value="255"/><string name="backTags" value=""/></imgdir><imgdir name="9"><string name="bS" value="partem2"/><int name="front" value="0"/><int name="ani" value="0"/><int name="no" value="10"/><int name="f" value="0"/><int name="w" value="0"/><int name="x" value="-190"/><int name="y" value="-218"/><int name="rx" value="-20"/><int name="ry" value="-70"/><int name="wx" value="0"/><int name="wy" value="0"/><int name="type" value="0"/><int name="cx" value="0"/><int name="cy" value="0"/><int name="a" value="255"/><string name="backTags" value=""/></imgdir><imgdir name="10"><string name="bS" value="partem2"/><int name="front" value="0"/><int name="ani" value="0"/><int name="no" value="11"/><int name="f" value="0"/><int name="w" value="0"/><int name="x" value="343"/><int name="y" value="-203"/><int name="rx" value="-20"/><int name="ry" value="-70"/><int name="wx" value="0"/><int name="wy" value="0"/><int name="type" value="0"/><int name="cx" value="0"/><int name="cy" value="0"/><int name="a" value="255"/><string name="backTags" value=""/></imgdir><imgdir name="11"><string name="bS" value="partem2"/><int name="front" value="0"/><int name="ani" value="0"/><int name="no" value="12"/><int name="f" value="0"/><int name="w" value="0"/><int name="x" value="851"/><int name="y" value="-209"/><int name="rx" value="-20"/><int name="ry" value="-70"/><int name="wx" value="0"/><int name="wy" value="0"/><int name="type" value="0"/><int name="cx" value="0"/><int name="cy" value="0"/><int name="a" value="255"/><string name="backTags" value=""/></imgdir><imgdir name="12"><string name="bS" value="partem2"/><int name="front" value="0"/><int name="ani" value="0"/><int name="no" value="13"/><int name="f" value="0"/><int name="w" value="0"/><int name="x" value="-801"/><int name="y" value="105"/><int name="rx" value="-40"/><int name="ry" value="-80"/><int name="wx" value="0"/><int name="wy" value="0"/><int name="type" value="0"/><int name="cx" value="0"/><int name="cy" value="0"/><int name="a" value="255"/><string name="backTags" value=""/></imgdir><imgdir name="13"><string name="bS" value="partem2"/><int name="front" value="0"/><int name="ani" value="0"/><int name="no" value="14"/><int name="f" value="0"/><int name="w" value="0"/><int name="x" value="220"/><int name="y" value="120"/><int name="rx" value="-40"/><int name="ry" value="-80"/><int name="wx" value="0"/><int name="wy" value="0"/><int name="type" value="0"/><int name="cx" value="0"/><int name="cy" value="0"/><int name="a" value="255"/><string name="backTags" value=""/></imgdir><imgdir name="14"><string name="bS" value="partem2"/><int name="front" value="0"/><int name="ani" value="0"/><int name="no" value="15"/><int name="f" value="0"/><int name="w" value="0"/><int name="x" value="1140"/><int name="y" value="137"/><int name="rx" value="-40"/><int name="ry" value="-80"/><int name="wx" value="0"/><int name="wy" value="0"/><int name="type" value="0"/><int name="cx" value="0"/><int name="cy" value="0"/><int name="a" value="255"/><string name="backTags" value=""/></imgdir><imgdir name="15"><string name="bS" value="partem2"/><int name="front" value="0"/><int name="ani" value="0"/><int name="no" value="16"/><int name="f" value="0"/><int name="w" value="0"/><int name="x" value="-50"/><int name="y" value="-551"/><int name="rx" value="-40"/><int name="ry" value="-80"/><int name="wx" value="0"/><int name="wy" value="0"/><int name="type" value="1"/><int name="cx" value="0"/><int name="cy" value="0"/><int name="a" value="255"/><string name="backTags" value=""/></imgdir><imgdir name="16"><string name="bS" value="partem2"/><int name="front" value="0"/><int name="ani" value="0"/><int name="no" value="17"/><int name="f" value="0"/><int name="w" value="0"/><int name="x" value="-1183"/><int name="y" value="-232"/><int name="rx" value="-50"/><int name="ry" value="-85"/><int name="wx" value="0"/><int name="wy" value="0"/><int name="type" value="1"/><int name="cx" value="3000"/><int name="cy" value="0"/><int name="a" value="255"/><string name="backTags" value=""/></imgdir><imgdir name="17"><string name="bS" value="partem2"/><int name="front" value="0"/><int name="ani" value="0"/><int name="no" value="18"/><int name="f" value="0"/><int name="w" value="0"/><int name="x" value="-325"/><int name="y" value="-219"/><int name="rx" value="-50"/><int name="ry" value="-80"/><int name="wx" value="0"/><int name="wy" value="0"/><int name="type" value="1"/><int name="cx" value="3000"/><int name="cy" value="0"/><int name="a" value="255"/><string name="backTags" value=""/></imgdir><imgdir name="18"><string name="bS" value="partem2"/><int name="front" value="0"/><int name="ani" value="0"/><int name="no" value="19"/><int name="f" value="0"/><int name="w" value="0"/><int name="x" value="512"/><int name="y" value="-218"/><int name="rx" value="-50"/><int name="ry" value="-80"/><int name="wx" value="0"/><int name="wy" value="0"/><int name="type" value="1"/><int name="cx" value="3000"/><int name="cy" value="0"/><int name="a" value="255"/><string name="backTags" value=""/></imgdir><imgdir name="19"><string name="bS" value="partem2"/><int name="front" value="0"/><int name="ani" value="0"/><int name="no" value="20"/><int name="f" value="0"/><int name="w" value="0"/><int name="x" value="1267"/><int name="y" value="-206"/><int name="rx" value="-50"/><int name="ry" value="-80"/><int name="wx" value="0"/><int name="wy" value="0"/><int name="type" value="0"/><int name="cx" value="3000"/><int name="cy" value="0"/><int name="a" value="255"/><string name="backTags" value=""/></imgdir><imgdir name="20"><string name="bS" value="partem2"/><int name="front" value="0"/><int name="ani" value="0"/><int name="no" value="21"/><int name="f" value="0"/><int name="w" value="0"/><int name="x" value="-315"/><int name="y" value="-611"/><int name="rx" value="-50"/><int name="ry" value="-80"/><int name="wx" value="0"/><int name="wy" value="0"/><int name="type" value="0"/><int name="cx" value="800"/><int name="cy" value="0"/><int name="a" value="255"/><string name="backTags" value=""/></imgdir><imgdir name="21"><string name="bS" value="partem2"/><int name="front" value="0"/><int name="ani" value="0"/><int name="no" value="22"/><int name="f" value="0"/><int name="w" value="0"/><int name="x" value="-1139"/><int name="y" value="-603"/><int name="rx" value="-50"/><int name="ry" value="-80"/><int name="wx" value="0"/><int name="wy" value="0"/><int name="type" value="0"/><int name="cx" value="2000"/><int name="cy" value="0"/><int name="a" value="255"/><string name="backTags" value=""/></imgdir><imgdir name="22"><string name="bS" value="partem2"/><int name="front" value="0"/><int name="ani" value="0"/><int name="no" value="23"/><int name="f" value="0"/><int name="w" value="0"/><int name="x" value="357"/><int name="y" value="-585"/><int name="rx" value="-50"/><int name="ry" value="-80"/><int name="wx" value="0"/><int name="wy" value="0"/><int name="type" value="0"/><int name="cx" value="0"/><int name="cy" value="0"/><int name="a" value="255"/><string name="backTags" value=""/></imgdir><imgdir name="23"><string name="bS" value="partem2"/><int name="front" value="0"/><int name="ani" value="0"/><int name="no" value="22"/><int name="f" value="0"/><int name="w" value="0"/><int name="x" value="1051"/><int name="y" value="-606"/><int name="rx" value="-50"/><int name="ry" value="-80"/><int name="wx" value="0"/><int name="wy" value="0"/><int name="type" value="0"/><int name="cx" value="0"/><int name="cy" value="0"/><int name="a" value="255"/><string name="backTags" value=""/></imgdir><imgdir name="24"><string name="bS" value="partem2"/><int name="front" value="0"/><int name="ani" value="0"/><int name="no" value="25"/><int name="f" value="0"/><int name="w" value="0"/><int name="x" value="1725"/><int name="y" value="-609"/><int name="rx" value="-50"/><int name="ry" value="-80"/><int name="wx" value="0"/><int name="wy" value="0"/><int name="type" value="0"/><int name="cx" value="0"/><int name="cy" value="0"/><int name="a" value="255"/><string name="backTags" value=""/></imgdir><imgdir name="25"><string name="bS" value="partem2"/><int name="front" value="0"/><int name="ani" value="0"/><int name="no" value="29"/><int name="f" value="0"/><int name="w" value="0"/><int name="x" value="-1032"/><int name="y" value="-234"/><int name="rx" value="-90"/><int name="ry" value="-90"/><int name="wx" value="0"/><int name="wy" value="0"/><int name="type" value="0"/><int name="cx" value="0"/><int name="cy" value="0"/><int name="a" value="255"/><string name="backTags" value=""/></imgdir><imgdir name="26"><string name="bS" value="partem2"/><int name="front" value="0"/><int name="ani" value="0"/><int name="no" value="27"/><int name="f" value="0"/><int name="w" value="0"/><int name="x" value="502"/><int name="y" value="-258"/><int name="rx" value="-90"/><int name="ry" value="-90"/><int name="wx" value="0"/><int name="wy" value="0"/><int name="type" value="0"/><int name="cx" value="0"/><int name="cy" value="0"/><int name="a" value="255"/><string name="backTags" value=""/></imgdir><imgdir name="27"><string name="bS" value="partem2"/><int name="front" value="0"/><int name="ani" value="0"/><int name="no" value="28"/><int name="f" value="0"/><int name="w" value="0"/><int name="x" value="-255"/><int name="y" value="-258"/><int name="rx" value="-90"/><int name="ry" value="-90"/><int name="wx" value="0"/><int name="wy" value="0"/><int name="type" value="0"/><int name="cx" value="0"/><int name="cy" value="0"/><int name="a" value="255"/><string name="backTags" value=""/></imgdir><imgdir name="28"><string name="bS" value="partem2"/><int name="front" value="0"/><int name="ani" value="0"/><int name="no" value="29"/><int name="f" value="0"/><int name="w" value="0"/><int name="x" value="2345"/><int name="y" value="-228"/><int name="rx" value="-90"/><int name="ry" value="-90"/><int name="wx" value="0"/><int name="wy" value="0"/><int name="type" value="0"/><int name="cx" value="0"/><int name="cy" value="0"/><int name="a" value="255"/><string name="backTags" value=""/></imgdir></imgdir><imgdir name="life"></imgdir><imgdir name="reactor"></imgdir><imgdir name="0"><imgdir name="info"></imgdir><imgdir name="tile"></imgdir><imgdir name="obj"></imgdir></imgdir><imgdir name="1"><imgdir name="info"><string name="tS" value="blackTileFly"/><int name="tSMag" value="1"/></imgdir><imgdir name="tile"><imgdir name="0"><int name="x" value="-990"/><int name="y" value="-660"/><string name="u" value="edU"/><int name="no" value="0"/><int name="zM" value="32"/></imgdir><imgdir name="1"><int name="x" value="-990"/><int name="y" value="-660"/><string name="u" value="edD"/><int name="no" value="0"/><int name="zM" value="32"/></imgdir></imgdir><imgdir name="obj"><imgdir name="0"><string name="oS" value="partem"/><string name="l0" value="ruin"/><string name="l1" value="stone"/><string name="l2" value="1"/><int name="x" value="-100"/><int name="y" value="-4"/><int name="z" value="9"/><int name="f" value="0"/><int name="zM" value="5"/><int name="r" value="0"/><int name="move" value="0"/><int name="dynamic" value="0"/><int name="piece" value="0"/></imgdir><imgdir name="1"><string name="oS" value="partem"/><string name="l0" value="ruin"/><string name="l1" value="stone"/><string name="l2" value="2"/><int name="x" value="-327"/><int name="y" value="44"/><int name="z" value="9"/><int name="f" value="0"/><int name="zM" value="4"/><int name="r" value="0"/><int name="move" value="0"/><int name="dynamic" value="0"/><int name="piece" value="1"/></imgdir><imgdir name="2"><string name="oS" value="partem"/><string name="l0" value="ruin"/><string name="l1" value="stone"/><string name="l2" value="2"/><int name="x" value="-823"/><int name="y" value="-380"/><int name="z" value="9"/><int name="f" value="0"/><int name="zM" value="15"/><int name="r" value="0"/><int name="move" value="0"/><int name="dynamic" value="0"/><int name="piece" value="2"/></imgdir><imgdir name="3"><string name="oS" value="partem"/><string name="l0" value="ruin"/><string name="l1" value="stone"/><string name="l2" value="2"/><int name="x" value="465"/><int name="y" value="-186"/><int name="z" value="9"/><int name="f" value="0"/><int name="zM" value="21"/><int name="r" value="0"/><int name="move" value="0"/><int name="dynamic" value="0"/><int name="piece" value="3"/></imgdir><imgdir name="4"><string name="oS" value="partem"/><string name="l0" value="ruin"/><string name="l1" value="lope"/><string name="l2" value="0"/><int name="x" value="-993"/><int name="y" value="-656"/><int name="z" value="9"/><int name="f" value="0"/><int name="zM" value="15"/><int name="r" value="0"/><int name="move" value="0"/><int name="dynamic" value="0"/><int name="piece" value="4"/></imgdir><imgdir name="5"><string name="oS" value="partem"/><string name="l0" value="ruin"/><string name="l1" value="lope"/><string name="l2" value="1"/><int name="x" value="-970"/><int name="y" value="-658"/><int name="z" value="11"/><int name="f" value="0"/><int name="zM" value="15"/><int name="r" value="0"/><int name="move" value="0"/><int name="dynamic" value="0"/><int name="piece" value="5"/></imgdir></imgdir></imgdir><imgdir name="2"><imgdir name="info"></imgdir><imgdir name="tile"></imgdir><imgdir name="obj"></imgdir></imgdir><imgdir name="3"><imgdir name="info"></imgdir><imgdir name="tile"></imgdir><imgdir name="obj"><imgdir name="0"><string name="oS" value="partem"/><string name="l0" value="ruin"/><string name="l1" value="foothold"/><string name="l2" value="0"/><int name="x" value="-825"/><int name="y" value="163"/><int name="z" value="9"/><int name="f" value="0"/><int name="zM" value="0"/><int name="r" value="0"/><int name="move" value="0"/><int name="dynamic" value="0"/><int name="piece" value="0"/></imgdir><imgdir name="1"><string name="oS" value="partem"/><string name="l0" value="ruin"/><string name="l1" value="foothold"/><string name="l2" value="0"/><int name="x" value="-263"/><int name="y" value="163"/><int name="z" value="9"/><int name="f" value="0"/><int name="zM" value="1"/><int name="r" value="0"/><int name="move" value="0"/><int name="dynamic" value="0"/><int name="piece" value="1"/></imgdir><imgdir name="2"><string name="oS" value="partem"/><string name="l0" value="ruin"/><string name="l1" value="foothold"/><string name="l2" value="0"/><int name="x" value="299"/><int name="y" value="163"/><int name="z" value="9"/><int name="f" value="0"/><int name="zM" value="2"/><int name="r" value="0"/><int name="move" value="0"/><int name="dynamic" value="0"/><int name="piece" value="2"/></imgdir><imgdir name="3"><string name="oS" value="partem"/><string name="l0" value="ruin"/><string name="l1" value="foothold"/><string name="l2" value="1"/><int name="x" value="-866"/><int name="y" value="-340"/><int name="z" value="9"/><int name="f" value="0"/><int name="zM" value="28"/><int name="r" value="0"/><int name="move" value="0"/><int name="dynamic" value="0"/><int name="piece" value="3"/></imgdir><imgdir name="4"><string name="oS" value="partem"/><string name="l0" value="ruin"/><string name="l1" value="foothold"/><string name="l2" value="4"/><int name="x" value="-731"/><int name="y" value="-340"/><int name="z" value="9"/><int name="f" value="0"/><int name="zM" value="29"/><int name="r" value="0"/><int name="move" value="0"/><int name="dynamic" value="0"/><int name="piece" value="4"/></imgdir><imgdir name="5"><string name="oS" value="partem"/><string name="l0" value="ruin"/><string name="l1" value="foothold"/><string name="l2" value="1"/><int name="x" value="275"/><int name="y" value="-158"/><int name="z" value="9"/><int name="f" value="0"/><int name="zM" value="18"/><int name="r" value="0"/><int name="move" value="0"/><int name="dynamic" value="0"/><int name="piece" value="5"/></imgdir><imgdir name="7"><string name="oS" value="partem"/><string name="l0" value="ruin"/><string name="l1" value="foothold"/><string name="l2" value="1"/><int name="x" value="157"/><int name="y" value="-98"/><int name="z" value="9"/><int name="f" value="0"/><int name="zM" value="11"/><int name="r" value="0"/><int name="move" value="0"/><int name="dynamic" value="0"/><int name="piece" value="7"/></imgdir><imgdir name="8"><string name="oS" value="partem"/><string name="l0" value="ruin"/><string name="l1" value="foothold"/><string name="l2" value="4"/><int name="x" value="292"/><int name="y" value="-98"/><int name="z" value="9"/><int name="f" value="0"/><int name="zM" value="13"/><int name="r" value="0"/><int name="move" value="0"/><int name="dynamic" value="0"/><int name="piece" value="8"/></imgdir><imgdir name="9"><string name="oS" value="partem"/><string name="l0" value="ruin"/><string name="l1" value="foothold"/><string name="l2" value="1"/><int name="x" value="-786"/><int name="y" value="-99"/><int name="z" value="9"/><int name="f" value="0"/><int name="zM" value="12"/><int name="r" value="0"/><int name="move" value="0"/><int name="dynamic" value="0"/><int name="piece" value="9"/></imgdir><imgdir name="10"><string name="oS" value="partem"/><string name="l0" value="ruin"/><string name="l1" value="foothold"/><string name="l2" value="4"/><int name="x" value="-651"/><int name="y" value="-99"/><int name="z" value="9"/><int name="f" value="0"/><int name="zM" value="14"/><int name="r" value="0"/><int name="move" value="0"/><int name="dynamic" value="0"/><int name="piece" value="10"/></imgdir><imgdir name="6"><string name="oS" value="partem"/><string name="l0" value="ruin"/><string name="l1" value="foothold"/><string name="l2" value="3"/><int name="x" value="410"/><int name="y" value="-158"/><int name="z" value="9"/><int name="f" value="0"/><int name="zM" value="17"/><int name="r" value="0"/><int name="move" value="0"/><int name="dynamic" value="0"/><int name="piece" value="6"/></imgdir><imgdir name="11"><string name="oS" value="partem"/><string name="l0" value="ruin"/><string name="l1" value="lope"/><string name="l2" value="2"/><int name="x" value="-976"/><int name="y" value="-663"/><int name="z" value="9"/><int name="f" value="0"/><int name="zM" value="31"/><int name="r" value="0"/><int name="move" value="0"/><int name="dynamic" value="0"/><int name="piece" value="11"/></imgdir><imgdir name="12"><string name="oS" value="partem"/><string name="l0" value="ruin"/><string name="l1" value="foothold"/><string name="l2" value="0"/><int name="x" value="-1387"/><int name="y" value="163"/><int name="z" value="9"/><int name="f" value="0"/><int name="zM" value="3"/><int name="r" value="0"/><int name="move" value="0"/><int name="dynamic" value="0"/><int name="piece" value="12"/></imgdir></imgdir></imgdir><imgdir name="4"><imgdir name="info"></imgdir><imgdir name="tile"></imgdir><imgdir name="obj"><imgdir name="0"><string name="oS" value="connect"/><string name="l0" value="rope"/><string name="l1" value="122"/><string name="l2" value="0"/><int name="x" value="-758"/><int name="y" value="-358"/><int name="z" value="9"/><int name="f" value="0"/><int name="zM" value="30"/><int name="r" value="0"/><int name="move" value="0"/><int name="dynamic" value="0"/><int name="piece" value="0"/></imgdir><imgdir name="2"><string name="oS" value="connect"/><string name="l0" value="rope"/><string name="l1" value="122"/><string name="l2" value="3"/><int name="x" value="-765"/><int name="y" value="-292"/><int name="z" value="9"/><int name="f" value="0"/><int name="zM" value="25"/><int name="r" value="0"/><int name="move" value="0"/><int name="dynamic" value="0"/><int name="piece" value="2"/></imgdir><imgdir name="4"><string name="oS" value="connect"/><string name="l0" value="rope"/><string name="l1" value="122"/><string name="l2" value="0"/><int name="x" value="183"/><int name="y" value="-118"/><int name="z" value="9"/><int name="f" value="0"/><int name="zM" value="16"/><int name="r" value="0"/><int name="move" value="0"/><int name="dynamic" value="0"/><int name="piece" value="4"/></imgdir><imgdir name="5"><string name="oS" value="connect"/><string name="l0" value="rope"/><string name="l1" value="122"/><string name="l2" value="4"/><int name="x" value="176"/><int name="y" value="4"/><int name="z" value="9"/><int name="f" value="0"/><int name="zM" value="7"/><int name="r" value="0"/><int name="move" value="0"/><int name="dynamic" value="0"/><int name="piece" value="5"/></imgdir><imgdir name="6"><string name="oS" value="connect"/><string name="l0" value="rope"/><string name="l1" value="122"/><string name="l2" value="2"/><int name="x" value="176"/><int name="y" value="-51"/><int name="z" value="9"/><int name="f" value="0"/><int name="zM" value="10"/><int name="r" value="0"/><int name="move" value="0"/><int name="dynamic" value="0"/><int name="piece" value="6"/></imgdir><imgdir name="7"><string name="oS" value="connect"/><string name="l0" value="rope"/><string name="l1" value="122"/><string name="l2" value="1"/><int name="x" value="177"/><int name="y" value="-22"/><int name="z" value="9"/><int name="f" value="0"/><int name="zM" value="9"/><int name="r" value="0"/><int name="move" value="0"/><int name="dynamic" value="0"/><int name="piece" value="7"/></imgdir><imgdir name="1"><string name="oS" value="connect"/><string name="l0" value="rope"/><string name="l1" value="122"/><string name="l2" value="1"/><int name="x" value="177"/><int name="y" value="-7"/><int name="z" value="9"/><int name="f" value="0"/><int name="zM" value="8"/><int name="r" value="0"/><int name="move" value="0"/><int name="dynamic" value="0"/><int name="piece" value="1"/></imgdir><imgdir name="8"><string name="oS" value="connect"/><string name="l0" value="rope"/><string name="l1" value="122"/><string name="l2" value="1"/><int name="x" value="-764"/><int name="y" value="-187"/><int name="z" value="9"/><int name="f" value="0"/><int name="zM" value="23"/><int name="r" value="0"/><int name="move" value="0"/><int name="dynamic" value="0"/><int name="piece" value="8"/></imgdir><imgdir name="9"><string name="oS" value="connect"/><string name="l0" value="rope"/><string name="l1" value="122"/><string name="l2" value="4"/><int name="x" value="-765"/><int name="y" value="-176"/><int name="z" value="9"/><int name="f" value="0"/><int name="zM" value="22"/><int name="r" value="0"/><int name="move" value="0"/><int name="dynamic" value="0"/><int name="piece" value="9"/></imgdir><imgdir name="3"><string name="oS" value="connect"/><string name="l0" value="rope"/><string name="l1" value="122"/><string name="l2" value="1"/><int name="x" value="-764"/><int name="y" value="-202"/><int name="z" value="9"/><int name="f" value="0"/><int name="zM" value="24"/><int name="r" value="0"/><int name="move" value="0"/><int name="dynamic" value="0"/><int name="piece" value="3"/></imgdir></imgdir></imgdir><imgdir name="5"><imgdir name="info"></imgdir><imgdir name="tile"></imgdir><imgdir name="obj"><imgdir name="0"><string name="oS" value="guide"/><string name="l0" value="tutorial"/><string name="l1" value="key"/><string name="l2" value="2"/><int name="x" value="-632"/><int name="y" value="-138"/><int name="z" value="9"/><int name="f" value="0"/><int name="zM" value="19"/><int name="r" value="0"/><int name="piece" value="0"/><string name="tags" value="guide"/></imgdir><imgdir name="1"><string name="oS" value="guide"/><string name="l0" value="tutorial"/><string name="l1" value="key"/><string name="l2" value="9"/><int name="x" value="-716"/><int name="y" value="-273"/><int name="z" value="9"/><int name="f" value="0"/><int name="zM" value="26"/><int name="r" value="0"/><int name="piece" value="1"/><string name="tags" value="guide"/></imgdir><imgdir name="2"><string name="oS" value="guide"/><string name="l0" value="tutorial"/><string name="l1" value="key"/><string name="l2" value="4"/><int name="x" value="404"/><int name="y" value="-286"/><int name="z" value="9"/><int name="f" value="0"/><int name="zM" value="27"/><int name="r" value="0"/><int name="piece" value="2"/><string name="tags" value="guide"/></imgdir><imgdir name="3"><string name="oS" value="guide"/><string name="l0" value="tutorial"/><string name="l1" value="key"/><string name="l2" value="1"/><int name="x" value="302"/><int name="y" value="-147"/><int name="z" value="9"/><int name="f" value="0"/><int name="zM" value="20"/><int name="r" value="0"/><int name="piece" value="3"/><string name="tags" value="guide"/></imgdir><imgdir name="4"><string name="oS" value="guide"/><string name="l0" value="tutorial"/><string name="l1" value="key"/><string name="l2" value="3"/><int name="x" value="237"/><int name="y" value="36"/><int name="z" value="9"/><int name="f" value="0"/><int name="zM" value="6"/><int name="r" value="0"/><int name="piece" value="4"/><string name="tags" value="guide"/></imgdir></imgdir></imgdir><imgdir name="6"><imgdir name="info"></imgdir><imgdir name="tile"></imgdir><imgdir name="obj"></imgdir></imgdir><imgdir name="7"><imgdir name="info"></imgdir><imgdir name="tile"></imgdir><imgdir name="obj"></imgdir></imgdir><imgdir name="foothold"><imgdir name="1"><imgdir name="32"><imgdir name="1"><int name="x1" value="-993"/><int name="y1" value="-660"/><int name="x2" value="-993"/><int name="y2" value="-663"/><int name="prev" value="6"/><int name="next" value="2"/><int name="piece" value="-1"/></imgdir><imgdir name="2"><int name="x1" value="-993"/><int name="y1" value="-663"/><int name="x2" value="-987"/><int name="y2" value="-663"/><int name="prev" value="1"/><int name="next" value="3"/><int name="piece" value="-1"/></imgdir><imgdir name="3"><int name="x1" value="-987"/><int name="y1" value="-663"/><int name="x2" value="-987"/><int name="y2" value="-660"/><int name="prev" value="2"/><int name="next" value="4"/><int name="piece" value="-1"/></imgdir><imgdir name="4"><int name="x1" value="-987"/><int name="y1" value="-660"/><int name="x2" value="-987"/><int name="y2" value="-657"/><int name="prev" value="3"/><int name="next" value="5"/><int name="piece" value="-1"/></imgdir><imgdir name="5"><int name="x1" value="-987"/><int name="y1" value="-657"/><int name="x2" value="-993"/><int name="y2" value="-657"/><int name="prev" value="4"/><int name="next" value="6"/><int name="piece" value="-1"/></imgdir><imgdir name="6"><int name="x1" value="-993"/><int name="y1" value="-657"/><int name="x2" value="-993"/><int name="y2" value="-660"/><int name="prev" value="5"/><int name="next" value="1"/><int name="piece" value="-1"/></imgdir></imgdir></imgdir><imgdir name="3"><imgdir name="0"><imgdir name="7"><int name="x1" value="-1112"/><int name="y1" value="65"/><int name="x2" value="-550"/><int name="y2" value="65"/><int name="prev" value="18"/><int name="next" value="8"/><int name="piece" value="0"/></imgdir></imgdir><imgdir name="1"><imgdir name="8"><int name="x1" value="-550"/><int name="y1" value="65"/><int name="x2" value="12"/><int name="y2" value="65"/><int name="prev" value="7"/><int name="next" value="9"/><int name="piece" value="1"/></imgdir></imgdir><imgdir name="2"><imgdir name="9"><int name="x1" value="12"/><int name="y1" value="65"/><int name="x2" value="574"/><int name="y2" value="65"/><int name="prev" value="8"/><int name="next" value="0"/><int name="piece" value="2"/></imgdir></imgdir><imgdir name="28"><imgdir name="10"><int name="x1" value="-934"/><int name="y1" value="-359"/><int name="x2" value="-797"/><int name="y2" value="-359"/><int name="prev" value="0"/><int name="next" value="11"/><int name="piece" value="3"/></imgdir></imgdir><imgdir name="29"><imgdir name="11"><int name="x1" value="-797"/><int name="y1" value="-359"/><int name="x2" value="-612"/><int name="y2" value="-359"/><int name="prev" value="10"/><int name="next" value="0"/><int name="piece" value="4"/></imgdir></imgdir><imgdir name="18"><imgdir name="12"><int name="x1" value="207"/><int name="y1" value="-177"/><int name="x2" value="344"/><int name="y2" value="-177"/><int name="prev" value="0"/><int name="next" value="13"/><int name="piece" value="5"/></imgdir></imgdir><imgdir name="17"><imgdir name="13"><int name="x1" value="344"/><int name="y1" value="-177"/><int name="x2" value="565"/><int name="y2" value="-177"/><int name="prev" value="12"/><int name="next" value="0"/><int name="piece" value="6"/></imgdir></imgdir><imgdir name="11"><imgdir name="14"><int name="x1" value="89"/><int name="y1" value="-117"/><int name="x2" value="226"/><int name="y2" value="-117"/><int name="prev" value="0"/><int name="next" value="15"/><int name="piece" value="7"/></imgdir></imgdir><imgdir name="13"><imgdir name="15"><int name="x1" value="226"/><int name="y1" value="-117"/><int name="x2" value="411"/><int name="y2" value="-117"/><int name="prev" value="14"/><int name="next" value="0"/><int name="piece" value="8"/></imgdir></imgdir><imgdir name="12"><imgdir name="16"><int name="x1" value="-854"/><int name="y1" value="-118"/><int name="x2" value="-717"/><int name="y2" value="-118"/><int name="prev" value="0"/><int name="next" value="17"/><int name="piece" value="9"/></imgdir></imgdir><imgdir name="14"><imgdir name="17"><int name="x1" value="-717"/><int name="y1" value="-118"/><int name="x2" value="-532"/><int name="y2" value="-118"/><int name="prev" value="16"/><int name="next" value="0"/><int name="piece" value="10"/></imgdir></imgdir><imgdir name="3"><imgdir name="18"><int name="x1" value="-1674"/><int name="y1" value="65"/><int name="x2" value="-1112"/><int name="y2" value="65"/><int name="prev" value="0"/><int name="next" value="7"/><int name="piece" value="12"/></imgdir></imgdir></imgdir></imgdir><imgdir name="ladderRope"><imgdir name="1"><int name="l" value="0"/><int name="uf" value="0"/><int name="x" value="-994"/><int name="y1" value="-741"/><int name="y2" value="-132"/><int name="page" value="1"/><int name="piece" value="4"/></imgdir><imgdir name="2"><int name="l" value="0"/><int name="uf" value="1"/><int name="x" value="177"/><int name="y1" value="-115"/><int name="y2" value="45"/><int name="page" value="4"/><int name="piece" value="7"/></imgdir><imgdir name="3"><int name="l" value="0"/><int name="uf" value="1"/><int name="x" value="-764"/><int name="y1" value="-357"/><int name="y2" value="-135"/><int name="page" value="4"/><int name="piece" value="9"/></imgdir></imgdir><imgdir name="miniMap"><canvas name="canvas" width="104" height="63"><string name="_hash" value="443b66571e4db3f9ea72f827c51566f30f4209361c55e841f8dca209efdcee37"/></canvas><int name="width" value="1666"/><int name="height" value="1012"/><int name="centerX" value="1102"/><int name="centerY" value="760"/><int name="mag" value="4"/></imgdir><imgdir name="portal"><imgdir name="0"><string name="pn" value="sp"/><int name="pt" value="0"/><int name="x" value="0"/><int name="y" value="0"/><int name="tm" value="999999999"/><string name="tn" value=""/><int name="horizontalImpact" value="0"/></imgdir><imgdir name="1"><string name="pn" value="east00"/><int name="pt" value="2"/><int name="x" value="405"/><int name="y" value="-178"/><int name="tm" value="910090302"/><string name="tn" value="west00"/><int name="horizontalImpact" value="0"/><string name="script" value=""/><int name="hideTooltip" value="0"/><int name="onlyOnce" value="0"/><int name="delay" value="0"/></imgdir></imgdir><imgdir name="particle"><imgdir name="partem_Ruin_Light1"><imgdir name="0"><int name="x" value="-615"/><int name="y" value="-405"/><int name="z" value="-1073845824"/><int name="rx" value="-50"/><int name="ry" value="-80"/></imgdir></imgdir><imgdir name="partem_Ruin_Light2"><imgdir name="0"><int name="x" value="-364"/><int name="y" value="-1135"/><int name="z" value="-1073845824"/><int name="rx" value="-50"/><int name="ry" value="-80"/></imgdir></imgdir><imgdir name="partem_Ruin_Shine"><imgdir name="0"><int name="x" value="-975"/><int name="y" value="-420"/><int name="z" value="0"/><int name="rx" value="-100"/><int name="ry" value="-100"/></imgdir></imgdir></imgdir></imgdir>