<?xml version="1.0" encoding="UTF-8" standalone="yes"?><imgdir name="910002010.img"><imgdir name="info"><int name="version" value="10"/><int name="cloud" value="0"/><int name="town" value="1"/><int name="returnMap" value="910002010"/><int name="forcedReturn" value="910002010"/><float name="mobRate" value="1.0"/><string name="bgm" value="Bgm00/FloralLife"/><string name="mapMark" value="Event"/><int name="fieldLimit" value="336616"/><int name="swim" value="0"/><int name="fly" value="0"/><string name="onFirstUserEnter" value=""/><string name="onUserEnter" value=""/><int name="VRTop" value="-588"/><int name="VRLeft" value="-548"/><int name="VRBottom" value="180"/><int name="VRRight" value="642"/><int name="noMapCmd" value="0"/><string name="fieldScript" value=""/><int name="standAlone" value="0"/><int name="partyStandAlone" value="0"/><int name="hideMinimap" value="0"/><int name="LBSide" value="-88"/></imgdir><imgdir name="back"><imgdir name="0"><string name="bS" value="grassySoil"/><int name="front" value="0"/><int name="ani" value="0"/><int name="no" value="0"/><int name="x" value="-169"/><int name="y" value="382"/><int name="rx" value="0"/><int name="ry" value="0"/><int name="type" value="3"/><int name="cx" value="0"/><int name="cy" value="0"/><int name="a" value="255"/><int name="f" value="0"/></imgdir><imgdir name="1"><string name="bS" value="grassySoil"/><int name="front" value="0"/><int name="ani" value="0"/><int name="no" value="1"/><int name="x" value="-48"/><int name="y" value="-68"/><int name="rx" value="-5"/><int name="ry" value="-4"/><int name="type" value="4"/><int name="cx" value="0"/><int name="cy" value="0"/><int name="a" value="255"/><int name="f" value="0"/></imgdir><imgdir name="2"><string name="bS" value="grassySoil"/><int name="front" value="0"/><int name="ani" value="0"/><int name="no" value="2"/><int name="x" value="279"/><int name="y" value="26"/><int name="rx" value="-100"/><int name="ry" value="-20"/><int name="type" value="0"/><int name="cx" value="0"/><int name="cy" value="0"/><int name="a" value="255"/><int name="f" value="0"/></imgdir><imgdir name="3"><string name="bS" value="grassySoil"/><int name="front" value="0"/><int name="ani" value="0"/><int name="no" value="3"/><int name="x" value="158"/><int name="y" value="-278"/><int name="rx" value="-100"/><int name="ry" value="-20"/><int name="type" value="0"/><int name="cx" value="0"/><int name="cy" value="0"/><int name="a" value="255"/><int name="f" value="0"/></imgdir><imgdir name="4"><string name="bS" value="grassySoil"/><int name="front" value="0"/><int name="ani" value="0"/><int name="no" value="4"/><int name="x" value="6"/><int name="y" value="143"/><int name="rx" value="-30"/><int name="ry" value="-30"/><int name="type" value="1"/><int name="cx" value="0"/><int name="cy" value="0"/><int name="a" value="255"/><int name="f" value="0"/></imgdir></imgdir><imgdir name="life"><imgdir name="0"><string name="type" value="n"/><string name="id" value="2133000"/><int name="x" value="-95"/><int name="y" value="-233"/><int name="mobTime" value="0"/><int name="f" value="0"/><int name="hide" value="0"/><int name="fh" value="27"/><int name="cy" value="-220"/><int name="rx0" value="-145"/><int name="rx1" value="-45"/></imgdir><imgdir name="1"><string name="type" value="n"/><string name="id" value="2112004"/><int name="x" value="61"/><int name="y" value="29"/><int name="mobTime" value="0"/><int name="f" value="0"/><int name="hide" value="0"/><int name="fh" value="44"/><int name="cy" value="40"/><int name="rx0" value="11"/><int name="rx1" value="111"/></imgdir><imgdir name="3"><string name="type" value="n"/><string name="id" value="2013000"/><int name="x" value="237"/><int name="y" value="-144"/><int name="mobTime" value="0"/><int name="f" value="0"/><int name="hide" value="0"/><int name="fh" value="16"/><int name="cy" value="-132"/><int name="rx0" value="187"/><int name="rx1" value="287"/></imgdir><imgdir name="2"><string name="type" value="n"/><string name="id" value="2094000"/><int name="x" value="401"/><int name="y" value="-58"/><int name="mobTime" value="0"/><int name="f" value="0"/><int name="hide" value="0"/><int name="fh" value="23"/><int name="cy" value="-50"/><int name="rx0" value="351"/><int name="rx1" value="451"/></imgdir><imgdir name="4"><string name="type" value="n"/><string name="id" value="2112003"/><int name="x" value="-30"/><int name="y" value="32"/><int name="mobTime" value="0"/><int name="f" value="1"/><int name="hide" value="0"/><int name="fh" value="44"/><int name="cy" value="40"/><int name="rx0" value="-80"/><int name="rx1" value="20"/></imgdir></imgdir><imgdir name="0"><imgdir name="info"></imgdir><imgdir name="tile"></imgdir><imgdir name="obj"></imgdir></imgdir><imgdir name="1"><imgdir name="info"></imgdir><imgdir name="tile"></imgdir><imgdir name="obj"><imgdir name="0"><string name="oS" value="monsterPark"/><string name="l0" value="guesthouse"/><string name="l1" value="inside"/><string name="l2" value="0"/><int name="x" value="67"/><int name="y" value="-31"/><int name="z" value="9"/><int name="f" value="0"/><int name="zM" value="2"/><int name="r" value="0"/><int name="move" value="0"/><int name="dynamic" value="0"/><int name="piece" value="0"/></imgdir></imgdir></imgdir><imgdir name="2"><imgdir name="info"></imgdir><imgdir name="tile"></imgdir><imgdir name="obj"></imgdir></imgdir><imgdir name="3"><imgdir name="info"></imgdir><imgdir name="tile"></imgdir><imgdir name="obj"><imgdir name="0"><string name="oS" value="monsterPark"/><string name="l0" value="guesthouse"/><string name="l1" value="inside"/><string name="l2" value="1"/><int name="x" value="71"/><int name="y" value="-267"/><int name="z" value="8"/><int name="f" value="0"/><int name="zM" value="1"/><int name="r" value="0"/><int name="move" value="0"/><int name="dynamic" value="0"/><int name="piece" value="0"/></imgdir><imgdir name="1"><string name="oS" value="monsterPark"/><string name="l0" value="guesthouse"/><string name="l1" value="inside"/><string name="l2" value="8"/><int name="x" value="100"/><int name="y" value="-63"/><int name="z" value="9"/><int name="f" value="0"/><int name="zM" value="0"/><int name="r" value="0"/><int name="move" value="0"/><int name="dynamic" value="0"/><int name="piece" value="1"/></imgdir><imgdir name="2"><string name="oS" value="monsterPark"/><string name="l0" value="guesthouse"/><string name="l1" value="inside"/><string name="l2" value="9"/><int name="x" value="20"/><int name="y" value="-301"/><int name="z" value="9"/><int name="f" value="0"/><int name="zM" value="0"/><int name="r" value="0"/><int name="move" value="0"/><int name="dynamic" value="0"/><int name="piece" value="2"/></imgdir><imgdir name="3"><string name="oS" value="monsterPark"/><string name="l0" value="guesthouse"/><string name="l1" value="inside"/><string name="l2" value="10"/><int name="x" value="17"/><int name="y" value="-309"/><int name="z" value="9"/><int name="f" value="0"/><int name="zM" value="0"/><int name="r" value="0"/><int name="move" value="0"/><int name="dynamic" value="0"/><int name="piece" value="3"/></imgdir></imgdir></imgdir><imgdir name="4"><imgdir name="info"></imgdir><imgdir name="tile"></imgdir><imgdir name="obj"><imgdir name="0"><string name="oS" value="monsterPark"/><string name="l0" value="guesthouse"/><string name="l1" value="inside"/><string name="l2" value="5"/><int name="x" value="-358"/><int name="y" value="-202"/><int name="z" value="9"/><int name="f" value="0"/><int name="zM" value="4"/><int name="r" value="0"/><int name="move" value="0"/><int name="dynamic" value="0"/><int name="piece" value="0"/></imgdir><imgdir name="1"><string name="oS" value="monsterPark"/><string name="l0" value="guesthouse"/><string name="l1" value="inside"/><string name="l2" value="4"/><int name="x" value="45"/><int name="y" value="-515"/><int name="z" value="9"/><int name="f" value="0"/><int name="zM" value="5"/><int name="r" value="0"/><int name="move" value="0"/><int name="dynamic" value="0"/><int name="piece" value="1"/></imgdir><imgdir name="2"><string name="oS" value="monsterPark"/><string name="l0" value="guesthouse"/><string name="l1" value="inside"/><string name="l2" value="6"/><int name="x" value="450"/><int name="y" value="-202"/><int name="z" value="9"/><int name="f" value="0"/><int name="zM" value="3"/><int name="r" value="0"/><int name="move" value="0"/><int name="dynamic" value="0"/><int name="piece" value="2"/></imgdir><imgdir name="3"><string name="oS" value="monsterPark"/><string name="l0" value="guesthouse"/><string name="l1" value="inside"/><string name="l2" value="3"/><int name="x" value="503"/><int name="y" value="-28"/><int name="z" value="9"/><int name="f" value="0"/><int name="zM" value="3"/><int name="r" value="0"/><int name="move" value="0"/><int name="dynamic" value="0"/><int name="piece" value="3"/></imgdir></imgdir></imgdir><imgdir name="5"><imgdir name="info"></imgdir><imgdir name="tile"></imgdir><imgdir name="obj"><imgdir name="0"><string name="oS" value="monsterPark"/><string name="l0" value="guesthouse"/><string name="l1" value="inside"/><string name="l2" value="7"/><int name="x" value="45"/><int name="y" value="103"/><int name="z" value="9"/><int name="f" value="0"/><int name="zM" value="0"/><int name="r" value="0"/><int name="move" value="0"/><int name="dynamic" value="0"/><int name="piece" value="0"/></imgdir></imgdir></imgdir><imgdir name="6"><imgdir name="info"></imgdir><imgdir name="tile"></imgdir><imgdir name="obj"></imgdir></imgdir><imgdir name="7"><imgdir name="info"></imgdir><imgdir name="tile"></imgdir><imgdir name="obj"></imgdir></imgdir><imgdir name="reactor"></imgdir><imgdir name="foothold"><imgdir name="3"><imgdir name="1"><imgdir name="1"><int name="x1" value="-555"/><int name="y1" value="-8"/><int name="x2" value="-443"/><int name="y2" value="-19"/><int name="prev" value="0"/><int name="next" value="2"/><int name="piece" value="0"/></imgdir><imgdir name="2"><int name="x1" value="-443"/><int name="y1" value="-19"/><int name="x2" value="-397"/><int name="y2" value="-7"/><int name="prev" value="1"/><int name="next" value="3"/><int name="piece" value="0"/></imgdir><imgdir name="3"><int name="x1" value="-397"/><int name="y1" value="-7"/><int name="x2" value="-338"/><int name="y2" value="2"/><int name="prev" value="2"/><int name="next" value="4"/><int name="piece" value="0"/></imgdir><imgdir name="4"><int name="x1" value="-338"/><int name="y1" value="2"/><int name="x2" value="-272"/><int name="y2" value="3"/><int name="prev" value="3"/><int name="next" value="0"/><int name="piece" value="0"/></imgdir><imgdir name="5"><int name="x1" value="-553"/><int name="y1" value="22"/><int name="x2" value="-419"/><int name="y2" value="10"/><int name="prev" value="0"/><int name="next" value="6"/><int name="piece" value="0"/></imgdir><imgdir name="6"><int name="x1" value="-419"/><int name="y1" value="10"/><int name="x2" value="-296"/><int name="y2" value="18"/><int name="prev" value="5"/><int name="next" value="7"/><int name="piece" value="0"/></imgdir><imgdir name="7"><int name="x1" value="-296"/><int name="y1" value="18"/><int name="x2" value="-289"/><int name="y2" value="20"/><int name="prev" value="6"/><int name="next" value="8"/><int name="piece" value="0"/></imgdir><imgdir name="8"><int name="x1" value="-289"/><int name="y1" value="20"/><int name="x2" value="-247"/><int name="y2" value="19"/><int name="prev" value="7"/><int name="next" value="0"/><int name="piece" value="0"/></imgdir><imgdir name="9"><int name="x1" value="-222"/><int name="y1" value="-66"/><int name="x2" value="-172"/><int name="y2" value="-79"/><int name="prev" value="0"/><int name="next" value="10"/><int name="piece" value="0"/></imgdir><imgdir name="10"><int name="x1" value="-172"/><int name="y1" value="-79"/><int name="x2" value="-126"/><int name="y2" value="-62"/><int name="prev" value="9"/><int name="next" value="11"/><int name="piece" value="0"/></imgdir><imgdir name="11"><int name="x1" value="-126"/><int name="y1" value="-62"/><int name="x2" value="-45"/><int name="y2" value="-69"/><int name="prev" value="10"/><int name="next" value="0"/><int name="piece" value="0"/></imgdir><imgdir name="12"><int name="x1" value="-66"/><int name="y1" value="-122"/><int name="x2" value="-40"/><int name="y2" value="-152"/><int name="prev" value="0"/><int name="next" value="13"/><int name="piece" value="0"/></imgdir><imgdir name="13"><int name="x1" value="-40"/><int name="y1" value="-152"/><int name="x2" value="42"/><int name="y2" value="-153"/><int name="prev" value="12"/><int name="next" value="14"/><int name="piece" value="0"/></imgdir><imgdir name="14"><int name="x1" value="42"/><int name="y1" value="-153"/><int name="x2" value="167"/><int name="y2" value="-172"/><int name="prev" value="13"/><int name="next" value="15"/><int name="piece" value="0"/></imgdir><imgdir name="15"><int name="x1" value="167"/><int name="y1" value="-172"/><int name="x2" value="216"/><int name="y2" value="-128"/><int name="prev" value="14"/><int name="next" value="16"/><int name="piece" value="0"/></imgdir><imgdir name="16"><int name="x1" value="216"/><int name="y1" value="-128"/><int name="x2" value="237"/><int name="y2" value="-132"/><int name="prev" value="15"/><int name="next" value="17"/><int name="piece" value="0"/></imgdir><imgdir name="17"><int name="x1" value="237"/><int name="y1" value="-132"/><int name="x2" value="251"/><int name="y2" value="-131"/><int name="prev" value="16"/><int name="next" value="18"/><int name="piece" value="0"/></imgdir><imgdir name="18"><int name="x1" value="251"/><int name="y1" value="-131"/><int name="x2" value="270"/><int name="y2" value="-126"/><int name="prev" value="17"/><int name="next" value="19"/><int name="piece" value="0"/></imgdir><imgdir name="19"><int name="x1" value="270"/><int name="y1" value="-126"/><int name="x2" value="284"/><int name="y2" value="-111"/><int name="prev" value="18"/><int name="next" value="0"/><int name="piece" value="0"/></imgdir><imgdir name="20"><int name="x1" value="278"/><int name="y1" value="-65"/><int name="x2" value="315"/><int name="y2" value="-75"/><int name="prev" value="0"/><int name="next" value="21"/><int name="piece" value="0"/></imgdir><imgdir name="21"><int name="x1" value="315"/><int name="y1" value="-75"/><int name="x2" value="387"/><int name="y2" value="-44"/><int name="prev" value="20"/><int name="next" value="22"/><int name="piece" value="0"/></imgdir><imgdir name="22"><int name="x1" value="387"/><int name="y1" value="-44"/><int name="x2" value="395"/><int name="y2" value="-49"/><int name="prev" value="21"/><int name="next" value="23"/><int name="piece" value="0"/></imgdir><imgdir name="23"><int name="x1" value="395"/><int name="y1" value="-49"/><int name="x2" value="408"/><int name="y2" value="-53"/><int name="prev" value="22"/><int name="next" value="24"/><int name="piece" value="0"/></imgdir><imgdir name="24"><int name="x1" value="408"/><int name="y1" value="-53"/><int name="x2" value="422"/><int name="y2" value="-48"/><int name="prev" value="23"/><int name="next" value="25"/><int name="piece" value="0"/></imgdir><imgdir name="25"><int name="x1" value="422"/><int name="y1" value="-48"/><int name="x2" value="436"/><int name="y2" value="-45"/><int name="prev" value="24"/><int name="next" value="26"/><int name="piece" value="0"/></imgdir><imgdir name="26"><int name="x1" value="436"/><int name="y1" value="-45"/><int name="x2" value="441"/><int name="y2" value="-51"/><int name="prev" value="25"/><int name="next" value="0"/><int name="piece" value="0"/></imgdir><imgdir name="27"><int name="x1" value="-152"/><int name="y1" value="-218"/><int name="x2" value="-51"/><int name="y2" value="-223"/><int name="prev" value="0"/><int name="next" value="0"/><int name="piece" value="0"/></imgdir><imgdir name="28"><int name="x1" value="415"/><int name="y1" value="-202"/><int name="x2" value="434"/><int name="y2" value="-212"/><int name="prev" value="0"/><int name="next" value="29"/><int name="piece" value="0"/></imgdir><imgdir name="29"><int name="x1" value="434"/><int name="y1" value="-212"/><int name="x2" value="451"/><int name="y2" value="-224"/><int name="prev" value="28"/><int name="next" value="30"/><int name="piece" value="0"/></imgdir><imgdir name="30"><int name="x1" value="451"/><int name="y1" value="-224"/><int name="x2" value="463"/><int name="y2" value="-225"/><int name="prev" value="29"/><int name="next" value="31"/><int name="piece" value="0"/></imgdir><imgdir name="31"><int name="x1" value="463"/><int name="y1" value="-225"/><int name="x2" value="479"/><int name="y2" value="-221"/><int name="prev" value="30"/><int name="next" value="32"/><int name="piece" value="0"/></imgdir><imgdir name="32"><int name="x1" value="479"/><int name="y1" value="-221"/><int name="x2" value="488"/><int name="y2" value="-228"/><int name="prev" value="31"/><int name="next" value="33"/><int name="piece" value="0"/></imgdir><imgdir name="33"><int name="x1" value="488"/><int name="y1" value="-228"/><int name="x2" value="502"/><int name="y2" value="-228"/><int name="prev" value="32"/><int name="next" value="34"/><int name="piece" value="0"/></imgdir><imgdir name="34"><int name="x1" value="502"/><int name="y1" value="-228"/><int name="x2" value="515"/><int name="y2" value="-224"/><int name="prev" value="33"/><int name="next" value="0"/><int name="piece" value="0"/></imgdir></imgdir></imgdir><imgdir name="4"><imgdir name="3"><imgdir name="35"><int name="x1" value="445"/><int name="y1" value="-85"/><int name="x2" value="497"/><int name="y2" value="-94"/><int name="prev" value="0"/><int name="next" value="36"/><int name="piece" value="3"/></imgdir><imgdir name="36"><int name="x1" value="497"/><int name="y1" value="-94"/><int name="x2" value="565"/><int name="y2" value="-38"/><int name="prev" value="35"/><int name="next" value="0"/><int name="piece" value="3"/></imgdir></imgdir></imgdir><imgdir name="5"><imgdir name="0"><imgdir name="37"><int name="x1" value="-558"/><int name="y1" value="40"/><int name="x2" value="-531"/><int name="y2" value="42"/><int name="prev" value="0"/><int name="next" value="38"/><int name="piece" value="0"/></imgdir><imgdir name="38"><int name="x1" value="-531"/><int name="y1" value="42"/><int name="x2" value="-437"/><int name="y2" value="30"/><int name="prev" value="37"/><int name="next" value="39"/><int name="piece" value="0"/></imgdir><imgdir name="39"><int name="x1" value="-437"/><int name="y1" value="30"/><int name="x2" value="-385"/><int name="y2" value="42"/><int name="prev" value="38"/><int name="next" value="40"/><int name="piece" value="0"/></imgdir><imgdir name="40"><int name="x1" value="-385"/><int name="y1" value="42"/><int name="x2" value="-215"/><int name="y2" value="36"/><int name="prev" value="39"/><int name="next" value="41"/><int name="piece" value="0"/></imgdir><imgdir name="41"><int name="x1" value="-215"/><int name="y1" value="36"/><int name="x2" value="-154"/><int name="y2" value="39"/><int name="prev" value="40"/><int name="next" value="42"/><int name="piece" value="0"/></imgdir><imgdir name="42"><int name="x1" value="-154"/><int name="y1" value="39"/><int name="x2" value="-145"/><int name="y2" value="33"/><int name="prev" value="41"/><int name="next" value="43"/><int name="piece" value="0"/></imgdir><imgdir name="43"><int name="x1" value="-145"/><int name="y1" value="33"/><int name="x2" value="-51"/><int name="y2" value="40"/><int name="prev" value="42"/><int name="next" value="44"/><int name="piece" value="0"/></imgdir><imgdir name="44"><int name="x1" value="-51"/><int name="y1" value="40"/><int name="x2" value="175"/><int name="y2" value="42"/><int name="prev" value="43"/><int name="next" value="45"/><int name="piece" value="0"/></imgdir><imgdir name="45"><int name="x1" value="175"/><int name="y1" value="42"/><int name="x2" value="182"/><int name="y2" value="33"/><int name="prev" value="44"/><int name="next" value="46"/><int name="piece" value="0"/></imgdir><imgdir name="46"><int name="x1" value="182"/><int name="y1" value="33"/><int name="x2" value="324"/><int name="y2" value="44"/><int name="prev" value="45"/><int name="next" value="47"/><int name="piece" value="0"/></imgdir><imgdir name="47"><int name="x1" value="324"/><int name="y1" value="44"/><int name="x2" value="435"/><int name="y2" value="30"/><int name="prev" value="46"/><int name="next" value="48"/><int name="piece" value="0"/></imgdir><imgdir name="48"><int name="x1" value="435"/><int name="y1" value="30"/><int name="x2" value="497"/><int name="y2" value="44"/><int name="prev" value="47"/><int name="next" value="49"/><int name="piece" value="0"/></imgdir><imgdir name="49"><int name="x1" value="497"/><int name="y1" value="44"/><int name="x2" value="585"/><int name="y2" value="41"/><int name="prev" value="48"/><int name="next" value="50"/><int name="piece" value="0"/></imgdir><imgdir name="50"><int name="x1" value="585"/><int name="y1" value="41"/><int name="x2" value="652"/><int name="y2" value="36"/><int name="prev" value="49"/><int name="next" value="0"/><int name="piece" value="0"/></imgdir></imgdir></imgdir></imgdir><imgdir name="ladderRope"></imgdir><imgdir name="miniMap"><canvas name="canvas" width="82" height="60"><string name="_hash" value="ec814981a494914bbd46c235ba7d1070cff7d23fc949ba1e16f94e020205c586"/></canvas><int name="width" value="1312"/><int name="height" value="973"/><int name="centerX" value="608"/><int name="centerY" value="743"/><int name="mag" value="4"/></imgdir><imgdir name="portal"><imgdir name="0"><string name="pn" value="sp"/><int name="pt" value="0"/><int name="x" value="-275"/><int name="y" value="-49"/><int name="tm" value="999999999"/><string name="tn" value=""/></imgdir><imgdir name="1"><string name="pn" value="out00"/><int name="pt" value="7"/><int name="x" value="-365"/><int name="y" value="-1"/><int name="tm" value="999999999"/><string name="tn" value=""/><int name="horizontalImpact" value="0"/><string name="script" value="PQout2"/></imgdir></imgdir></imgdir>