<?xml version="1.0" encoding="UTF-8" standalone="yes"?><imgdir name="910040003.img"><imgdir name="info"><int name="version" value="10"/><int name="cloud" value="0"/><int name="town" value="0"/><int name="swim" value="0"/><int name="returnMap" value="910040003"/><int name="forcedReturn" value="910040003"/><float name="mobRate" value="1.0"/><string name="bgm" value="Bgm18/WolfAndSheep"/><string name="mapMark" value="Event"/><int name="fly" value="0"/><int name="noMapCmd" value="0"/><int name="hideMinimap" value="0"/><int name="fieldLimit" value="272364"/><string name="onFirstUserEnter" value=""/><string name="onUserEnter" value=""/><int name="VRTop" value="-500"/><int name="VRLeft" value="-800"/><int name="VRBottom" value="345"/><int name="VRRight" value="620"/><int name="standAlone" value="0"/><int name="partyStandAlone" value="0"/><string name="fieldScript" value=""/></imgdir><imgdir name="back"><imgdir name="0"><string name="bS" value="grassySoil"/><int name="front" value="0"/><int name="ani" value="0"/><int name="no" value="0"/><int name="f" value="0"/><int name="x" value="288"/><int name="y" value="50"/><int name="rx" value="-80"/><int name="ry" value="-100"/><int name="type" value="3"/><int name="cx" value="0"/><int name="cy" value="0"/><int name="a" value="255"/></imgdir><imgdir name="1"><string name="bS" value="event"/><int name="front" value="0"/><int name="ani" value="0"/><int name="no" value="21"/><int name="f" value="0"/><int name="x" value="-230"/><int name="y" value="-312"/><int name="rx" value="5"/><int name="ry" value="-20"/><int name="type" value="4"/><int name="cx" value="1200"/><int name="cy" value="0"/><int name="a" value="255"/></imgdir><imgdir name="2"><string name="bS" value="event"/><int name="front" value="0"/><int name="ani" value="0"/><int name="no" value="22"/><int name="f" value="0"/><int name="x" value="-1"/><int name="y" value="-237"/><int name="rx" value="4"/><int name="ry" value="-20"/><int name="type" value="4"/><int name="cx" value="1200"/><int name="cy" value="0"/><int name="a" value="255"/></imgdir><imgdir name="3"><string name="bS" value="event"/><int name="front" value="0"/><int name="ani" value="0"/><int name="no" value="23"/><int name="f" value="1"/><int name="x" value="327"/><int name="y" value="-317"/><int name="rx" value="5"/><int name="ry" value="-20"/><int name="type" value="4"/><int name="cx" value="1200"/><int name="cy" value="0"/><int name="a" value="255"/></imgdir><imgdir name="4"><string name="bS" value="event"/><int name="front" value="0"/><int name="ani" value="0"/><int name="no" value="28"/><int name="f" value="0"/><int name="x" value="-22"/><int name="y" value="-85"/><int name="rx" value="-50"/><int name="ry" value="-30"/><int name="type" value="1"/><int name="cx" value="0"/><int name="cy" value="0"/><int name="a" value="255"/></imgdir><imgdir name="5"><string name="bS" value="event"/><int name="front" value="0"/><int name="ani" value="0"/><int name="no" value="29"/><int name="f" value="0"/><int name="x" value="-476"/><int name="y" value="-167"/><int name="rx" value="-60"/><int name="ry" value="-50"/><int name="type" value="0"/><int name="cx" value="0"/><int name="cy" value="0"/><int name="a" value="255"/></imgdir><imgdir name="6"><string name="bS" value="event"/><int name="front" value="0"/><int name="ani" value="0"/><int name="no" value="30"/><int name="f" value="0"/><int name="x" value="51"/><int name="y" value="-99"/><int name="rx" value="-60"/><int name="ry" value="-50"/><int name="type" value="0"/><int name="cx" value="0"/><int name="cy" value="0"/><int name="a" value="255"/></imgdir><imgdir name="7"><string name="bS" value="event"/><int name="front" value="0"/><int name="ani" value="0"/><int name="no" value="31"/><int name="f" value="0"/><int name="x" value="469"/><int name="y" value="-196"/><int name="rx" value="-60"/><int name="ry" value="-50"/><int name="type" value="0"/><int name="cx" value="0"/><int name="cy" value="0"/><int name="a" value="255"/></imgdir><imgdir name="8"><string name="bS" value="event"/><int name="front" value="0"/><int name="ani" value="0"/><int name="no" value="32"/><int name="f" value="0"/><int name="x" value="-331"/><int name="y" value="18"/><int name="rx" value="-70"/><int name="ry" value="-70"/><int name="type" value="0"/><int name="cx" value="0"/><int name="cy" value="0"/><int name="a" value="255"/></imgdir><imgdir name="9"><string name="bS" value="event"/><int name="front" value="0"/><int name="ani" value="0"/><int name="no" value="33"/><int name="f" value="0"/><int name="x" value="559"/><int name="y" value="10"/><int name="rx" value="-70"/><int name="ry" value="-70"/><int name="type" value="0"/><int name="cx" value="0"/><int name="cy" value="0"/><int name="a" value="255"/></imgdir><imgdir name="10"><string name="bS" value="event"/><int name="front" value="0"/><int name="ani" value="0"/><int name="no" value="34"/><int name="f" value="0"/><int name="x" value="245"/><int name="y" value="50"/><int name="rx" value="-80"/><int name="ry" value="-100"/><int name="type" value="0"/><int name="cx" value="0"/><int name="cy" value="0"/><int name="a" value="255"/></imgdir></imgdir><imgdir name="life"><imgdir name="0"><string name="type" value="n"/><string name="id" value="9000053"/><int name="x" value="225"/><int name="y" value="153"/><int name="mobTime" value="0"/><int name="f" value="0"/><int name="hide" value="0"/><int name="fh" value="10"/><int name="cy" value="155"/><int name="rx0" value="175"/><int name="rx1" value="275"/></imgdir></imgdir><imgdir name="reactor"></imgdir><imgdir name="0"><imgdir name="info"></imgdir><imgdir name="tile"></imgdir><imgdir name="obj"><imgdir name="1"><string name="oS" value="event"/><string name="l0" value="battleField"/><string name="l1" value="acc"/><string name="l2" value="2"/><int name="x" value="421"/><int name="y" value="114"/><int name="z" value="9"/><int name="f" value="0"/><int name="zM" value="3"/><int name="r" value="0"/></imgdir><imgdir name="2"><string name="oS" value="event"/><string name="l0" value="battleField"/><string name="l1" value="acc"/><string name="l2" value="6"/><int name="x" value="34"/><int name="y" value="116"/><int name="z" value="9"/><int name="f" value="0"/><int name="zM" value="6"/><int name="r" value="0"/></imgdir><imgdir name="3"><string name="oS" value="event"/><string name="l0" value="battleField"/><string name="l1" value="acc"/><string name="l2" value="4"/><int name="x" value="-106"/><int name="y" value="115"/><int name="z" value="9"/><int name="f" value="0"/><int name="zM" value="1"/><int name="r" value="0"/></imgdir><imgdir name="4"><string name="oS" value="event"/><string name="l0" value="battleField"/><string name="l1" value="acc"/><string name="l2" value="2"/><int name="x" value="-368"/><int name="y" value="117"/><int name="z" value="9"/><int name="f" value="0"/><int name="zM" value="2"/><int name="r" value="0"/></imgdir><imgdir name="5"><string name="oS" value="event"/><string name="l0" value="battleField"/><string name="l1" value="acc"/><string name="l2" value="5"/><int name="x" value="-280"/><int name="y" value="117"/><int name="z" value="9"/><int name="f" value="0"/><int name="zM" value="7"/><int name="r" value="0"/></imgdir><imgdir name="8"><string name="oS" value="event"/><string name="l0" value="battleField"/><string name="l1" value="nature"/><string name="l2" value="1"/><int name="x" value="-448"/><int name="y" value="91"/><int name="z" value="7"/><int name="f" value="0"/><int name="zM" value="2"/><int name="r" value="0"/></imgdir><imgdir name="9"><string name="oS" value="event"/><string name="l0" value="battleField"/><string name="l1" value="nature"/><string name="l2" value="4"/><int name="x" value="-522"/><int name="y" value="86"/><int name="z" value="9"/><int name="f" value="0"/><int name="zM" value="2"/><int name="r" value="0"/></imgdir><imgdir name="10"><string name="oS" value="event"/><string name="l0" value="battleField"/><string name="l1" value="nature"/><string name="l2" value="5"/><int name="x" value="-430"/><int name="y" value="128"/><int name="z" value="11"/><int name="f" value="0"/><int name="zM" value="2"/><int name="r" value="0"/></imgdir><imgdir name="11"><string name="oS" value="event"/><string name="l0" value="battleField"/><string name="l1" value="nature"/><string name="l2" value="6"/><int name="x" value="415"/><int name="y" value="123"/><int name="z" value="8"/><int name="f" value="0"/><int name="zM" value="3"/><int name="r" value="0"/></imgdir><imgdir name="12"><string name="oS" value="event"/><string name="l0" value="battleField"/><string name="l1" value="nature"/><string name="l2" value="7"/><int name="x" value="110"/><int name="y" value="138"/><int name="z" value="9"/><int name="f" value="0"/><int name="zM" value="8"/><int name="r" value="0"/></imgdir><imgdir name="13"><string name="oS" value="event"/><string name="l0" value="battleField"/><string name="l1" value="nature"/><string name="l2" value="8"/><int name="x" value="-188"/><int name="y" value="142"/><int name="z" value="10"/><int name="f" value="0"/><int name="zM" value="1"/><int name="r" value="0"/></imgdir><imgdir name="7"><string name="oS" value="event"/><string name="l0" value="battleField"/><string name="l1" value="nature"/><string name="l2" value="12"/><int name="x" value="-464"/><int name="y" value="113"/><int name="z" value="12"/><int name="f" value="0"/><int name="zM" value="5"/><int name="r" value="0"/></imgdir><imgdir name="6"><string name="oS" value="event"/><string name="l0" value="battleField"/><string name="l1" value="nature"/><string name="l2" value="13"/><int name="x" value="-429"/><int name="y" value="123"/><int name="z" value="12"/><int name="f" value="0"/><int name="zM" value="5"/><int name="r" value="0"/></imgdir><imgdir name="0"><string name="oS" value="event"/><string name="l0" value="battleField"/><string name="l1" value="nature"/><string name="l2" value="9"/><int name="x" value="-127"/><int name="y" value="138"/><int name="z" value="10"/><int name="f" value="0"/><int name="zM" value="1"/><int name="r" value="0"/></imgdir><imgdir name="14"><string name="oS" value="event"/><string name="l0" value="battleField"/><string name="l1" value="nature"/><string name="l2" value="2"/><int name="x" value="-165"/><int name="y" value="93"/><int name="z" value="7"/><int name="f" value="0"/><int name="zM" value="1"/><int name="r" value="0"/></imgdir><imgdir name="15"><string name="oS" value="event"/><string name="l0" value="battleField"/><string name="l1" value="nature"/><string name="l2" value="5"/><int name="x" value="-260"/><int name="y" value="116"/><int name="z" value="11"/><int name="f" value="0"/><int name="zM" value="1"/><int name="r" value="0"/></imgdir><imgdir name="16"><string name="oS" value="event"/><string name="l0" value="battleField"/><string name="l1" value="nature"/><string name="l2" value="0"/><int name="x" value="-74"/><int name="y" value="-43"/><int name="z" value="12"/><int name="f" value="0"/><int name="zM" value="1"/><int name="r" value="0"/></imgdir><imgdir name="17"><string name="oS" value="event"/><string name="l0" value="battleField"/><string name="l1" value="acc"/><string name="l2" value="0"/><int name="x" value="283"/><int name="y" value="135"/><int name="z" value="9"/><int name="f" value="0"/><int name="zM" value="4"/><int name="r" value="0"/></imgdir></imgdir></imgdir><imgdir name="1"><imgdir name="info"><string name="tS" value="grassySoil"/><int name="tSMag" value="1"/></imgdir><imgdir name="tile"><imgdir name="8"><int name="x" value="-90"/><int name="y" value="180"/><string name="u" value="enH0"/><int name="no" value="1"/><int name="zM" value="0"/></imgdir><imgdir name="9"><int name="x" value="-90"/><int name="y" value="180"/><string name="u" value="bsc"/><int name="no" value="2"/><int name="zM" value="0"/></imgdir><imgdir name="3"><int name="x" value="-180"/><int name="y" value="180"/><string name="u" value="bsc"/><int name="no" value="1"/><int name="zM" value="0"/></imgdir><imgdir name="13"><int name="x" value="-180"/><int name="y" value="180"/><string name="u" value="enH0"/><int name="no" value="0"/><int name="zM" value="0"/></imgdir><imgdir name="12"><int name="x" value="-270"/><int name="y" value="180"/><string name="u" value="bsc"/><int name="no" value="3"/><int name="zM" value="0"/></imgdir><imgdir name="2"><int name="x" value="-270"/><int name="y" value="180"/><string name="u" value="enH0"/><int name="no" value="0"/><int name="zM" value="0"/></imgdir><imgdir name="18"><int name="x" value="0"/><int name="y" value="180"/><string name="u" value="enH0"/><int name="no" value="0"/><int name="zM" value="0"/></imgdir><imgdir name="0"><int name="x" value="0"/><int name="y" value="180"/><string name="u" value="bsc"/><int name="no" value="4"/><int name="zM" value="0"/></imgdir><imgdir name="1"><int name="x" value="90"/><int name="y" value="180"/><string name="u" value="enH0"/><int name="no" value="0"/><int name="zM" value="0"/></imgdir><imgdir name="19"><int name="x" value="90"/><int name="y" value="180"/><string name="u" value="bsc"/><int name="no" value="3"/><int name="zM" value="0"/></imgdir><imgdir name="28"><int name="x" value="180"/><int name="y" value="180"/><string name="u" value="enH0"/><int name="no" value="1"/><int name="zM" value="0"/></imgdir><imgdir name="27"><int name="x" value="270"/><int name="y" value="180"/><string name="u" value="enH0"/><int name="no" value="0"/><int name="zM" value="0"/></imgdir><imgdir name="26"><int name="x" value="270"/><int name="y" value="180"/><string name="u" value="bsc"/><int name="no" value="0"/><int name="zM" value="0"/></imgdir><imgdir name="24"><int name="x" value="180"/><int name="y" value="180"/><string name="u" value="bsc"/><int name="no" value="4"/><int name="zM" value="0"/></imgdir><imgdir name="6"><int name="x" value="-180"/><int name="y" value="240"/><string name="u" value="bsc"/><int name="no" value="3"/><int name="zM" value="0"/></imgdir><imgdir name="11"><int name="x" value="-270"/><int name="y" value="240"/><string name="u" value="bsc"/><int name="no" value="3"/><int name="zM" value="0"/></imgdir><imgdir name="7"><int name="x" value="0"/><int name="y" value="240"/><string name="u" value="bsc"/><int name="no" value="1"/><int name="zM" value="0"/></imgdir><imgdir name="4"><int name="x" value="-90"/><int name="y" value="240"/><string name="u" value="bsc"/><int name="no" value="0"/><int name="zM" value="0"/></imgdir><imgdir name="25"><int name="x" value="90"/><int name="y" value="240"/><string name="u" value="bsc"/><int name="no" value="0"/><int name="zM" value="0"/></imgdir><imgdir name="20"><int name="x" value="180"/><int name="y" value="240"/><string name="u" value="bsc"/><int name="no" value="4"/><int name="zM" value="0"/></imgdir><imgdir name="29"><int name="x" value="270"/><int name="y" value="240"/><string name="u" value="bsc"/><int name="no" value="3"/><int name="zM" value="0"/></imgdir><imgdir name="21"><int name="x" value="360"/><int name="y" value="180"/><string name="u" value="bsc"/><int name="no" value="3"/><int name="zM" value="0"/></imgdir><imgdir name="22"><int name="x" value="360"/><int name="y" value="180"/><string name="u" value="enH0"/><int name="no" value="0"/><int name="zM" value="0"/></imgdir><imgdir name="30"><int name="x" value="360"/><int name="y" value="240"/><string name="u" value="bsc"/><int name="no" value="1"/><int name="zM" value="0"/></imgdir><imgdir name="5"><int name="x" value="-450"/><int name="y" value="300"/><string name="u" value="bsc"/><int name="no" value="2"/><int name="zM" value="0"/></imgdir><imgdir name="41"><int name="x" value="-450"/><int name="y" value="360"/><string name="u" value="enH1"/><int name="no" value="0"/><int name="zM" value="0"/></imgdir><imgdir name="38"><int name="x" value="-270"/><int name="y" value="300"/><string name="u" value="bsc"/><int name="no" value="2"/><int name="zM" value="0"/></imgdir><imgdir name="43"><int name="x" value="-270"/><int name="y" value="360"/><string name="u" value="enH1"/><int name="no" value="0"/><int name="zM" value="0"/></imgdir><imgdir name="40"><int name="x" value="-360"/><int name="y" value="360"/><string name="u" value="enH1"/><int name="no" value="1"/><int name="zM" value="0"/></imgdir><imgdir name="39"><int name="x" value="-180"/><int name="y" value="300"/><string name="u" value="bsc"/><int name="no" value="2"/><int name="zM" value="0"/></imgdir><imgdir name="36"><int name="x" value="-360"/><int name="y" value="300"/><string name="u" value="bsc"/><int name="no" value="4"/><int name="zM" value="0"/></imgdir><imgdir name="44"><int name="x" value="-180"/><int name="y" value="360"/><string name="u" value="enH1"/><int name="no" value="0"/><int name="zM" value="0"/></imgdir><imgdir name="42"><int name="x" value="-90"/><int name="y" value="360"/><string name="u" value="enH1"/><int name="no" value="1"/><int name="zM" value="0"/></imgdir><imgdir name="37"><int name="x" value="-90"/><int name="y" value="300"/><string name="u" value="bsc"/><int name="no" value="4"/><int name="zM" value="0"/></imgdir><imgdir name="23"><int name="x" value="0"/><int name="y" value="300"/><string name="u" value="bsc"/><int name="no" value="2"/><int name="zM" value="0"/></imgdir><imgdir name="45"><int name="x" value="0"/><int name="y" value="360"/><string name="u" value="enH1"/><int name="no" value="0"/><int name="zM" value="0"/></imgdir><imgdir name="46"><int name="x" value="90"/><int name="y" value="360"/><string name="u" value="enH1"/><int name="no" value="0"/><int name="zM" value="0"/></imgdir><imgdir name="33"><int name="x" value="90"/><int name="y" value="300"/><string name="u" value="bsc"/><int name="no" value="0"/><int name="zM" value="0"/></imgdir><imgdir name="31"><int name="x" value="270"/><int name="y" value="300"/><string name="u" value="bsc"/><int name="no" value="4"/><int name="zM" value="0"/></imgdir><imgdir name="47"><int name="x" value="270"/><int name="y" value="360"/><string name="u" value="enH1"/><int name="no" value="0"/><int name="zM" value="0"/></imgdir><imgdir name="34"><int name="x" value="180"/><int name="y" value="300"/><string name="u" value="bsc"/><int name="no" value="4"/><int name="zM" value="0"/></imgdir><imgdir name="49"><int name="x" value="180"/><int name="y" value="360"/><string name="u" value="enH1"/><int name="no" value="0"/><int name="zM" value="0"/></imgdir><imgdir name="48"><int name="x" value="360"/><int name="y" value="360"/><string name="u" value="enH1"/><int name="no" value="0"/><int name="zM" value="0"/></imgdir><imgdir name="35"><int name="x" value="360"/><int name="y" value="300"/><string name="u" value="bsc"/><int name="no" value="1"/><int name="zM" value="0"/></imgdir><imgdir name="57"><int name="x" value="-360"/><int name="y" value="180"/><string name="u" value="enH0"/><int name="no" value="1"/><int name="zM" value="0"/></imgdir><imgdir name="56"><int name="x" value="-360"/><int name="y" value="240"/><string name="u" value="bsc"/><int name="no" value="4"/><int name="zM" value="0"/></imgdir><imgdir name="32"><int name="x" value="-450"/><int name="y" value="240"/><string name="u" value="bsc"/><int name="no" value="0"/><int name="zM" value="0"/></imgdir><imgdir name="15"><int name="x" value="-450"/><int name="y" value="180"/><string name="u" value="enH0"/><int name="no" value="0"/><int name="zM" value="0"/></imgdir><imgdir name="17"><int name="x" value="-360"/><int name="y" value="180"/><string name="u" value="bsc"/><int name="no" value="4"/><int name="zM" value="0"/></imgdir><imgdir name="14"><int name="x" value="-450"/><int name="y" value="180"/><string name="u" value="bsc"/><int name="no" value="0"/><int name="zM" value="0"/></imgdir><imgdir name="51"><int name="x" value="-630"/><int name="y" value="180"/><string name="u" value="enH0"/><int name="no" value="0"/><int name="zM" value="0"/></imgdir><imgdir name="50"><int name="x" value="-630"/><int name="y" value="300"/><string name="u" value="bsc"/><int name="no" value="3"/><int name="zM" value="0"/></imgdir><imgdir name="54"><int name="x" value="-630"/><int name="y" value="360"/><string name="u" value="enH1"/><int name="no" value="0"/><int name="zM" value="0"/></imgdir><imgdir name="55"><int name="x" value="-630"/><int name="y" value="180"/><string name="u" value="bsc"/><int name="no" value="3"/><int name="zM" value="0"/></imgdir><imgdir name="58"><int name="x" value="-630"/><int name="y" value="240"/><string name="u" value="bsc"/><int name="no" value="0"/><int name="zM" value="0"/></imgdir><imgdir name="59"><int name="x" value="-540"/><int name="y" value="240"/><string name="u" value="bsc"/><int name="no" value="2"/><int name="zM" value="0"/></imgdir><imgdir name="10"><int name="x" value="-540"/><int name="y" value="300"/><string name="u" value="bsc"/><int name="no" value="4"/><int name="zM" value="0"/></imgdir><imgdir name="16"><int name="x" value="-540"/><int name="y" value="180"/><string name="u" value="enH0"/><int name="no" value="1"/><int name="zM" value="0"/></imgdir><imgdir name="53"><int name="x" value="-540"/><int name="y" value="360"/><string name="u" value="enH1"/><int name="no" value="1"/><int name="zM" value="0"/></imgdir><imgdir name="52"><int name="x" value="-540"/><int name="y" value="180"/><string name="u" value="bsc"/><int name="no" value="2"/><int name="zM" value="0"/></imgdir><imgdir name="65"><int name="x" value="450"/><int name="y" value="180"/><string name="u" value="enH0"/><int name="no" value="0"/><int name="zM" value="0"/></imgdir><imgdir name="60"><int name="x" value="450"/><int name="y" value="180"/><string name="u" value="bsc"/><int name="no" value="3"/><int name="zM" value="0"/></imgdir><imgdir name="68"><int name="x" value="450"/><int name="y" value="360"/><string name="u" value="enH1"/><int name="no" value="1"/><int name="zM" value="0"/></imgdir><imgdir name="66"><int name="x" value="450"/><int name="y" value="240"/><string name="u" value="bsc"/><int name="no" value="2"/><int name="zM" value="0"/></imgdir><imgdir name="62"><int name="x" value="450"/><int name="y" value="300"/><string name="u" value="bsc"/><int name="no" value="1"/><int name="zM" value="0"/></imgdir><imgdir name="77"><int name="x" value="-720"/><int name="y" value="180"/><string name="u" value="bsc"/><int name="no" value="5"/><int name="zM" value="0"/></imgdir><imgdir name="74"><int name="x" value="-720"/><int name="y" value="180"/><string name="u" value="enH0"/><int name="no" value="1"/><int name="zM" value="0"/></imgdir><imgdir name="75"><int name="x" value="-720"/><int name="y" value="240"/><string name="u" value="bsc"/><int name="no" value="0"/><int name="zM" value="0"/></imgdir><imgdir name="76"><int name="x" value="-720"/><int name="y" value="360"/><string name="u" value="enH1"/><int name="no" value="2"/><int name="zM" value="0"/></imgdir><imgdir name="73"><int name="x" value="-720"/><int name="y" value="300"/><string name="u" value="bsc"/><int name="no" value="2"/><int name="zM" value="0"/></imgdir><imgdir name="70"><int name="x" value="-810"/><int name="y" value="180"/><string name="u" value="bsc"/><int name="no" value="1"/><int name="zM" value="0"/></imgdir><imgdir name="72"><int name="x" value="-810"/><int name="y" value="180"/><string name="u" value="enH0"/><int name="no" value="0"/><int name="zM" value="0"/></imgdir><imgdir name="79"><int name="x" value="-810"/><int name="y" value="360"/><string name="u" value="enH1"/><int name="no" value="0"/><int name="zM" value="0"/></imgdir><imgdir name="71"><int name="x" value="-810"/><int name="y" value="300"/><string name="u" value="bsc"/><int name="no" value="2"/><int name="zM" value="0"/></imgdir><imgdir name="78"><int name="x" value="-810"/><int name="y" value="240"/><string name="u" value="bsc"/><int name="no" value="0"/><int name="zM" value="0"/></imgdir><imgdir name="64"><int name="x" value="540"/><int name="y" value="180"/><string name="u" value="bsc"/><int name="no" value="0"/><int name="zM" value="0"/></imgdir><imgdir name="67"><int name="x" value="540"/><int name="y" value="180"/><string name="u" value="enH0"/><int name="no" value="2"/><int name="zM" value="0"/></imgdir><imgdir name="69"><int name="x" value="540"/><int name="y" value="360"/><string name="u" value="enH1"/><int name="no" value="2"/><int name="zM" value="0"/></imgdir><imgdir name="63"><int name="x" value="540"/><int name="y" value="300"/><string name="u" value="bsc"/><int name="no" value="1"/><int name="zM" value="0"/></imgdir><imgdir name="61"><int name="x" value="540"/><int name="y" value="240"/><string name="u" value="bsc"/><int name="no" value="2"/><int name="zM" value="0"/></imgdir></imgdir><imgdir name="obj"></imgdir></imgdir><imgdir name="2"><imgdir name="info"></imgdir><imgdir name="tile"></imgdir><imgdir name="obj"></imgdir></imgdir><imgdir name="3"><imgdir name="info"></imgdir><imgdir name="tile"></imgdir><imgdir name="obj"></imgdir></imgdir><imgdir name="4"><imgdir name="info"></imgdir><imgdir name="tile"></imgdir><imgdir name="obj"></imgdir></imgdir><imgdir name="5"><imgdir name="info"></imgdir><imgdir name="tile"></imgdir><imgdir name="obj"></imgdir></imgdir><imgdir name="6"><imgdir name="info"></imgdir><imgdir name="tile"></imgdir><imgdir name="obj"></imgdir></imgdir><imgdir name="7"><imgdir name="info"></imgdir><imgdir name="tile"></imgdir><imgdir name="obj"></imgdir></imgdir><imgdir name="foothold"><imgdir name="1"><imgdir name="0"><imgdir name="1"><int name="x1" value="90"/><int name="y1" value="155"/><int name="x2" value="180"/><int name="y2" value="155"/><int name="prev" value="7"/><int name="next" value="10"/><int name="piece" value="-1"/></imgdir><imgdir name="2"><int name="x1" value="-270"/><int name="y1" value="155"/><int name="x2" value="-180"/><int name="y2" value="155"/><int name="prev" value="12"/><int name="next" value="4"/><int name="piece" value="-1"/></imgdir><imgdir name="3"><int name="x1" value="-90"/><int name="y1" value="155"/><int name="x2" value="0"/><int name="y2" value="155"/><int name="prev" value="4"/><int name="next" value="7"/><int name="piece" value="-1"/></imgdir><imgdir name="4"><int name="x1" value="-180"/><int name="y1" value="155"/><int name="x2" value="-90"/><int name="y2" value="155"/><int name="prev" value="2"/><int name="next" value="3"/><int name="piece" value="-1"/></imgdir><imgdir name="5"><int name="x1" value="-450"/><int name="y1" value="155"/><int name="x2" value="-360"/><int name="y2" value="155"/><int name="prev" value="6"/><int name="next" value="12"/><int name="piece" value="-1"/></imgdir><imgdir name="6"><int name="x1" value="-540"/><int name="y1" value="155"/><int name="x2" value="-450"/><int name="y2" value="155"/><int name="prev" value="11"/><int name="next" value="5"/><int name="piece" value="-1"/></imgdir><imgdir name="7"><int name="x1" value="0"/><int name="y1" value="155"/><int name="x2" value="90"/><int name="y2" value="155"/><int name="prev" value="3"/><int name="next" value="1"/><int name="piece" value="-1"/></imgdir><imgdir name="8"><int name="x1" value="360"/><int name="y1" value="155"/><int name="x2" value="450"/><int name="y2" value="155"/><int name="prev" value="9"/><int name="next" value="13"/><int name="piece" value="-1"/></imgdir><imgdir name="9"><int name="x1" value="270"/><int name="y1" value="155"/><int name="x2" value="360"/><int name="y2" value="155"/><int name="prev" value="10"/><int name="next" value="8"/><int name="piece" value="-1"/></imgdir><imgdir name="10"><int name="x1" value="180"/><int name="y1" value="155"/><int name="x2" value="270"/><int name="y2" value="155"/><int name="prev" value="1"/><int name="next" value="9"/><int name="piece" value="-1"/></imgdir><imgdir name="11"><int name="x1" value="-630"/><int name="y1" value="155"/><int name="x2" value="-540"/><int name="y2" value="155"/><int name="prev" value="16"/><int name="next" value="6"/><int name="piece" value="-1"/></imgdir><imgdir name="12"><int name="x1" value="-360"/><int name="y1" value="155"/><int name="x2" value="-270"/><int name="y2" value="155"/><int name="prev" value="5"/><int name="next" value="2"/><int name="piece" value="-1"/></imgdir><imgdir name="13"><int name="x1" value="450"/><int name="y1" value="155"/><int name="x2" value="540"/><int name="y2" value="155"/><int name="prev" value="8"/><int name="next" value="14"/><int name="piece" value="-1"/></imgdir><imgdir name="14"><int name="x1" value="540"/><int name="y1" value="155"/><int name="x2" value="630"/><int name="y2" value="155"/><int name="prev" value="13"/><int name="next" value="0"/><int name="piece" value="-1"/></imgdir><imgdir name="15"><int name="x1" value="-810"/><int name="y1" value="155"/><int name="x2" value="-720"/><int name="y2" value="155"/><int name="prev" value="0"/><int name="next" value="16"/><int name="piece" value="-1"/></imgdir><imgdir name="16"><int name="x1" value="-720"/><int name="y1" value="155"/><int name="x2" value="-630"/><int name="y2" value="155"/><int name="prev" value="15"/><int name="next" value="11"/><int name="piece" value="-1"/></imgdir></imgdir></imgdir></imgdir><imgdir name="ladderRope"></imgdir><imgdir name="miniMap"><canvas name="canvas" width="96" height="51"><string name="_hash" value="ed50e1fedbcea4304e1b6fd1208362634b87e18bb84e1921d9a686567f181bbe"/></canvas><int name="width" value="1536"/><int name="height" value="827"/><int name="centerX" value="858"/><int name="centerY" value="392"/><int name="mag" value="4"/></imgdir><imgdir name="portal"><imgdir name="0"><string name="pn" value="sp"/><int name="pt" value="0"/><int name="x" value="-403"/><int name="y" value="127"/><int name="tm" value="999999999"/><string name="tn" value=""/></imgdir><imgdir name="1"><string name="pn" value="st00"/><int name="pt" value="1"/><int name="x" value="-535"/><int name="y" value="144"/><int name="tm" value="999999999"/><string name="tn" value=""/><string name="script" value=""/><int name="hideTooltip" value="0"/><int name="onlyOnce" value="0"/><int name="delay" value="0"/></imgdir></imgdir></imgdir>