<?xml version="1.0" encoding="UTF-8" standalone="yes"?><imgdir name="910090315.img"><imgdir name="info"><int name="version" value="10"/><int name="cloud" value="1"/><int name="town" value="0"/><float name="mobRate" value="1.099998"/><string name="bgm" value="Bgm51.img/Pathfinder"/><int name="returnMap" value="100000000"/><int name="forcedReturn" value="100000000"/><string name="mapMark" value="Partem"/><int name="noChair" value="1"/><int name="fieldLimit" value="271096"/><string name="onUserEnter" value="enter_910090315"/><int name="swim" value="0"/><int name="fly" value="0"/><int name="standAlone" value="0"/><int name="partyStandAlone" value="0"/><int name="quarterView" value="0"/><int name="noMapCmd" value="0"/><int name="hideMinimap" value="0"/><string name="AmbientBGM" value=""/><int name="AmbientBGMv" value="100"/><string name="fieldScript" value=""/><string name="onFirstUserEnter" value=""/><int name="qrLimit" value="35900"/><int name="lvLimit" value="60"/></imgdir><imgdir name="back"><imgdir name="0"><int name="no" value="0"/><int name="x" value="-105"/><int name="y" value="28"/><int name="rx" value="0"/><int name="ry" value="0"/><int name="type" value="3"/><int name="cx" value="0"/><int name="cy" value="0"/><string name="bS" value="dryRock"/><int name="a" value="255"/><int name="front" value="0"/><int name="ani" value="0"/><int name="f" value="0"/></imgdir><imgdir name="1"><string name="bS" value="dryRock"/><int name="no" value="1"/><int name="x" value="29"/><int name="y" value="-380"/><int name="rx" value="-2"/><int name="ry" value="-5"/><int name="type" value="1"/><int name="cx" value="0"/><int name="cy" value="0"/><int name="a" value="255"/><int name="front" value="0"/><int name="ani" value="0"/><int name="f" value="0"/></imgdir><imgdir name="2"><string name="bS" value="dryRock"/><int name="no" value="2"/><int name="x" value="19"/><int name="y" value="18"/><int name="rx" value="5"/><int name="ry" value="-5"/><int name="type" value="4"/><int name="cx" value="0"/><int name="cy" value="0"/><int name="a" value="255"/><int name="front" value="0"/><int name="ani" value="0"/><int name="f" value="0"/></imgdir><imgdir name="3"><string name="bS" value="dryRock"/><int name="no" value="14"/><int name="x" value="-290"/><int name="y" value="15"/><int name="rx" value="-2"/><int name="ry" value="-5"/><int name="type" value="0"/><int name="cx" value="0"/><int name="cy" value="0"/><int name="a" value="255"/><int name="front" value="0"/><int name="ani" value="0"/><int name="f" value="0"/></imgdir><imgdir name="4"><string name="bS" value="dryRock"/><int name="no" value="3"/><int name="x" value="-85"/><int name="y" value="78"/><int name="rx" value="10"/><int name="ry" value="-6"/><int name="type" value="4"/><int name="cx" value="0"/><int name="cy" value="0"/><int name="a" value="255"/><int name="front" value="0"/><int name="ani" value="0"/><int name="f" value="0"/></imgdir><imgdir name="5"><string name="bS" value="dryRock"/><int name="no" value="15"/><int name="x" value="381"/><int name="y" value="63"/><int name="rx" value="-4"/><int name="ry" value="-7"/><int name="type" value="0"/><int name="cx" value="0"/><int name="cy" value="0"/><int name="a" value="255"/><int name="front" value="0"/><int name="ani" value="0"/><int name="f" value="0"/></imgdir><imgdir name="6"><string name="bS" value="dryRock"/><int name="no" value="12"/><int name="x" value="268"/><int name="y" value="39"/><int name="rx" value="-10"/><int name="ry" value="-10"/><int name="type" value="0"/><int name="cx" value="0"/><int name="cy" value="0"/><int name="a" value="255"/><int name="front" value="0"/><int name="ani" value="0"/><int name="f" value="0"/></imgdir><imgdir name="7"><string name="bS" value="dryRock"/><int name="no" value="4"/><int name="x" value="0"/><int name="y" value="124"/><int name="rx" value="15"/><int name="ry" value="-12"/><int name="type" value="4"/><int name="cx" value="0"/><int name="cy" value="0"/><int name="a" value="255"/><int name="front" value="0"/><int name="ani" value="0"/><int name="f" value="0"/></imgdir><imgdir name="8"><string name="bS" value="dryRock"/><int name="no" value="18"/><int name="x" value="-224"/><int name="y" value="99"/><int name="rx" value="-20"/><int name="ry" value="-14"/><int name="type" value="0"/><int name="cx" value="0"/><int name="cy" value="0"/><int name="a" value="255"/><int name="front" value="0"/><int name="ani" value="0"/><int name="f" value="0"/></imgdir><imgdir name="9"><string name="bS" value="dryRock"/><int name="no" value="5"/><int name="x" value="95"/><int name="y" value="190"/><int name="rx" value="20"/><int name="ry" value="-13"/><int name="type" value="4"/><int name="cx" value="0"/><int name="cy" value="0"/><int name="a" value="255"/><int name="front" value="0"/><int name="ani" value="0"/><int name="f" value="0"/></imgdir><imgdir name="10"><string name="bS" value="dryRock"/><int name="no" value="17"/><int name="x" value="654"/><int name="y" value="105"/><int name="rx" value="-30"/><int name="ry" value="-15"/><int name="type" value="0"/><int name="cx" value="0"/><int name="cy" value="0"/><int name="a" value="255"/><int name="front" value="0"/><int name="ani" value="0"/><int name="f" value="0"/></imgdir><imgdir name="11"><string name="bS" value="dryRock"/><int name="no" value="6"/><int name="x" value="26"/><int name="y" value="291"/><int name="rx" value="25"/><int name="ry" value="-15"/><int name="type" value="4"/><int name="cx" value="0"/><int name="cy" value="0"/><int name="a" value="255"/><int name="front" value="0"/><int name="ani" value="0"/><int name="f" value="0"/></imgdir><imgdir name="12"><string name="bS" value="dryRock"/><int name="no" value="24"/><int name="x" value="113"/><int name="y" value="246"/><int name="rx" value="-45"/><int name="ry" value="-18"/><int name="type" value="0"/><int name="cx" value="0"/><int name="cy" value="0"/><int name="a" value="255"/><int name="front" value="0"/><int name="ani" value="0"/><int name="f" value="0"/></imgdir><imgdir name="14"><string name="bS" value="dryRock"/><int name="no" value="7"/><int name="x" value="61"/><int name="y" value="441"/><int name="rx" value="30"/><int name="ry" value="-16"/><int name="type" value="4"/><int name="cx" value="0"/><int name="cy" value="0"/><int name="a" value="255"/><int name="front" value="0"/><int name="ani" value="0"/><int name="f" value="0"/></imgdir><imgdir name="13"><string name="bS" value="dryRock"/><int name="no" value="25"/><int name="x" value="-357"/><int name="y" value="219"/><int name="rx" value="-30"/><int name="ry" value="-18"/><int name="type" value="0"/><int name="cx" value="0"/><int name="cy" value="0"/><int name="a" value="255"/><int name="front" value="0"/><int name="ani" value="0"/><int name="f" value="0"/></imgdir><imgdir name="17"><string name="bS" value="dryRock"/><int name="no" value="8"/><int name="x" value="-56"/><int name="y" value="533"/><int name="rx" value="35"/><int name="ry" value="-16"/><int name="type" value="4"/><int name="cx" value="0"/><int name="cy" value="0"/><int name="a" value="255"/><int name="front" value="0"/><int name="ani" value="0"/><int name="f" value="0"/></imgdir><imgdir name="16"><string name="bS" value="dryRock"/><int name="no" value="26"/><int name="x" value="826"/><int name="y" value="398"/><int name="rx" value="-23"/><int name="ry" value="-22"/><int name="type" value="0"/><int name="cx" value="0"/><int name="cy" value="0"/><int name="a" value="255"/><int name="front" value="0"/><int name="ani" value="0"/><int name="f" value="0"/></imgdir><imgdir name="15"><string name="bS" value="dryRock"/><int name="no" value="23"/><int name="x" value="494"/><int name="y" value="388"/><int name="rx" value="-50"/><int name="ry" value="-20"/><int name="type" value="0"/><int name="cx" value="0"/><int name="cy" value="0"/><int name="a" value="255"/><int name="front" value="0"/><int name="ani" value="0"/><int name="f" value="0"/></imgdir><imgdir name="18"><string name="bS" value="dryRock"/><int name="no" value="27"/><int name="x" value="1069"/><int name="y" value="432"/><int name="rx" value="-55"/><int name="ry" value="-22"/><int name="type" value="0"/><int name="cx" value="0"/><int name="cy" value="0"/><int name="a" value="255"/><int name="front" value="0"/><int name="ani" value="0"/><int name="f" value="0"/></imgdir></imgdir><imgdir name="life"></imgdir><imgdir name="0"><imgdir name="info"></imgdir><imgdir name="tile"></imgdir><imgdir name="obj"><imgdir name="7"><string name="oS" value="acc1"/><string name="l0" value="dryRock"/><string name="l1" value="nature"/><string name="l2" value="15"/><int name="x" value="250"/><int name="y" value="1467"/><int name="z" value="3"/><int name="f" value="0"/><int name="zM" value="4"/><int name="piece" value="7"/></imgdir><imgdir name="6"><string name="oS" value="acc1"/><string name="l0" value="dryRock"/><string name="l1" value="nature"/><string name="l2" value="1"/><int name="x" value="63"/><int name="y" value="1339"/><int name="z" value="5"/><int name="f" value="0"/><int name="zM" value="6"/><int name="r" value="0"/><int name="move" value="0"/><int name="dynamic" value="0"/><int name="piece" value="6"/></imgdir><imgdir name="5"><string name="oS" value="acc1"/><string name="l0" value="dryRock"/><string name="l1" value="artificiality"/><string name="l2" value="10"/><int name="x" value="-60"/><int name="y" value="1313"/><int name="z" value="6"/><int name="f" value="0"/><int name="zM" value="5"/><int name="r" value="0"/><int name="move" value="0"/><int name="dynamic" value="0"/><int name="piece" value="5"/></imgdir><imgdir name="4"><string name="oS" value="acc1"/><string name="l0" value="dryRock"/><string name="l1" value="artificiality"/><string name="l2" value="2"/><int name="x" value="55"/><int name="y" value="1404"/><int name="z" value="9"/><int name="f" value="0"/><int name="zM" value="5"/><int name="r" value="0"/><int name="move" value="0"/><int name="dynamic" value="0"/><int name="piece" value="4"/></imgdir><imgdir name="3"><string name="oS" value="acc1"/><string name="l0" value="dryRock"/><string name="l1" value="artificiality"/><string name="l2" value="0"/><int name="x" value="-22"/><int name="y" value="1413"/><int name="z" value="9"/><int name="f" value="0"/><int name="zM" value="5"/><int name="r" value="0"/><int name="move" value="0"/><int name="dynamic" value="0"/><int name="piece" value="3"/></imgdir><imgdir name="2"><string name="oS" value="guide"/><string name="l0" value="milepost"/><string name="l1" value="backcho"/><string name="l2" value="3"/><int name="x" value="188"/><int name="y" value="1379"/><int name="z" value="9"/><int name="f" value="0"/><int name="zM" value="6"/><int name="r" value="0"/><int name="move" value="0"/><int name="dynamic" value="0"/><int name="piece" value="2"/></imgdir><imgdir name="1"><string name="oS" value="guide"/><string name="l0" value="milepost"/><string name="l1" value="backcho"/><string name="l2" value="2"/><int name="x" value="185"/><int name="y" value="1337"/><int name="z" value="9"/><int name="f" value="0"/><int name="zM" value="6"/><int name="r" value="0"/><int name="move" value="0"/><int name="dynamic" value="0"/><int name="piece" value="1"/></imgdir><imgdir name="0"><string name="oS" value="guide"/><string name="l0" value="milepost"/><string name="l1" value="common"/><string name="l2" value="1"/><int name="x" value="193"/><int name="y" value="1377"/><int name="z" value="7"/><int name="f" value="0"/><int name="zM" value="6"/><int name="r" value="0"/><int name="move" value="0"/><int name="dynamic" value="0"/><int name="piece" value="0"/></imgdir></imgdir></imgdir><imgdir name="1"><imgdir name="info"></imgdir><imgdir name="tile"></imgdir><imgdir name="obj"><imgdir name="1"><string name="oS" value="acc1"/><string name="l0" value="dryRock"/><string name="l1" value="rock"/><string name="l2" value="2"/><int name="x" value="118"/><int name="y" value="1991"/><int name="z" value="4"/><int name="f" value="0"/><int name="zM" value="1"/></imgdir><imgdir name="2"><string name="oS" value="acc1"/><string name="l0" value="dryRock"/><string name="l1" value="rock"/><string name="l2" value="6"/><int name="x" value="573"/><int name="y" value="1764"/><int name="z" value="5"/><int name="f" value="0"/><int name="zM" value="1"/></imgdir><imgdir name="3"><string name="oS" value="acc1"/><string name="l0" value="dryRock"/><string name="l1" value="rock"/><string name="l2" value="2"/><int name="x" value="94"/><int name="y" value="1758"/><int name="z" value="0"/><int name="f" value="0"/><int name="zM" value="1"/></imgdir><imgdir name="5"><string name="oS" value="acc1"/><string name="l0" value="dryRock"/><string name="l1" value="rock"/><string name="l2" value="2"/><int name="x" value="-385"/><int name="y" value="2023"/><int name="z" value="4"/><int name="f" value="0"/><int name="zM" value="1"/></imgdir><imgdir name="6"><string name="oS" value="acc1"/><string name="l0" value="dryRock"/><string name="l1" value="rock"/><string name="l2" value="5"/><int name="x" value="-914"/><int name="y" value="1946"/><int name="z" value="3"/><int name="f" value="0"/><int name="zM" value="1"/></imgdir><imgdir name="7"><string name="oS" value="acc1"/><string name="l0" value="dryRock"/><string name="l1" value="rock"/><string name="l2" value="3"/><int name="x" value="1094"/><int name="y" value="1860"/><int name="z" value="0"/><int name="f" value="0"/><int name="zM" value="1"/></imgdir><imgdir name="9"><string name="oS" value="acc1"/><string name="l0" value="dryRock"/><string name="l1" value="nature"/><string name="l2" value="14"/><int name="x" value="213"/><int name="y" value="1667"/><int name="z" value="4"/><int name="f" value="0"/><int name="zM" value="1"/><int name="piece" value="9"/></imgdir><imgdir name="8"><string name="oS" value="acc1"/><string name="l0" value="dryRock"/><string name="l1" value="nature"/><string name="l2" value="13"/><int name="x" value="338"/><int name="y" value="1666"/><int name="z" value="3"/><int name="f" value="0"/><int name="zM" value="1"/><int name="piece" value="8"/></imgdir><imgdir name="10"><string name="oS" value="acc1"/><string name="l0" value="dryRock"/><string name="l1" value="nature"/><string name="l2" value="23"/><int name="x" value="-383"/><int name="y" value="1580"/><int name="z" value="2"/><int name="f" value="0"/><int name="zM" value="1"/><int name="piece" value="10"/></imgdir><imgdir name="4"><string name="oS" value="acc1"/><string name="l0" value="dryRock"/><string name="l1" value="rock"/><string name="l2" value="0"/><int name="x" value="-59"/><int name="y" value="1947"/><int name="z" value="9"/><int name="f" value="0"/><int name="zM" value="1"/><int name="r" value="0"/><int name="move" value="0"/><int name="dynamic" value="0"/><int name="piece" value="4"/></imgdir><imgdir name="0"><string name="oS" value="acc1"/><string name="l0" value="dryRock"/><string name="l1" value="rock"/><string name="l2" value="8"/><int name="x" value="1095"/><int name="y" value="1860"/><int name="z" value="0"/><int name="f" value="0"/><int name="zM" value="1"/><int name="piece" value="0"/></imgdir><imgdir name="11"><string name="oS" value="partem"/><string name="l0" value="ruin_Rock"/><string name="l1" value="perion"/><string name="l2" value="1"/><int name="x" value="151"/><int name="y" value="2050"/><int name="z" value="9"/><int name="f" value="0"/><int name="zM" value="0"/><int name="r" value="0"/><int name="move" value="0"/><int name="dynamic" value="0"/><int name="piece" value="11"/></imgdir><imgdir name="12"><string name="oS" value="partem"/><string name="l0" value="ruin_Rock"/><string name="l1" value="perion"/><string name="l2" value="0"/><int name="x" value="151"/><int name="y" value="2051"/><int name="z" value="11"/><int name="f" value="0"/><int name="zM" value="0"/><int name="r" value="0"/><int name="piece" value="12"/><string name="tags" value="0"/></imgdir></imgdir></imgdir><imgdir name="2"><imgdir name="info"><string name="tS" value="dryRock"/></imgdir><imgdir name="tile"><imgdir name="83"><int name="x" value="1035"/><int name="y" value="2130"/><string name="u" value="bsc"/><int name="no" value="0"/><int name="zM" value="0"/></imgdir><imgdir name="87"><int name="x" value="945"/><int name="y" value="2130"/><string name="u" value="bsc"/><int name="no" value="2"/><int name="zM" value="0"/></imgdir><imgdir name="84"><int name="x" value="855"/><int name="y" value="2130"/><string name="u" value="bsc"/><int name="no" value="2"/><int name="zM" value="0"/></imgdir><imgdir name="97"><int name="x" value="765"/><int name="y" value="2130"/><string name="u" value="bsc"/><int name="no" value="1"/><int name="zM" value="0"/></imgdir><imgdir name="99"><int name="x" value="675"/><int name="y" value="2130"/><string name="u" value="bsc"/><int name="no" value="0"/><int name="zM" value="0"/></imgdir><imgdir name="103"><int name="x" value="585"/><int name="y" value="2130"/><string name="u" value="bsc"/><int name="no" value="2"/><int name="zM" value="0"/></imgdir><imgdir name="101"><int name="x" value="495"/><int name="y" value="2130"/><string name="u" value="bsc"/><int name="no" value="2"/><int name="zM" value="0"/></imgdir><imgdir name="119"><int name="x" value="135"/><int name="y" value="2130"/><string name="u" value="enH0"/><int name="no" value="1"/><int name="zM" value="0"/></imgdir><imgdir name="115"><int name="x" value="45"/><int name="y" value="2130"/><string name="u" value="enH0"/><int name="no" value="1"/><int name="zM" value="0"/></imgdir><imgdir name="131"><int name="x" value="-45"/><int name="y" value="2130"/><string name="u" value="enH0"/><int name="no" value="0"/><int name="zM" value="0"/></imgdir><imgdir name="133"><int name="x" value="-135"/><int name="y" value="2130"/><string name="u" value="enH0"/><int name="no" value="0"/><int name="zM" value="0"/></imgdir><imgdir name="120"><int name="x" value="135"/><int name="y" value="2130"/><string name="u" value="bsc"/><int name="no" value="1"/><int name="zM" value="0"/></imgdir><imgdir name="114"><int name="x" value="45"/><int name="y" value="2130"/><string name="u" value="bsc"/><int name="no" value="1"/><int name="zM" value="0"/></imgdir><imgdir name="130"><int name="x" value="-45"/><int name="y" value="2130"/><string name="u" value="bsc"/><int name="no" value="2"/><int name="zM" value="0"/></imgdir><imgdir name="132"><int name="x" value="-135"/><int name="y" value="2130"/><string name="u" value="bsc"/><int name="no" value="1"/><int name="zM" value="0"/></imgdir><imgdir name="135"><int name="x" value="-225"/><int name="y" value="2130"/><string name="u" value="bsc"/><int name="no" value="1"/><int name="zM" value="0"/></imgdir><imgdir name="129"><int name="x" value="-315"/><int name="y" value="2130"/><string name="u" value="bsc"/><int name="no" value="2"/><int name="zM" value="0"/></imgdir><imgdir name="126"><int name="x" value="-405"/><int name="y" value="2130"/><string name="u" value="bsc"/><int name="no" value="2"/><int name="zM" value="0"/></imgdir><imgdir name="149"><int name="x" value="-675"/><int name="y" value="2130"/><string name="u" value="bsc"/><int name="no" value="1"/><int name="zM" value="0"/></imgdir><imgdir name="124"><int name="x" value="-495"/><int name="y" value="2130"/><string name="u" value="bsc"/><int name="no" value="1"/><int name="zM" value="0"/></imgdir><imgdir name="147"><int name="x" value="-585"/><int name="y" value="2130"/><string name="u" value="bsc"/><int name="no" value="2"/><int name="zM" value="0"/></imgdir><imgdir name="144"><int name="x" value="-765"/><int name="y" value="2130"/><string name="u" value="bsc"/><int name="no" value="0"/><int name="zM" value="0"/></imgdir><imgdir name="154"><int name="x" value="-1215"/><int name="y" value="2130"/><string name="u" value="bsc"/><int name="no" value="0"/><int name="zM" value="0"/></imgdir><imgdir name="156"><int name="x" value="-1125"/><int name="y" value="2130"/><string name="u" value="bsc"/><int name="no" value="1"/><int name="zM" value="0"/></imgdir><imgdir name="164"><int name="x" value="-1035"/><int name="y" value="2130"/><string name="u" value="bsc"/><int name="no" value="1"/><int name="zM" value="0"/></imgdir><imgdir name="158"><int name="x" value="-945"/><int name="y" value="2130"/><string name="u" value="bsc"/><int name="no" value="1"/><int name="zM" value="0"/></imgdir><imgdir name="142"><int name="x" value="-855"/><int name="y" value="2130"/><string name="u" value="bsc"/><int name="no" value="2"/><int name="zM" value="0"/></imgdir><imgdir name="175"><int name="x" value="-855"/><int name="y" value="2070"/><string name="u" value="bsc"/><int name="no" value="2"/><int name="zM" value="0"/></imgdir><imgdir name="172"><int name="x" value="-855"/><int name="y" value="2070"/><string name="u" value="enH0"/><int name="no" value="1"/><int name="zM" value="0"/></imgdir><imgdir name="173"><int name="x" value="-765"/><int name="y" value="2070"/><string name="u" value="enH0"/><int name="no" value="0"/><int name="zM" value="0"/></imgdir><imgdir name="159"><int name="x" value="-765"/><int name="y" value="2070"/><string name="u" value="bsc"/><int name="no" value="2"/><int name="zM" value="0"/></imgdir><imgdir name="145"><int name="x" value="-945"/><int name="y" value="2070"/><string name="u" value="bsc"/><int name="no" value="2"/><int name="zM" value="0"/></imgdir><imgdir name="176"><int name="x" value="-1035"/><int name="y" value="2070"/><string name="u" value="bsc"/><int name="no" value="2"/><int name="zM" value="0"/></imgdir><imgdir name="171"><int name="x" value="-1125"/><int name="y" value="2070"/><string name="u" value="bsc"/><int name="no" value="0"/><int name="zM" value="0"/></imgdir><imgdir name="161"><int name="x" value="-1215"/><int name="y" value="2070"/><string name="u" value="bsc"/><int name="no" value="2"/><int name="zM" value="0"/></imgdir><imgdir name="182"><int name="x" value="-1035"/><int name="y" value="2010"/><string name="u" value="bsc"/><int name="no" value="2"/><int name="zM" value="0"/></imgdir><imgdir name="174"><int name="x" value="-1215"/><int name="y" value="2010"/><string name="u" value="enH0"/><int name="no" value="1"/><int name="zM" value="0"/></imgdir><imgdir name="178"><int name="x" value="-1215"/><int name="y" value="2010"/><string name="u" value="bsc"/><int name="no" value="2"/><int name="zM" value="0"/></imgdir><imgdir name="179"><int name="x" value="-1125"/><int name="y" value="2010"/><string name="u" value="bsc"/><int name="no" value="1"/><int name="zM" value="0"/></imgdir><imgdir name="181"><int name="x" value="-1125"/><int name="y" value="2010"/><string name="u" value="enH0"/><int name="no" value="0"/><int name="zM" value="0"/></imgdir><imgdir name="180"><int name="x" value="-1035"/><int name="y" value="2010"/><string name="u" value="enH0"/><int name="no" value="1"/><int name="zM" value="0"/></imgdir><imgdir name="186"><int name="x" value="-1305"/><int name="y" value="2010"/><string name="u" value="enH0"/><int name="no" value="0"/><int name="zM" value="0"/></imgdir><imgdir name="190"><int name="x" value="-1305"/><int name="y" value="2130"/><string name="u" value="bsc"/><int name="no" value="1"/><int name="zM" value="0"/></imgdir><imgdir name="188"><int name="x" value="-1305"/><int name="y" value="2070"/><string name="u" value="bsc"/><int name="no" value="0"/><int name="zM" value="0"/></imgdir><imgdir name="185"><int name="x" value="-1305"/><int name="y" value="2010"/><string name="u" value="bsc"/><int name="no" value="2"/><int name="zM" value="0"/></imgdir><imgdir name="125"><int name="x" value="-855"/><int name="y" value="2190"/><string name="u" value="bsc"/><int name="no" value="0"/><int name="zM" value="0"/></imgdir><imgdir name="143"><int name="x" value="-1125"/><int name="y" value="2190"/><string name="u" value="bsc"/><int name="no" value="1"/><int name="zM" value="0"/></imgdir><imgdir name="160"><int name="x" value="-1215"/><int name="y" value="2190"/><string name="u" value="bsc"/><int name="no" value="2"/><int name="zM" value="0"/></imgdir><imgdir name="166"><int name="x" value="-1305"/><int name="y" value="2190"/><string name="u" value="bsc"/><int name="no" value="2"/><int name="zM" value="0"/></imgdir><imgdir name="167"><int name="x" value="-1035"/><int name="y" value="2190"/><string name="u" value="bsc"/><int name="no" value="2"/><int name="zM" value="0"/></imgdir><imgdir name="168"><int name="x" value="-945"/><int name="y" value="2190"/><string name="u" value="bsc"/><int name="no" value="0"/><int name="zM" value="0"/></imgdir><imgdir name="153"><int name="x" value="-495"/><int name="y" value="2190"/><string name="u" value="bsc"/><int name="no" value="0"/><int name="zM" value="0"/></imgdir><imgdir name="152"><int name="x" value="-765"/><int name="y" value="2190"/><string name="u" value="bsc"/><int name="no" value="2"/><int name="zM" value="0"/></imgdir><imgdir name="151"><int name="x" value="-675"/><int name="y" value="2190"/><string name="u" value="bsc"/><int name="no" value="0"/><int name="zM" value="0"/></imgdir><imgdir name="139"><int name="x" value="-585"/><int name="y" value="2190"/><string name="u" value="bsc"/><int name="no" value="0"/><int name="zM" value="0"/></imgdir><imgdir name="140"><int name="x" value="-135"/><int name="y" value="2190"/><string name="u" value="bsc"/><int name="no" value="0"/><int name="zM" value="0"/></imgdir><imgdir name="141"><int name="x" value="-225"/><int name="y" value="2190"/><string name="u" value="bsc"/><int name="no" value="1"/><int name="zM" value="0"/></imgdir><imgdir name="111"><int name="x" value="-315"/><int name="y" value="2190"/><string name="u" value="bsc"/><int name="no" value="0"/><int name="zM" value="0"/></imgdir><imgdir name="137"><int name="x" value="-405"/><int name="y" value="2190"/><string name="u" value="bsc"/><int name="no" value="1"/><int name="zM" value="0"/></imgdir><imgdir name="213"><int name="x" value="-675"/><int name="y" value="2430"/><string name="u" value="enH1"/><int name="no" value="0"/><int name="zM" value="0"/></imgdir><imgdir name="194"><int name="x" value="-765"/><int name="y" value="2250"/><string name="u" value="bsc"/><int name="no" value="1"/><int name="zM" value="0"/></imgdir><imgdir name="195"><int name="x" value="-945"/><int name="y" value="2250"/><string name="u" value="bsc"/><int name="no" value="0"/><int name="zM" value="0"/></imgdir><imgdir name="196"><int name="x" value="-1035"/><int name="y" value="2250"/><string name="u" value="bsc"/><int name="no" value="0"/><int name="zM" value="0"/></imgdir><imgdir name="197"><int name="x" value="-855"/><int name="y" value="2250"/><string name="u" value="bsc"/><int name="no" value="0"/><int name="zM" value="0"/></imgdir><imgdir name="199"><int name="x" value="-675"/><int name="y" value="2250"/><string name="u" value="bsc"/><int name="no" value="1"/><int name="zM" value="0"/></imgdir><imgdir name="192"><int name="x" value="-1305"/><int name="y" value="2250"/><string name="u" value="bsc"/><int name="no" value="0"/><int name="zM" value="0"/></imgdir><imgdir name="191"><int name="x" value="-1215"/><int name="y" value="2250"/><string name="u" value="bsc"/><int name="no" value="1"/><int name="zM" value="0"/></imgdir><imgdir name="165"><int name="x" value="-1215"/><int name="y" value="2310"/><string name="u" value="bsc"/><int name="no" value="1"/><int name="zM" value="0"/></imgdir><imgdir name="193"><int name="x" value="-1125"/><int name="y" value="2250"/><string name="u" value="bsc"/><int name="no" value="0"/><int name="zM" value="0"/></imgdir><imgdir name="212"><int name="x" value="-1035"/><int name="y" value="2370"/><string name="u" value="bsc"/><int name="no" value="2"/><int name="zM" value="0"/></imgdir><imgdir name="198"><int name="x" value="-585"/><int name="y" value="2250"/><string name="u" value="bsc"/><int name="no" value="0"/><int name="zM" value="0"/></imgdir><imgdir name="201"><int name="x" value="-315"/><int name="y" value="2250"/><string name="u" value="bsc"/><int name="no" value="0"/><int name="zM" value="0"/></imgdir><imgdir name="200"><int name="x" value="-405"/><int name="y" value="2250"/><string name="u" value="bsc"/><int name="no" value="1"/><int name="zM" value="0"/></imgdir><imgdir name="157"><int name="x" value="-495"/><int name="y" value="2250"/><string name="u" value="bsc"/><int name="no" value="1"/><int name="zM" value="0"/></imgdir><imgdir name="202"><int name="x" value="-225"/><int name="y" value="2250"/><string name="u" value="bsc"/><int name="no" value="2"/><int name="zM" value="0"/></imgdir><imgdir name="204"><int name="x" value="-135"/><int name="y" value="2250"/><string name="u" value="bsc"/><int name="no" value="0"/><int name="zM" value="0"/></imgdir><imgdir name="207"><int name="x" value="-45"/><int name="y" value="2250"/><string name="u" value="bsc"/><int name="no" value="1"/><int name="zM" value="0"/></imgdir><imgdir name="122"><int name="x" value="45"/><int name="y" value="2190"/><string name="u" value="bsc"/><int name="no" value="0"/><int name="zM" value="0"/></imgdir><imgdir name="138"><int name="x" value="-45"/><int name="y" value="2190"/><string name="u" value="bsc"/><int name="no" value="0"/><int name="zM" value="0"/></imgdir><imgdir name="209"><int name="x" value="45"/><int name="y" value="2430"/><string name="u" value="enH1"/><int name="no" value="0"/><int name="zM" value="0"/></imgdir><imgdir name="208"><int name="x" value="45"/><int name="y" value="2250"/><string name="u" value="bsc"/><int name="no" value="1"/><int name="zM" value="0"/></imgdir><imgdir name="136"><int name="x" value="135"/><int name="y" value="2190"/><string name="u" value="bsc"/><int name="no" value="0"/><int name="zM" value="0"/></imgdir><imgdir name="121"><int name="x" value="225"/><int name="y" value="2190"/><string name="u" value="bsc"/><int name="no" value="1"/><int name="zM" value="0"/></imgdir><imgdir name="123"><int name="x" value="315"/><int name="y" value="2190"/><string name="u" value="bsc"/><int name="no" value="0"/><int name="zM" value="0"/></imgdir><imgdir name="109"><int name="x" value="405"/><int name="y" value="2190"/><string name="u" value="bsc"/><int name="no" value="0"/><int name="zM" value="0"/></imgdir><imgdir name="203"><int name="x" value="135"/><int name="y" value="2250"/><string name="u" value="bsc"/><int name="no" value="2"/><int name="zM" value="0"/></imgdir><imgdir name="210"><int name="x" value="225"/><int name="y" value="2250"/><string name="u" value="bsc"/><int name="no" value="0"/><int name="zM" value="0"/></imgdir><imgdir name="206"><int name="x" value="315"/><int name="y" value="2250"/><string name="u" value="bsc"/><int name="no" value="2"/><int name="zM" value="0"/></imgdir><imgdir name="106"><int name="x" value="495"/><int name="y" value="2190"/><string name="u" value="bsc"/><int name="no" value="0"/><int name="zM" value="0"/></imgdir><imgdir name="108"><int name="x" value="765"/><int name="y" value="2190"/><string name="u" value="bsc"/><int name="no" value="1"/><int name="zM" value="0"/></imgdir><imgdir name="211"><int name="x" value="405"/><int name="y" value="2250"/><string name="u" value="bsc"/><int name="no" value="0"/><int name="zM" value="0"/></imgdir><imgdir name="205"><int name="x" value="495"/><int name="y" value="2250"/><string name="u" value="bsc"/><int name="no" value="0"/><int name="zM" value="0"/></imgdir><imgdir name="107"><int name="x" value="675"/><int name="y" value="2190"/><string name="u" value="bsc"/><int name="no" value="2"/><int name="zM" value="0"/></imgdir><imgdir name="110"><int name="x" value="585"/><int name="y" value="2190"/><string name="u" value="bsc"/><int name="no" value="2"/><int name="zM" value="0"/></imgdir><imgdir name="82"><int name="x" value="855"/><int name="y" value="2190"/><string name="u" value="bsc"/><int name="no" value="2"/><int name="zM" value="0"/></imgdir><imgdir name="80"><int name="x" value="945"/><int name="y" value="2190"/><string name="u" value="bsc"/><int name="no" value="0"/><int name="zM" value="0"/></imgdir><imgdir name="78"><int name="x" value="1035"/><int name="y" value="2190"/><string name="u" value="bsc"/><int name="no" value="0"/><int name="zM" value="0"/></imgdir><imgdir name="79"><int name="x" value="1035"/><int name="y" value="2070"/><string name="u" value="enH0"/><int name="no" value="0"/><int name="zM" value="0"/></imgdir><imgdir name="98"><int name="x" value="585"/><int name="y" value="2070"/><string name="u" value="enH0"/><int name="no" value="1"/><int name="zM" value="0"/></imgdir><imgdir name="85"><int name="x" value="675"/><int name="y" value="2070"/><string name="u" value="enH0"/><int name="no" value="1"/><int name="zM" value="0"/></imgdir><imgdir name="100"><int name="x" value="495"/><int name="y" value="2070"/><string name="u" value="enH0"/><int name="no" value="1"/><int name="zM" value="0"/></imgdir><imgdir name="74"><int name="x" value="585"/><int name="y" value="2070"/><string name="u" value="bsc"/><int name="no" value="1"/><int name="zM" value="0"/></imgdir><imgdir name="81"><int name="x" value="495"/><int name="y" value="2070"/><string name="u" value="bsc"/><int name="no" value="1"/><int name="zM" value="0"/></imgdir><imgdir name="104"><int name="x" value="675"/><int name="y" value="2070"/><string name="u" value="bsc"/><int name="no" value="2"/><int name="zM" value="0"/></imgdir><imgdir name="146"><int name="x" value="-495"/><int name="y" value="2070"/><string name="u" value="bsc"/><int name="no" value="1"/><int name="zM" value="0"/></imgdir><imgdir name="169"><int name="x" value="-675"/><int name="y" value="2070"/><string name="u" value="bsc"/><int name="no" value="1"/><int name="zM" value="0"/></imgdir><imgdir name="170"><int name="x" value="-675"/><int name="y" value="2070"/><string name="u" value="enH0"/><int name="no" value="0"/><int name="zM" value="0"/></imgdir><imgdir name="150"><int name="x" value="-585"/><int name="y" value="2070"/><string name="u" value="enH0"/><int name="no" value="1"/><int name="zM" value="0"/></imgdir><imgdir name="148"><int name="x" value="-405"/><int name="y" value="2070"/><string name="u" value="bsc"/><int name="no" value="1"/><int name="zM" value="0"/></imgdir><imgdir name="127"><int name="x" value="-405"/><int name="y" value="2070"/><string name="u" value="enH0"/><int name="no" value="1"/><int name="zM" value="0"/></imgdir><imgdir name="162"><int name="x" value="-945"/><int name="y" value="2070"/><string name="u" value="slRU"/><int name="no" value="0"/><int name="zM" value="0"/></imgdir><imgdir name="163"><int name="x" value="-315"/><int name="y" value="2070"/><string name="u" value="enH0"/><int name="no" value="1"/><int name="zM" value="0"/></imgdir><imgdir name="134"><int name="x" value="-225"/><int name="y" value="2130"/><string name="u" value="slRU"/><int name="no" value="0"/><int name="zM" value="0"/></imgdir><imgdir name="128"><int name="x" value="-315"/><int name="y" value="2070"/><string name="u" value="bsc"/><int name="no" value="1"/><int name="zM" value="0"/></imgdir><imgdir name="155"><int name="x" value="-585"/><int name="y" value="2070"/><string name="u" value="bsc"/><int name="no" value="0"/><int name="zM" value="0"/></imgdir><imgdir name="96"><int name="x" value="-495"/><int name="y" value="2070"/><string name="u" value="enH0"/><int name="no" value="0"/><int name="zM" value="0"/></imgdir><imgdir name="42"><int name="x" value="765"/><int name="y" value="2070"/><string name="u" value="enH0"/><int name="no" value="1"/><int name="zM" value="0"/></imgdir><imgdir name="47"><int name="x" value="855"/><int name="y" value="2070"/><string name="u" value="enH0"/><int name="no" value="1"/><int name="zM" value="0"/></imgdir><imgdir name="95"><int name="x" value="855"/><int name="y" value="2070"/><string name="u" value="bsc"/><int name="no" value="2"/><int name="zM" value="0"/></imgdir><imgdir name="75"><int name="x" value="945"/><int name="y" value="2070"/><string name="u" value="bsc"/><int name="no" value="2"/><int name="zM" value="0"/></imgdir><imgdir name="77"><int name="x" value="1035"/><int name="y" value="2070"/><string name="u" value="bsc"/><int name="no" value="1"/><int name="zM" value="0"/></imgdir><imgdir name="57"><int name="x" value="1125"/><int name="y" value="2070"/><string name="u" value="enH0"/><int name="no" value="1"/><int name="zM" value="0"/></imgdir><imgdir name="70"><int name="x" value="1125"/><int name="y" value="2070"/><string name="u" value="bsc"/><int name="no" value="2"/><int name="zM" value="0"/></imgdir><imgdir name="93"><int name="x" value="765"/><int name="y" value="2070"/><string name="u" value="bsc"/><int name="no" value="1"/><int name="zM" value="0"/></imgdir><imgdir name="44"><int name="x" value="1125"/><int name="y" value="2310"/><string name="u" value="bsc"/><int name="no" value="0"/><int name="zM" value="0"/></imgdir><imgdir name="54"><int name="x" value="1035"/><int name="y" value="2370"/><string name="u" value="bsc"/><int name="no" value="2"/><int name="zM" value="0"/></imgdir><imgdir name="91"><int name="x" value="1125"/><int name="y" value="2370"/><string name="u" value="bsc"/><int name="no" value="2"/><int name="zM" value="0"/></imgdir><imgdir name="71"><int name="x" value="1125"/><int name="y" value="2190"/><string name="u" value="bsc"/><int name="no" value="1"/><int name="zM" value="0"/></imgdir><imgdir name="73"><int name="x" value="855"/><int name="y" value="2310"/><string name="u" value="bsc"/><int name="no" value="2"/><int name="zM" value="0"/></imgdir><imgdir name="53"><int name="x" value="945"/><int name="y" value="2310"/><string name="u" value="bsc"/><int name="no" value="2"/><int name="zM" value="0"/></imgdir><imgdir name="55"><int name="x" value="945"/><int name="y" value="2430"/><string name="u" value="enH1"/><int name="no" value="0"/><int name="zM" value="0"/></imgdir><imgdir name="27"><int name="x" value="1035"/><int name="y" value="2430"/><string name="u" value="enH1"/><int name="no" value="0"/><int name="zM" value="0"/></imgdir><imgdir name="72"><int name="x" value="1125"/><int name="y" value="2250"/><string name="u" value="bsc"/><int name="no" value="0"/><int name="zM" value="0"/></imgdir><imgdir name="49"><int name="x" value="945"/><int name="y" value="2370"/><string name="u" value="bsc"/><int name="no" value="2"/><int name="zM" value="0"/></imgdir><imgdir name="30"><int name="x" value="855"/><int name="y" value="2250"/><string name="u" value="bsc"/><int name="no" value="2"/><int name="zM" value="0"/></imgdir><imgdir name="31"><int name="x" value="945"/><int name="y" value="2250"/><string name="u" value="bsc"/><int name="no" value="1"/><int name="zM" value="0"/></imgdir><imgdir name="21"><int name="x" value="945"/><int name="y" value="2070"/><string name="u" value="enH0"/><int name="no" value="1"/><int name="zM" value="0"/></imgdir><imgdir name="76"><int name="x" value="1125"/><int name="y" value="2130"/><string name="u" value="bsc"/><int name="no" value="2"/><int name="zM" value="0"/></imgdir><imgdir name="61"><int name="x" value="1035"/><int name="y" value="2250"/><string name="u" value="bsc"/><int name="no" value="2"/><int name="zM" value="0"/></imgdir><imgdir name="46"><int name="x" value="1125"/><int name="y" value="2430"/><string name="u" value="enH1"/><int name="no" value="1"/><int name="zM" value="0"/></imgdir><imgdir name="94"><int name="x" value="765"/><int name="y" value="2370"/><string name="u" value="bsc"/><int name="no" value="1"/><int name="zM" value="0"/></imgdir><imgdir name="41"><int name="x" value="585"/><int name="y" value="2430"/><string name="u" value="enH1"/><int name="no" value="0"/><int name="zM" value="0"/></imgdir><imgdir name="65"><int name="x" value="675"/><int name="y" value="2430"/><string name="u" value="enH1"/><int name="no" value="1"/><int name="zM" value="0"/></imgdir><imgdir name="62"><int name="x" value="855"/><int name="y" value="2430"/><string name="u" value="enH1"/><int name="no" value="0"/><int name="zM" value="0"/></imgdir><imgdir name="37"><int name="x" value="675"/><int name="y" value="2250"/><string name="u" value="bsc"/><int name="no" value="0"/><int name="zM" value="0"/></imgdir><imgdir name="66"><int name="x" value="495"/><int name="y" value="2310"/><string name="u" value="bsc"/><int name="no" value="1"/><int name="zM" value="0"/></imgdir><imgdir name="51"><int name="x" value="585"/><int name="y" value="2310"/><string name="u" value="bsc"/><int name="no" value="2"/><int name="zM" value="0"/></imgdir><imgdir name="88"><int name="x" value="675"/><int name="y" value="2370"/><string name="u" value="bsc"/><int name="no" value="2"/><int name="zM" value="0"/></imgdir><imgdir name="63"><int name="x" value="855"/><int name="y" value="2370"/><string name="u" value="bsc"/><int name="no" value="0"/><int name="zM" value="0"/></imgdir><imgdir name="64"><int name="x" value="1035"/><int name="y" value="2310"/><string name="u" value="bsc"/><int name="no" value="2"/><int name="zM" value="0"/></imgdir><imgdir name="90"><int name="x" value="315"/><int name="y" value="2430"/><string name="u" value="enH1"/><int name="no" value="1"/><int name="zM" value="0"/></imgdir><imgdir name="6"><int name="x" value="225"/><int name="y" value="2430"/><string name="u" value="enH1"/><int name="no" value="1"/><int name="zM" value="0"/></imgdir><imgdir name="50"><int name="x" value="495"/><int name="y" value="2430"/><string name="u" value="enH1"/><int name="no" value="0"/><int name="zM" value="0"/></imgdir><imgdir name="59"><int name="x" value="765"/><int name="y" value="2430"/><string name="u" value="enH1"/><int name="no" value="0"/><int name="zM" value="0"/></imgdir><imgdir name="60"><int name="x" value="495"/><int name="y" value="2370"/><string name="u" value="bsc"/><int name="no" value="1"/><int name="zM" value="0"/></imgdir><imgdir name="69"><int name="x" value="405"/><int name="y" value="2430"/><string name="u" value="enH1"/><int name="no" value="0"/><int name="zM" value="0"/></imgdir><imgdir name="39"><int name="x" value="675"/><int name="y" value="2310"/><string name="u" value="bsc"/><int name="no" value="2"/><int name="zM" value="0"/></imgdir><imgdir name="9"><int name="x" value="585"/><int name="y" value="2250"/><string name="u" value="bsc"/><int name="no" value="2"/><int name="zM" value="0"/></imgdir><imgdir name="12"><int name="x" value="585"/><int name="y" value="2370"/><string name="u" value="bsc"/><int name="no" value="1"/><int name="zM" value="0"/></imgdir><imgdir name="52"><int name="x" value="225"/><int name="y" value="2370"/><string name="u" value="bsc"/><int name="no" value="1"/><int name="zM" value="0"/></imgdir><imgdir name="34"><int name="x" value="135"/><int name="y" value="2370"/><string name="u" value="bsc"/><int name="no" value="0"/><int name="zM" value="0"/></imgdir><imgdir name="33"><int name="x" value="765"/><int name="y" value="2250"/><string name="u" value="bsc"/><int name="no" value="1"/><int name="zM" value="0"/></imgdir><imgdir name="25"><int name="x" value="315"/><int name="y" value="2310"/><string name="u" value="bsc"/><int name="no" value="0"/><int name="zM" value="0"/></imgdir><imgdir name="16"><int name="x" value="405"/><int name="y" value="2310"/><string name="u" value="bsc"/><int name="no" value="2"/><int name="zM" value="0"/></imgdir><imgdir name="10"><int name="x" value="135"/><int name="y" value="2310"/><string name="u" value="bsc"/><int name="no" value="1"/><int name="zM" value="0"/></imgdir><imgdir name="45"><int name="x" value="765"/><int name="y" value="2310"/><string name="u" value="bsc"/><int name="no" value="1"/><int name="zM" value="0"/></imgdir><imgdir name="4"><int name="x" value="45"/><int name="y" value="2370"/><string name="u" value="bsc"/><int name="no" value="2"/><int name="zM" value="0"/></imgdir><imgdir name="5"><int name="x" value="135"/><int name="y" value="2430"/><string name="u" value="enH1"/><int name="no" value="1"/><int name="zM" value="0"/></imgdir><imgdir name="68"><int name="x" value="-225"/><int name="y" value="2310"/><string name="u" value="bsc"/><int name="no" value="2"/><int name="zM" value="0"/></imgdir><imgdir name="36"><int name="x" value="-315"/><int name="y" value="2370"/><string name="u" value="bsc"/><int name="no" value="0"/><int name="zM" value="0"/></imgdir><imgdir name="2"><int name="x" value="315"/><int name="y" value="2370"/><string name="u" value="bsc"/><int name="no" value="0"/><int name="zM" value="0"/></imgdir><imgdir name="1"><int name="x" value="-45"/><int name="y" value="2370"/><string name="u" value="bsc"/><int name="no" value="1"/><int name="zM" value="0"/></imgdir><imgdir name="14"><int name="x" value="-225"/><int name="y" value="2370"/><string name="u" value="bsc"/><int name="no" value="1"/><int name="zM" value="0"/></imgdir><imgdir name="48"><int name="x" value="225"/><int name="y" value="2310"/><string name="u" value="bsc"/><int name="no" value="2"/><int name="zM" value="0"/></imgdir><imgdir name="58"><int name="x" value="-135"/><int name="y" value="2370"/><string name="u" value="bsc"/><int name="no" value="1"/><int name="zM" value="0"/></imgdir><imgdir name="56"><int name="x" value="-1215"/><int name="y" value="2370"/><string name="u" value="bsc"/><int name="no" value="1"/><int name="zM" value="0"/></imgdir><imgdir name="23"><int name="x" value="-1305"/><int name="y" value="2430"/><string name="u" value="enH1"/><int name="no" value="0"/><int name="zM" value="0"/></imgdir><imgdir name="28"><int name="x" value="-855"/><int name="y" value="2370"/><string name="u" value="bsc"/><int name="no" value="1"/><int name="zM" value="0"/></imgdir><imgdir name="92"><int name="x" value="-855"/><int name="y" value="2430"/><string name="u" value="enH1"/><int name="no" value="1"/><int name="zM" value="0"/></imgdir><imgdir name="35"><int name="x" value="-855"/><int name="y" value="2310"/><string name="u" value="bsc"/><int name="no" value="1"/><int name="zM" value="0"/></imgdir><imgdir name="89"><int name="x" value="-765"/><int name="y" value="2310"/><string name="u" value="bsc"/><int name="no" value="2"/><int name="zM" value="0"/></imgdir><imgdir name="22"><int name="x" value="-945"/><int name="y" value="2370"/><string name="u" value="bsc"/><int name="no" value="2"/><int name="zM" value="0"/></imgdir><imgdir name="29"><int name="x" value="-945"/><int name="y" value="2310"/><string name="u" value="bsc"/><int name="no" value="2"/><int name="zM" value="0"/></imgdir><imgdir name="32"><int name="x" value="-1125"/><int name="y" value="2310"/><string name="u" value="bsc"/><int name="no" value="0"/><int name="zM" value="0"/></imgdir><imgdir name="26"><int name="x" value="-1035"/><int name="y" value="2310"/><string name="u" value="bsc"/><int name="no" value="1"/><int name="zM" value="0"/></imgdir><imgdir name="18"><int name="x" value="-405"/><int name="y" value="2310"/><string name="u" value="bsc"/><int name="no" value="0"/><int name="zM" value="0"/></imgdir><imgdir name="20"><int name="x" value="-945"/><int name="y" value="2430"/><string name="u" value="enH1"/><int name="no" value="1"/><int name="zM" value="0"/></imgdir><imgdir name="24"><int name="x" value="-675"/><int name="y" value="2370"/><string name="u" value="bsc"/><int name="no" value="2"/><int name="zM" value="0"/></imgdir><imgdir name="40"><int name="x" value="-675"/><int name="y" value="2310"/><string name="u" value="bsc"/><int name="no" value="0"/><int name="zM" value="0"/></imgdir><imgdir name="8"><int name="x" value="-585"/><int name="y" value="2310"/><string name="u" value="bsc"/><int name="no" value="2"/><int name="zM" value="0"/></imgdir><imgdir name="43"><int name="x" value="-1305"/><int name="y" value="2370"/><string name="u" value="bsc"/><int name="no" value="0"/><int name="zM" value="0"/></imgdir><imgdir name="38"><int name="x" value="-1035"/><int name="y" value="2430"/><string name="u" value="enH1"/><int name="no" value="1"/><int name="zM" value="0"/></imgdir><imgdir name="7"><int name="x" value="-45"/><int name="y" value="2310"/><string name="u" value="bsc"/><int name="no" value="0"/><int name="zM" value="0"/></imgdir><imgdir name="13"><int name="x" value="-1125"/><int name="y" value="2370"/><string name="u" value="bsc"/><int name="no" value="1"/><int name="zM" value="0"/></imgdir><imgdir name="11"><int name="x" value="-135"/><int name="y" value="2430"/><string name="u" value="enH1"/><int name="no" value="0"/><int name="zM" value="0"/></imgdir><imgdir name="15"><int name="x" value="-765"/><int name="y" value="2370"/><string name="u" value="bsc"/><int name="no" value="0"/><int name="zM" value="0"/></imgdir><imgdir name="17"><int name="x" value="-765"/><int name="y" value="2430"/><string name="u" value="enH1"/><int name="no" value="1"/><int name="zM" value="0"/></imgdir><imgdir name="19"><int name="x" value="-1215"/><int name="y" value="2430"/><string name="u" value="enH1"/><int name="no" value="0"/><int name="zM" value="0"/></imgdir><imgdir name="184"><int name="x" value="-1305"/><int name="y" value="2310"/><string name="u" value="bsc"/><int name="no" value="1"/><int name="zM" value="0"/></imgdir><imgdir name="67"><int name="x" value="-315"/><int name="y" value="2310"/><string name="u" value="bsc"/><int name="no" value="2"/><int name="zM" value="0"/></imgdir><imgdir name="189"><int name="x" value="-495"/><int name="y" value="2310"/><string name="u" value="bsc"/><int name="no" value="0"/><int name="zM" value="0"/></imgdir><imgdir name="177"><int name="x" value="-135"/><int name="y" value="2310"/><string name="u" value="bsc"/><int name="no" value="1"/><int name="zM" value="0"/></imgdir><imgdir name="0"><int name="x" value="-405"/><int name="y" value="2370"/><string name="u" value="bsc"/><int name="no" value="1"/><int name="zM" value="0"/></imgdir><imgdir name="187"><int name="x" value="-585"/><int name="y" value="2370"/><string name="u" value="bsc"/><int name="no" value="1"/><int name="zM" value="0"/></imgdir><imgdir name="3"><int name="x" value="-315"/><int name="y" value="2430"/><string name="u" value="enH1"/><int name="no" value="1"/><int name="zM" value="0"/></imgdir><imgdir name="183"><int name="x" value="405"/><int name="y" value="2370"/><string name="u" value="bsc"/><int name="no" value="0"/><int name="zM" value="0"/></imgdir><imgdir name="116"><int name="x" value="-225"/><int name="y" value="2430"/><string name="u" value="enH1"/><int name="no" value="0"/><int name="zM" value="0"/></imgdir><imgdir name="113"><int name="x" value="-45"/><int name="y" value="2430"/><string name="u" value="enH1"/><int name="no" value="0"/><int name="zM" value="0"/></imgdir><imgdir name="112"><int name="x" value="-1125"/><int name="y" value="2430"/><string name="u" value="enH1"/><int name="no" value="0"/><int name="zM" value="0"/></imgdir><imgdir name="118"><int name="x" value="-405"/><int name="y" value="2430"/><string name="u" value="enH1"/><int name="no" value="1"/><int name="zM" value="0"/></imgdir><imgdir name="86"><int name="x" value="-495"/><int name="y" value="2370"/><string name="u" value="bsc"/><int name="no" value="0"/><int name="zM" value="0"/></imgdir><imgdir name="102"><int name="x" value="-495"/><int name="y" value="2430"/><string name="u" value="enH1"/><int name="no" value="1"/><int name="zM" value="0"/></imgdir><imgdir name="117"><int name="x" value="45"/><int name="y" value="2310"/><string name="u" value="bsc"/><int name="no" value="2"/><int name="zM" value="0"/></imgdir><imgdir name="105"><int name="x" value="-585"/><int name="y" value="2430"/><string name="u" value="enH1"/><int name="no" value="0"/><int name="zM" value="0"/></imgdir><imgdir name="215"><int name="x" value="225"/><int name="y" value="2130"/><string name="u" value="bsc"/><int name="no" value="1"/><int name="zM" value="0"/></imgdir><imgdir name="217"><int name="x" value="225"/><int name="y" value="2130"/><string name="u" value="enH0"/><int name="no" value="1"/><int name="zM" value="0"/></imgdir><imgdir name="218"><int name="x" value="405"/><int name="y" value="2130"/><string name="u" value="bsc"/><int name="no" value="0"/><int name="zM" value="0"/></imgdir><imgdir name="219"><int name="x" value="315"/><int name="y" value="2130"/><string name="u" value="bsc"/><int name="no" value="2"/><int name="zM" value="0"/></imgdir><imgdir name="220"><int name="x" value="405"/><int name="y" value="2070"/><string name="u" value="bsc"/><int name="no" value="2"/><int name="zM" value="0"/></imgdir><imgdir name="214"><int name="x" value="405"/><int name="y" value="2130"/><string name="u" value="slLU"/><int name="no" value="0"/><int name="zM" value="0"/></imgdir><imgdir name="216"><int name="x" value="405"/><int name="y" value="2070"/><string name="u" value="enH0"/><int name="no" value="0"/><int name="zM" value="0"/></imgdir></imgdir><imgdir name="obj"><imgdir name="4"><string name="oS" value="acc1"/><string name="l0" value="dryRock"/><string name="l1" value="nature"/><string name="l2" value="15"/><int name="x" value="-1178"/><int name="y" value="1984"/><int name="z" value="3"/><int name="f" value="0"/><int name="zM" value="0"/><int name="piece" value="4"/></imgdir><imgdir name="3"><string name="oS" value="acc1"/><string name="l0" value="dryRock"/><string name="l1" value="nature"/><string name="l2" value="15"/><int name="x" value="647"/><int name="y" value="2043"/><int name="z" value="3"/><int name="f" value="0"/><int name="zM" value="0"/><int name="piece" value="3"/></imgdir><imgdir name="9"><string name="oS" value="guide"/><string name="l0" value="milepost"/><string name="l1" value="common"/><string name="l2" value="1"/><int name="x" value="-1099"/><int name="y" value="1987"/><int name="z" value="9"/><int name="f" value="0"/><int name="zM" value="0"/><int name="r" value="0"/><int name="move" value="0"/><int name="dynamic" value="0"/><int name="piece" value="9"/></imgdir><imgdir name="7"><string name="oS" value="guide"/><string name="l0" value="milepost"/><string name="l1" value="backcho"/><string name="l2" value="2"/><int name="x" value="-1107"/><int name="y" value="1956"/><int name="z" value="10"/><int name="f" value="0"/><int name="zM" value="0"/><int name="r" value="0"/><int name="move" value="0"/><int name="dynamic" value="0"/><int name="piece" value="7"/></imgdir><imgdir name="0"><string name="oS" value="acc1"/><string name="l0" value="dryRock"/><string name="l1" value="castle"/><string name="l2" value="8"/><int name="x" value="710"/><int name="y" value="1927"/><int name="z" value="9"/><int name="f" value="0"/><int name="zM" value="0"/><int name="r" value="0"/><int name="move" value="0"/><int name="dynamic" value="0"/><int name="piece" value="0"/></imgdir><imgdir name="8"><string name="oS" value="acc1"/><string name="l0" value="dryRock"/><string name="l1" value="nature"/><string name="l2" value="15"/><int name="x" value="-978"/><int name="y" value="1983"/><int name="z" value="3"/><int name="f" value="0"/><int name="zM" value="0"/><int name="piece" value="8"/></imgdir><imgdir name="5"><string name="oS" value="acc1"/><string name="l0" value="dryRock"/><string name="l1" value="nature"/><string name="l2" value="16"/><int name="x" value="713"/><int name="y" value="2046"/><int name="z" value="3"/><int name="f" value="0"/><int name="zM" value="0"/><int name="piece" value="5"/></imgdir><imgdir name="6"><string name="oS" value="guide"/><string name="l0" value="milepost"/><string name="l1" value="backcho"/><string name="l2" value="4"/><int name="x" value="-1097"/><int name="y" value="1906"/><int name="z" value="10"/><int name="f" value="0"/><int name="zM" value="0"/><int name="r" value="0"/><int name="move" value="0"/><int name="dynamic" value="0"/><int name="piece" value="6"/></imgdir><imgdir name="2"><string name="oS" value="guide"/><string name="l0" value="milepost"/><string name="l1" value="common"/><string name="l2" value="1"/><int name="x" value="-1099"/><int name="y" value="1940"/><int name="z" value="9"/><int name="f" value="0"/><int name="zM" value="0"/><int name="r" value="0"/><int name="move" value="0"/><int name="dynamic" value="0"/><int name="piece" value="2"/></imgdir><imgdir name="1"><string name="oS" value="acc1"/><string name="l0" value="dryRock"/><string name="l1" value="castle"/><string name="l2" value="7"/><int name="x" value="534"/><int name="y" value="1926"/><int name="z" value="9"/><int name="f" value="0"/><int name="zM" value="0"/><int name="r" value="0"/><int name="move" value="0"/><int name="dynamic" value="0"/><int name="piece" value="1"/></imgdir><imgdir name="10"><string name="oS" value="acc1"/><string name="l0" value="dryRock"/><string name="l1" value="nature"/><string name="l2" value="1"/><int name="x" value="-625"/><int name="y" value="1979"/><int name="z" value="9"/><int name="f" value="0"/><int name="zM" value="0"/><int name="r" value="0"/><int name="move" value="0"/><int name="dynamic" value="0"/><int name="piece" value="10"/></imgdir><imgdir name="11"><string name="oS" value="acc1"/><string name="l0" value="dryRock"/><string name="l1" value="nature"/><string name="l2" value="1"/><int name="x" value="-447"/><int name="y" value="1981"/><int name="z" value="9"/><int name="f" value="0"/><int name="zM" value="0"/><int name="r" value="0"/><int name="move" value="0"/><int name="dynamic" value="0"/><int name="piece" value="11"/></imgdir></imgdir></imgdir><imgdir name="3"><imgdir name="info"></imgdir><imgdir name="tile"></imgdir><imgdir name="obj"><imgdir name="0"><string name="oS" value="connect"/><string name="l0" value="rope"/><string name="l1" value="0"/><string name="l2" value="0"/><int name="x" value="-989"/><int name="y" value="1859"/><int name="z" value="9"/><int name="f" value="0"/><int name="zM" value="3"/><int name="r" value="0"/><int name="move" value="0"/><int name="dynamic" value="0"/><int name="piece" value="0"/></imgdir><imgdir name="1"><string name="oS" value="connect"/><string name="l0" value="rope"/><string name="l1" value="0"/><string name="l2" value="1"/><int name="x" value="-989"/><int name="y" value="1899"/><int name="z" value="9"/><int name="f" value="0"/><int name="zM" value="2"/><int name="r" value="0"/><int name="move" value="0"/><int name="dynamic" value="0"/><int name="piece" value="1"/></imgdir><imgdir name="2"><string name="oS" value="connect"/><string name="l0" value="rope"/><string name="l1" value="0"/><string name="l2" value="2"/><int name="x" value="-989"/><int name="y" value="1927"/><int name="z" value="9"/><int name="f" value="0"/><int name="zM" value="2"/><int name="r" value="0"/><int name="move" value="0"/><int name="dynamic" value="0"/><int name="piece" value="2"/></imgdir></imgdir></imgdir><imgdir name="4"><imgdir name="info"></imgdir><imgdir name="tile"></imgdir><imgdir name="obj"></imgdir></imgdir><imgdir name="5"><imgdir name="info"></imgdir><imgdir name="tile"></imgdir><imgdir name="obj"></imgdir></imgdir><imgdir name="6"><imgdir name="info"></imgdir><imgdir name="tile"></imgdir><imgdir name="obj"></imgdir></imgdir><imgdir name="7"><imgdir name="info"></imgdir><imgdir name="tile"></imgdir><imgdir name="obj"></imgdir></imgdir><imgdir name="reactor"></imgdir><imgdir name="foothold"><imgdir name="2"><imgdir name="0"><imgdir name="1"><int name="x1" value="945"/><int name="y1" value="2055"/><int name="x2" value="1035"/><int name="y2" value="2055"/><int name="prev" value="3"/><int name="next" value="5"/><int name="piece" value="-1"/></imgdir><imgdir name="2"><int name="x1" value="765"/><int name="y1" value="2055"/><int name="x2" value="855"/><int name="y2" value="2055"/><int name="prev" value="6"/><int name="next" value="3"/><int name="piece" value="-1"/></imgdir><imgdir name="3"><int name="x1" value="855"/><int name="y1" value="2055"/><int name="x2" value="945"/><int name="y2" value="2055"/><int name="prev" value="2"/><int name="next" value="1"/><int name="piece" value="-1"/></imgdir><imgdir name="4"><int name="x1" value="1125"/><int name="y1" value="2055"/><int name="x2" value="1215"/><int name="y2" value="2055"/><int name="prev" value="5"/><int name="next" value="0"/><int name="piece" value="-1"/></imgdir><imgdir name="5"><int name="x1" value="1035"/><int name="y1" value="2055"/><int name="x2" value="1125"/><int name="y2" value="2055"/><int name="prev" value="1"/><int name="next" value="4"/><int name="piece" value="-1"/></imgdir><imgdir name="6"><int name="x1" value="675"/><int name="y1" value="2055"/><int name="x2" value="765"/><int name="y2" value="2055"/><int name="prev" value="8"/><int name="next" value="2"/><int name="piece" value="-1"/></imgdir><imgdir name="7"><int name="x1" value="-495"/><int name="y1" value="2055"/><int name="x2" value="-405"/><int name="y2" value="2055"/><int name="prev" value="16"/><int name="next" value="12"/><int name="piece" value="-1"/></imgdir><imgdir name="8"><int name="x1" value="585"/><int name="y1" value="2055"/><int name="x2" value="675"/><int name="y2" value="2055"/><int name="prev" value="9"/><int name="next" value="6"/><int name="piece" value="-1"/></imgdir><imgdir name="9"><int name="x1" value="495"/><int name="y1" value="2055"/><int name="x2" value="585"/><int name="y2" value="2055"/><int name="prev" value="27"/><int name="next" value="8"/><int name="piece" value="-1"/></imgdir><imgdir name="10"><int name="x1" value="45"/><int name="y1" value="2115"/><int name="x2" value="135"/><int name="y2" value="2115"/><int name="prev" value="13"/><int name="next" value="11"/><int name="piece" value="-1"/></imgdir><imgdir name="11"><int name="x1" value="135"/><int name="y1" value="2115"/><int name="x2" value="225"/><int name="y2" value="2115"/><int name="prev" value="10"/><int name="next" value="28"/><int name="piece" value="-1"/></imgdir><imgdir name="12"><int name="x1" value="-405"/><int name="y1" value="2055"/><int name="x2" value="-315"/><int name="y2" value="2055"/><int name="prev" value="7"/><int name="next" value="18"/><int name="piece" value="-1"/></imgdir><imgdir name="13"><int name="x1" value="-45"/><int name="y1" value="2115"/><int name="x2" value="45"/><int name="y2" value="2115"/><int name="prev" value="14"/><int name="next" value="10"/><int name="piece" value="-1"/></imgdir><imgdir name="14"><int name="x1" value="-135"/><int name="y1" value="2115"/><int name="x2" value="-45"/><int name="y2" value="2115"/><int name="prev" value="15"/><int name="next" value="13"/><int name="piece" value="-1"/></imgdir><imgdir name="15"><int name="x1" value="-225"/><int name="y1" value="2055"/><int name="x2" value="-135"/><int name="y2" value="2115"/><int name="prev" value="18"/><int name="next" value="14"/><int name="piece" value="-1"/></imgdir><imgdir name="16"><int name="x1" value="-585"/><int name="y1" value="2055"/><int name="x2" value="-495"/><int name="y2" value="2055"/><int name="prev" value="19"/><int name="next" value="7"/><int name="piece" value="-1"/></imgdir><imgdir name="17"><int name="x1" value="-945"/><int name="y1" value="1995"/><int name="x2" value="-855"/><int name="y2" value="2055"/><int name="prev" value="23"/><int name="next" value="20"/><int name="piece" value="-1"/></imgdir><imgdir name="18"><int name="x1" value="-315"/><int name="y1" value="2055"/><int name="x2" value="-225"/><int name="y2" value="2055"/><int name="prev" value="12"/><int name="next" value="15"/><int name="piece" value="-1"/></imgdir><imgdir name="19"><int name="x1" value="-675"/><int name="y1" value="2055"/><int name="x2" value="-585"/><int name="y2" value="2055"/><int name="prev" value="21"/><int name="next" value="16"/><int name="piece" value="-1"/></imgdir><imgdir name="20"><int name="x1" value="-855"/><int name="y1" value="2055"/><int name="x2" value="-765"/><int name="y2" value="2055"/><int name="prev" value="17"/><int name="next" value="21"/><int name="piece" value="-1"/></imgdir><imgdir name="21"><int name="x1" value="-765"/><int name="y1" value="2055"/><int name="x2" value="-675"/><int name="y2" value="2055"/><int name="prev" value="20"/><int name="next" value="19"/><int name="piece" value="-1"/></imgdir><imgdir name="22"><int name="x1" value="-1215"/><int name="y1" value="1995"/><int name="x2" value="-1125"/><int name="y2" value="1995"/><int name="prev" value="25"/><int name="next" value="24"/><int name="piece" value="-1"/></imgdir><imgdir name="23"><int name="x1" value="-1035"/><int name="y1" value="1995"/><int name="x2" value="-945"/><int name="y2" value="1995"/><int name="prev" value="24"/><int name="next" value="17"/><int name="piece" value="-1"/></imgdir><imgdir name="24"><int name="x1" value="-1125"/><int name="y1" value="1995"/><int name="x2" value="-1035"/><int name="y2" value="1995"/><int name="prev" value="22"/><int name="next" value="23"/><int name="piece" value="-1"/></imgdir><imgdir name="25"><int name="x1" value="-1305"/><int name="y1" value="1995"/><int name="x2" value="-1215"/><int name="y2" value="1995"/><int name="prev" value="0"/><int name="next" value="22"/><int name="piece" value="-1"/></imgdir><imgdir name="26"><int name="x1" value="315"/><int name="y1" value="2115"/><int name="x2" value="405"/><int name="y2" value="2055"/><int name="prev" value="28"/><int name="next" value="27"/><int name="piece" value="-1"/></imgdir><imgdir name="27"><int name="x1" value="405"/><int name="y1" value="2055"/><int name="x2" value="495"/><int name="y2" value="2055"/><int name="prev" value="26"/><int name="next" value="9"/><int name="piece" value="-1"/></imgdir><imgdir name="28"><int name="x1" value="225"/><int name="y1" value="2115"/><int name="x2" value="315"/><int name="y2" value="2115"/><int name="prev" value="11"/><int name="next" value="26"/><int name="piece" value="-1"/></imgdir></imgdir></imgdir><imgdir name="0"><imgdir name="5"><imgdir name="29"><int name="x1" value="-159"/><int name="y1" value="1265"/><int name="x2" value="-98"/><int name="y2" value="1265"/><int name="prev" value="0"/><int name="next" value="0"/><int name="piece" value="5"/></imgdir><imgdir name="30"><int name="x1" value="-20"/><int name="y1" value="1265"/><int name="x2" value="41"/><int name="y2" value="1265"/><int name="prev" value="0"/><int name="next" value="0"/><int name="piece" value="5"/></imgdir></imgdir></imgdir><imgdir name="1"><imgdir name="1"><imgdir name="31"><int name="x1" value="456"/><int name="y1" value="1578"/><int name="x2" value="467"/><int name="y2" value="1574"/><int name="prev" value="0"/><int name="next" value="32"/><int name="piece" value="0"/></imgdir><imgdir name="32"><int name="x1" value="467"/><int name="y1" value="1574"/><int name="x2" value="532"/><int name="y2" value="1575"/><int name="prev" value="31"/><int name="next" value="33"/><int name="piece" value="0"/></imgdir><imgdir name="33"><int name="x1" value="532"/><int name="y1" value="1575"/><int name="x2" value="547"/><int name="y2" value="1579"/><int name="prev" value="32"/><int name="next" value="34"/><int name="piece" value="0"/></imgdir><imgdir name="34"><int name="x1" value="547"/><int name="y1" value="1579"/><int name="x2" value="703"/><int name="y2" value="1584"/><int name="prev" value="33"/><int name="next" value="117"/><int name="piece" value="0"/></imgdir><imgdir name="35"><int name="x1" value="-60"/><int name="y1" value="1753"/><int name="x2" value="-25"/><int name="y2" value="1720"/><int name="prev" value="0"/><int name="next" value="36"/><int name="piece" value="0"/></imgdir><imgdir name="36"><int name="x1" value="-25"/><int name="y1" value="1720"/><int name="x2" value="86"/><int name="y2" value="1714"/><int name="prev" value="35"/><int name="next" value="37"/><int name="piece" value="0"/></imgdir><imgdir name="37"><int name="x1" value="86"/><int name="y1" value="1714"/><int name="x2" value="113"/><int name="y2" value="1705"/><int name="prev" value="36"/><int name="next" value="38"/><int name="piece" value="0"/></imgdir><imgdir name="38"><int name="x1" value="113"/><int name="y1" value="1705"/><int name="x2" value="176"/><int name="y2" value="1703"/><int name="prev" value="37"/><int name="next" value="39"/><int name="piece" value="0"/></imgdir><imgdir name="39"><int name="x1" value="176"/><int name="y1" value="1703"/><int name="x2" value="358"/><int name="y2" value="1699"/><int name="prev" value="38"/><int name="next" value="40"/><int name="piece" value="0"/></imgdir><imgdir name="40"><int name="x1" value="358"/><int name="y1" value="1699"/><int name="x2" value="380"/><int name="y2" value="1692"/><int name="prev" value="39"/><int name="next" value="41"/><int name="piece" value="0"/></imgdir><imgdir name="41"><int name="x1" value="380"/><int name="y1" value="1692"/><int name="x2" value="468"/><int name="y2" value="1690"/><int name="prev" value="40"/><int name="next" value="42"/><int name="piece" value="0"/></imgdir><imgdir name="42"><int name="x1" value="468"/><int name="y1" value="1690"/><int name="x2" value="485"/><int name="y2" value="1687"/><int name="prev" value="41"/><int name="next" value="43"/><int name="piece" value="0"/></imgdir><imgdir name="43"><int name="x1" value="485"/><int name="y1" value="1687"/><int name="x2" value="553"/><int name="y2" value="1687"/><int name="prev" value="42"/><int name="next" value="0"/><int name="piece" value="0"/></imgdir><imgdir name="44"><int name="x1" value="63"/><int name="y1" value="1650"/><int name="x2" value="245"/><int name="y2" value="1646"/><int name="prev" value="0"/><int name="next" value="45"/><int name="piece" value="0"/></imgdir><imgdir name="45"><int name="x1" value="245"/><int name="y1" value="1646"/><int name="x2" value="267"/><int name="y2" value="1639"/><int name="prev" value="44"/><int name="next" value="46"/><int name="piece" value="0"/></imgdir><imgdir name="46"><int name="x1" value="267"/><int name="y1" value="1639"/><int name="x2" value="355"/><int name="y2" value="1637"/><int name="prev" value="45"/><int name="next" value="47"/><int name="piece" value="0"/></imgdir><imgdir name="47"><int name="x1" value="355"/><int name="y1" value="1637"/><int name="x2" value="372"/><int name="y2" value="1634"/><int name="prev" value="46"/><int name="next" value="48"/><int name="piece" value="0"/></imgdir><imgdir name="48"><int name="x1" value="372"/><int name="y1" value="1634"/><int name="x2" value="457"/><int name="y2" value="1634"/><int name="prev" value="47"/><int name="next" value="49"/><int name="piece" value="0"/></imgdir><imgdir name="49"><int name="x1" value="457"/><int name="y1" value="1634"/><int name="x2" value="545"/><int name="y2" value="1630"/><int name="prev" value="48"/><int name="next" value="50"/><int name="piece" value="0"/></imgdir><imgdir name="50"><int name="x1" value="545"/><int name="y1" value="1630"/><int name="x2" value="625"/><int name="y2" value="1634"/><int name="prev" value="49"/><int name="next" value="51"/><int name="piece" value="0"/></imgdir><imgdir name="51"><int name="x1" value="625"/><int name="y1" value="1634"/><int name="x2" value="658"/><int name="y2" value="1642"/><int name="prev" value="50"/><int name="next" value="52"/><int name="piece" value="0"/></imgdir><imgdir name="52"><int name="x1" value="658"/><int name="y1" value="1642"/><int name="x2" value="995"/><int name="y2" value="1641"/><int name="prev" value="51"/><int name="next" value="53"/><int name="piece" value="0"/></imgdir><imgdir name="53"><int name="x1" value="995"/><int name="y1" value="1641"/><int name="x2" value="1049"/><int name="y2" value="1650"/><int name="prev" value="52"/><int name="next" value="54"/><int name="piece" value="0"/></imgdir><imgdir name="54"><int name="x1" value="1049"/><int name="y1" value="1650"/><int name="x2" value="1078"/><int name="y2" value="1674"/><int name="prev" value="53"/><int name="next" value="0"/><int name="piece" value="0"/></imgdir><imgdir name="55"><int name="x1" value="-198"/><int name="y1" value="1467"/><int name="x2" value="-163"/><int name="y2" value="1434"/><int name="prev" value="0"/><int name="next" value="56"/><int name="piece" value="0"/></imgdir><imgdir name="56"><int name="x1" value="-163"/><int name="y1" value="1434"/><int name="x2" value="-52"/><int name="y2" value="1428"/><int name="prev" value="55"/><int name="next" value="57"/><int name="piece" value="0"/></imgdir><imgdir name="57"><int name="x1" value="-52"/><int name="y1" value="1428"/><int name="x2" value="-25"/><int name="y2" value="1419"/><int name="prev" value="56"/><int name="next" value="58"/><int name="piece" value="0"/></imgdir><imgdir name="58"><int name="x1" value="-25"/><int name="y1" value="1419"/><int name="x2" value="38"/><int name="y2" value="1417"/><int name="prev" value="57"/><int name="next" value="59"/><int name="piece" value="0"/></imgdir><imgdir name="59"><int name="x1" value="38"/><int name="y1" value="1417"/><int name="x2" value="220"/><int name="y2" value="1413"/><int name="prev" value="58"/><int name="next" value="60"/><int name="piece" value="0"/></imgdir><imgdir name="60"><int name="x1" value="220"/><int name="y1" value="1413"/><int name="x2" value="242"/><int name="y2" value="1406"/><int name="prev" value="59"/><int name="next" value="61"/><int name="piece" value="0"/></imgdir><imgdir name="61"><int name="x1" value="242"/><int name="y1" value="1406"/><int name="x2" value="330"/><int name="y2" value="1404"/><int name="prev" value="60"/><int name="next" value="62"/><int name="piece" value="0"/></imgdir><imgdir name="62"><int name="x1" value="330"/><int name="y1" value="1404"/><int name="x2" value="347"/><int name="y2" value="1401"/><int name="prev" value="61"/><int name="next" value="63"/><int name="piece" value="0"/></imgdir><imgdir name="63"><int name="x1" value="347"/><int name="y1" value="1401"/><int name="x2" value="415"/><int name="y2" value="1401"/><int name="prev" value="62"/><int name="next" value="0"/><int name="piece" value="0"/></imgdir><imgdir name="64"><int name="x1" value="-205"/><int name="y1" value="1784"/><int name="x2" value="-110"/><int name="y2" value="1789"/><int name="prev" value="0"/><int name="next" value="65"/><int name="piece" value="4"/></imgdir><imgdir name="65"><int name="x1" value="-110"/><int name="y1" value="1789"/><int name="x2" value="-85"/><int name="y2" value="1798"/><int name="prev" value="64"/><int name="next" value="66"/><int name="piece" value="4"/></imgdir><imgdir name="66"><int name="x1" value="-85"/><int name="y1" value="1798"/><int name="x2" value="43"/><int name="y2" value="1803"/><int name="prev" value="65"/><int name="next" value="67"/><int name="piece" value="4"/></imgdir><imgdir name="67"><int name="x1" value="43"/><int name="y1" value="1803"/><int name="x2" value="58"/><int name="y2" value="1801"/><int name="prev" value="66"/><int name="next" value="68"/><int name="piece" value="4"/></imgdir><imgdir name="68"><int name="x1" value="58"/><int name="y1" value="1801"/><int name="x2" value="107"/><int name="y2" value="1806"/><int name="prev" value="67"/><int name="next" value="69"/><int name="piece" value="4"/></imgdir><imgdir name="69"><int name="x1" value="107"/><int name="y1" value="1806"/><int name="x2" value="159"/><int name="y2" value="1802"/><int name="prev" value="68"/><int name="next" value="70"/><int name="piece" value="4"/></imgdir><imgdir name="70"><int name="x1" value="159"/><int name="y1" value="1802"/><int name="x2" value="193"/><int name="y2" value="1808"/><int name="prev" value="69"/><int name="next" value="0"/><int name="piece" value="4"/></imgdir><imgdir name="71"><int name="x1" value="-245"/><int name="y1" value="1838"/><int name="x2" value="-231"/><int name="y2" value="1827"/><int name="prev" value="0"/><int name="next" value="72"/><int name="piece" value="4"/></imgdir><imgdir name="72"><int name="x1" value="-231"/><int name="y1" value="1827"/><int name="x2" value="-154"/><int name="y2" value="1834"/><int name="prev" value="71"/><int name="next" value="0"/><int name="piece" value="4"/></imgdir><imgdir name="73"><int name="x1" value="-330"/><int name="y1" value="1866"/><int name="x2" value="-254"/><int name="y2" value="1867"/><int name="prev" value="0"/><int name="next" value="0"/><int name="piece" value="4"/></imgdir><imgdir name="74"><int name="x1" value="-300"/><int name="y1" value="1898"/><int name="x2" value="-263"/><int name="y2" value="1899"/><int name="prev" value="0"/><int name="next" value="75"/><int name="piece" value="4"/></imgdir><imgdir name="75"><int name="x1" value="-263"/><int name="y1" value="1899"/><int name="x2" value="-248"/><int name="y2" value="1902"/><int name="prev" value="74"/><int name="next" value="76"/><int name="piece" value="4"/></imgdir><imgdir name="76"><int name="x1" value="-248"/><int name="y1" value="1902"/><int name="x2" value="-216"/><int name="y2" value="1905"/><int name="prev" value="75"/><int name="next" value="0"/><int name="piece" value="4"/></imgdir><imgdir name="77"><int name="x1" value="-264"/><int name="y1" value="1933"/><int name="x2" value="-237"/><int name="y2" value="1935"/><int name="prev" value="0"/><int name="next" value="78"/><int name="piece" value="4"/></imgdir><imgdir name="78"><int name="x1" value="-237"/><int name="y1" value="1935"/><int name="x2" value="-210"/><int name="y2" value="1933"/><int name="prev" value="77"/><int name="next" value="0"/><int name="piece" value="4"/></imgdir><imgdir name="79"><int name="x1" value="-247"/><int name="y1" value="1964"/><int name="x2" value="-213"/><int name="y2" value="1967"/><int name="prev" value="0"/><int name="next" value="80"/><int name="piece" value="4"/></imgdir><imgdir name="80"><int name="x1" value="-213"/><int name="y1" value="1967"/><int name="x2" value="-155"/><int name="y2" value="1968"/><int name="prev" value="79"/><int name="next" value="0"/><int name="piece" value="4"/></imgdir><imgdir name="81"><int name="x1" value="-203"/><int name="y1" value="1998"/><int name="x2" value="-163"/><int name="y2" value="2001"/><int name="prev" value="0"/><int name="next" value="82"/><int name="piece" value="4"/></imgdir><imgdir name="82"><int name="x1" value="-163"/><int name="y1" value="2001"/><int name="x2" value="-126"/><int name="y2" value="2000"/><int name="prev" value="81"/><int name="next" value="0"/><int name="piece" value="4"/></imgdir><imgdir name="83"><int name="x1" value="-177"/><int name="y1" value="2024"/><int name="x2" value="-110"/><int name="y2" value="2029"/><int name="prev" value="0"/><int name="next" value="84"/><int name="piece" value="4"/></imgdir><imgdir name="84"><int name="x1" value="-110"/><int name="y1" value="2029"/><int name="x2" value="-98"/><int name="y2" value="2033"/><int name="prev" value="83"/><int name="next" value="85"/><int name="piece" value="4"/></imgdir><imgdir name="85"><int name="x1" value="-98"/><int name="y1" value="2033"/><int name="x2" value="-77"/><int name="y2" value="2034"/><int name="prev" value="84"/><int name="next" value="0"/><int name="piece" value="4"/></imgdir><imgdir name="86"><int name="x1" value="-138"/><int name="y1" value="2050"/><int name="x2" value="-50"/><int name="y2" value="2059"/><int name="prev" value="0"/><int name="next" value="0"/><int name="piece" value="4"/></imgdir><imgdir name="87"><int name="x1" value="-132"/><int name="y1" value="2080"/><int name="x2" value="-96"/><int name="y2" value="2086"/><int name="prev" value="0"/><int name="next" value="88"/><int name="piece" value="4"/></imgdir><imgdir name="88"><int name="x1" value="-96"/><int name="y1" value="2086"/><int name="x2" value="-22"/><int name="y2" value="2085"/><int name="prev" value="87"/><int name="next" value="0"/><int name="piece" value="4"/></imgdir><imgdir name="89"><int name="x1" value="-642"/><int name="y1" value="1699"/><int name="x2" value="-531"/><int name="y2" value="1693"/><int name="prev" value="106"/><int name="next" value="90"/><int name="piece" value="0"/></imgdir><imgdir name="90"><int name="x1" value="-531"/><int name="y1" value="1693"/><int name="x2" value="-504"/><int name="y2" value="1684"/><int name="prev" value="89"/><int name="next" value="91"/><int name="piece" value="0"/></imgdir><imgdir name="91"><int name="x1" value="-504"/><int name="y1" value="1684"/><int name="x2" value="-441"/><int name="y2" value="1682"/><int name="prev" value="90"/><int name="next" value="92"/><int name="piece" value="0"/></imgdir><imgdir name="92"><int name="x1" value="-441"/><int name="y1" value="1682"/><int name="x2" value="-259"/><int name="y2" value="1678"/><int name="prev" value="91"/><int name="next" value="93"/><int name="piece" value="0"/></imgdir><imgdir name="93"><int name="x1" value="-259"/><int name="y1" value="1678"/><int name="x2" value="-237"/><int name="y2" value="1671"/><int name="prev" value="92"/><int name="next" value="94"/><int name="piece" value="0"/></imgdir><imgdir name="94"><int name="x1" value="-237"/><int name="y1" value="1671"/><int name="x2" value="-149"/><int name="y2" value="1669"/><int name="prev" value="93"/><int name="next" value="95"/><int name="piece" value="0"/></imgdir><imgdir name="95"><int name="x1" value="-149"/><int name="y1" value="1669"/><int name="x2" value="-132"/><int name="y2" value="1666"/><int name="prev" value="94"/><int name="next" value="96"/><int name="piece" value="0"/></imgdir><imgdir name="96"><int name="x1" value="-132"/><int name="y1" value="1666"/><int name="x2" value="-64"/><int name="y2" value="1666"/><int name="prev" value="95"/><int name="next" value="0"/><int name="piece" value="0"/></imgdir><imgdir name="97"><int name="x1" value="-1194"/><int name="y1" value="1671"/><int name="x2" value="-1169"/><int name="y2" value="1666"/><int name="prev" value="0"/><int name="next" value="98"/><int name="piece" value="0"/></imgdir><imgdir name="98"><int name="x1" value="-1169"/><int name="y1" value="1666"/><int name="x2" value="-1146"/><int name="y2" value="1666"/><int name="prev" value="97"/><int name="next" value="99"/><int name="piece" value="0"/></imgdir><imgdir name="99"><int name="x1" value="-1146"/><int name="y1" value="1666"/><int name="x2" value="-1134"/><int name="y2" value="1653"/><int name="prev" value="98"/><int name="next" value="100"/><int name="piece" value="0"/></imgdir><imgdir name="100"><int name="x1" value="-1134"/><int name="y1" value="1653"/><int name="x2" value="-1012"/><int name="y2" value="1659"/><int name="prev" value="99"/><int name="next" value="101"/><int name="piece" value="0"/></imgdir><imgdir name="101"><int name="x1" value="-1012"/><int name="y1" value="1659"/><int name="x2" value="-1000"/><int name="y2" value="1663"/><int name="prev" value="100"/><int name="next" value="102"/><int name="piece" value="0"/></imgdir><imgdir name="102"><int name="x1" value="-1000"/><int name="y1" value="1663"/><int name="x2" value="-940"/><int name="y2" value="1663"/><int name="prev" value="101"/><int name="next" value="103"/><int name="piece" value="0"/></imgdir><imgdir name="103"><int name="x1" value="-940"/><int name="y1" value="1663"/><int name="x2" value="-848"/><int name="y2" value="1663"/><int name="prev" value="102"/><int name="next" value="104"/><int name="piece" value="0"/></imgdir><imgdir name="104"><int name="x1" value="-848"/><int name="y1" value="1663"/><int name="x2" value="-711"/><int name="y2" value="1683"/><int name="prev" value="103"/><int name="next" value="0"/><int name="piece" value="0"/></imgdir><imgdir name="105"><int name="x1" value="-743"/><int name="y1" value="1700"/><int name="x2" value="-689"/><int name="y2" value="1701"/><int name="prev" value="0"/><int name="next" value="106"/><int name="piece" value="0"/></imgdir><imgdir name="106"><int name="x1" value="-689"/><int name="y1" value="1701"/><int name="x2" value="-642"/><int name="y2" value="1699"/><int name="prev" value="105"/><int name="next" value="89"/><int name="piece" value="0"/></imgdir><imgdir name="107"><int name="x1" value="-783"/><int name="y1" value="1729"/><int name="x2" value="-762"/><int name="y2" value="1725"/><int name="prev" value="0"/><int name="next" value="108"/><int name="piece" value="0"/></imgdir><imgdir name="108"><int name="x1" value="-762"/><int name="y1" value="1725"/><int name="x2" value="-706"/><int name="y2" value="1727"/><int name="prev" value="107"/><int name="next" value="109"/><int name="piece" value="0"/></imgdir><imgdir name="109"><int name="x1" value="-706"/><int name="y1" value="1727"/><int name="x2" value="-698"/><int name="y2" value="1734"/><int name="prev" value="108"/><int name="next" value="0"/><int name="piece" value="0"/></imgdir><imgdir name="110"><int name="x1" value="-832"/><int name="y1" value="1761"/><int name="x2" value="-706"/><int name="y2" value="1763"/><int name="prev" value="0"/><int name="next" value="0"/><int name="piece" value="0"/></imgdir><imgdir name="111"><int name="x1" value="-873"/><int name="y1" value="1797"/><int name="x2" value="-768"/><int name="y2" value="1801"/><int name="prev" value="0"/><int name="next" value="112"/><int name="piece" value="0"/></imgdir><imgdir name="112"><int name="x1" value="-768"/><int name="y1" value="1801"/><int name="x2" value="-733"/><int name="y2" value="1798"/><int name="prev" value="111"/><int name="next" value="0"/><int name="piece" value="0"/></imgdir><imgdir name="113"><int name="x1" value="-1125"/><int name="y1" value="1841"/><int name="x2" value="-1063"/><int name="y2" value="1848"/><int name="prev" value="0"/><int name="next" value="114"/><int name="piece" value="0"/></imgdir><imgdir name="114"><int name="x1" value="-1063"/><int name="y1" value="1848"/><int name="x2" value="-1045"/><int name="y2" value="1856"/><int name="prev" value="113"/><int name="next" value="115"/><int name="piece" value="0"/></imgdir><imgdir name="115"><int name="x1" value="-1045"/><int name="y1" value="1856"/><int name="x2" value="-972"/><int name="y2" value="1856"/><int name="prev" value="114"/><int name="next" value="116"/><int name="piece" value="0"/></imgdir><imgdir name="116"><int name="x1" value="-972"/><int name="y1" value="1856"/><int name="x2" value="-898"/><int name="y2" value="1863"/><int name="prev" value="115"/><int name="next" value="0"/><int name="piece" value="0"/></imgdir><imgdir name="117"><int name="x1" value="703"/><int name="y1" value="1584"/><int name="x2" value="744"/><int name="y2" value="1584"/><int name="prev" value="34"/><int name="next" value="118"/><int name="piece" value="0"/></imgdir><imgdir name="118"><int name="x1" value="744"/><int name="y1" value="1584"/><int name="x2" value="788"/><int name="y2" value="1588"/><int name="prev" value="117"/><int name="next" value="119"/><int name="piece" value="0"/></imgdir><imgdir name="119"><int name="x1" value="788"/><int name="y1" value="1588"/><int name="x2" value="801"/><int name="y2" value="1594"/><int name="prev" value="118"/><int name="next" value="0"/><int name="piece" value="0"/></imgdir><imgdir name="120"><int name="x1" value="728"/><int name="y1" value="1556"/><int name="x2" value="763"/><int name="y2" value="1522"/><int name="prev" value="0"/><int name="next" value="121"/><int name="piece" value="0"/></imgdir><imgdir name="121"><int name="x1" value="763"/><int name="y1" value="1522"/><int name="x2" value="860"/><int name="y2" value="1520"/><int name="prev" value="120"/><int name="next" value="122"/><int name="piece" value="0"/></imgdir><imgdir name="122"><int name="x1" value="860"/><int name="y1" value="1520"/><int name="x2" value="926"/><int name="y2" value="1511"/><int name="prev" value="121"/><int name="next" value="123"/><int name="piece" value="0"/></imgdir><imgdir name="123"><int name="x1" value="926"/><int name="y1" value="1511"/><int name="x2" value="990"/><int name="y2" value="1511"/><int name="prev" value="122"/><int name="next" value="124"/><int name="piece" value="0"/></imgdir><imgdir name="124"><int name="x1" value="990"/><int name="y1" value="1511"/><int name="x2" value="1003"/><int name="y2" value="1527"/><int name="prev" value="123"/><int name="next" value="0"/><int name="piece" value="0"/></imgdir></imgdir></imgdir></imgdir><imgdir name="ladderRope"><imgdir name="1"><int name="l" value="0"/><int name="uf" value="1"/><int name="x" value="-989"/><int name="y1" value="1858"/><int name="y2" value="1964"/><int name="page" value="3"/><int name="piece" value="2"/></imgdir></imgdir><imgdir name="miniMap"><canvas name="canvas" width="157" height="79"><string name="_hash" value="f5ffd69f383a85365b3b13a06bdfa8ad29b9ef99897bd6e9e63828b725ff5d95"/></canvas><int name="width" value="2520"/><int name="height" value="1271"/><int name="centerX" value="1305"/><int name="centerY" value="-1193"/><int name="mag" value="4"/></imgdir><imgdir name="portal"><imgdir name="0"><string name="pn" value="sp"/><int name="pt" value="0"/><int name="x" value="-295"/><int name="y" value="1860"/><int name="tm" value="999999999"/><string name="tn" value=""/></imgdir></imgdir></imgdir>