<?xml version="1.0" encoding="UTF-8" standalone="yes"?><imgdir name="910000000.img"><imgdir name="back"><imgdir name="0"><int name="no" value="0"/><int name="x" value="-48"/><int name="y" value="-109"/><int name="rx" value="0"/><int name="ry" value="0"/><int name="type" value="1"/><int name="cx" value="0"/><int name="cy" value="0"/><string name="bS" value="grassySoil_new"/><int name="a" value="255"/><int name="front" value="0"/><int name="ani" value="0"/><int name="f" value="0"/></imgdir><imgdir name="1"><string name="bS" value="grassySoil_new"/><int name="front" value="0"/><int name="ani" value="0"/><int name="no" value="3"/><int name="f" value="0"/><int name="x" value="-328"/><int name="y" value="-126"/><int name="rx" value="-1"/><int name="ry" value="-2"/><int name="type" value="4"/><int name="cx" value="0"/><int name="cy" value="0"/><int name="a" value="255"/></imgdir><imgdir name="2"><string name="bS" value="grassySoil_new"/><int name="front" value="0"/><int name="ani" value="0"/><int name="no" value="5"/><int name="f" value="0"/><int name="x" value="-15"/><int name="y" value="-51"/><int name="rx" value="-2"/><int name="ry" value="-5"/><int name="type" value="1"/><int name="cx" value="0"/><int name="cy" value="0"/><int name="a" value="255"/></imgdir><imgdir name="3"><string name="bS" value="grassySoil_new"/><int name="front" value="0"/><int name="ani" value="0"/><int name="no" value="6"/><int name="f" value="0"/><int name="x" value="-50"/><int name="y" value="6"/><int name="rx" value="-3"/><int name="ry" value="-10"/><int name="type" value="1"/><int name="cx" value="0"/><int name="cy" value="0"/><int name="a" value="255"/></imgdir><imgdir name="4"><string name="bS" value="grassySoil_new"/><int name="front" value="0"/><int name="ani" value="0"/><int name="no" value="8"/><int name="f" value="0"/><int name="x" value="-65"/><int name="y" value="-78"/><int name="rx" value="-2"/><int name="ry" value="-10"/><int name="type" value="4"/><int name="cx" value="0"/><int name="cy" value="0"/><int name="a" value="255"/></imgdir><imgdir name="5"><string name="bS" value="grassySoil_new"/><int name="front" value="0"/><int name="ani" value="0"/><int name="no" value="9"/><int name="f" value="0"/><int name="x" value="-341"/><int name="y" value="-19"/><int name="rx" value="-6"/><int name="ry" value="-25"/><int name="type" value="1"/><int name="cx" value="1200"/><int name="cy" value="0"/><int name="a" value="255"/></imgdir><imgdir name="6"><string name="bS" value="grassySoil_new"/><int name="front" value="0"/><int name="ani" value="0"/><int name="no" value="10"/><int name="f" value="0"/><int name="x" value="130"/><int name="y" value="-87"/><int name="rx" value="-6"/><int name="ry" value="-25"/><int name="type" value="1"/><int name="cx" value="1200"/><int name="cy" value="0"/><int name="a" value="255"/></imgdir><imgdir name="8"><string name="bS" value="grassySoil_new"/><int name="front" value="0"/><int name="ani" value="0"/><int name="no" value="11"/><int name="f" value="0"/><int name="x" value="-4"/><int name="y" value="82"/><int name="rx" value="-6"/><int name="ry" value="-25"/><int name="type" value="1"/><int name="cx" value="0"/><int name="cy" value="0"/><int name="a" value="255"/></imgdir><imgdir name="9"><string name="bS" value="grassySoil_new"/><int name="front" value="0"/><int name="ani" value="0"/><int name="no" value="11"/><int name="f" value="0"/><int name="x" value="0"/><int name="y" value="93"/><int name="rx" value="-6"/><int name="ry" value="-25"/><int name="type" value="1"/><int name="cx" value="0"/><int name="cy" value="0"/><int name="a" value="255"/></imgdir><imgdir name="10"><string name="bS" value="grassySoil_new"/><int name="front" value="0"/><int name="ani" value="0"/><int name="no" value="12"/><int name="f" value="0"/><int name="x" value="-16"/><int name="y" value="134"/><int name="rx" value="-12"/><int name="ry" value="-50"/><int name="type" value="1"/><int name="cx" value="0"/><int name="cy" value="0"/><int name="a" value="255"/></imgdir><imgdir name="11"><string name="bS" value="grassySoil_new"/><int name="front" value="0"/><int name="ani" value="0"/><int name="no" value="15"/><int name="f" value="0"/><int name="x" value="-658"/><int name="y" value="89"/><int name="rx" value="-12"/><int name="ry" value="-50"/><int name="type" value="1"/><int name="cx" value="2000"/><int name="cy" value="0"/><int name="a" value="255"/></imgdir><imgdir name="7"><string name="bS" value="grassySoil_new"/><int name="front" value="0"/><int name="ani" value="0"/><int name="no" value="11"/><int name="f" value="0"/><int name="x" value="11"/><int name="y" value="73"/><int name="rx" value="-6"/><int name="ry" value="-25"/><int name="type" value="1"/><int name="cx" value="0"/><int name="cy" value="0"/><int name="a" value="255"/></imgdir><imgdir name="12"><string name="bS" value="grassySoil_new"/><int name="front" value="0"/><int name="ani" value="0"/><int name="no" value="16"/><int name="f" value="0"/><int name="x" value="10"/><int name="y" value="19"/><int name="rx" value="-12"/><int name="ry" value="-50"/><int name="type" value="1"/><int name="cx" value="2000"/><int name="cy" value="0"/><int name="a" value="255"/></imgdir><imgdir name="13"><string name="bS" value="grassySoil_new"/><int name="front" value="0"/><int name="ani" value="0"/><int name="no" value="17"/><int name="f" value="0"/><int name="x" value="510"/><int name="y" value="-15"/><int name="rx" value="-12"/><int name="ry" value="-50"/><int name="type" value="1"/><int name="cx" value="2000"/><int name="cy" value="0"/><int name="a" value="255"/></imgdir><imgdir name="14"><string name="bS" value="grassySoil_new"/><int name="front" value="0"/><int name="ani" value="0"/><int name="no" value="18"/><int name="f" value="0"/><int name="x" value="1010"/><int name="y" value="8"/><int name="rx" value="-12"/><int name="ry" value="-50"/><int name="type" value="0"/><int name="cx" value="0"/><int name="cy" value="0"/><int name="a" value="255"/></imgdir></imgdir><imgdir name="life"><imgdir name="1"><string name="type" value="n"/><string name="id" value="9030100"/><int name="x" value="-691"/><int name="y" value="-183"/><int name="mobTime" value="0"/><int name="f" value="0"/><int name="hide" value="0"/><int name="fh" value="83"/><int name="cy" value="-176"/><int name="rx0" value="-741"/><int name="rx1" value="-657"/></imgdir><imgdir name="2"><string name="type" value="n"/><string name="id" value="2084001"/><int name="x" value="-665"/><int name="y" value="-331"/><int name="mobTime" value="0"/><int name="f" value="0"/><int name="hide" value="0"/><int name="fh" value="72"/><int name="cy" value="-326"/><int name="rx0" value="-715"/><int name="rx1" value="-615"/></imgdir><imgdir name="3"><string name="type" value="n"/><string name="id" value="9000069"/><int name="x" value="-891"/><int name="y" value="-335"/><int name="mobTime" value="0"/><int name="f" value="0"/><int name="hide" value="0"/><int name="fh" value="69"/><int name="cy" value="-326"/><int name="rx0" value="-918"/><int name="rx1" value="-841"/><string name="limitedname" value="buroo"/></imgdir><imgdir name="5"><string name="type" value="n"/><string name="id" value="9000133"/><int name="x" value="-772"/><int name="y" value="-337"/><int name="mobTime" value="0"/><string name="limitedname" value="sportDayShop"/><int name="f" value="0"/><int name="hide" value="0"/><int name="fh" value="71"/><int name="cy" value="-326"/><int name="rx0" value="-822"/><int name="rx1" value="-722"/></imgdir><imgdir name="4"><string name="type" value="n"/><string name="id" value="9030300"/><int name="x" value="237"/><int name="y" value="-158"/><int name="mobTime" value="0"/><int name="f" value="0"/><int name="hide" value="0"/><int name="fh" value="67"/><int name="cy" value="-157"/><int name="rx0" value="187"/><int name="rx1" value="287"/></imgdir><imgdir name="6"><string name="type" value="n"/><string name="id" value="9062008"/><int name="x" value="-122"/><int name="y" value="-165"/><int name="mobTime" value="0"/><int name="f" value="1"/><int name="hide" value="0"/><int name="fh" value="67"/><int name="cy" value="-157"/><int name="rx0" value="-172"/><int name="rx1" value="-72"/></imgdir><imgdir name="0"><string name="type" value="n"/><string name="id" value="9001212"/><int name="x" value="-17"/><int name="y" value="-167"/><int name="mobTime" value="0"/><int name="f" value="0"/><int name="hide" value="0"/><int name="fh" value="67"/><int name="cy" value="-157"/><int name="rx0" value="-67"/><int name="rx1" value="33"/></imgdir></imgdir><imgdir name="0"><imgdir name="info"><string name="tS" value="woodMarble"/><int name="tSMag" value="1"/></imgdir><imgdir name="tile"><imgdir name="16"><int name="x" value="585"/><int name="y" value="30"/><string name="u" value="enH1"/><int name="no" value="0"/><int name="zM" value="1"/></imgdir><imgdir name="17"><int name="x" value="585"/><int name="y" value="30"/><string name="u" value="enH0"/><int name="no" value="1"/><int name="zM" value="1"/></imgdir><imgdir name="18"><int name="x" value="675"/><int name="y" value="30"/><string name="u" value="enH1"/><int name="no" value="2"/><int name="zM" value="1"/></imgdir><imgdir name="19"><int name="x" value="675"/><int name="y" value="30"/><string name="u" value="enH0"/><int name="no" value="2"/><int name="zM" value="1"/></imgdir><imgdir name="20"><int name="x" value="765"/><int name="y" value="30"/><string name="u" value="enH1"/><int name="no" value="2"/><int name="zM" value="1"/></imgdir><imgdir name="21"><int name="x" value="765"/><int name="y" value="30"/><string name="u" value="enH0"/><int name="no" value="0"/><int name="zM" value="1"/></imgdir><imgdir name="22"><int name="x" value="855"/><int name="y" value="30"/><string name="u" value="enH1"/><int name="no" value="3"/><int name="zM" value="1"/></imgdir><imgdir name="23"><int name="x" value="855"/><int name="y" value="30"/><string name="u" value="enH0"/><int name="no" value="3"/><int name="zM" value="1"/></imgdir><imgdir name="24"><int name="x" value="945"/><int name="y" value="30"/><string name="u" value="enH1"/><int name="no" value="2"/><int name="zM" value="1"/></imgdir><imgdir name="25"><int name="x" value="945"/><int name="y" value="30"/><string name="u" value="enH0"/><int name="no" value="2"/><int name="zM" value="1"/></imgdir><imgdir name="26"><int name="x" value="1035"/><int name="y" value="30"/><string name="u" value="enH1"/><int name="no" value="2"/><int name="zM" value="1"/></imgdir><imgdir name="27"><int name="x" value="1035"/><int name="y" value="30"/><string name="u" value="enH0"/><int name="no" value="1"/><int name="zM" value="1"/></imgdir><imgdir name="8"><int name="x" value="405"/><int name="y" value="30"/><string name="u" value="edD"/><int name="no" value="0"/><int name="zM" value="1"/></imgdir><imgdir name="9"><int name="x" value="405"/><int name="y" value="30"/><string name="u" value="edU"/><int name="no" value="0"/><int name="zM" value="1"/></imgdir><imgdir name="7"><int name="x" value="495"/><int name="y" value="30"/><string name="u" value="enH1"/><int name="no" value="1"/><int name="zM" value="1"/></imgdir><imgdir name="6"><int name="x" value="495"/><int name="y" value="30"/><string name="u" value="enH0"/><int name="no" value="2"/><int name="zM" value="1"/></imgdir><imgdir name="1"><int name="x" value="405"/><int name="y" value="30"/><string name="u" value="enH0"/><int name="no" value="1"/><int name="zM" value="1"/></imgdir><imgdir name="0"><int name="x" value="405"/><int name="y" value="30"/><string name="u" value="enH1"/><int name="no" value="0"/><int name="zM" value="1"/></imgdir><imgdir name="10"><int name="x" value="1485"/><int name="y" value="30"/><string name="u" value="edD"/><int name="no" value="0"/><int name="zM" value="1"/></imgdir><imgdir name="11"><int name="x" value="1485"/><int name="y" value="30"/><string name="u" value="edU"/><int name="no" value="1"/><int name="zM" value="1"/></imgdir><imgdir name="2"><int name="x" value="1395"/><int name="y" value="30"/><string name="u" value="enH0"/><int name="no" value="0"/><int name="zM" value="1"/></imgdir><imgdir name="3"><int name="x" value="1395"/><int name="y" value="30"/><string name="u" value="enH1"/><int name="no" value="0"/><int name="zM" value="1"/></imgdir><imgdir name="12"><int name="x" value="1215"/><int name="y" value="30"/><string name="u" value="enH0"/><int name="no" value="0"/><int name="zM" value="1"/></imgdir><imgdir name="13"><int name="x" value="1215"/><int name="y" value="30"/><string name="u" value="enH1"/><int name="no" value="2"/><int name="zM" value="1"/></imgdir><imgdir name="4"><int name="x" value="1305"/><int name="y" value="30"/><string name="u" value="enH0"/><int name="no" value="3"/><int name="zM" value="1"/></imgdir><imgdir name="5"><int name="x" value="1305"/><int name="y" value="30"/><string name="u" value="enH1"/><int name="no" value="2"/><int name="zM" value="1"/></imgdir><imgdir name="14"><int name="x" value="1125"/><int name="y" value="30"/><string name="u" value="enH0"/><int name="no" value="0"/><int name="zM" value="1"/></imgdir><imgdir name="15"><int name="x" value="1125"/><int name="y" value="30"/><string name="u" value="enH1"/><int name="no" value="0"/><int name="zM" value="1"/></imgdir></imgdir><imgdir name="obj"><imgdir name="8"><string name="oS" value="acc1"/><string name="l0" value="grassySoil"/><string name="l1" value="nature"/><string name="l2" value="10"/><int name="x" value="471"/><int name="y" value="-291"/><int name="z" value="3"/><int name="f" value="0"/><int name="zM" value="20"/></imgdir><imgdir name="9"><string name="oS" value="acc1"/><string name="l0" value="grassySoil"/><string name="l1" value="nature"/><string name="l2" value="10"/><int name="x" value="848"/><int name="y" value="-291"/><int name="z" value="3"/><int name="f" value="0"/><int name="zM" value="25"/></imgdir><imgdir name="11"><string name="oS" value="acc1"/><string name="l0" value="grassySoil"/><string name="l1" value="nature"/><string name="l2" value="10"/><int name="x" value="1249"/><int name="y" value="-294"/><int name="z" value="3"/><int name="f" value="0"/><int name="zM" value="22"/></imgdir><imgdir name="12"><string name="oS" value="acc1"/><string name="l0" value="grassySoil"/><string name="l1" value="nature"/><string name="l2" value="10"/><int name="x" value="1415"/><int name="y" value="-294"/><int name="z" value="3"/><int name="f" value="0"/><int name="zM" value="26"/></imgdir><imgdir name="14"><string name="oS" value="acc1"/><string name="l0" value="grassySoil"/><string name="l1" value="nature"/><string name="l2" value="19"/><int name="x" value="474"/><int name="y" value="-323"/><int name="z" value="3"/><int name="f" value="0"/><int name="zM" value="20"/></imgdir><imgdir name="15"><string name="oS" value="acc1"/><string name="l0" value="grassySoil"/><string name="l1" value="nature"/><string name="l2" value="20"/><int name="x" value="860"/><int name="y" value="-307"/><int name="z" value="3"/><int name="f" value="0"/><int name="zM" value="25"/></imgdir><imgdir name="20"><string name="oS" value="acc1"/><string name="l0" value="grassySoil"/><string name="l1" value="nature"/><string name="l2" value="21"/><int name="x" value="1405"/><int name="y" value="-338"/><int name="z" value="3"/><int name="f" value="0"/><int name="zM" value="28"/></imgdir><imgdir name="22"><string name="oS" value="acc1"/><string name="l0" value="grassySoil"/><string name="l1" value="nature"/><string name="l2" value="9"/><int name="x" value="1480"/><int name="y" value="-29"/><int name="z" value="3"/><int name="f" value="0"/><int name="zM" value="1"/></imgdir><imgdir name="23"><string name="oS" value="acc1"/><string name="l0" value="grassySoil"/><string name="l1" value="nature"/><string name="l2" value="9"/><int name="x" value="1117"/><int name="y" value="-27"/><int name="z" value="3"/><int name="f" value="0"/><int name="zM" value="1"/></imgdir><imgdir name="13"><string name="oS" value="signboard"/><string name="l0" value="market"/><string name="l1" value="arrow"/><string name="l2" value="1"/><int name="x" value="1427"/><int name="y" value="-320"/><int name="z" value="4"/><int name="f" value="0"/><int name="zM" value="26"/><int name="r" value="0"/><int name="move" value="0"/><int name="dynamic" value="0"/><int name="piece" value="13"/></imgdir><imgdir name="1"><string name="oS" value="signboard"/><string name="l0" value="market"/><string name="l1" value="arrow"/><string name="l2" value="0"/><int name="x" value="419"/><int name="y" value="-43"/><int name="z" value="3"/><int name="f" value="0"/><int name="zM" value="1"/><int name="r" value="0"/><int name="move" value="0"/><int name="dynamic" value="0"/><int name="piece" value="1"/></imgdir><imgdir name="16"><string name="oS" value="houseGS"/><string name="l0" value="house12"/><string name="l1" value="basic"/><string name="l2" value="0"/><int name="x" value="-801"/><int name="y" value="-259"/><int name="z" value="3"/><int name="f" value="0"/><int name="zM" value="2"/><int name="r" value="0"/><int name="move" value="0"/><int name="dynamic" value="0"/><int name="piece" value="16"/></imgdir><imgdir name="3"><string name="oS" value="acc11"/><string name="l0" value="erebTW"/><string name="l1" value="nature"/><string name="l2" value="22"/><int name="x" value="306"/><int name="y" value="-3"/><int name="z" value="12"/><int name="f" value="0"/><int name="zM" value="6"/><int name="r" value="0"/><int name="move" value="0"/><int name="dynamic" value="0"/><int name="piece" value="3"/></imgdir><imgdir name="21"><string name="oS" value="acc11"/><string name="l0" value="erebTW"/><string name="l1" value="nature"/><string name="l2" value="22"/><int name="x" value="1579"/><int name="y" value="-7"/><int name="z" value="9"/><int name="f" value="0"/><int name="zM" value="9"/><int name="r" value="0"/><int name="move" value="0"/><int name="dynamic" value="0"/><int name="piece" value="21"/></imgdir><imgdir name="5"><string name="oS" value="dungeon4"/><string name="l0" value="miro"/><string name="l1" value="npc"/><string name="l2" value="0"/><int name="x" value="-632"/><int name="y" value="-366"/><int name="z" value="9"/><int name="f" value="0"/><int name="zM" value="2"/><int name="r" value="0"/><int name="piece" value="5"/></imgdir><imgdir name="19"><string name="oS" value="acc1"/><string name="l0" value="grassySoil"/><string name="l1" value="artificiality"/><string name="l2" value="10"/><int name="x" value="351"/><int name="y" value="9"/><int name="z" value="3"/><int name="f" value="0"/><int name="zM" value="6"/><int name="piece" value="19"/></imgdir><imgdir name="2"><string name="oS" value="acc1"/><string name="l0" value="grassySoil"/><string name="l1" value="nature"/><string name="l2" value="5"/><int name="x" value="53"/><int name="y" value="3"/><int name="z" value="3"/><int name="f" value="0"/><int name="zM" value="4"/><int name="piece" value="2"/></imgdir><imgdir name="0"><string name="oS" value="acc1"/><string name="l0" value="grassySoil"/><string name="l1" value="nature"/><string name="l2" value="4"/><int name="x" value="276"/><int name="y" value="14"/><int name="z" value="3"/><int name="f" value="0"/><int name="zM" value="7"/><int name="piece" value="0"/></imgdir><imgdir name="18"><string name="oS" value="acc1"/><string name="l0" value="grassySoil"/><string name="l1" value="nature"/><string name="l2" value="3"/><int name="x" value="330"/><int name="y" value="13"/><int name="z" value="3"/><int name="f" value="0"/><int name="zM" value="6"/><int name="piece" value="18"/></imgdir><imgdir name="17"><string name="oS" value="acc1"/><string name="l0" value="grassySoil"/><string name="l1" value="nature"/><string name="l2" value="2"/><int name="x" value="218"/><int name="y" value="17"/><int name="z" value="3"/><int name="f" value="0"/><int name="zM" value="5"/><int name="piece" value="17"/></imgdir><imgdir name="4"><string name="oS" value="acc1"/><string name="l0" value="grassySoil"/><string name="l1" value="nature"/><string name="l2" value="0"/><int name="x" value="1309"/><int name="y" value="-13"/><int name="z" value="3"/><int name="f" value="0"/><int name="zM" value="1"/><int name="piece" value="4"/></imgdir><imgdir name="10"><string name="oS" value="acc1"/><string name="l0" value="grassySoil"/><string name="l1" value="nature"/><string name="l2" value="0"/><int name="x" value="716"/><int name="y" value="-16"/><int name="z" value="3"/><int name="f" value="0"/><int name="zM" value="1"/><int name="piece" value="10"/></imgdir><imgdir name="7"><string name="oS" value="acc1"/><string name="l0" value="grassySoil"/><string name="l1" value="nature"/><string name="l2" value="0"/><int name="x" value="447"/><int name="y" value="-17"/><int name="z" value="2"/><int name="f" value="0"/><int name="zM" value="1"/><int name="piece" value="7"/></imgdir><imgdir name="6"><string name="oS" value="acc1"/><string name="l0" value="grassySoil"/><string name="l1" value="nature"/><string name="l2" value="9"/><int name="x" value="408"/><int name="y" value="-25"/><int name="z" value="3"/><int name="f" value="0"/><int name="zM" value="1"/><int name="piece" value="6"/></imgdir></imgdir></imgdir><imgdir name="1"><imgdir name="info"><string name="tS" value="woodMarble"/><int name="tSMag" value="1"/></imgdir><imgdir name="tile"><imgdir name="28"><int name="x" value="1440"/><int name="y" value="60"/><string name="u" value="enH0"/><int name="no" value="3"/><int name="zM" value="0"/></imgdir><imgdir name="25"><int name="x" value="1530"/><int name="y" value="60"/><string name="u" value="enH0"/><int name="no" value="3"/><int name="zM" value="0"/></imgdir><imgdir name="23"><int name="x" value="1620"/><int name="y" value="60"/><string name="u" value="enH0"/><int name="no" value="2"/><int name="zM" value="0"/></imgdir><imgdir name="27"><int name="x" value="1350"/><int name="y" value="60"/><string name="u" value="enH0"/><int name="no" value="1"/><int name="zM" value="0"/></imgdir><imgdir name="22"><int name="x" value="1620"/><int name="y" value="60"/><string name="u" value="bsc"/><int name="no" value="4"/><int name="zM" value="0"/></imgdir><imgdir name="36"><int name="x" value="1620"/><int name="y" value="120"/><string name="u" value="bsc"/><int name="no" value="1"/><int name="zM" value="0"/></imgdir><imgdir name="30"><int name="x" value="1620"/><int name="y" value="240"/><string name="u" value="enH1"/><int name="no" value="1"/><int name="zM" value="0"/></imgdir><imgdir name="31"><int name="x" value="1620"/><int name="y" value="180"/><string name="u" value="bsc"/><int name="no" value="2"/><int name="zM" value="0"/></imgdir><imgdir name="24"><int name="x" value="1530"/><int name="y" value="60"/><string name="u" value="bsc"/><int name="no" value="4"/><int name="zM" value="0"/></imgdir><imgdir name="29"><int name="x" value="1440"/><int name="y" value="60"/><string name="u" value="bsc"/><int name="no" value="4"/><int name="zM" value="0"/></imgdir><imgdir name="38"><int name="x" value="1440"/><int name="y" value="120"/><string name="u" value="bsc"/><int name="no" value="4"/><int name="zM" value="0"/></imgdir><imgdir name="39"><int name="x" value="1530"/><int name="y" value="120"/><string name="u" value="bsc"/><int name="no" value="0"/><int name="zM" value="0"/></imgdir><imgdir name="42"><int name="x" value="1440"/><int name="y" value="180"/><string name="u" value="bsc"/><int name="no" value="1"/><int name="zM" value="0"/></imgdir><imgdir name="44"><int name="x" value="1440"/><int name="y" value="240"/><string name="u" value="enH1"/><int name="no" value="1"/><int name="zM" value="0"/></imgdir><imgdir name="43"><int name="x" value="1530"/><int name="y" value="180"/><string name="u" value="bsc"/><int name="no" value="0"/><int name="zM" value="0"/></imgdir><imgdir name="37"><int name="x" value="1530"/><int name="y" value="240"/><string name="u" value="enH1"/><int name="no" value="0"/><int name="zM" value="0"/></imgdir><imgdir name="26"><int name="x" value="1350"/><int name="y" value="60"/><string name="u" value="bsc"/><int name="no" value="2"/><int name="zM" value="0"/></imgdir><imgdir name="34"><int name="x" value="1350"/><int name="y" value="120"/><string name="u" value="bsc"/><int name="no" value="4"/><int name="zM" value="0"/></imgdir><imgdir name="41"><int name="x" value="1350"/><int name="y" value="180"/><string name="u" value="bsc"/><int name="no" value="1"/><int name="zM" value="0"/></imgdir><imgdir name="40"><int name="x" value="1350"/><int name="y" value="240"/><string name="u" value="enH1"/><int name="no" value="0"/><int name="zM" value="0"/></imgdir><imgdir name="32"><int name="x" value="1260"/><int name="y" value="60"/><string name="u" value="bsc"/><int name="no" value="0"/><int name="zM" value="0"/></imgdir><imgdir name="33"><int name="x" value="1260"/><int name="y" value="60"/><string name="u" value="enH0"/><int name="no" value="1"/><int name="zM" value="0"/></imgdir><imgdir name="53"><int name="x" value="1170"/><int name="y" value="60"/><string name="u" value="bsc"/><int name="no" value="1"/><int name="zM" value="0"/></imgdir><imgdir name="49"><int name="x" value="1170"/><int name="y" value="60"/><string name="u" value="enH0"/><int name="no" value="0"/><int name="zM" value="0"/></imgdir><imgdir name="50"><int name="x" value="1260"/><int name="y" value="120"/><string name="u" value="bsc"/><int name="no" value="0"/><int name="zM" value="0"/></imgdir><imgdir name="52"><int name="x" value="1170"/><int name="y" value="120"/><string name="u" value="bsc"/><int name="no" value="4"/><int name="zM" value="0"/></imgdir><imgdir name="55"><int name="x" value="1170"/><int name="y" value="180"/><string name="u" value="bsc"/><int name="no" value="4"/><int name="zM" value="0"/></imgdir><imgdir name="45"><int name="x" value="1170"/><int name="y" value="240"/><string name="u" value="enH1"/><int name="no" value="0"/><int name="zM" value="0"/></imgdir><imgdir name="54"><int name="x" value="1260"/><int name="y" value="180"/><string name="u" value="bsc"/><int name="no" value="1"/><int name="zM" value="0"/></imgdir><imgdir name="35"><int name="x" value="1260"/><int name="y" value="240"/><string name="u" value="enH1"/><int name="no" value="1"/><int name="zM" value="0"/></imgdir><imgdir name="46"><int name="x" value="1080"/><int name="y" value="240"/><string name="u" value="enH1"/><int name="no" value="0"/><int name="zM" value="0"/></imgdir><imgdir name="62"><int name="x" value="990"/><int name="y" value="180"/><string name="u" value="bsc"/><int name="no" value="2"/><int name="zM" value="0"/></imgdir><imgdir name="57"><int name="x" value="1080"/><int name="y" value="180"/><string name="u" value="bsc"/><int name="no" value="0"/><int name="zM" value="0"/></imgdir><imgdir name="56"><int name="x" value="990"/><int name="y" value="240"/><string name="u" value="enH1"/><int name="no" value="1"/><int name="zM" value="0"/></imgdir><imgdir name="48"><int name="x" value="1080"/><int name="y" value="120"/><string name="u" value="bsc"/><int name="no" value="1"/><int name="zM" value="0"/></imgdir><imgdir name="47"><int name="x" value="1080"/><int name="y" value="60"/><string name="u" value="bsc"/><int name="no" value="1"/><int name="zM" value="0"/></imgdir><imgdir name="51"><int name="x" value="1080"/><int name="y" value="60"/><string name="u" value="enH0"/><int name="no" value="1"/><int name="zM" value="0"/></imgdir><imgdir name="64"><int name="x" value="990"/><int name="y" value="60"/><string name="u" value="bsc"/><int name="no" value="2"/><int name="zM" value="0"/></imgdir><imgdir name="58"><int name="x" value="990"/><int name="y" value="60"/><string name="u" value="enH0"/><int name="no" value="1"/><int name="zM" value="0"/></imgdir><imgdir name="65"><int name="x" value="990"/><int name="y" value="120"/><string name="u" value="bsc"/><int name="no" value="3"/><int name="zM" value="0"/></imgdir><imgdir name="61"><int name="x" value="900"/><int name="y" value="60"/><string name="u" value="bsc"/><int name="no" value="3"/><int name="zM" value="0"/></imgdir><imgdir name="66"><int name="x" value="900"/><int name="y" value="60"/><string name="u" value="enH0"/><int name="no" value="0"/><int name="zM" value="0"/></imgdir><imgdir name="69"><int name="x" value="810"/><int name="y" value="60"/><string name="u" value="bsc"/><int name="no" value="2"/><int name="zM" value="0"/></imgdir><imgdir name="67"><int name="x" value="810"/><int name="y" value="60"/><string name="u" value="enH0"/><int name="no" value="2"/><int name="zM" value="0"/></imgdir><imgdir name="70"><int name="x" value="900"/><int name="y" value="120"/><string name="u" value="bsc"/><int name="no" value="0"/><int name="zM" value="0"/></imgdir><imgdir name="63"><int name="x" value="900"/><int name="y" value="180"/><string name="u" value="bsc"/><int name="no" value="1"/><int name="zM" value="0"/></imgdir><imgdir name="59"><int name="x" value="900"/><int name="y" value="240"/><string name="u" value="enH1"/><int name="no" value="2"/><int name="zM" value="0"/></imgdir><imgdir name="68"><int name="x" value="810"/><int name="y" value="120"/><string name="u" value="bsc"/><int name="no" value="0"/><int name="zM" value="0"/></imgdir><imgdir name="60"><int name="x" value="810"/><int name="y" value="180"/><string name="u" value="bsc"/><int name="no" value="3"/><int name="zM" value="0"/></imgdir><imgdir name="75"><int name="x" value="810"/><int name="y" value="240"/><string name="u" value="enH1"/><int name="no" value="1"/><int name="zM" value="0"/></imgdir><imgdir name="76"><int name="x" value="720"/><int name="y" value="240"/><string name="u" value="enH1"/><int name="no" value="1"/><int name="zM" value="0"/></imgdir><imgdir name="81"><int name="x" value="630"/><int name="y" value="240"/><string name="u" value="enH1"/><int name="no" value="1"/><int name="zM" value="0"/></imgdir><imgdir name="79"><int name="x" value="540"/><int name="y" value="240"/><string name="u" value="enH1"/><int name="no" value="0"/><int name="zM" value="0"/></imgdir><imgdir name="74"><int name="x" value="720"/><int name="y" value="180"/><string name="u" value="bsc"/><int name="no" value="0"/><int name="zM" value="0"/></imgdir><imgdir name="83"><int name="x" value="720"/><int name="y" value="120"/><string name="u" value="bsc"/><int name="no" value="3"/><int name="zM" value="0"/></imgdir><imgdir name="87"><int name="x" value="630"/><int name="y" value="180"/><string name="u" value="bsc"/><int name="no" value="0"/><int name="zM" value="0"/></imgdir><imgdir name="73"><int name="x" value="720"/><int name="y" value="60"/><string name="u" value="bsc"/><int name="no" value="4"/><int name="zM" value="0"/></imgdir><imgdir name="71"><int name="x" value="720"/><int name="y" value="60"/><string name="u" value="enH0"/><int name="no" value="2"/><int name="zM" value="0"/></imgdir><imgdir name="72"><int name="x" value="630"/><int name="y" value="120"/><string name="u" value="bsc"/><int name="no" value="4"/><int name="zM" value="0"/></imgdir><imgdir name="84"><int name="x" value="630"/><int name="y" value="60"/><string name="u" value="bsc"/><int name="no" value="4"/><int name="zM" value="0"/></imgdir><imgdir name="85"><int name="x" value="630"/><int name="y" value="60"/><string name="u" value="enH0"/><int name="no" value="3"/><int name="zM" value="0"/></imgdir><imgdir name="90"><int name="x" value="540"/><int name="y" value="180"/><string name="u" value="bsc"/><int name="no" value="1"/><int name="zM" value="0"/></imgdir><imgdir name="82"><int name="x" value="450"/><int name="y" value="240"/><string name="u" value="enH1"/><int name="no" value="1"/><int name="zM" value="0"/></imgdir><imgdir name="80"><int name="x" value="450"/><int name="y" value="180"/><string name="u" value="bsc"/><int name="no" value="4"/><int name="zM" value="0"/></imgdir><imgdir name="94"><int name="x" value="360"/><int name="y" value="180"/><string name="u" value="bsc"/><int name="no" value="4"/><int name="zM" value="0"/></imgdir><imgdir name="93"><int name="x" value="360"/><int name="y" value="240"/><string name="u" value="enH1"/><int name="no" value="0"/><int name="zM" value="0"/></imgdir><imgdir name="98"><int name="x" value="270"/><int name="y" value="240"/><string name="u" value="enH1"/><int name="no" value="2"/><int name="zM" value="0"/></imgdir><imgdir name="92"><int name="x" value="270"/><int name="y" value="180"/><string name="u" value="bsc"/><int name="no" value="3"/><int name="zM" value="0"/></imgdir><imgdir name="78"><int name="x" value="360"/><int name="y" value="60"/><string name="u" value="bsc"/><int name="no" value="0"/><int name="zM" value="0"/></imgdir><imgdir name="102"><int name="x" value="360"/><int name="y" value="60"/><string name="u" value="enH0"/><int name="no" value="1"/><int name="zM" value="0"/></imgdir><imgdir name="104"><int name="x" value="270"/><int name="y" value="120"/><string name="u" value="bsc"/><int name="no" value="3"/><int name="zM" value="0"/></imgdir><imgdir name="103"><int name="x" value="450"/><int name="y" value="120"/><string name="u" value="bsc"/><int name="no" value="1"/><int name="zM" value="0"/></imgdir><imgdir name="105"><int name="x" value="450"/><int name="y" value="60"/><string name="u" value="bsc"/><int name="no" value="0"/><int name="zM" value="0"/></imgdir><imgdir name="88"><int name="x" value="540"/><int name="y" value="60"/><string name="u" value="bsc"/><int name="no" value="4"/><int name="zM" value="0"/></imgdir><imgdir name="106"><int name="x" value="540"/><int name="y" value="60"/><string name="u" value="enH0"/><int name="no" value="1"/><int name="zM" value="0"/></imgdir><imgdir name="89"><int name="x" value="450"/><int name="y" value="60"/><string name="u" value="enH0"/><int name="no" value="2"/><int name="zM" value="0"/></imgdir><imgdir name="96"><int name="x" value="540"/><int name="y" value="120"/><string name="u" value="bsc"/><int name="no" value="4"/><int name="zM" value="0"/></imgdir><imgdir name="91"><int name="x" value="360"/><int name="y" value="120"/><string name="u" value="bsc"/><int name="no" value="0"/><int name="zM" value="0"/></imgdir><imgdir name="101"><int name="x" value="270"/><int name="y" value="60"/><string name="u" value="bsc"/><int name="no" value="3"/><int name="zM" value="0"/></imgdir><imgdir name="86"><int name="x" value="270"/><int name="y" value="60"/><string name="u" value="enH0"/><int name="no" value="0"/><int name="zM" value="0"/></imgdir><imgdir name="100"><int name="x" value="180"/><int name="y" value="60"/><string name="u" value="bsc"/><int name="no" value="2"/><int name="zM" value="0"/></imgdir><imgdir name="95"><int name="x" value="180"/><int name="y" value="60"/><string name="u" value="enH0"/><int name="no" value="3"/><int name="zM" value="0"/></imgdir><imgdir name="110"><int name="x" value="90"/><int name="y" value="60"/><string name="u" value="bsc"/><int name="no" value="4"/><int name="zM" value="0"/></imgdir><imgdir name="108"><int name="x" value="90"/><int name="y" value="60"/><string name="u" value="enH0"/><int name="no" value="3"/><int name="zM" value="0"/></imgdir><imgdir name="111"><int name="x" value="90"/><int name="y" value="120"/><string name="u" value="bsc"/><int name="no" value="2"/><int name="zM" value="0"/></imgdir><imgdir name="112"><int name="x" value="180"/><int name="y" value="120"/><string name="u" value="bsc"/><int name="no" value="2"/><int name="zM" value="0"/></imgdir><imgdir name="114"><int name="x" value="90"/><int name="y" value="180"/><string name="u" value="bsc"/><int name="no" value="0"/><int name="zM" value="0"/></imgdir><imgdir name="119"><int name="x" value="90"/><int name="y" value="240"/><string name="u" value="enH1"/><int name="no" value="3"/><int name="zM" value="0"/></imgdir><imgdir name="115"><int name="x" value="180"/><int name="y" value="180"/><string name="u" value="bsc"/><int name="no" value="3"/><int name="zM" value="0"/></imgdir><imgdir name="120"><int name="x" value="180"/><int name="y" value="240"/><string name="u" value="enH1"/><int name="no" value="3"/><int name="zM" value="0"/></imgdir><imgdir name="107"><int name="x" value="0"/><int name="y" value="180"/><string name="u" value="bsc"/><int name="no" value="0"/><int name="zM" value="0"/></imgdir><imgdir name="99"><int name="x" value="0"/><int name="y" value="240"/><string name="u" value="enH1"/><int name="no" value="0"/><int name="zM" value="0"/></imgdir><imgdir name="77"><int name="x" value="0"/><int name="y" value="120"/><string name="u" value="bsc"/><int name="no" value="0"/><int name="zM" value="0"/></imgdir><imgdir name="109"><int name="x" value="0"/><int name="y" value="60"/><string name="u" value="bsc"/><int name="no" value="1"/><int name="zM" value="0"/></imgdir><imgdir name="113"><int name="x" value="0"/><int name="y" value="60"/><string name="u" value="enH0"/><int name="no" value="2"/><int name="zM" value="0"/></imgdir><imgdir name="121"><int name="x" value="-90"/><int name="y" value="60"/><string name="u" value="enH0"/><int name="no" value="3"/><int name="zM" value="0"/></imgdir><imgdir name="128"><int name="x" value="-90"/><int name="y" value="60"/><string name="u" value="bsc"/><int name="no" value="3"/><int name="zM" value="0"/></imgdir><imgdir name="118"><int name="x" value="-180"/><int name="y" value="60"/><string name="u" value="enH0"/><int name="no" value="3"/><int name="zM" value="0"/></imgdir><imgdir name="127"><int name="x" value="-270"/><int name="y" value="60"/><string name="u" value="enH0"/><int name="no" value="3"/><int name="zM" value="0"/></imgdir><imgdir name="129"><int name="x" value="-180"/><int name="y" value="60"/><string name="u" value="bsc"/><int name="no" value="4"/><int name="zM" value="0"/></imgdir><imgdir name="126"><int name="x" value="-270"/><int name="y" value="60"/><string name="u" value="bsc"/><int name="no" value="2"/><int name="zM" value="0"/></imgdir><imgdir name="124"><int name="x" value="-270"/><int name="y" value="120"/><string name="u" value="bsc"/><int name="no" value="0"/><int name="zM" value="0"/></imgdir><imgdir name="130"><int name="x" value="-180"/><int name="y" value="120"/><string name="u" value="bsc"/><int name="no" value="0"/><int name="zM" value="0"/></imgdir><imgdir name="136"><int name="x" value="-180"/><int name="y" value="180"/><string name="u" value="bsc"/><int name="no" value="1"/><int name="zM" value="0"/></imgdir><imgdir name="133"><int name="x" value="-90"/><int name="y" value="180"/><string name="u" value="bsc"/><int name="no" value="0"/><int name="zM" value="0"/></imgdir><imgdir name="117"><int name="x" value="-180"/><int name="y" value="240"/><string name="u" value="enH1"/><int name="no" value="0"/><int name="zM" value="0"/></imgdir><imgdir name="123"><int name="x" value="-90"/><int name="y" value="120"/><string name="u" value="bsc"/><int name="no" value="3"/><int name="zM" value="0"/></imgdir><imgdir name="132"><int name="x" value="-90"/><int name="y" value="240"/><string name="u" value="enH1"/><int name="no" value="1"/><int name="zM" value="0"/></imgdir><imgdir name="97"><int name="x" value="-270"/><int name="y" value="240"/><string name="u" value="enH1"/><int name="no" value="0"/><int name="zM" value="0"/></imgdir><imgdir name="134"><int name="x" value="-270"/><int name="y" value="180"/><string name="u" value="bsc"/><int name="no" value="3"/><int name="zM" value="0"/></imgdir><imgdir name="149"><int name="x" value="-360"/><int name="y" value="240"/><string name="u" value="enH1"/><int name="no" value="1"/><int name="zM" value="0"/></imgdir><imgdir name="125"><int name="x" value="-450"/><int name="y" value="240"/><string name="u" value="enH1"/><int name="no" value="3"/><int name="zM" value="0"/></imgdir><imgdir name="158"><int name="x" value="-630"/><int name="y" value="120"/><string name="u" value="bsc"/><int name="no" value="2"/><int name="zM" value="0"/></imgdir><imgdir name="144"><int name="x" value="-630"/><int name="y" value="60"/><string name="u" value="enH0"/><int name="no" value="3"/><int name="zM" value="0"/></imgdir><imgdir name="143"><int name="x" value="-630"/><int name="y" value="60"/><string name="u" value="bsc"/><int name="no" value="3"/><int name="zM" value="0"/></imgdir><imgdir name="154"><int name="x" value="-720"/><int name="y" value="60"/><string name="u" value="bsc"/><int name="no" value="3"/><int name="zM" value="0"/></imgdir><imgdir name="159"><int name="x" value="-720"/><int name="y" value="60"/><string name="u" value="enH0"/><int name="no" value="1"/><int name="zM" value="0"/></imgdir><imgdir name="151"><int name="x" value="-720"/><int name="y" value="120"/><string name="u" value="bsc"/><int name="no" value="0"/><int name="zM" value="0"/></imgdir><imgdir name="140"><int name="x" value="-540"/><int name="y" value="240"/><string name="u" value="enH1"/><int name="no" value="1"/><int name="zM" value="0"/></imgdir><imgdir name="155"><int name="x" value="-630"/><int name="y" value="180"/><string name="u" value="bsc"/><int name="no" value="0"/><int name="zM" value="0"/></imgdir><imgdir name="116"><int name="x" value="-630"/><int name="y" value="240"/><string name="u" value="enH1"/><int name="no" value="3"/><int name="zM" value="0"/></imgdir><imgdir name="152"><int name="x" value="-720"/><int name="y" value="180"/><string name="u" value="bsc"/><int name="no" value="4"/><int name="zM" value="0"/></imgdir><imgdir name="160"><int name="x" value="-720"/><int name="y" value="240"/><string name="u" value="enH1"/><int name="no" value="2"/><int name="zM" value="0"/></imgdir><imgdir name="157"><int name="x" value="-810"/><int name="y" value="240"/><string name="u" value="enH1"/><int name="no" value="2"/><int name="zM" value="0"/></imgdir><imgdir name="164"><int name="x" value="-900"/><int name="y" value="240"/><string name="u" value="enH1"/><int name="no" value="0"/><int name="zM" value="0"/></imgdir><imgdir name="161"><int name="x" value="-810"/><int name="y" value="180"/><string name="u" value="bsc"/><int name="no" value="0"/><int name="zM" value="0"/></imgdir><imgdir name="163"><int name="x" value="-900"/><int name="y" value="180"/><string name="u" value="bsc"/><int name="no" value="0"/><int name="zM" value="0"/></imgdir><imgdir name="153"><int name="x" value="-810"/><int name="y" value="120"/><string name="u" value="bsc"/><int name="no" value="3"/><int name="zM" value="0"/></imgdir><imgdir name="169"><int name="x" value="-900"/><int name="y" value="120"/><string name="u" value="bsc"/><int name="no" value="0"/><int name="zM" value="0"/></imgdir><imgdir name="148"><int name="x" value="-810"/><int name="y" value="60"/><string name="u" value="bsc"/><int name="no" value="3"/><int name="zM" value="0"/></imgdir><imgdir name="156"><int name="x" value="-810"/><int name="y" value="60"/><string name="u" value="enH0"/><int name="no" value="0"/><int name="zM" value="0"/></imgdir><imgdir name="171"><int name="x" value="-900"/><int name="y" value="60"/><string name="u" value="bsc"/><int name="no" value="4"/><int name="zM" value="0"/></imgdir><imgdir name="168"><int name="x" value="-900"/><int name="y" value="60"/><string name="u" value="enH0"/><int name="no" value="0"/><int name="zM" value="0"/></imgdir><imgdir name="177"><int name="x" value="-990"/><int name="y" value="60"/><string name="u" value="bsc"/><int name="no" value="4"/><int name="zM" value="0"/></imgdir><imgdir name="162"><int name="x" value="-990"/><int name="y" value="60"/><string name="u" value="enH0"/><int name="no" value="1"/><int name="zM" value="0"/></imgdir><imgdir name="170"><int name="x" value="-1080"/><int name="y" value="60"/><string name="u" value="bsc"/><int name="no" value="4"/><int name="zM" value="0"/></imgdir><imgdir name="175"><int name="x" value="-1080"/><int name="y" value="60"/><string name="u" value="enH0"/><int name="no" value="1"/><int name="zM" value="0"/></imgdir><imgdir name="166"><int name="x" value="-1080"/><int name="y" value="240"/><string name="u" value="enH1"/><int name="no" value="1"/><int name="zM" value="0"/></imgdir><imgdir name="167"><int name="x" value="-990"/><int name="y" value="240"/><string name="u" value="enH1"/><int name="no" value="1"/><int name="zM" value="0"/></imgdir><imgdir name="173"><int name="x" value="-1080"/><int name="y" value="120"/><string name="u" value="bsc"/><int name="no" value="0"/><int name="zM" value="0"/></imgdir><imgdir name="176"><int name="x" value="-990"/><int name="y" value="120"/><string name="u" value="bsc"/><int name="no" value="4"/><int name="zM" value="0"/></imgdir><imgdir name="172"><int name="x" value="-990"/><int name="y" value="180"/><string name="u" value="bsc"/><int name="no" value="1"/><int name="zM" value="0"/></imgdir><imgdir name="179"><int name="x" value="-1080"/><int name="y" value="180"/><string name="u" value="bsc"/><int name="no" value="3"/><int name="zM" value="0"/></imgdir><imgdir name="0"><int name="x" value="1440"/><int name="y" value="-240"/><string name="u" value="edD"/><int name="no" value="0"/><int name="zM" value="18"/></imgdir><imgdir name="1"><int name="x" value="1440"/><int name="y" value="-240"/><string name="u" value="edU"/><int name="no" value="1"/><int name="zM" value="18"/></imgdir><imgdir name="3"><int name="x" value="1350"/><int name="y" value="-240"/><string name="u" value="enH0"/><int name="no" value="1"/><int name="zM" value="18"/></imgdir><imgdir name="2"><int name="x" value="1350"/><int name="y" value="-240"/><string name="u" value="enH1"/><int name="no" value="2"/><int name="zM" value="18"/></imgdir><imgdir name="5"><int name="x" value="1260"/><int name="y" value="-240"/><string name="u" value="enH0"/><int name="no" value="2"/><int name="zM" value="18"/></imgdir><imgdir name="4"><int name="x" value="1260"/><int name="y" value="-240"/><string name="u" value="enH1"/><int name="no" value="2"/><int name="zM" value="18"/></imgdir><imgdir name="8"><int name="x" value="1080"/><int name="y" value="-240"/><string name="u" value="enH0"/><int name="no" value="0"/><int name="zM" value="18"/></imgdir><imgdir name="9"><int name="x" value="1080"/><int name="y" value="-240"/><string name="u" value="enH1"/><int name="no" value="0"/><int name="zM" value="18"/></imgdir><imgdir name="7"><int name="x" value="1170"/><int name="y" value="-240"/><string name="u" value="enH0"/><int name="no" value="1"/><int name="zM" value="18"/></imgdir><imgdir name="6"><int name="x" value="1170"/><int name="y" value="-240"/><string name="u" value="enH1"/><int name="no" value="1"/><int name="zM" value="18"/></imgdir><imgdir name="13"><int name="x" value="900"/><int name="y" value="-240"/><string name="u" value="enH1"/><int name="no" value="1"/><int name="zM" value="18"/></imgdir><imgdir name="12"><int name="x" value="900"/><int name="y" value="-240"/><string name="u" value="enH0"/><int name="no" value="2"/><int name="zM" value="18"/></imgdir><imgdir name="15"><int name="x" value="990"/><int name="y" value="-240"/><string name="u" value="enH0"/><int name="no" value="1"/><int name="zM" value="18"/></imgdir><imgdir name="14"><int name="x" value="990"/><int name="y" value="-240"/><string name="u" value="enH1"/><int name="no" value="1"/><int name="zM" value="18"/></imgdir><imgdir name="17"><int name="x" value="810"/><int name="y" value="-240"/><string name="u" value="enH0"/><int name="no" value="2"/><int name="zM" value="18"/></imgdir><imgdir name="16"><int name="x" value="810"/><int name="y" value="-240"/><string name="u" value="enH1"/><int name="no" value="3"/><int name="zM" value="18"/></imgdir><imgdir name="19"><int name="x" value="720"/><int name="y" value="-240"/><string name="u" value="enH0"/><int name="no" value="3"/><int name="zM" value="18"/></imgdir><imgdir name="18"><int name="x" value="720"/><int name="y" value="-240"/><string name="u" value="enH1"/><int name="no" value="1"/><int name="zM" value="18"/></imgdir><imgdir name="11"><int name="x" value="630"/><int name="y" value="-240"/><string name="u" value="enH0"/><int name="no" value="3"/><int name="zM" value="18"/></imgdir><imgdir name="10"><int name="x" value="630"/><int name="y" value="-240"/><string name="u" value="enH1"/><int name="no" value="0"/><int name="zM" value="18"/></imgdir><imgdir name="20"><int name="x" value="450"/><int name="y" value="-240"/><string name="u" value="enH1"/><int name="no" value="2"/><int name="zM" value="18"/></imgdir><imgdir name="21"><int name="x" value="450"/><int name="y" value="-240"/><string name="u" value="enH0"/><int name="no" value="2"/><int name="zM" value="18"/></imgdir><imgdir name="141"><int name="x" value="-360"/><int name="y" value="60"/><string name="u" value="enH0"/><int name="no" value="2"/><int name="zM" value="0"/></imgdir><imgdir name="142"><int name="x" value="-360"/><int name="y" value="60"/><string name="u" value="bsc"/><int name="no" value="3"/><int name="zM" value="0"/></imgdir><imgdir name="138"><int name="x" value="-360"/><int name="y" value="120"/><string name="u" value="bsc"/><int name="no" value="3"/><int name="zM" value="0"/></imgdir><imgdir name="135"><int name="x" value="-540"/><int name="y" value="120"/><string name="u" value="bsc"/><int name="no" value="0"/><int name="zM" value="0"/></imgdir><imgdir name="150"><int name="x" value="-540"/><int name="y" value="60"/><string name="u" value="bsc"/><int name="no" value="0"/><int name="zM" value="0"/></imgdir><imgdir name="122"><int name="x" value="-450"/><int name="y" value="120"/><string name="u" value="bsc"/><int name="no" value="1"/><int name="zM" value="0"/></imgdir><imgdir name="137"><int name="x" value="-450"/><int name="y" value="180"/><string name="u" value="bsc"/><int name="no" value="0"/><int name="zM" value="0"/></imgdir><imgdir name="139"><int name="x" value="-540"/><int name="y" value="180"/><string name="u" value="bsc"/><int name="no" value="3"/><int name="zM" value="0"/></imgdir><imgdir name="145"><int name="x" value="-450"/><int name="y" value="60"/><string name="u" value="bsc"/><int name="no" value="0"/><int name="zM" value="0"/></imgdir><imgdir name="146"><int name="x" value="-360"/><int name="y" value="180"/><string name="u" value="bsc"/><int name="no" value="0"/><int name="zM" value="0"/></imgdir><imgdir name="147"><int name="x" value="-450"/><int name="y" value="60"/><string name="u" value="enH0"/><int name="no" value="0"/><int name="zM" value="0"/></imgdir><imgdir name="131"><int name="x" value="-540"/><int name="y" value="60"/><string name="u" value="enH0"/><int name="no" value="2"/><int name="zM" value="0"/></imgdir><imgdir name="178"><int name="x" value="450"/><int name="y" value="-240"/><string name="u" value="edU"/><int name="no" value="0"/><int name="zM" value="18"/></imgdir><imgdir name="165"><int name="x" value="450"/><int name="y" value="-240"/><string name="u" value="edD"/><int name="no" value="0"/><int name="zM" value="18"/></imgdir><imgdir name="180"><int name="x" value="540"/><int name="y" value="-240"/><string name="u" value="enH1"/><int name="no" value="1"/><int name="zM" value="18"/></imgdir><imgdir name="174"><int name="x" value="540"/><int name="y" value="-240"/><string name="u" value="enH0"/><int name="no" value="3"/><int name="zM" value="18"/></imgdir></imgdir><imgdir name="obj"><imgdir name="0"><string name="oS" value="acc1"/><string name="l0" value="grassySoil"/><string name="l1" value="market"/><string name="l2" value="55"/><int name="x" value="-395"/><int name="y" value="-119"/><int name="z" value="3"/><int name="f" value="0"/><int name="zM" value="0"/></imgdir><imgdir name="1"><string name="oS" value="acc1"/><string name="l0" value="darkWood"/><string name="l1" value="nature"/><string name="l2" value="20"/><int name="x" value="-71"/><int name="y" value="27"/><int name="z" value="2"/><int name="f" value="0"/><int name="zM" value="0"/></imgdir><imgdir name="2"><string name="oS" value="acc1"/><string name="l0" value="grassySoil"/><string name="l1" value="nature"/><string name="l2" value="13"/><int name="x" value="189"/><int name="y" value="-19"/><int name="z" value="4"/><int name="f" value="0"/><int name="zM" value="0"/></imgdir><imgdir name="5"><string name="oS" value="signboard"/><string name="l0" value="market"/><string name="l1" value="potal0"/><string name="l2" value="0"/><int name="x" value="-415"/><int name="y" value="-25"/><int name="z" value="6"/><int name="f" value="0"/><int name="zM" value="0"/><int name="r" value="0"/><int name="move" value="0"/><int name="dynamic" value="0"/><int name="piece" value="5"/></imgdir><imgdir name="3"><string name="oS" value="signboard"/><string name="l0" value="market"/><string name="l1" value="potal0"/><string name="l2" value="1"/><int name="x" value="-418"/><int name="y" value="-13"/><int name="z" value="4"/><int name="f" value="0"/><int name="zM" value="0"/><int name="r" value="0"/><int name="move" value="0"/><int name="dynamic" value="0"/><int name="piece" value="3"/></imgdir><imgdir name="4"><string name="oS" value="acc1"/><string name="l0" value="grassySoil"/><string name="l1" value="auction"/><string name="l2" value="0"/><int name="x" value="45"/><int name="y" value="-192"/><int name="z" value="1"/><int name="f" value="0"/><int name="zM" value="0"/><int name="r" value="0"/><int name="move" value="0"/><int name="dynamic" value="0"/><int name="piece" value="4"/></imgdir><imgdir name="6"><string name="oS" value="acc1"/><string name="l0" value="grassySoil"/><string name="l1" value="auction"/><string name="l2" value="2"/><int name="x" value="45"/><int name="y" value="-192"/><int name="z" value="9"/><int name="f" value="0"/><int name="zM" value="0"/><int name="r" value="0"/><int name="move" value="0"/><int name="dynamic" value="0"/><int name="piece" value="6"/></imgdir></imgdir></imgdir><imgdir name="2"><imgdir name="info"></imgdir><imgdir name="tile"></imgdir><imgdir name="obj"></imgdir></imgdir><imgdir name="3"><imgdir name="info"></imgdir><imgdir name="tile"></imgdir><imgdir name="obj"></imgdir></imgdir><imgdir name="4"><imgdir name="info"></imgdir><imgdir name="tile"></imgdir><imgdir name="obj"><imgdir name="0"><string name="oS" value="connect"/><string name="l0" value="ladder"/><string name="l1" value="2"/><string name="l2" value="0"/><int name="x" value="933"/><int name="y" value="-267"/><int name="z" value="3"/><int name="f" value="0"/><int name="zM" value="19"/></imgdir><imgdir name="1"><string name="oS" value="connect"/><string name="l0" value="ladder"/><string name="l1" value="2"/><string name="l2" value="1"/><int name="x" value="933"/><int name="y" value="-227"/><int name="z" value="3"/><int name="f" value="0"/><int name="zM" value="17"/></imgdir><imgdir name="2"><string name="oS" value="connect"/><string name="l0" value="ladder"/><string name="l1" value="2"/><string name="l2" value="1"/><int name="x" value="933"/><int name="y" value="-185"/><int name="z" value="3"/><int name="f" value="0"/><int name="zM" value="16"/></imgdir><imgdir name="3"><string name="oS" value="connect"/><string name="l0" value="ladder"/><string name="l1" value="2"/><string name="l2" value="1"/><int name="x" value="933"/><int name="y" value="-143"/><int name="z" value="3"/><int name="f" value="0"/><int name="zM" value="13"/></imgdir><imgdir name="4"><string name="oS" value="connect"/><string name="l0" value="ladder"/><string name="l1" value="2"/><string name="l2" value="1"/><int name="x" value="933"/><int name="y" value="-101"/><int name="z" value="3"/><int name="f" value="0"/><int name="zM" value="12"/></imgdir><imgdir name="5"><string name="oS" value="connect"/><string name="l0" value="ladder"/><string name="l1" value="2"/><string name="l2" value="1"/><int name="x" value="933"/><int name="y" value="-59"/><int name="z" value="3"/><int name="f" value="0"/><int name="zM" value="11"/></imgdir><imgdir name="6"><string name="oS" value="connect"/><string name="l0" value="ladder"/><string name="l1" value="2"/><string name="l2" value="1"/><int name="x" value="933"/><int name="y" value="-17"/><int name="z" value="3"/><int name="f" value="0"/><int name="zM" value="10"/></imgdir></imgdir></imgdir><imgdir name="5"><imgdir name="info"><string name="tS" value="woodMarble"/><int name="tSMag" value="1"/></imgdir><imgdir name="tile"><imgdir name="4"><int name="x" value="-810"/><int name="y" value="-300"/><string name="u" value="enH0"/><int name="no" value="1"/><int name="zM" value="27"/></imgdir><imgdir name="5"><int name="x" value="-810"/><int name="y" value="-300"/><string name="u" value="enH1"/><int name="no" value="1"/><int name="zM" value="27"/></imgdir><imgdir name="6"><int name="x" value="-630"/><int name="y" value="-300"/><string name="u" value="edU"/><int name="no" value="1"/><int name="zM" value="27"/></imgdir><imgdir name="7"><int name="x" value="-630"/><int name="y" value="-300"/><string name="u" value="edD"/><int name="no" value="1"/><int name="zM" value="27"/></imgdir><imgdir name="2"><int name="x" value="-720"/><int name="y" value="-300"/><string name="u" value="enH1"/><int name="no" value="3"/><int name="zM" value="27"/></imgdir><imgdir name="3"><int name="x" value="-720"/><int name="y" value="-300"/><string name="u" value="enH0"/><int name="no" value="1"/><int name="zM" value="27"/></imgdir><imgdir name="8"><int name="x" value="-900"/><int name="y" value="-300"/><string name="u" value="edU"/><int name="no" value="1"/><int name="zM" value="27"/></imgdir><imgdir name="9"><int name="x" value="-900"/><int name="y" value="-300"/><string name="u" value="edD"/><int name="no" value="0"/><int name="zM" value="27"/></imgdir><imgdir name="0"><int name="x" value="-900"/><int name="y" value="-300"/><string name="u" value="enH1"/><int name="no" value="0"/><int name="zM" value="27"/></imgdir><imgdir name="1"><int name="x" value="-900"/><int name="y" value="-300"/><string name="u" value="enH0"/><int name="no" value="3"/><int name="zM" value="27"/></imgdir></imgdir><imgdir name="obj"><imgdir name="0"><string name="oS" value="acc1"/><string name="l0" value="grassySoil"/><string name="l1" value="nature"/><string name="l2" value="17"/><int name="x" value="-616"/><int name="y" value="7"/><int name="z" value="3"/><int name="f" value="0"/><int name="zM" value="3"/></imgdir><imgdir name="1"><string name="oS" value="acc1"/><string name="l0" value="grassySoil"/><string name="l1" value="nature"/><string name="l2" value="18"/><int name="x" value="743"/><int name="y" value="16"/><int name="z" value="3"/><int name="f" value="0"/><int name="zM" value="8"/></imgdir></imgdir></imgdir><imgdir name="6"><imgdir name="info"><string name="tS" value="woodMarble"/><int name="tSMag" value="1"/></imgdir><imgdir name="tile"><imgdir name="2"><int name="x" value="-945"/><int name="y" value="-150"/><string name="u" value="edU"/><int name="no" value="0"/><int name="zM" value="14"/></imgdir><imgdir name="3"><int name="x" value="-945"/><int name="y" value="-150"/><string name="u" value="edD"/><int name="no" value="1"/><int name="zM" value="14"/></imgdir><imgdir name="4"><int name="x" value="-945"/><int name="y" value="-150"/><string name="u" value="enH0"/><int name="no" value="0"/><int name="zM" value="14"/></imgdir><imgdir name="5"><int name="x" value="-945"/><int name="y" value="-150"/><string name="u" value="enH1"/><int name="no" value="2"/><int name="zM" value="14"/></imgdir><imgdir name="8"><int name="x" value="-675"/><int name="y" value="-150"/><string name="u" value="edU"/><int name="no" value="0"/><int name="zM" value="14"/></imgdir><imgdir name="9"><int name="x" value="-675"/><int name="y" value="-150"/><string name="u" value="edD"/><int name="no" value="1"/><int name="zM" value="14"/></imgdir><imgdir name="0"><int name="x" value="-855"/><int name="y" value="-150"/><string name="u" value="enH1"/><int name="no" value="2"/><int name="zM" value="14"/></imgdir><imgdir name="1"><int name="x" value="-855"/><int name="y" value="-150"/><string name="u" value="enH0"/><int name="no" value="3"/><int name="zM" value="14"/></imgdir><imgdir name="6"><int name="x" value="-765"/><int name="y" value="-150"/><string name="u" value="enH1"/><int name="no" value="2"/><int name="zM" value="14"/></imgdir><imgdir name="7"><int name="x" value="-765"/><int name="y" value="-150"/><string name="u" value="enH0"/><int name="no" value="3"/><int name="zM" value="14"/></imgdir></imgdir><imgdir name="obj"></imgdir></imgdir><imgdir name="7"><imgdir name="info"></imgdir><imgdir name="tile"></imgdir><imgdir name="obj"></imgdir></imgdir><imgdir name="reactor"></imgdir><imgdir name="info"><int name="version" value="10"/><int name="cloud" value="0"/><int name="town" value="1"/><int name="returnMap" value="910000000"/><int name="forcedReturn" value="999999999"/><float name="mobRate" value="1.0"/><string name="bgm" value="Bgm00/FloralLife"/><string name="mapMark" value="FreeMarket"/><int name="hideMinimap" value="0"/><int name="fieldLimit" value="272703724"/><int name="swim" value="0"/><int name="fly" value="0"/><string name="onFirstUserEnter" value=""/><string name="onUserEnter" value=""/><int name="VRTop" value="-1166"/><int name="VRLeft" value="-1070"/><int name="VRBottom" value="224"/><int name="VRRight" value="1700"/><int name="noMapCmd" value="0"/><string name="fieldScript" value=""/><int name="standAlone" value="0"/><int name="partyStandAlone" value="0"/><int name="miniMapOnOff" value="1"/></imgdir><imgdir name="foothold"><imgdir name="0"><imgdir name="1"><imgdir name="1"><int name="x1" value="405"/><int name="y1" value="4"/><int name="x2" value="443"/><int name="y2" value="4"/><int name="prev" value="6"/><int name="next" value="7"/><int name="piece" value="-1"/></imgdir><imgdir name="2"><int name="x1" value="1395"/><int name="y1" value="4"/><int name="x2" value="1447"/><int name="y2" value="4"/><int name="prev" value="3"/><int name="next" value="8"/><int name="piece" value="-1"/></imgdir><imgdir name="3"><int name="x1" value="1305"/><int name="y1" value="4"/><int name="x2" value="1395"/><int name="y2" value="4"/><int name="prev" value="11"/><int name="next" value="2"/><int name="piece" value="-1"/></imgdir><imgdir name="4"><int name="x1" value="495"/><int name="y1" value="4"/><int name="x2" value="585"/><int name="y2" value="4"/><int name="prev" value="7"/><int name="next" value="13"/><int name="piece" value="-1"/></imgdir><imgdir name="5"><int name="x1" value="367"/><int name="y1" value="30"/><int name="x2" value="367"/><int name="y2" value="4"/><int name="prev" value="0"/><int name="next" value="6"/><int name="piece" value="-1"/></imgdir><imgdir name="6"><int name="x1" value="367"/><int name="y1" value="4"/><int name="x2" value="405"/><int name="y2" value="4"/><int name="prev" value="5"/><int name="next" value="1"/><int name="piece" value="-1"/></imgdir><imgdir name="7"><int name="x1" value="443"/><int name="y1" value="4"/><int name="x2" value="495"/><int name="y2" value="4"/><int name="prev" value="1"/><int name="next" value="4"/><int name="piece" value="-1"/></imgdir><imgdir name="8"><int name="x1" value="1447"/><int name="y1" value="4"/><int name="x2" value="1485"/><int name="y2" value="4"/><int name="prev" value="2"/><int name="next" value="9"/><int name="piece" value="-1"/></imgdir><imgdir name="9"><int name="x1" value="1485"/><int name="y1" value="4"/><int name="x2" value="1523"/><int name="y2" value="4"/><int name="prev" value="8"/><int name="next" value="10"/><int name="piece" value="-1"/></imgdir><imgdir name="10"><int name="x1" value="1523"/><int name="y1" value="4"/><int name="x2" value="1523"/><int name="y2" value="30"/><int name="prev" value="9"/><int name="next" value="0"/><int name="piece" value="-1"/></imgdir><imgdir name="11"><int name="x1" value="1215"/><int name="y1" value="4"/><int name="x2" value="1305"/><int name="y2" value="4"/><int name="prev" value="12"/><int name="next" value="3"/><int name="piece" value="-1"/></imgdir><imgdir name="12"><int name="x1" value="1125"/><int name="y1" value="4"/><int name="x2" value="1215"/><int name="y2" value="4"/><int name="prev" value="18"/><int name="next" value="11"/><int name="piece" value="-1"/></imgdir><imgdir name="13"><int name="x1" value="585"/><int name="y1" value="4"/><int name="x2" value="675"/><int name="y2" value="4"/><int name="prev" value="4"/><int name="next" value="14"/><int name="piece" value="-1"/></imgdir><imgdir name="14"><int name="x1" value="675"/><int name="y1" value="4"/><int name="x2" value="765"/><int name="y2" value="4"/><int name="prev" value="13"/><int name="next" value="15"/><int name="piece" value="-1"/></imgdir><imgdir name="15"><int name="x1" value="765"/><int name="y1" value="4"/><int name="x2" value="855"/><int name="y2" value="4"/><int name="prev" value="14"/><int name="next" value="16"/><int name="piece" value="-1"/></imgdir><imgdir name="16"><int name="x1" value="855"/><int name="y1" value="4"/><int name="x2" value="945"/><int name="y2" value="4"/><int name="prev" value="15"/><int name="next" value="17"/><int name="piece" value="-1"/></imgdir><imgdir name="17"><int name="x1" value="945"/><int name="y1" value="4"/><int name="x2" value="1035"/><int name="y2" value="4"/><int name="prev" value="16"/><int name="next" value="18"/><int name="piece" value="-1"/></imgdir><imgdir name="18"><int name="x1" value="1035"/><int name="y1" value="4"/><int name="x2" value="1125"/><int name="y2" value="4"/><int name="prev" value="17"/><int name="next" value="12"/><int name="piece" value="-1"/></imgdir></imgdir><imgdir name="6"><imgdir name="19"><int name="x1" value="332"/><int name="y1" value="-17"/><int name="x2" value="369"/><int name="y2" value="-17"/><int name="prev" value="0"/><int name="next" value="0"/><int name="piece" value="0"/></imgdir></imgdir></imgdir><imgdir name="1"><imgdir name="18"><imgdir name="20"><int name="x1" value="1402"/><int name="y1" value="-266"/><int name="x2" value="1478"/><int name="y2" value="-266"/><int name="prev" value="22"/><int name="next" value="21"/><int name="piece" value="-1"/></imgdir><imgdir name="21"><int name="x1" value="1478"/><int name="y1" value="-266"/><int name="x2" value="1478"/><int name="y2" value="-240"/><int name="prev" value="20"/><int name="next" value="0"/><int name="piece" value="-1"/></imgdir><imgdir name="22"><int name="x1" value="1350"/><int name="y1" value="-266"/><int name="x2" value="1402"/><int name="y2" value="-266"/><int name="prev" value="23"/><int name="next" value="20"/><int name="piece" value="-1"/></imgdir><imgdir name="23"><int name="x1" value="1260"/><int name="y1" value="-266"/><int name="x2" value="1350"/><int name="y2" value="-266"/><int name="prev" value="24"/><int name="next" value="22"/><int name="piece" value="-1"/></imgdir><imgdir name="24"><int name="x1" value="1170"/><int name="y1" value="-266"/><int name="x2" value="1260"/><int name="y2" value="-266"/><int name="prev" value="25"/><int name="next" value="23"/><int name="piece" value="-1"/></imgdir><imgdir name="25"><int name="x1" value="1080"/><int name="y1" value="-266"/><int name="x2" value="1170"/><int name="y2" value="-266"/><int name="prev" value="28"/><int name="next" value="24"/><int name="piece" value="-1"/></imgdir><imgdir name="26"><int name="x1" value="630"/><int name="y1" value="-266"/><int name="x2" value="720"/><int name="y2" value="-266"/><int name="prev" value="32"/><int name="next" value="30"/><int name="piece" value="-1"/></imgdir><imgdir name="27"><int name="x1" value="900"/><int name="y1" value="-266"/><int name="x2" value="990"/><int name="y2" value="-266"/><int name="prev" value="29"/><int name="next" value="28"/><int name="piece" value="-1"/></imgdir><imgdir name="28"><int name="x1" value="990"/><int name="y1" value="-266"/><int name="x2" value="1080"/><int name="y2" value="-266"/><int name="prev" value="27"/><int name="next" value="25"/><int name="piece" value="-1"/></imgdir><imgdir name="29"><int name="x1" value="810"/><int name="y1" value="-266"/><int name="x2" value="900"/><int name="y2" value="-266"/><int name="prev" value="30"/><int name="next" value="27"/><int name="piece" value="-1"/></imgdir><imgdir name="30"><int name="x1" value="720"/><int name="y1" value="-266"/><int name="x2" value="810"/><int name="y2" value="-266"/><int name="prev" value="26"/><int name="next" value="29"/><int name="piece" value="-1"/></imgdir><imgdir name="31"><int name="x1" value="450"/><int name="y1" value="-266"/><int name="x2" value="488"/><int name="y2" value="-266"/><int name="prev" value="34"/><int name="next" value="35"/><int name="piece" value="-1"/></imgdir><imgdir name="32"><int name="x1" value="540"/><int name="y1" value="-266"/><int name="x2" value="630"/><int name="y2" value="-266"/><int name="prev" value="35"/><int name="next" value="26"/><int name="piece" value="-1"/></imgdir><imgdir name="33"><int name="x1" value="412"/><int name="y1" value="-240"/><int name="x2" value="412"/><int name="y2" value="-266"/><int name="prev" value="0"/><int name="next" value="34"/><int name="piece" value="-1"/></imgdir><imgdir name="34"><int name="x1" value="412"/><int name="y1" value="-266"/><int name="x2" value="450"/><int name="y2" value="-266"/><int name="prev" value="33"/><int name="next" value="31"/><int name="piece" value="-1"/></imgdir><imgdir name="35"><int name="x1" value="488"/><int name="y1" value="-266"/><int name="x2" value="540"/><int name="y2" value="-266"/><int name="prev" value="31"/><int name="next" value="32"/><int name="piece" value="-1"/></imgdir></imgdir><imgdir name="0"><imgdir name="36"><int name="x1" value="1620"/><int name="y1" value="34"/><int name="x2" value="1710"/><int name="y2" value="34"/><int name="prev" value="37"/><int name="next" value="0"/><int name="piece" value="-1"/></imgdir><imgdir name="37"><int name="x1" value="1530"/><int name="y1" value="34"/><int name="x2" value="1620"/><int name="y2" value="34"/><int name="prev" value="39"/><int name="next" value="36"/><int name="piece" value="-1"/></imgdir><imgdir name="38"><int name="x1" value="1350"/><int name="y1" value="34"/><int name="x2" value="1440"/><int name="y2" value="34"/><int name="prev" value="40"/><int name="next" value="39"/><int name="piece" value="-1"/></imgdir><imgdir name="39"><int name="x1" value="1440"/><int name="y1" value="34"/><int name="x2" value="1530"/><int name="y2" value="34"/><int name="prev" value="38"/><int name="next" value="37"/><int name="piece" value="-1"/></imgdir><imgdir name="40"><int name="x1" value="1260"/><int name="y1" value="34"/><int name="x2" value="1350"/><int name="y2" value="34"/><int name="prev" value="41"/><int name="next" value="38"/><int name="piece" value="-1"/></imgdir><imgdir name="41"><int name="x1" value="1170"/><int name="y1" value="34"/><int name="x2" value="1260"/><int name="y2" value="34"/><int name="prev" value="42"/><int name="next" value="40"/><int name="piece" value="-1"/></imgdir><imgdir name="42"><int name="x1" value="1080"/><int name="y1" value="34"/><int name="x2" value="1170"/><int name="y2" value="34"/><int name="prev" value="43"/><int name="next" value="41"/><int name="piece" value="-1"/></imgdir><imgdir name="43"><int name="x1" value="990"/><int name="y1" value="34"/><int name="x2" value="1080"/><int name="y2" value="34"/><int name="prev" value="44"/><int name="next" value="42"/><int name="piece" value="-1"/></imgdir><imgdir name="44"><int name="x1" value="900"/><int name="y1" value="34"/><int name="x2" value="990"/><int name="y2" value="34"/><int name="prev" value="45"/><int name="next" value="43"/><int name="piece" value="-1"/></imgdir><imgdir name="45"><int name="x1" value="810"/><int name="y1" value="34"/><int name="x2" value="900"/><int name="y2" value="34"/><int name="prev" value="46"/><int name="next" value="44"/><int name="piece" value="-1"/></imgdir><imgdir name="46"><int name="x1" value="720"/><int name="y1" value="34"/><int name="x2" value="810"/><int name="y2" value="34"/><int name="prev" value="47"/><int name="next" value="45"/><int name="piece" value="-1"/></imgdir><imgdir name="47"><int name="x1" value="630"/><int name="y1" value="34"/><int name="x2" value="720"/><int name="y2" value="34"/><int name="prev" value="52"/><int name="next" value="46"/><int name="piece" value="-1"/></imgdir><imgdir name="48"><int name="x1" value="270"/><int name="y1" value="34"/><int name="x2" value="360"/><int name="y2" value="34"/><int name="prev" value="50"/><int name="next" value="51"/><int name="piece" value="-1"/></imgdir><imgdir name="49"><int name="x1" value="450"/><int name="y1" value="34"/><int name="x2" value="540"/><int name="y2" value="34"/><int name="prev" value="51"/><int name="next" value="52"/><int name="piece" value="-1"/></imgdir><imgdir name="50"><int name="x1" value="180"/><int name="y1" value="34"/><int name="x2" value="270"/><int name="y2" value="34"/><int name="prev" value="53"/><int name="next" value="48"/><int name="piece" value="-1"/></imgdir><imgdir name="51"><int name="x1" value="360"/><int name="y1" value="34"/><int name="x2" value="450"/><int name="y2" value="34"/><int name="prev" value="48"/><int name="next" value="49"/><int name="piece" value="-1"/></imgdir><imgdir name="52"><int name="x1" value="540"/><int name="y1" value="34"/><int name="x2" value="630"/><int name="y2" value="34"/><int name="prev" value="49"/><int name="next" value="47"/><int name="piece" value="-1"/></imgdir><imgdir name="53"><int name="x1" value="90"/><int name="y1" value="34"/><int name="x2" value="180"/><int name="y2" value="34"/><int name="prev" value="54"/><int name="next" value="50"/><int name="piece" value="-1"/></imgdir><imgdir name="54"><int name="x1" value="0"/><int name="y1" value="34"/><int name="x2" value="90"/><int name="y2" value="34"/><int name="prev" value="56"/><int name="next" value="53"/><int name="piece" value="-1"/></imgdir><imgdir name="55"><int name="x1" value="-180"/><int name="y1" value="34"/><int name="x2" value="-90"/><int name="y2" value="34"/><int name="prev" value="57"/><int name="next" value="56"/><int name="piece" value="-1"/></imgdir><imgdir name="56"><int name="x1" value="-90"/><int name="y1" value="34"/><int name="x2" value="0"/><int name="y2" value="34"/><int name="prev" value="55"/><int name="next" value="54"/><int name="piece" value="-1"/></imgdir><imgdir name="57"><int name="x1" value="-270"/><int name="y1" value="34"/><int name="x2" value="-180"/><int name="y2" value="34"/><int name="prev" value="59"/><int name="next" value="55"/><int name="piece" value="-1"/></imgdir><imgdir name="58"><int name="x1" value="-540"/><int name="y1" value="34"/><int name="x2" value="-450"/><int name="y2" value="34"/><int name="prev" value="60"/><int name="next" value="61"/><int name="piece" value="-1"/></imgdir><imgdir name="59"><int name="x1" value="-360"/><int name="y1" value="34"/><int name="x2" value="-270"/><int name="y2" value="34"/><int name="prev" value="61"/><int name="next" value="57"/><int name="piece" value="-1"/></imgdir><imgdir name="60"><int name="x1" value="-630"/><int name="y1" value="34"/><int name="x2" value="-540"/><int name="y2" value="34"/><int name="prev" value="63"/><int name="next" value="58"/><int name="piece" value="-1"/></imgdir><imgdir name="61"><int name="x1" value="-450"/><int name="y1" value="34"/><int name="x2" value="-360"/><int name="y2" value="34"/><int name="prev" value="58"/><int name="next" value="59"/><int name="piece" value="-1"/></imgdir><imgdir name="62"><int name="x1" value="-810"/><int name="y1" value="34"/><int name="x2" value="-720"/><int name="y2" value="34"/><int name="prev" value="65"/><int name="next" value="63"/><int name="piece" value="-1"/></imgdir><imgdir name="63"><int name="x1" value="-720"/><int name="y1" value="34"/><int name="x2" value="-630"/><int name="y2" value="34"/><int name="prev" value="62"/><int name="next" value="60"/><int name="piece" value="-1"/></imgdir><imgdir name="64"><int name="x1" value="-990"/><int name="y1" value="34"/><int name="x2" value="-900"/><int name="y2" value="34"/><int name="prev" value="66"/><int name="next" value="65"/><int name="piece" value="-1"/></imgdir><imgdir name="65"><int name="x1" value="-900"/><int name="y1" value="34"/><int name="x2" value="-810"/><int name="y2" value="34"/><int name="prev" value="64"/><int name="next" value="62"/><int name="piece" value="-1"/></imgdir><imgdir name="66"><int name="x1" value="-1080"/><int name="y1" value="34"/><int name="x2" value="-990"/><int name="y2" value="34"/><int name="prev" value="0"/><int name="next" value="64"/><int name="piece" value="-1"/></imgdir><imgdir name="67"><int name="x1" value="-206"/><int name="y1" value="-157"/><int name="x2" value="319"/><int name="y2" value="-157"/><int name="prev" value="0"/><int name="next" value="0"/><int name="piece" value="4"/></imgdir><imgdir name="68"><int name="x1" value="170"/><int name="y1" value="-218"/><int name="x2" value="307"/><int name="y2" value="-218"/><int name="prev" value="0"/><int name="next" value="0"/><int name="piece" value="4"/></imgdir></imgdir></imgdir><imgdir name="5"><imgdir name="27"><imgdir name="69"><int name="x1" value="-900"/><int name="y1" value="-326"/><int name="x2" value="-862"/><int name="y2" value="-326"/><int name="prev" value="76"/><int name="next" value="77"/><int name="piece" value="-1"/></imgdir><imgdir name="70"><int name="x1" value="-720"/><int name="y1" value="-326"/><int name="x2" value="-668"/><int name="y2" value="-326"/><int name="prev" value="71"/><int name="next" value="72"/><int name="piece" value="-1"/></imgdir><imgdir name="71"><int name="x1" value="-810"/><int name="y1" value="-326"/><int name="x2" value="-720"/><int name="y2" value="-326"/><int name="prev" value="77"/><int name="next" value="70"/><int name="piece" value="-1"/></imgdir><imgdir name="72"><int name="x1" value="-668"/><int name="y1" value="-326"/><int name="x2" value="-630"/><int name="y2" value="-326"/><int name="prev" value="70"/><int name="next" value="73"/><int name="piece" value="-1"/></imgdir><imgdir name="73"><int name="x1" value="-630"/><int name="y1" value="-326"/><int name="x2" value="-592"/><int name="y2" value="-326"/><int name="prev" value="72"/><int name="next" value="74"/><int name="piece" value="-1"/></imgdir><imgdir name="74"><int name="x1" value="-592"/><int name="y1" value="-326"/><int name="x2" value="-592"/><int name="y2" value="-300"/><int name="prev" value="73"/><int name="next" value="0"/><int name="piece" value="-1"/></imgdir><imgdir name="75"><int name="x1" value="-938"/><int name="y1" value="-300"/><int name="x2" value="-938"/><int name="y2" value="-326"/><int name="prev" value="0"/><int name="next" value="76"/><int name="piece" value="-1"/></imgdir><imgdir name="76"><int name="x1" value="-938"/><int name="y1" value="-326"/><int name="x2" value="-900"/><int name="y2" value="-326"/><int name="prev" value="75"/><int name="next" value="69"/><int name="piece" value="-1"/></imgdir><imgdir name="77"><int name="x1" value="-862"/><int name="y1" value="-326"/><int name="x2" value="-810"/><int name="y2" value="-326"/><int name="prev" value="69"/><int name="next" value="71"/><int name="piece" value="-1"/></imgdir></imgdir></imgdir><imgdir name="6"><imgdir name="14"><imgdir name="78"><int name="x1" value="-855"/><int name="y1" value="-176"/><int name="x2" value="-765"/><int name="y2" value="-176"/><int name="prev" value="81"/><int name="next" value="82"/><int name="piece" value="-1"/></imgdir><imgdir name="79"><int name="x1" value="-983"/><int name="y1" value="-150"/><int name="x2" value="-983"/><int name="y2" value="-176"/><int name="prev" value="0"/><int name="next" value="80"/><int name="piece" value="-1"/></imgdir><imgdir name="80"><int name="x1" value="-983"/><int name="y1" value="-176"/><int name="x2" value="-907"/><int name="y2" value="-176"/><int name="prev" value="79"/><int name="next" value="81"/><int name="piece" value="-1"/></imgdir><imgdir name="81"><int name="x1" value="-907"/><int name="y1" value="-176"/><int name="x2" value="-855"/><int name="y2" value="-176"/><int name="prev" value="80"/><int name="next" value="78"/><int name="piece" value="-1"/></imgdir><imgdir name="82"><int name="x1" value="-765"/><int name="y1" value="-176"/><int name="x2" value="-713"/><int name="y2" value="-176"/><int name="prev" value="78"/><int name="next" value="83"/><int name="piece" value="-1"/></imgdir><imgdir name="83"><int name="x1" value="-713"/><int name="y1" value="-176"/><int name="x2" value="-675"/><int name="y2" value="-176"/><int name="prev" value="82"/><int name="next" value="84"/><int name="piece" value="-1"/></imgdir><imgdir name="84"><int name="x1" value="-675"/><int name="y1" value="-176"/><int name="x2" value="-637"/><int name="y2" value="-176"/><int name="prev" value="83"/><int name="next" value="85"/><int name="piece" value="-1"/></imgdir><imgdir name="85"><int name="x1" value="-637"/><int name="y1" value="-176"/><int name="x2" value="-637"/><int name="y2" value="-150"/><int name="prev" value="84"/><int name="next" value="0"/><int name="piece" value="-1"/></imgdir></imgdir></imgdir></imgdir><imgdir name="ladderRope"><imgdir name="1"><int name="l" value="1"/><int name="uf" value="1"/><int name="x" value="933"/><int name="y1" value="-264"/><int name="y2" value="2"/><int name="page" value="4"/><int name="piece" value="0"/></imgdir></imgdir><imgdir name="miniMap"><canvas name="canvas" width="174" height="51"><string name="_hash" value="0aabece1695580041f82d18cc06ab6146677dc9c49fdb64625ff00774074cd60"/></canvas><int name="width" value="2790"/><int name="height" value="821"/><int name="centerX" value="1080"/><int name="centerY" value="560"/><int name="mag" value="4"/></imgdir><imgdir name="portal"><imgdir name="0"><string name="pn" value="sp"/><int name="pt" value="0"/><int name="x" value="-537"/><int name="y" value="-60"/><int name="tm" value="999999999"/><string name="tn" value=""/></imgdir><imgdir name="1"><string name="pn" value="sp"/><int name="pt" value="0"/><int name="x" value="-373"/><int name="y" value="-64"/><int name="tm" value="999999999"/><string name="tn" value=""/></imgdir><imgdir name="2"><string name="pn" value="sp"/><int name="pt" value="0"/><int name="x" value="-454"/><int name="y" value="-63"/><int name="tm" value="999999999"/><string name="tn" value=""/></imgdir><imgdir name="3"><string name="pn" value="trap03"/><int name="pt" value="3"/><int name="x" value="-867"/><int name="y" value="-180"/><int name="tm" value="910000000"/><string name="tn" value="st02"/><string name="script" value=""/><int name="hideTooltip" value="0"/><int name="onlyOnce" value="0"/><int name="delay" value="0"/></imgdir><imgdir name="4"><string name="pn" value="trap02"/><int name="pt" value="3"/><int name="x" value="-769"/><int name="y" value="-176"/><int name="tm" value="910000000"/><string name="tn" value="st02"/><string name="script" value=""/><int name="hideTooltip" value="0"/><int name="onlyOnce" value="0"/><int name="delay" value="0"/></imgdir><imgdir name="5"><string name="pn" value="trap01"/><int name="pt" value="3"/><int name="x" value="-942"/><int name="y" value="-175"/><int name="tm" value="910000000"/><string name="tn" value="st02"/><string name="script" value=""/><int name="hideTooltip" value="0"/><int name="onlyOnce" value="0"/><int name="delay" value="0"/></imgdir><imgdir name="6"><string name="pn" value="trap00"/><int name="pt" value="3"/><int name="x" value="-670"/><int name="y" value="-182"/><int name="tm" value="910000000"/><string name="tn" value="st02"/><string name="script" value=""/><int name="hideTooltip" value="0"/><int name="onlyOnce" value="0"/><int name="delay" value="0"/></imgdir><imgdir name="7"><string name="pn" value="out00"/><int name="pt" value="7"/><int name="x" value="-417"/><int name="y" value="32"/><int name="tm" value="999999999"/><string name="tn" value=""/><string name="script" value="market00"/></imgdir><imgdir name="8"><string name="pn" value="st02"/><int name="pt" value="1"/><int name="x" value="-843"/><int name="y" value="33"/><int name="tm" value="999999999"/><string name="tn" value=""/><int name="horizontalImpact" value="0"/></imgdir><imgdir name="9"><string name="pn" value="trap11"/><int name="pt" value="3"/><int name="x" value="-168"/><int name="y" value="-171"/><int name="tm" value="910000000"/><string name="tn" value="st01"/><int name="horizontalImpact" value="0"/></imgdir><imgdir name="10"><string name="pn" value="trap05"/><int name="pt" value="3"/><int name="x" value="-727"/><int name="y" value="-307"/><int name="tm" value="910000000"/><string name="tn" value="st02"/><string name="script" value=""/><int name="hideTooltip" value="0"/><int name="onlyOnce" value="0"/><int name="delay" value="0"/></imgdir><imgdir name="11"><string name="pn" value="dn02"/><int name="pt" value="1"/><int name="x" value="1429"/><int name="y" value="-269"/><int name="tm" value="910000000"/><string name="tn" value="dn03"/></imgdir><imgdir name="12"><string name="pn" value="dn03"/><int name="pt" value="1"/><int name="x" value="1476"/><int name="y" value="0"/><int name="tm" value="999999999"/><string name="tn" value=""/></imgdir><imgdir name="13"><string name="pn" value="st00"/><int name="pt" value="1"/><int name="x" value="-318"/><int name="y" value="32"/><int name="tm" value="999999999"/><string name="tn" value=""/><string name="script" value=""/><int name="hideTooltip" value="0"/><int name="onlyOnce" value="0"/><int name="delay" value="0"/></imgdir><imgdir name="14"><string name="pn" value="st01"/><int name="pt" value="1"/><int name="x" value="104"/><int name="y" value="34"/><int name="tm" value="999999999"/><string name="tn" value=""/><int name="horizontalImpact" value="0"/></imgdir><imgdir name="15"><string name="pn" value="trap10"/><int name="pt" value="3"/><int name="x" value="232"/><int name="y" value="-172"/><int name="tm" value="910000000"/><string name="tn" value="st01"/><int name="horizontalImpact" value="0"/></imgdir><imgdir name="16"><string name="pn" value="trap06"/><int name="pt" value="3"/><int name="x" value="-627"/><int name="y" value="-307"/><int name="tm" value="910000000"/><string name="tn" value="st02"/><string name="script" value=""/><int name="hideTooltip" value="0"/><int name="onlyOnce" value="0"/><int name="delay" value="0"/></imgdir><imgdir name="17"><string name="pn" value="trap07"/><int name="pt" value="3"/><int name="x" value="-910"/><int name="y" value="-302"/><int name="tm" value="910000000"/><string name="tn" value="st02"/><int name="horizontalImpact" value="0"/><string name="script" value=""/><int name="hideTooltip" value="0"/><int name="onlyOnce" value="0"/><int name="delay" value="0"/></imgdir><imgdir name="18"><string name="pn" value="trap08"/><int name="pt" value="3"/><int name="x" value="205"/><int name="y" value="-254"/><int name="tm" value="910000000"/><string name="tn" value="st01"/><int name="horizontalImpact" value="0"/></imgdir><imgdir name="19"><string name="pn" value="trap09"/><int name="pt" value="3"/><int name="x" value="283"/><int name="y" value="-172"/><int name="tm" value="910000000"/><string name="tn" value="st01"/><int name="horizontalImpact" value="0"/></imgdir><imgdir name="20"><string name="pn" value="hidden portal01"/><int name="pt" value="10"/><int name="x" value="1578"/><int name="y" value="38"/><int name="tm" value="910000000"/><string name="tn" value="hidden portal00"/><int name="horizontalImpact" value="0"/></imgdir><imgdir name="21"><string name="pn" value="hidden portal00"/><int name="pt" value="10"/><int name="x" value="308"/><int name="y" value="38"/><int name="tm" value="910000000"/><string name="tn" value="hidden portal01"/><int name="horizontalImpact" value="0"/></imgdir><imgdir name="22"><string name="pn" value="trap14"/><int name="pt" value="3"/><int name="x" value="132"/><int name="y" value="-172"/><int name="tm" value="910000000"/><string name="tn" value="st01"/><int name="horizontalImpact" value="0"/></imgdir><imgdir name="23"><string name="pn" value="trap13"/><int name="pt" value="3"/><int name="x" value="-68"/><int name="y" value="-171"/><int name="tm" value="910000000"/><string name="tn" value="st01"/><int name="horizontalImpact" value="0"/></imgdir><imgdir name="24"><string name="pn" value="trap16"/><int name="pt" value="3"/><int name="x" value="285"/><int name="y" value="-254"/><int name="tm" value="910000000"/><string name="tn" value="st01"/><int name="horizontalImpact" value="0"/></imgdir><imgdir name="25"><string name="pn" value="up00"/><int name="pt" value="1"/><int name="x" value="410"/><int name="y" value="0"/><int name="tm" value="910000000"/><string name="tn" value="up01"/></imgdir><imgdir name="26"><string name="pn" value="trap04"/><int name="pt" value="3"/><int name="x" value="-827"/><int name="y" value="-299"/><int name="tm" value="910000000"/><string name="tn" value="st02"/><string name="script" value=""/><int name="hideTooltip" value="0"/><int name="onlyOnce" value="0"/><int name="delay" value="0"/></imgdir><imgdir name="27"><string name="pn" value="trap15"/><int name="pt" value="3"/><int name="x" value="32"/><int name="y" value="-172"/><int name="tm" value="910000000"/><string name="tn" value="st01"/><int name="horizontalImpact" value="0"/></imgdir><imgdir name="28"><string name="pn" value="up01"/><int name="pt" value="1"/><int name="x" value="458"/><int name="y" value="-269"/><int name="tm" value="999999999"/><string name="tn" value=""/><string name="script" value=""/><int name="hideTooltip" value="0"/><int name="onlyOnce" value="0"/><int name="shownAtMinimap" value="0"/><int name="delay" value="0"/></imgdir></imgdir></imgdir>