<?xml version="1.0" encoding="UTF-8" standalone="yes"?><imgdir name="910029901.img"><imgdir name="info"><int name="version" value="10"/><int name="cloud" value="0"/><int name="town" value="1"/><int name="swim" value="0"/><int name="returnMap" value="910029601"/><int name="forcedReturn" value="910029601"/><float name="mobRate" value="1.0"/><string name="bgm" value="Bgm11/DownTown"/><string name="mapMark" value="mYut2"/><int name="fly" value="0"/><int name="noMapCmd" value="0"/><int name="hideMinimap" value="1"/><int name="fieldLimit" value="336636"/><string name="onFirstUserEnter" value=""/><string name="onUserEnter" value=""/><int name="VRTop" value="-1008"/><int name="VRLeft" value="-906"/><int name="VRBottom" value="-246"/><int name="VRRight" value="457"/><int name="standAlone" value="0"/><int name="partyStandAlone" value="0"/><string name="fieldScript" value=""/></imgdir><imgdir name="back"><imgdir name="0"><string name="bS" value="event2"/><int name="front" value="0"/><int name="ani" value="0"/><int name="no" value="20"/><int name="f" value="0"/><int name="x" value="32"/><int name="y" value="-69"/><int name="rx" value="0"/><int name="ry" value="0"/><int name="type" value="3"/><int name="cx" value="0"/><int name="cy" value="0"/><int name="a" value="255"/></imgdir><imgdir name="3"><string name="bS" value="event2"/><int name="front" value="0"/><int name="ani" value="0"/><int name="no" value="24"/><int name="f" value="0"/><int name="x" value="131"/><int name="y" value="-389"/><int name="rx" value="-70"/><int name="ry" value="-70"/><int name="type" value="1"/><int name="cx" value="1500"/><int name="cy" value="0"/><int name="a" value="255"/></imgdir><imgdir name="4"><string name="bS" value="event2"/><int name="front" value="0"/><int name="ani" value="0"/><int name="no" value="25"/><int name="f" value="0"/><int name="x" value="631"/><int name="y" value="-383"/><int name="rx" value="-70"/><int name="ry" value="-70"/><int name="type" value="1"/><int name="cx" value="1500"/><int name="cy" value="0"/><int name="a" value="255"/></imgdir><imgdir name="5"><string name="bS" value="event2"/><int name="front" value="0"/><int name="ani" value="0"/><int name="no" value="28"/><int name="f" value="0"/><int name="x" value="-994"/><int name="y" value="-385"/><int name="rx" value="-80"/><int name="ry" value="-80"/><int name="type" value="1"/><int name="cx" value="1794"/><int name="cy" value="0"/><int name="a" value="255"/></imgdir><imgdir name="7"><string name="bS" value="event2"/><int name="front" value="0"/><int name="ani" value="0"/><int name="no" value="30"/><int name="f" value="0"/><int name="x" value="484"/><int name="y" value="-791"/><int name="rx" value="1"/><int name="ry" value="-70"/><int name="type" value="4"/><int name="cx" value="1600"/><int name="cy" value="0"/><int name="a" value="255"/></imgdir><imgdir name="6"><string name="bS" value="event2"/><int name="front" value="0"/><int name="ani" value="0"/><int name="no" value="29"/><int name="f" value="0"/><int name="x" value="-316"/><int name="y" value="-781"/><int name="rx" value="1"/><int name="ry" value="-70"/><int name="type" value="4"/><int name="cx" value="1600"/><int name="cy" value="0"/><int name="a" value="255"/></imgdir><imgdir name="2"><string name="bS" value="folkvillige"/><int name="front" value="0"/><int name="ani" value="0"/><int name="no" value="4"/><int name="f" value="0"/><int name="x" value="-388"/><int name="y" value="73"/><int name="rx" value="0"/><int name="ry" value="0"/><int name="type" value="1"/><int name="cx" value="0"/><int name="cy" value="0"/><int name="a" value="255"/></imgdir><imgdir name="1"><string name="bS" value="event2"/><int name="front" value="0"/><int name="ani" value="0"/><int name="no" value="23"/><int name="f" value="0"/><int name="x" value="-375"/><int name="y" value="-383"/><int name="rx" value="-70"/><int name="ry" value="-70"/><int name="type" value="1"/><int name="cx" value="1500"/><int name="cy" value="0"/><int name="a" value="255"/></imgdir></imgdir><imgdir name="life"><imgdir name="0"><string name="type" value="n"/><string name="id" value="9000262"/><int name="x" value="-683"/><int name="y" value="-397"/><int name="mobTime" value="0"/><int name="f" value="1"/><int name="hide" value="0"/><int name="fh" value="4"/><int name="cy" value="-390"/><int name="rx0" value="-733"/><int name="rx1" value="-633"/></imgdir></imgdir><imgdir name="reactor"></imgdir><imgdir name="0"><imgdir name="info"></imgdir><imgdir name="tile"></imgdir><imgdir name="obj"></imgdir></imgdir><imgdir name="1"><imgdir name="info"><string name="tS" value="folkvillige"/><int name="tSMag" value="1"/></imgdir><imgdir name="tile"><imgdir name="0"><int name="x" value="-900"/><int name="y" value="-360"/><string name="u" value="edU"/><int name="no" value="2"/><int name="zM" value="0"/></imgdir><imgdir name="10"><int name="x" value="-810"/><int name="y" value="-360"/><string name="u" value="enH0"/><int name="no" value="2"/><int name="zM" value="0"/></imgdir><imgdir name="3"><int name="x" value="-900"/><int name="y" value="-360"/><string name="u" value="enH0"/><int name="no" value="1"/><int name="zM" value="0"/></imgdir><imgdir name="9"><int name="x" value="-720"/><int name="y" value="-360"/><string name="u" value="enH0"/><int name="no" value="1"/><int name="zM" value="0"/></imgdir><imgdir name="22"><int name="x" value="-540"/><int name="y" value="-360"/><string name="u" value="enH0"/><int name="no" value="0"/><int name="zM" value="0"/></imgdir><imgdir name="21"><int name="x" value="-450"/><int name="y" value="-360"/><string name="u" value="enH0"/><int name="no" value="2"/><int name="zM" value="0"/></imgdir><imgdir name="26"><int name="x" value="-270"/><int name="y" value="-360"/><string name="u" value="enH0"/><int name="no" value="2"/><int name="zM" value="0"/></imgdir><imgdir name="17"><int name="x" value="-180"/><int name="y" value="-360"/><string name="u" value="enH0"/><int name="no" value="1"/><int name="zM" value="0"/></imgdir><imgdir name="7"><int name="x" value="-630"/><int name="y" value="-360"/><string name="u" value="enH0"/><int name="no" value="2"/><int name="zM" value="0"/></imgdir><imgdir name="19"><int name="x" value="-360"/><int name="y" value="-360"/><string name="u" value="enH0"/><int name="no" value="2"/><int name="zM" value="0"/></imgdir><imgdir name="28"><int name="x" value="90"/><int name="y" value="-360"/><string name="u" value="enH0"/><int name="no" value="0"/><int name="zM" value="0"/></imgdir><imgdir name="13"><int name="x" value="0"/><int name="y" value="-360"/><string name="u" value="enH0"/><int name="no" value="2"/><int name="zM" value="0"/></imgdir><imgdir name="4"><int name="x" value="180"/><int name="y" value="-360"/><string name="u" value="enH0"/><int name="no" value="0"/><int name="zM" value="0"/></imgdir><imgdir name="15"><int name="x" value="-90"/><int name="y" value="-360"/><string name="u" value="enH0"/><int name="no" value="2"/><int name="zM" value="0"/></imgdir><imgdir name="30"><int name="x" value="270"/><int name="y" value="-360"/><string name="u" value="enH0"/><int name="no" value="1"/><int name="zM" value="0"/></imgdir><imgdir name="32"><int name="x" value="450"/><int name="y" value="-360"/><string name="u" value="edU"/><int name="no" value="1"/><int name="zM" value="0"/></imgdir><imgdir name="24"><int name="x" value="360"/><int name="y" value="-360"/><string name="u" value="enH0"/><int name="no" value="1"/><int name="zM" value="0"/></imgdir><imgdir name="34"><int name="x" value="-900"/><int name="y" value="-360"/><string name="u" value="enV0"/><int name="no" value="0"/><int name="zM" value="0"/></imgdir><imgdir name="36"><int name="x" value="-900"/><int name="y" value="-300"/><string name="u" value="enV0"/><int name="no" value="1"/><int name="zM" value="0"/></imgdir><imgdir name="2"><int name="x" value="-900"/><int name="y" value="-360"/><string name="u" value="bsc"/><int name="no" value="4"/><int name="zM" value="0"/></imgdir><imgdir name="11"><int name="x" value="-810"/><int name="y" value="-360"/><string name="u" value="bsc"/><int name="no" value="2"/><int name="zM" value="0"/></imgdir><imgdir name="8"><int name="x" value="-720"/><int name="y" value="-360"/><string name="u" value="bsc"/><int name="no" value="2"/><int name="zM" value="0"/></imgdir><imgdir name="6"><int name="x" value="-630"/><int name="y" value="-360"/><string name="u" value="bsc"/><int name="no" value="3"/><int name="zM" value="0"/></imgdir><imgdir name="23"><int name="x" value="-540"/><int name="y" value="-360"/><string name="u" value="bsc"/><int name="no" value="0"/><int name="zM" value="0"/></imgdir><imgdir name="20"><int name="x" value="-450"/><int name="y" value="-360"/><string name="u" value="bsc"/><int name="no" value="0"/><int name="zM" value="0"/></imgdir><imgdir name="18"><int name="x" value="-360"/><int name="y" value="-360"/><string name="u" value="bsc"/><int name="no" value="4"/><int name="zM" value="0"/></imgdir><imgdir name="54"><int name="x" value="-540"/><int name="y" value="-300"/><string name="u" value="bsc"/><int name="no" value="1"/><int name="zM" value="0"/></imgdir><imgdir name="40"><int name="x" value="-180"/><int name="y" value="-300"/><string name="u" value="bsc"/><int name="no" value="4"/><int name="zM" value="0"/></imgdir><imgdir name="46"><int name="x" value="-90"/><int name="y" value="-300"/><string name="u" value="bsc"/><int name="no" value="0"/><int name="zM" value="0"/></imgdir><imgdir name="52"><int name="x" value="-630"/><int name="y" value="-300"/><string name="u" value="bsc"/><int name="no" value="4"/><int name="zM" value="0"/></imgdir><imgdir name="1"><int name="x" value="-900"/><int name="y" value="-300"/><string name="u" value="bsc"/><int name="no" value="0"/><int name="zM" value="0"/></imgdir><imgdir name="50"><int name="x" value="-450"/><int name="y" value="-300"/><string name="u" value="bsc"/><int name="no" value="5"/><int name="zM" value="0"/></imgdir><imgdir name="51"><int name="x" value="-720"/><int name="y" value="-300"/><string name="u" value="bsc"/><int name="no" value="1"/><int name="zM" value="0"/></imgdir><imgdir name="39"><int name="x" value="-810"/><int name="y" value="-300"/><string name="u" value="bsc"/><int name="no" value="1"/><int name="zM" value="0"/></imgdir><imgdir name="55"><int name="x" value="-270"/><int name="y" value="-300"/><string name="u" value="bsc"/><int name="no" value="5"/><int name="zM" value="0"/></imgdir><imgdir name="38"><int name="x" value="-360"/><int name="y" value="-300"/><string name="u" value="bsc"/><int name="no" value="0"/><int name="zM" value="0"/></imgdir><imgdir name="42"><int name="x" value="90"/><int name="y" value="-300"/><string name="u" value="bsc"/><int name="no" value="1"/><int name="zM" value="0"/></imgdir><imgdir name="45"><int name="x" value="0"/><int name="y" value="-300"/><string name="u" value="bsc"/><int name="no" value="2"/><int name="zM" value="0"/></imgdir><imgdir name="27"><int name="x" value="-270"/><int name="y" value="-360"/><string name="u" value="bsc"/><int name="no" value="5"/><int name="zM" value="0"/></imgdir><imgdir name="16"><int name="x" value="-180"/><int name="y" value="-360"/><string name="u" value="bsc"/><int name="no" value="1"/><int name="zM" value="0"/></imgdir><imgdir name="14"><int name="x" value="-90"/><int name="y" value="-360"/><string name="u" value="bsc"/><int name="no" value="4"/><int name="zM" value="0"/></imgdir><imgdir name="12"><int name="x" value="0"/><int name="y" value="-360"/><string name="u" value="bsc"/><int name="no" value="2"/><int name="zM" value="0"/></imgdir><imgdir name="29"><int name="x" value="90"/><int name="y" value="-360"/><string name="u" value="bsc"/><int name="no" value="0"/><int name="zM" value="0"/></imgdir><imgdir name="25"><int name="x" value="360"/><int name="y" value="-360"/><string name="u" value="bsc"/><int name="no" value="4"/><int name="zM" value="0"/></imgdir><imgdir name="63"><int name="x" value="450"/><int name="y" value="-360"/><string name="u" value="enV1"/><int name="no" value="2"/><int name="zM" value="0"/></imgdir><imgdir name="31"><int name="x" value="270"/><int name="y" value="-360"/><string name="u" value="bsc"/><int name="no" value="0"/><int name="zM" value="0"/></imgdir><imgdir name="5"><int name="x" value="180"/><int name="y" value="-360"/><string name="u" value="bsc"/><int name="no" value="2"/><int name="zM" value="0"/></imgdir><imgdir name="64"><int name="x" value="450"/><int name="y" value="-300"/><string name="u" value="enV1"/><int name="no" value="2"/><int name="zM" value="0"/></imgdir><imgdir name="33"><int name="x" value="360"/><int name="y" value="-300"/><string name="u" value="bsc"/><int name="no" value="5"/><int name="zM" value="0"/></imgdir><imgdir name="65"><int name="x" value="270"/><int name="y" value="-300"/><string name="u" value="bsc"/><int name="no" value="4"/><int name="zM" value="0"/></imgdir><imgdir name="48"><int name="x" value="180"/><int name="y" value="-300"/><string name="u" value="bsc"/><int name="no" value="3"/><int name="zM" value="0"/></imgdir><imgdir name="71"><int name="x" value="-900"/><int name="y" value="-180"/><string name="u" value="edD"/><int name="no" value="3"/><int name="zM" value="0"/></imgdir><imgdir name="70"><int name="x" value="-900"/><int name="y" value="-240"/><string name="u" value="enV0"/><int name="no" value="0"/><int name="zM" value="0"/></imgdir><imgdir name="73"><int name="x" value="-900"/><int name="y" value="-180"/><string name="u" value="enH1"/><int name="no" value="2"/><int name="zM" value="0"/></imgdir><imgdir name="68"><int name="x" value="-810"/><int name="y" value="-180"/><string name="u" value="enH1"/><int name="no" value="0"/><int name="zM" value="0"/></imgdir><imgdir name="62"><int name="x" value="-810"/><int name="y" value="-240"/><string name="u" value="bsc"/><int name="no" value="1"/><int name="zM" value="0"/></imgdir><imgdir name="75"><int name="x" value="-720"/><int name="y" value="-180"/><string name="u" value="enH1"/><int name="no" value="1"/><int name="zM" value="0"/></imgdir><imgdir name="76"><int name="x" value="-630"/><int name="y" value="-180"/><string name="u" value="enH1"/><int name="no" value="2"/><int name="zM" value="0"/></imgdir><imgdir name="78"><int name="x" value="-540"/><int name="y" value="-180"/><string name="u" value="enH1"/><int name="no" value="2"/><int name="zM" value="0"/></imgdir><imgdir name="57"><int name="x" value="-900"/><int name="y" value="-240"/><string name="u" value="bsc"/><int name="no" value="0"/><int name="zM" value="0"/></imgdir><imgdir name="43"><int name="x" value="-630"/><int name="y" value="-240"/><string name="u" value="bsc"/><int name="no" value="3"/><int name="zM" value="0"/></imgdir><imgdir name="41"><int name="x" value="-450"/><int name="y" value="-240"/><string name="u" value="bsc"/><int name="no" value="2"/><int name="zM" value="0"/></imgdir><imgdir name="69"><int name="x" value="-450"/><int name="y" value="-180"/><string name="u" value="enH1"/><int name="no" value="1"/><int name="zM" value="0"/></imgdir><imgdir name="61"><int name="x" value="-540"/><int name="y" value="-240"/><string name="u" value="bsc"/><int name="no" value="4"/><int name="zM" value="0"/></imgdir><imgdir name="60"><int name="x" value="-720"/><int name="y" value="-240"/><string name="u" value="bsc"/><int name="no" value="3"/><int name="zM" value="0"/></imgdir><imgdir name="84"><int name="x" value="-180"/><int name="y" value="-180"/><string name="u" value="enH1"/><int name="no" value="2"/><int name="zM" value="0"/></imgdir><imgdir name="72"><int name="x" value="-360"/><int name="y" value="-180"/><string name="u" value="enH1"/><int name="no" value="1"/><int name="zM" value="0"/></imgdir><imgdir name="47"><int name="x" value="-360"/><int name="y" value="-240"/><string name="u" value="bsc"/><int name="no" value="0"/><int name="zM" value="0"/></imgdir><imgdir name="77"><int name="x" value="-270"/><int name="y" value="-180"/><string name="u" value="enH1"/><int name="no" value="1"/><int name="zM" value="0"/></imgdir><imgdir name="82"><int name="x" value="-90"/><int name="y" value="-180"/><string name="u" value="enH1"/><int name="no" value="1"/><int name="zM" value="0"/></imgdir><imgdir name="53"><int name="x" value="-90"/><int name="y" value="-240"/><string name="u" value="bsc"/><int name="no" value="1"/><int name="zM" value="0"/></imgdir><imgdir name="81"><int name="x" value="360"/><int name="y" value="-180"/><string name="u" value="enH1"/><int name="no" value="2"/><int name="zM" value="0"/></imgdir><imgdir name="56"><int name="x" value="180"/><int name="y" value="-240"/><string name="u" value="bsc"/><int name="no" value="1"/><int name="zM" value="0"/></imgdir><imgdir name="80"><int name="x" value="180"/><int name="y" value="-180"/><string name="u" value="enH1"/><int name="no" value="1"/><int name="zM" value="0"/></imgdir><imgdir name="66"><int name="x" value="270"/><int name="y" value="-240"/><string name="u" value="bsc"/><int name="no" value="2"/><int name="zM" value="0"/></imgdir><imgdir name="67"><int name="x" value="360"/><int name="y" value="-240"/><string name="u" value="bsc"/><int name="no" value="1"/><int name="zM" value="0"/></imgdir><imgdir name="49"><int name="x" value="450"/><int name="y" value="-240"/><string name="u" value="enV1"/><int name="no" value="0"/><int name="zM" value="0"/></imgdir><imgdir name="35"><int name="x" value="90"/><int name="y" value="-240"/><string name="u" value="bsc"/><int name="no" value="1"/><int name="zM" value="0"/></imgdir><imgdir name="59"><int name="x" value="-270"/><int name="y" value="-240"/><string name="u" value="bsc"/><int name="no" value="0"/><int name="zM" value="0"/></imgdir><imgdir name="58"><int name="x" value="0"/><int name="y" value="-240"/><string name="u" value="bsc"/><int name="no" value="2"/><int name="zM" value="0"/></imgdir><imgdir name="79"><int name="x" value="0"/><int name="y" value="-180"/><string name="u" value="enH1"/><int name="no" value="1"/><int name="zM" value="0"/></imgdir><imgdir name="37"><int name="x" value="450"/><int name="y" value="-180"/><string name="u" value="edD"/><int name="no" value="1"/><int name="zM" value="0"/></imgdir><imgdir name="44"><int name="x" value="-180"/><int name="y" value="-240"/><string name="u" value="bsc"/><int name="no" value="2"/><int name="zM" value="0"/></imgdir><imgdir name="74"><int name="x" value="270"/><int name="y" value="-180"/><string name="u" value="enH1"/><int name="no" value="2"/><int name="zM" value="0"/></imgdir><imgdir name="83"><int name="x" value="90"/><int name="y" value="-180"/><string name="u" value="enH1"/><int name="no" value="1"/><int name="zM" value="0"/></imgdir></imgdir><imgdir name="obj"><imgdir name="0"><string name="oS" value="event"/><string name="l0" value="2011newYear"/><string name="l1" value="homeTown"/><string name="l2" value="9"/><int name="x" value="-218"/><int name="y" value="-495"/><int name="z" value="11"/><int name="f" value="0"/><int name="zM" value="0"/><int name="r" value="0"/><int name="move" value="0"/><int name="dynamic" value="0"/><int name="piece" value="0"/></imgdir><imgdir name="1"><string name="oS" value="event"/><string name="l0" value="2011newYear"/><string name="l1" value="homeTown"/><string name="l2" value="8"/><int name="x" value="-184"/><int name="y" value="-820"/><int name="z" value="9"/><int name="f" value="0"/><int name="zM" value="0"/><int name="r" value="0"/><int name="move" value="0"/><int name="dynamic" value="0"/><int name="piece" value="3"/></imgdir><imgdir name="2"><string name="oS" value="event"/><string name="l0" value="2012Hangawi"/><string name="l1" value="play"/><string name="l2" value="0"/><int name="x" value="-241"/><int name="y" value="-681"/><int name="z" value="9"/><int name="f" value="0"/><int name="zM" value="0"/><int name="r" value="0"/><int name="move" value="0"/><int name="dynamic" value="0"/><int name="piece" value="4"/></imgdir></imgdir></imgdir><imgdir name="2"><imgdir name="info"></imgdir><imgdir name="tile"></imgdir><imgdir name="obj"></imgdir></imgdir><imgdir name="3"><imgdir name="info"></imgdir><imgdir name="tile"></imgdir><imgdir name="obj"></imgdir></imgdir><imgdir name="4"><imgdir name="info"></imgdir><imgdir name="tile"></imgdir><imgdir name="obj"></imgdir></imgdir><imgdir name="5"><imgdir name="info"></imgdir><imgdir name="tile"></imgdir><imgdir name="obj"></imgdir></imgdir><imgdir name="6"><imgdir name="info"></imgdir><imgdir name="tile"></imgdir><imgdir name="obj"></imgdir></imgdir><imgdir name="7"><imgdir name="info"></imgdir><imgdir name="tile"></imgdir><imgdir name="obj"></imgdir></imgdir><imgdir name="foothold"><imgdir name="1"><imgdir name="0"><imgdir name="1"><int name="x1" value="-540"/><int name="y1" value="-390"/><int name="x2" value="-450"/><int name="y2" value="-390"/><int name="prev" value="3"/><int name="next" value="2"/><int name="piece" value="-1"/></imgdir><imgdir name="2"><int name="x1" value="-450"/><int name="y1" value="-390"/><int name="x2" value="-360"/><int name="y2" value="-390"/><int name="prev" value="1"/><int name="next" value="8"/><int name="piece" value="-1"/></imgdir><imgdir name="3"><int name="x1" value="-630"/><int name="y1" value="-390"/><int name="x2" value="-540"/><int name="y2" value="-390"/><int name="prev" value="4"/><int name="next" value="1"/><int name="piece" value="-1"/></imgdir><imgdir name="4"><int name="x1" value="-720"/><int name="y1" value="-390"/><int name="x2" value="-630"/><int name="y2" value="-390"/><int name="prev" value="14"/><int name="next" value="3"/><int name="piece" value="-1"/></imgdir><imgdir name="5"><int name="x1" value="-270"/><int name="y1" value="-390"/><int name="x2" value="-180"/><int name="y2" value="-390"/><int name="prev" value="8"/><int name="next" value="6"/><int name="piece" value="-1"/></imgdir><imgdir name="6"><int name="x1" value="-180"/><int name="y1" value="-390"/><int name="x2" value="-90"/><int name="y2" value="-390"/><int name="prev" value="5"/><int name="next" value="7"/><int name="piece" value="-1"/></imgdir><imgdir name="7"><int name="x1" value="-90"/><int name="y1" value="-390"/><int name="x2" value="0"/><int name="y2" value="-390"/><int name="prev" value="6"/><int name="next" value="12"/><int name="piece" value="-1"/></imgdir><imgdir name="8"><int name="x1" value="-360"/><int name="y1" value="-390"/><int name="x2" value="-270"/><int name="y2" value="-390"/><int name="prev" value="2"/><int name="next" value="5"/><int name="piece" value="-1"/></imgdir><imgdir name="9"><int name="x1" value="90"/><int name="y1" value="-390"/><int name="x2" value="180"/><int name="y2" value="-390"/><int name="prev" value="12"/><int name="next" value="10"/><int name="piece" value="-1"/></imgdir><imgdir name="10"><int name="x1" value="180"/><int name="y1" value="-390"/><int name="x2" value="270"/><int name="y2" value="-390"/><int name="prev" value="9"/><int name="next" value="11"/><int name="piece" value="-1"/></imgdir><imgdir name="11"><int name="x1" value="270"/><int name="y1" value="-390"/><int name="x2" value="360"/><int name="y2" value="-390"/><int name="prev" value="10"/><int name="next" value="15"/><int name="piece" value="-1"/></imgdir><imgdir name="12"><int name="x1" value="0"/><int name="y1" value="-390"/><int name="x2" value="90"/><int name="y2" value="-390"/><int name="prev" value="7"/><int name="next" value="9"/><int name="piece" value="-1"/></imgdir><imgdir name="13"><int name="x1" value="-900"/><int name="y1" value="-390"/><int name="x2" value="-810"/><int name="y2" value="-390"/><int name="prev" value="0"/><int name="next" value="14"/><int name="piece" value="-1"/></imgdir><imgdir name="14"><int name="x1" value="-810"/><int name="y1" value="-390"/><int name="x2" value="-720"/><int name="y2" value="-390"/><int name="prev" value="13"/><int name="next" value="4"/><int name="piece" value="-1"/></imgdir><imgdir name="15"><int name="x1" value="360"/><int name="y1" value="-390"/><int name="x2" value="450"/><int name="y2" value="-390"/><int name="prev" value="11"/><int name="next" value="0"/><int name="piece" value="-1"/></imgdir><imgdir name="16"><int name="x1" value="-833"/><int name="y1" value="-630"/><int name="x2" value="-817"/><int name="y2" value="-629"/><int name="prev" value="0"/><int name="next" value="17"/><int name="piece" value="0"/></imgdir><imgdir name="17"><int name="x1" value="-817"/><int name="y1" value="-629"/><int name="x2" value="-783"/><int name="y2" value="-607"/><int name="prev" value="16"/><int name="next" value="18"/><int name="piece" value="0"/></imgdir><imgdir name="18"><int name="x1" value="-783"/><int name="y1" value="-607"/><int name="x2" value="-740"/><int name="y2" value="-595"/><int name="prev" value="17"/><int name="next" value="19"/><int name="piece" value="0"/></imgdir><imgdir name="19"><int name="x1" value="-740"/><int name="y1" value="-595"/><int name="x2" value="-708"/><int name="y2" value="-596"/><int name="prev" value="18"/><int name="next" value="20"/><int name="piece" value="0"/></imgdir><imgdir name="20"><int name="x1" value="-708"/><int name="y1" value="-596"/><int name="x2" value="-692"/><int name="y2" value="-596"/><int name="prev" value="19"/><int name="next" value="0"/><int name="piece" value="0"/></imgdir><imgdir name="21"><int name="x1" value="-799"/><int name="y1" value="-570"/><int name="x2" value="-761"/><int name="y2" value="-562"/><int name="prev" value="0"/><int name="next" value="22"/><int name="piece" value="0"/></imgdir><imgdir name="22"><int name="x1" value="-761"/><int name="y1" value="-562"/><int name="x2" value="-710"/><int name="y2" value="-554"/><int name="prev" value="21"/><int name="next" value="23"/><int name="piece" value="0"/></imgdir><imgdir name="23"><int name="x1" value="-710"/><int name="y1" value="-554"/><int name="x2" value="-674"/><int name="y2" value="-554"/><int name="prev" value="22"/><int name="next" value="0"/><int name="piece" value="0"/></imgdir><imgdir name="24"><int name="x1" value="-887"/><int name="y1" value="-513"/><int name="x2" value="-852"/><int name="y2" value="-504"/><int name="prev" value="0"/><int name="next" value="25"/><int name="piece" value="0"/></imgdir><imgdir name="25"><int name="x1" value="-852"/><int name="y1" value="-504"/><int name="x2" value="-800"/><int name="y2" value="-503"/><int name="prev" value="24"/><int name="next" value="0"/><int name="piece" value="0"/></imgdir><imgdir name="26"><int name="x1" value="-692"/><int name="y1" value="-498"/><int name="x2" value="-643"/><int name="y2" value="-491"/><int name="prev" value="0"/><int name="next" value="27"/><int name="piece" value="0"/></imgdir><imgdir name="27"><int name="x1" value="-643"/><int name="y1" value="-491"/><int name="x2" value="-613"/><int name="y2" value="-491"/><int name="prev" value="26"/><int name="next" value="0"/><int name="piece" value="0"/></imgdir><imgdir name="28"><int name="x1" value="147"/><int name="y1" value="-493"/><int name="x2" value="442"/><int name="y2" value="-512"/><int name="prev" value="0"/><int name="next" value="0"/><int name="piece" value="0"/></imgdir><imgdir name="29"><int name="x1" value="182"/><int name="y1" value="-405"/><int name="x2" value="397"/><int name="y2" value="-405"/><int name="prev" value="0"/><int name="next" value="0"/><int name="piece" value="1"/></imgdir><imgdir name="30"><int name="x1" value="-531"/><int name="y1" value="-762"/><int name="x2" value="-479"/><int name="y2" value="-747"/><int name="prev" value="0"/><int name="next" value="31"/><int name="piece" value="8"/></imgdir><imgdir name="31"><int name="x1" value="-479"/><int name="y1" value="-747"/><int name="x2" value="-396"/><int name="y2" value="-734"/><int name="prev" value="30"/><int name="next" value="32"/><int name="piece" value="8"/></imgdir><imgdir name="32"><int name="x1" value="-396"/><int name="y1" value="-734"/><int name="x2" value="-288"/><int name="y2" value="-730"/><int name="prev" value="31"/><int name="next" value="33"/><int name="piece" value="8"/></imgdir><imgdir name="33"><int name="x1" value="-288"/><int name="y1" value="-730"/><int name="x2" value="-167"/><int name="y2" value="-730"/><int name="prev" value="32"/><int name="next" value="34"/><int name="piece" value="8"/></imgdir><imgdir name="34"><int name="x1" value="-167"/><int name="y1" value="-730"/><int name="x2" value="-67"/><int name="y2" value="-731"/><int name="prev" value="33"/><int name="next" value="35"/><int name="piece" value="8"/></imgdir><imgdir name="35"><int name="x1" value="-67"/><int name="y1" value="-731"/><int name="x2" value="-22"/><int name="y2" value="-738"/><int name="prev" value="34"/><int name="next" value="36"/><int name="piece" value="8"/></imgdir><imgdir name="36"><int name="x1" value="-22"/><int name="y1" value="-738"/><int name="x2" value="31"/><int name="y2" value="-790"/><int name="prev" value="35"/><int name="next" value="37"/><int name="piece" value="8"/></imgdir><imgdir name="37"><int name="x1" value="31"/><int name="y1" value="-790"/><int name="x2" value="51"/><int name="y2" value="-805"/><int name="prev" value="36"/><int name="next" value="38"/><int name="piece" value="8"/></imgdir><imgdir name="38"><int name="x1" value="51"/><int name="y1" value="-805"/><int name="x2" value="70"/><int name="y2" value="-804"/><int name="prev" value="37"/><int name="next" value="39"/><int name="piece" value="8"/></imgdir><imgdir name="39"><int name="x1" value="70"/><int name="y1" value="-804"/><int name="x2" value="83"/><int name="y2" value="-794"/><int name="prev" value="38"/><int name="next" value="0"/><int name="piece" value="8"/></imgdir><imgdir name="40"><int name="x1" value="-614"/><int name="y1" value="-659"/><int name="x2" value="-510"/><int name="y2" value="-645"/><int name="prev" value="0"/><int name="next" value="41"/><int name="piece" value="8"/></imgdir><imgdir name="41"><int name="x1" value="-510"/><int name="y1" value="-645"/><int name="x2" value="-356"/><int name="y2" value="-637"/><int name="prev" value="40"/><int name="next" value="42"/><int name="piece" value="8"/></imgdir><imgdir name="42"><int name="x1" value="-356"/><int name="y1" value="-637"/><int name="x2" value="-209"/><int name="y2" value="-637"/><int name="prev" value="41"/><int name="next" value="43"/><int name="piece" value="8"/></imgdir><imgdir name="43"><int name="x1" value="-209"/><int name="y1" value="-637"/><int name="x2" value="-113"/><int name="y2" value="-644"/><int name="prev" value="42"/><int name="next" value="44"/><int name="piece" value="8"/></imgdir><imgdir name="44"><int name="x1" value="-113"/><int name="y1" value="-644"/><int name="x2" value="-85"/><int name="y2" value="-677"/><int name="prev" value="43"/><int name="next" value="45"/><int name="piece" value="8"/></imgdir><imgdir name="45"><int name="x1" value="-85"/><int name="y1" value="-677"/><int name="x2" value="-57"/><int name="y2" value="-689"/><int name="prev" value="44"/><int name="next" value="46"/><int name="piece" value="8"/></imgdir><imgdir name="46"><int name="x1" value="-57"/><int name="y1" value="-689"/><int name="x2" value="-5"/><int name="y2" value="-673"/><int name="prev" value="45"/><int name="next" value="47"/><int name="piece" value="8"/></imgdir><imgdir name="47"><int name="x1" value="-5"/><int name="y1" value="-673"/><int name="x2" value="65"/><int name="y2" value="-663"/><int name="prev" value="46"/><int name="next" value="48"/><int name="piece" value="8"/></imgdir><imgdir name="48"><int name="x1" value="65"/><int name="y1" value="-663"/><int name="x2" value="123"/><int name="y2" value="-673"/><int name="prev" value="47"/><int name="next" value="49"/><int name="piece" value="8"/></imgdir><imgdir name="49"><int name="x1" value="123"/><int name="y1" value="-673"/><int name="x2" value="165"/><int name="y2" value="-684"/><int name="prev" value="48"/><int name="next" value="0"/><int name="piece" value="8"/></imgdir><imgdir name="50"><int name="x1" value="-573"/><int name="y1" value="-477"/><int name="x2" value="-79"/><int name="y2" value="-475"/><int name="prev" value="0"/><int name="next" value="51"/><int name="piece" value="8"/></imgdir><imgdir name="51"><int name="x1" value="-79"/><int name="y1" value="-475"/><int name="x2" value="-31"/><int name="y2" value="-480"/><int name="prev" value="50"/><int name="next" value="52"/><int name="piece" value="8"/></imgdir><imgdir name="52"><int name="x1" value="-31"/><int name="y1" value="-480"/><int name="x2" value="129"/><int name="y2" value="-479"/><int name="prev" value="51"/><int name="next" value="0"/><int name="piece" value="8"/></imgdir><imgdir name="53"><int name="x1" value="-341"/><int name="y1" value="-448"/><int name="x2" value="-268"/><int name="y2" value="-446"/><int name="prev" value="0"/><int name="next" value="0"/><int name="piece" value="8"/></imgdir><imgdir name="54"><int name="x1" value="-205"/><int name="y1" value="-448"/><int name="x2" value="-139"/><int name="y2" value="-447"/><int name="prev" value="0"/><int name="next" value="0"/><int name="piece" value="8"/></imgdir><imgdir name="55"><int name="x1" value="-580"/><int name="y1" value="-435"/><int name="x2" value="-298"/><int name="y2" value="-432"/><int name="prev" value="0"/><int name="next" value="56"/><int name="piece" value="8"/></imgdir><imgdir name="56"><int name="x1" value="-298"/><int name="y1" value="-432"/><int name="x2" value="-55"/><int name="y2" value="-430"/><int name="prev" value="55"/><int name="next" value="0"/><int name="piece" value="8"/></imgdir><imgdir name="57"><int name="x1" value="-347"/><int name="y1" value="-422"/><int name="x2" value="-153"/><int name="y2" value="-421"/><int name="prev" value="0"/><int name="next" value="0"/><int name="piece" value="8"/></imgdir><imgdir name="58"><int name="x1" value="-360"/><int name="y1" value="-408"/><int name="x2" value="-139"/><int name="y2" value="-408"/><int name="prev" value="0"/><int name="next" value="0"/><int name="piece" value="8"/></imgdir><imgdir name="59"><int name="x1" value="-539"/><int name="y1" value="-502"/><int name="x2" value="-386"/><int name="y2" value="-502"/><int name="prev" value="0"/><int name="next" value="0"/><int name="piece" value="8"/></imgdir><imgdir name="60"><int name="x1" value="-541"/><int name="y1" value="-569"/><int name="x2" value="-389"/><int name="y2" value="-569"/><int name="prev" value="0"/><int name="next" value="0"/><int name="piece" value="8"/></imgdir><imgdir name="61"><int name="x1" value="-17"/><int name="y1" value="-515"/><int name="x2" value="103"/><int name="y2" value="-515"/><int name="prev" value="0"/><int name="next" value="0"/><int name="piece" value="8"/></imgdir><imgdir name="62"><int name="x1" value="3"/><int name="y1" value="-593"/><int name="x2" value="86"/><int name="y2" value="-592"/><int name="prev" value="0"/><int name="next" value="0"/><int name="piece" value="8"/></imgdir></imgdir></imgdir></imgdir><imgdir name="ladderRope"></imgdir><imgdir name="miniMap"><canvas name="canvas" width="1" height="1"><string name="_hash" value="50ee09de0614220d09b4b4cc8777fdbc98e008805f1bffa18537dd432289ab06"/><string name="_outlink" value="Map/Map/Map9/910029400.img/miniMap/canvas"/></canvas><int name="width" value="1548"/><int name="height" value="1036"/><int name="centerX" value="1004"/><int name="centerY" value="1123"/><int name="mag" value="4"/></imgdir><imgdir name="portal"><imgdir name="0"><string name="pn" value="sp"/><int name="pt" value="0"/><int name="x" value="-277"/><int name="y" value="-404"/><int name="tm" value="999999999"/><string name="tn" value=""/><int name="horizontalImpact" value="0"/></imgdir></imgdir></imgdir>