<?xml version="1.0" encoding="UTF-8" standalone="yes"?><imgdir name="910027904.img"><imgdir name="info"><int name="version" value="10"/><int name="cloud" value="0"/><int name="town" value="1"/><int name="swim" value="0"/><int name="returnMap" value="910027904"/><int name="forcedReturn" value="999999999"/><float name="mobRate" value="1.0"/><string name="bgm" value="BgmEvent/halloweenracing"/><string name="mapMark" value="Event"/><int name="fly" value="0"/><int name="noMapCmd" value="0"/><int name="hideMinimap" value="1"/><int name="fieldLimit" value="277111548"/><string name="onFirstUserEnter" value=""/><string name="onUserEnter" value=""/><int name="standAlone" value="0"/><int name="partyStandAlone" value="0"/><int name="VRTop" value="-1000"/><int name="VRLeft" value="-900"/><int name="VRBottom" value="-200"/><int name="VRRight" value="596"/><string name="fieldScript" value=""/><string name="link" value="910027700"/></imgdir></imgdir>