<?xml version="1.0" encoding="UTF-8" standalone="yes"?><imgdir name="910046200.img"><imgdir name="info"><int name="version" value="10"/><int name="cloud" value="0"/><int name="town" value="0"/><int name="swim" value="0"/><int name="returnMap" value="910046200"/><int name="forcedReturn" value="910046200"/><float name="mobRate" value="1.0"/><string name="bgm" value="Bgm18/WolfAndSheep"/><string name="mapMark" value="mCardMatch"/><int name="fly" value="0"/><int name="noMapCmd" value="0"/><int name="hideMinimap" value="1"/><int name="fieldLimit" value="335913980"/><string name="onFirstUserEnter" value=""/><string name="onUserEnter" value=""/><int name="VRTop" value="-500"/><int name="VRLeft" value="-710"/><int name="VRBottom" value="345"/><int name="VRRight" value="710"/><int name="standAlone" value="0"/><int name="partyStandAlone" value="0"/><string name="fieldScript" value=""/><string name="link" value="910046000"/></imgdir></imgdir>