<?xml version="1.0" encoding="UTF-8" standalone="yes"?><imgdir name="910090211.img"><imgdir name="info"><int name="version" value="10"/><int name="cloud" value="0"/><int name="town" value="0"/><int name="returnMap" value="910090211"/><float name="mobRate" value="0.9999982"/><string name="bgm" value="Bgm00/RestNPeace"/><string name="mapDesc" value=""/><int name="forcedReturn" value="999999999"/><int name="hideMinimap" value="0"/><int name="moveLimit" value="0"/><string name="mapMark" value="Henesys"/><int name="swim" value="0"/><int name="fly" value="0"/><int name="noMapCmd" value="0"/><int name="fieldLimit" value="33825528"/><string name="onFirstUserEnter" value=""/><string name="onUserEnter" value="enter_910090211"/><int name="standAlone" value="1"/><int name="partyStandAlone" value="0"/><string name="fieldScript" value=""/><int name="noChair" value="1"/><string name="link" value="910090210"/></imgdir></imgdir>