<?xml version="1.0" encoding="UTF-8" standalone="yes"?><imgdir name="910070000.img"><imgdir name="info"><int name="version" value="10"/><int name="cloud" value="0"/><int name="town" value="0"/><int name="returnMap" value="100000000"/><float name="mobRate" value="1.599998"/><string name="bgm" value="Bgm00/RestNPeace"/><string name="mapDesc" value=""/><int name="forcedReturn" value="100000000"/><string name="mapMark" value="Henesys"/><int name="hideMinimap" value="0"/><int name="fieldLimit" value="8920"/><int name="swim" value="0"/><int name="fly" value="0"/><int name="noMapCmd" value="0"/><string name="fieldScript" value=""/><string name="onFirstUserEnter" value=""/><string name="onUserEnter" value=""/><int name="standAlone" value="0"/><int name="partyStandAlone" value="0"/><int name="quarterView" value="0"/></imgdir><imgdir name="back"><imgdir name="0"><int name="no" value="0"/><int name="x" value="-48"/><int name="y" value="-109"/><int name="rx" value="0"/><int name="ry" value="0"/><int name="type" value="1"/><int name="cx" value="0"/><int name="cy" value="0"/><string name="bS" value="grassySoil_new"/><int name="a" value="255"/><int name="front" value="0"/><int name="ani" value="0"/><int name="f" value="0"/></imgdir><imgdir name="1"><string name="bS" value="grassySoil_new"/><int name="front" value="0"/><int name="ani" value="0"/><int name="no" value="3"/><int name="f" value="0"/><int name="x" value="-255"/><int name="y" value="-111"/><int name="rx" value="-1"/><int name="ry" value="-2"/><int name="type" value="4"/><int name="cx" value="0"/><int name="cy" value="0"/><int name="a" value="255"/></imgdir><imgdir name="2"><string name="bS" value="grassySoil_new"/><int name="front" value="0"/><int name="ani" value="0"/><int name="no" value="5"/><int name="f" value="0"/><int name="x" value="-12"/><int name="y" value="-56"/><int name="rx" value="-5"/><int name="ry" value="-5"/><int name="type" value="1"/><int name="cx" value="0"/><int name="cy" value="0"/><int name="a" value="255"/></imgdir><imgdir name="3"><string name="bS" value="grassySoil_new"/><int name="front" value="0"/><int name="ani" value="0"/><int name="no" value="6"/><int name="f" value="0"/><int name="x" value="-64"/><int name="y" value="-30"/><int name="rx" value="-10"/><int name="ry" value="-12"/><int name="type" value="1"/><int name="cx" value="0"/><int name="cy" value="0"/><int name="a" value="255"/></imgdir><imgdir name="4"><string name="bS" value="grassySoil_new"/><int name="front" value="0"/><int name="ani" value="0"/><int name="no" value="7"/><int name="f" value="0"/><int name="x" value="-288"/><int name="y" value="76"/><int name="rx" value="-10"/><int name="ry" value="-12"/><int name="type" value="1"/><int name="cx" value="0"/><int name="cy" value="0"/><int name="a" value="255"/></imgdir><imgdir name="5"><string name="bS" value="grassySoil_new"/><int name="front" value="0"/><int name="ani" value="0"/><int name="no" value="7"/><int name="f" value="0"/><int name="x" value="0"/><int name="y" value="87"/><int name="rx" value="-10"/><int name="ry" value="-12"/><int name="type" value="1"/><int name="cx" value="0"/><int name="cy" value="0"/><int name="a" value="255"/></imgdir><imgdir name="6"><string name="bS" value="grassySoil_new"/><int name="front" value="0"/><int name="ani" value="0"/><int name="no" value="8"/><int name="f" value="0"/><int name="x" value="-68"/><int name="y" value="-69"/><int name="rx" value="-2"/><int name="ry" value="-10"/><int name="type" value="4"/><int name="cx" value="0"/><int name="cy" value="0"/><int name="a" value="255"/></imgdir><imgdir name="7"><string name="bS" value="grassySoil_new"/><int name="front" value="0"/><int name="ani" value="0"/><int name="no" value="9"/><int name="f" value="0"/><int name="x" value="-341"/><int name="y" value="12"/><int name="rx" value="-12"/><int name="ry" value="-15"/><int name="type" value="1"/><int name="cx" value="1200"/><int name="cy" value="0"/><int name="a" value="255"/></imgdir><imgdir name="8"><string name="bS" value="grassySoil_new"/><int name="front" value="0"/><int name="ani" value="0"/><int name="no" value="10"/><int name="f" value="0"/><int name="x" value="130"/><int name="y" value="-56"/><int name="rx" value="-12"/><int name="ry" value="-15"/><int name="type" value="1"/><int name="cx" value="1200"/><int name="cy" value="0"/><int name="a" value="255"/></imgdir><imgdir name="9"><string name="bS" value="grassySoil_new"/><int name="front" value="0"/><int name="ani" value="0"/><int name="no" value="12"/><int name="f" value="0"/><int name="x" value="-21"/><int name="y" value="260"/><int name="rx" value="-15"/><int name="ry" value="-15"/><int name="type" value="1"/><int name="cx" value="0"/><int name="cy" value="0"/><int name="a" value="255"/></imgdir><imgdir name="10"><string name="bS" value="grassySoil_new"/><int name="front" value="0"/><int name="ani" value="0"/><int name="no" value="15"/><int name="f" value="0"/><int name="x" value="-654"/><int name="y" value="201"/><int name="rx" value="-15"/><int name="ry" value="-15"/><int name="type" value="1"/><int name="cx" value="2000"/><int name="cy" value="0"/><int name="a" value="255"/></imgdir><imgdir name="11"><string name="bS" value="grassySoil_new"/><int name="front" value="0"/><int name="ani" value="0"/><int name="no" value="16"/><int name="f" value="0"/><int name="x" value="14"/><int name="y" value="133"/><int name="rx" value="-15"/><int name="ry" value="-15"/><int name="type" value="1"/><int name="cx" value="2000"/><int name="cy" value="0"/><int name="a" value="255"/></imgdir><imgdir name="12"><string name="bS" value="grassySoil_new"/><int name="front" value="0"/><int name="ani" value="0"/><int name="no" value="17"/><int name="f" value="0"/><int name="x" value="514"/><int name="y" value="99"/><int name="rx" value="-15"/><int name="ry" value="-15"/><int name="type" value="1"/><int name="cx" value="2000"/><int name="cy" value="0"/><int name="a" value="255"/></imgdir><imgdir name="13"><string name="bS" value="grassySoil_new"/><int name="front" value="0"/><int name="ani" value="0"/><int name="no" value="18"/><int name="f" value="0"/><int name="x" value="1014"/><int name="y" value="123"/><int name="rx" value="-15"/><int name="ry" value="-15"/><int name="type" value="1"/><int name="cx" value="2000"/><int name="cy" value="0"/><int name="a" value="255"/></imgdir></imgdir><imgdir name="life"><imgdir name="13"><string name="type" value="m"/><string name="id" value="9000201"/><int name="x" value="618"/><int name="y" value="1123"/><int name="mobTime" value="0"/><int name="f" value="0"/><int name="fh" value="1"/><int name="cy" value="1145"/><int name="rx0" value="-115"/><int name="rx1" value="1375"/></imgdir><imgdir name="12"><string name="type" value="m"/><string name="id" value="9000201"/><int name="x" value="89"/><int name="y" value="942"/><int name="mobTime" value="0"/><int name="f" value="0"/><int name="fh" value="27"/><int name="cy" value="959"/><int name="rx0" value="-115"/><int name="rx1" value="1375"/></imgdir><imgdir name="11"><string name="type" value="m"/><string name="id" value="9000201"/><int name="x" value="665"/><int name="y" value="803"/><int name="mobTime" value="0"/><int name="f" value="0"/><int name="fh" value="77"/><int name="cy" value="820"/><int name="rx0" value="-115"/><int name="rx1" value="1375"/></imgdir><imgdir name="10"><string name="type" value="m"/><string name="id" value="9000201"/><int name="x" value="791"/><int name="y" value="787"/><int name="mobTime" value="0"/><int name="f" value="0"/><int name="fh" value="81"/><int name="cy" value="816"/><int name="rx0" value="-115"/><int name="rx1" value="1375"/></imgdir><imgdir name="9"><string name="type" value="m"/><string name="id" value="9000201"/><int name="x" value="963"/><int name="y" value="936"/><int name="mobTime" value="0"/><int name="f" value="0"/><int name="fh" value="56"/><int name="cy" value="958"/><int name="rx0" value="-115"/><int name="rx1" value="1375"/></imgdir><imgdir name="8"><string name="type" value="m"/><string name="id" value="9000201"/><int name="x" value="774"/><int name="y" value="946"/><int name="mobTime" value="0"/><int name="f" value="0"/><int name="fh" value="47"/><int name="cy" value="956"/><int name="rx0" value="-115"/><int name="rx1" value="1375"/></imgdir><imgdir name="7"><string name="type" value="m"/><string name="id" value="9000201"/><int name="x" value="31"/><int name="y" value="1132"/><int name="mobTime" value="0"/><int name="f" value="0"/><int name="fh" value="14"/><int name="cy" value="1145"/><int name="rx0" value="-115"/><int name="rx1" value="1375"/></imgdir><imgdir name="6"><string name="type" value="m"/><string name="id" value="9000201"/><int name="x" value="427"/><int name="y" value="1123"/><int name="mobTime" value="0"/><int name="f" value="0"/><int name="fh" value="3"/><int name="cy" value="1145"/><int name="rx0" value="-115"/><int name="rx1" value="1375"/></imgdir><imgdir name="5"><string name="type" value="m"/><string name="id" value="9000201"/><int name="x" value="995"/><int name="y" value="1127"/><int name="mobTime" value="0"/><int name="f" value="0"/><int name="fh" value="10"/><int name="cy" value="1145"/><int name="rx0" value="-115"/><int name="rx1" value="1375"/></imgdir><imgdir name="4"><string name="type" value="m"/><string name="id" value="9000201"/><int name="x" value="610"/><int name="y" value="933"/><int name="mobTime" value="0"/><int name="f" value="0"/><int name="fh" value="43"/><int name="cy" value="957"/><int name="rx0" value="-115"/><int name="rx1" value="1375"/></imgdir><imgdir name="3"><string name="type" value="m"/><string name="id" value="9000201"/><int name="x" value="576"/><int name="y" value="608"/><int name="mobTime" value="0"/><int name="f" value="0"/><int name="fh" value="97"/><int name="cy" value="644"/><int name="rx0" value="363"/><int name="rx1" value="790"/></imgdir><imgdir name="2"><string name="type" value="m"/><string name="id" value="9000201"/><int name="x" value="520"/><int name="y" value="798"/><int name="mobTime" value="0"/><int name="f" value="0"/><int name="fh" value="74"/><int name="cy" value="817"/><int name="rx0" value="-115"/><int name="rx1" value="1375"/></imgdir><imgdir name="1"><string name="type" value="m"/><string name="id" value="9000201"/><int name="x" value="410"/><int name="y" value="807"/><int name="mobTime" value="0"/><int name="f" value="0"/><int name="fh" value="65"/><int name="cy" value="822"/><int name="rx0" value="-115"/><int name="rx1" value="1375"/></imgdir><imgdir name="0"><string name="type" value="m"/><string name="id" value="9000201"/><int name="x" value="486"/><int name="y" value="941"/><int name="mobTime" value="0"/><int name="f" value="0"/><int name="fh" value="41"/><int name="cy" value="960"/><int name="rx0" value="-115"/><int name="rx1" value="1375"/></imgdir><imgdir name="14"><string name="type" value="m"/><string name="id" value="9000201"/><int name="x" value="443"/><int name="y" value="616"/><int name="mobTime" value="0"/><int name="f" value="0"/><int name="fh" value="97"/><int name="cy" value="644"/><int name="rx0" value="363"/><int name="rx1" value="790"/></imgdir><imgdir name="15"><string name="type" value="m"/><string name="id" value="9000201"/><int name="x" value="227"/><int name="y" value="1126"/><int name="mobTime" value="0"/><int name="f" value="0"/><int name="hide" value="0"/><int name="fh" value="2"/><int name="cy" value="1145"/><int name="rx0" value="-115"/><int name="rx1" value="1375"/></imgdir><imgdir name="16"><string name="type" value="m"/><string name="id" value="9000201"/><int name="x" value="813"/><int name="y" value="1135"/><int name="mobTime" value="0"/><int name="f" value="0"/><int name="hide" value="0"/><int name="fh" value="9"/><int name="cy" value="1145"/><int name="rx0" value="-115"/><int name="rx1" value="1375"/></imgdir><imgdir name="17"><string name="type" value="m"/><string name="id" value="9000201"/><int name="x" value="1195"/><int name="y" value="1133"/><int name="mobTime" value="0"/><int name="f" value="0"/><int name="hide" value="0"/><int name="fh" value="12"/><int name="cy" value="1145"/><int name="rx0" value="-115"/><int name="rx1" value="1375"/></imgdir><imgdir name="18"><string name="type" value="m"/><string name="id" value="9000201"/><int name="x" value="286"/><int name="y" value="943"/><int name="mobTime" value="0"/><int name="f" value="0"/><int name="hide" value="0"/><int name="fh" value="29"/><int name="cy" value="956"/><int name="rx0" value="-115"/><int name="rx1" value="1375"/></imgdir><imgdir name="19"><string name="type" value="m"/><string name="id" value="9000201"/><int name="x" value="673"/><int name="y" value="627"/><int name="mobTime" value="0"/><int name="f" value="0"/><int name="hide" value="0"/><int name="fh" value="99"/><int name="cy" value="641"/><int name="rx0" value="363"/><int name="rx1" value="790"/></imgdir></imgdir><imgdir name="0"><imgdir name="info"></imgdir><imgdir name="tile"></imgdir><imgdir name="obj"></imgdir></imgdir><imgdir name="1"><imgdir name="info"></imgdir><imgdir name="tile"></imgdir><imgdir name="obj"><imgdir name="0"><string name="oS" value="acc1"/><string name="l0" value="grassySoil"/><string name="l1" value="golem"/><string name="l2" value="9"/><int name="x" value="670"/><int name="y" value="574"/><int name="z" value="9"/><int name="f" value="0"/><int name="zM" value="18"/><int name="r" value="0"/><int name="move" value="0"/><int name="dynamic" value="0"/><int name="piece" value="0"/></imgdir><imgdir name="1"><string name="oS" value="acc1"/><string name="l0" value="grassySoil"/><string name="l1" value="golem"/><string name="l2" value="10"/><int name="x" value="567"/><int name="y" value="572"/><int name="z" value="7"/><int name="f" value="0"/><int name="zM" value="18"/><int name="r" value="0"/><int name="move" value="0"/><int name="dynamic" value="0"/><int name="piece" value="1"/></imgdir></imgdir></imgdir><imgdir name="2"><imgdir name="info"><string name="tS" value="grassySoil"/><int name="tSMag" value="1"/></imgdir><imgdir name="tile"><imgdir name="8"><int name="x" value="315"/><int name="y" value="1170"/><string name="u" value="enH0"/><int name="no" value="3"/><int name="zM" value="0"/></imgdir><imgdir name="5"><int name="x" value="405"/><int name="y" value="1170"/><string name="u" value="enH0"/><int name="no" value="3"/><int name="zM" value="0"/></imgdir><imgdir name="7"><int name="x" value="495"/><int name="y" value="1170"/><string name="u" value="enH0"/><int name="no" value="2"/><int name="zM" value="0"/></imgdir><imgdir name="3"><int name="x" value="225"/><int name="y" value="1170"/><string name="u" value="enH0"/><int name="no" value="1"/><int name="zM" value="0"/></imgdir><imgdir name="11"><int name="x" value="135"/><int name="y" value="1170"/><string name="u" value="enH0"/><int name="no" value="3"/><int name="zM" value="0"/></imgdir><imgdir name="10"><int name="x" value="135"/><int name="y" value="1170"/><string name="u" value="bsc"/><int name="no" value="3"/><int name="zM" value="0"/></imgdir><imgdir name="17"><int name="x" value="135"/><int name="y" value="1230"/><string name="u" value="bsc"/><int name="no" value="3"/><int name="zM" value="0"/></imgdir><imgdir name="9"><int name="x" value="315"/><int name="y" value="1170"/><string name="u" value="bsc"/><int name="no" value="3"/><int name="zM" value="0"/></imgdir><imgdir name="24"><int name="x" value="225"/><int name="y" value="1230"/><string name="u" value="bsc"/><int name="no" value="2"/><int name="zM" value="0"/></imgdir><imgdir name="2"><int name="x" value="225"/><int name="y" value="1170"/><string name="u" value="bsc"/><int name="no" value="0"/><int name="zM" value="0"/></imgdir><imgdir name="20"><int name="x" value="135"/><int name="y" value="1290"/><string name="u" value="bsc"/><int name="no" value="4"/><int name="zM" value="0"/></imgdir><imgdir name="27"><int name="x" value="135"/><int name="y" value="1350"/><string name="u" value="enH1"/><int name="no" value="2"/><int name="zM" value="0"/></imgdir><imgdir name="18"><int name="x" value="225"/><int name="y" value="1350"/><string name="u" value="enH1"/><int name="no" value="3"/><int name="zM" value="0"/></imgdir><imgdir name="19"><int name="x" value="225"/><int name="y" value="1290"/><string name="u" value="bsc"/><int name="no" value="4"/><int name="zM" value="0"/></imgdir><imgdir name="16"><int name="x" value="315"/><int name="y" value="1290"/><string name="u" value="bsc"/><int name="no" value="4"/><int name="zM" value="0"/></imgdir><imgdir name="30"><int name="x" value="405"/><int name="y" value="1350"/><string name="u" value="enH1"/><int name="no" value="2"/><int name="zM" value="0"/></imgdir><imgdir name="31"><int name="x" value="315"/><int name="y" value="1350"/><string name="u" value="enH1"/><int name="no" value="1"/><int name="zM" value="0"/></imgdir><imgdir name="21"><int name="x" value="315"/><int name="y" value="1230"/><string name="u" value="bsc"/><int name="no" value="4"/><int name="zM" value="0"/></imgdir><imgdir name="23"><int name="x" value="405"/><int name="y" value="1290"/><string name="u" value="bsc"/><int name="no" value="0"/><int name="zM" value="0"/></imgdir><imgdir name="4"><int name="x" value="405"/><int name="y" value="1170"/><string name="u" value="bsc"/><int name="no" value="1"/><int name="zM" value="0"/></imgdir><imgdir name="15"><int name="x" value="405"/><int name="y" value="1230"/><string name="u" value="bsc"/><int name="no" value="4"/><int name="zM" value="0"/></imgdir><imgdir name="1"><int name="x" value="585"/><int name="y" value="1170"/><string name="u" value="enH0"/><int name="no" value="0"/><int name="zM" value="0"/></imgdir><imgdir name="38"><int name="x" value="675"/><int name="y" value="1170"/><string name="u" value="enH0"/><int name="no" value="3"/><int name="zM" value="0"/></imgdir><imgdir name="40"><int name="x" value="765"/><int name="y" value="1170"/><string name="u" value="enH0"/><int name="no" value="0"/><int name="zM" value="0"/></imgdir><imgdir name="36"><int name="x" value="855"/><int name="y" value="1170"/><string name="u" value="enH0"/><int name="no" value="2"/><int name="zM" value="0"/></imgdir><imgdir name="32"><int name="x" value="495"/><int name="y" value="1350"/><string name="u" value="enH1"/><int name="no" value="1"/><int name="zM" value="0"/></imgdir><imgdir name="53"><int name="x" value="585"/><int name="y" value="1350"/><string name="u" value="enH1"/><int name="no" value="1"/><int name="zM" value="0"/></imgdir><imgdir name="51"><int name="x" value="675"/><int name="y" value="1350"/><string name="u" value="enH1"/><int name="no" value="1"/><int name="zM" value="0"/></imgdir><imgdir name="49"><int name="x" value="765"/><int name="y" value="1350"/><string name="u" value="enH1"/><int name="no" value="2"/><int name="zM" value="0"/></imgdir><imgdir name="47"><int name="x" value="855"/><int name="y" value="1350"/><string name="u" value="enH1"/><int name="no" value="2"/><int name="zM" value="0"/></imgdir><imgdir name="29"><int name="x" value="495"/><int name="y" value="1290"/><string name="u" value="bsc"/><int name="no" value="3"/><int name="zM" value="0"/></imgdir><imgdir name="22"><int name="x" value="495"/><int name="y" value="1230"/><string name="u" value="bsc"/><int name="no" value="1"/><int name="zM" value="0"/></imgdir><imgdir name="6"><int name="x" value="495"/><int name="y" value="1170"/><string name="u" value="bsc"/><int name="no" value="1"/><int name="zM" value="0"/></imgdir><imgdir name="28"><int name="x" value="585"/><int name="y" value="1230"/><string name="u" value="bsc"/><int name="no" value="3"/><int name="zM" value="0"/></imgdir><imgdir name="0"><int name="x" value="585"/><int name="y" value="1170"/><string name="u" value="bsc"/><int name="no" value="3"/><int name="zM" value="0"/></imgdir><imgdir name="54"><int name="x" value="675"/><int name="y" value="1290"/><string name="u" value="bsc"/><int name="no" value="3"/><int name="zM" value="0"/></imgdir><imgdir name="37"><int name="x" value="675"/><int name="y" value="1170"/><string name="u" value="bsc"/><int name="no" value="2"/><int name="zM" value="0"/></imgdir><imgdir name="52"><int name="x" value="765"/><int name="y" value="1290"/><string name="u" value="bsc"/><int name="no" value="4"/><int name="zM" value="0"/></imgdir><imgdir name="39"><int name="x" value="765"/><int name="y" value="1170"/><string name="u" value="bsc"/><int name="no" value="1"/><int name="zM" value="0"/></imgdir><imgdir name="35"><int name="x" value="855"/><int name="y" value="1170"/><string name="u" value="bsc"/><int name="no" value="2"/><int name="zM" value="0"/></imgdir><imgdir name="41"><int name="x" value="855"/><int name="y" value="1230"/><string name="u" value="bsc"/><int name="no" value="0"/><int name="zM" value="0"/></imgdir><imgdir name="43"><int name="x" value="765"/><int name="y" value="1230"/><string name="u" value="bsc"/><int name="no" value="4"/><int name="zM" value="0"/></imgdir><imgdir name="50"><int name="x" value="855"/><int name="y" value="1290"/><string name="u" value="bsc"/><int name="no" value="3"/><int name="zM" value="0"/></imgdir><imgdir name="45"><int name="x" value="675"/><int name="y" value="1230"/><string name="u" value="bsc"/><int name="no" value="2"/><int name="zM" value="0"/></imgdir><imgdir name="48"><int name="x" value="585"/><int name="y" value="1290"/><string name="u" value="bsc"/><int name="no" value="1"/><int name="zM" value="0"/></imgdir><imgdir name="61"><int name="x" value="1035"/><int name="y" value="1170"/><string name="u" value="enH0"/><int name="no" value="0"/><int name="zM" value="0"/></imgdir><imgdir name="55"><int name="x" value="945"/><int name="y" value="1170"/><string name="u" value="enH0"/><int name="no" value="2"/><int name="zM" value="0"/></imgdir><imgdir name="60"><int name="x" value="1125"/><int name="y" value="1170"/><string name="u" value="enH0"/><int name="no" value="0"/><int name="zM" value="0"/></imgdir><imgdir name="58"><int name="x" value="1215"/><int name="y" value="1170"/><string name="u" value="enH0"/><int name="no" value="2"/><int name="zM" value="0"/></imgdir><imgdir name="46"><int name="x" value="945"/><int name="y" value="1350"/><string name="u" value="enH1"/><int name="no" value="0"/><int name="zM" value="0"/></imgdir><imgdir name="44"><int name="x" value="945"/><int name="y" value="1290"/><string name="u" value="bsc"/><int name="no" value="3"/><int name="zM" value="0"/></imgdir><imgdir name="42"><int name="x" value="945"/><int name="y" value="1230"/><string name="u" value="bsc"/><int name="no" value="2"/><int name="zM" value="0"/></imgdir><imgdir name="33"><int name="x" value="945"/><int name="y" value="1170"/><string name="u" value="bsc"/><int name="no" value="1"/><int name="zM" value="0"/></imgdir><imgdir name="56"><int name="x" value="1035"/><int name="y" value="1170"/><string name="u" value="bsc"/><int name="no" value="3"/><int name="zM" value="0"/></imgdir><imgdir name="34"><int name="x" value="1035"/><int name="y" value="1230"/><string name="u" value="bsc"/><int name="no" value="4"/><int name="zM" value="0"/></imgdir><imgdir name="57"><int name="x" value="1215"/><int name="y" value="1170"/><string name="u" value="bsc"/><int name="no" value="3"/><int name="zM" value="0"/></imgdir><imgdir name="63"><int name="x" value="1215"/><int name="y" value="1230"/><string name="u" value="bsc"/><int name="no" value="4"/><int name="zM" value="0"/></imgdir><imgdir name="59"><int name="x" value="1125"/><int name="y" value="1170"/><string name="u" value="bsc"/><int name="no" value="3"/><int name="zM" value="0"/></imgdir><imgdir name="65"><int name="x" value="1215"/><int name="y" value="1290"/><string name="u" value="bsc"/><int name="no" value="2"/><int name="zM" value="0"/></imgdir><imgdir name="67"><int name="x" value="1215"/><int name="y" value="1350"/><string name="u" value="enH1"/><int name="no" value="3"/><int name="zM" value="0"/></imgdir><imgdir name="68"><int name="x" value="1035"/><int name="y" value="1350"/><string name="u" value="enH1"/><int name="no" value="3"/><int name="zM" value="0"/></imgdir><imgdir name="64"><int name="x" value="1035"/><int name="y" value="1290"/><string name="u" value="bsc"/><int name="no" value="2"/><int name="zM" value="0"/></imgdir><imgdir name="62"><int name="x" value="1125"/><int name="y" value="1350"/><string name="u" value="enH1"/><int name="no" value="1"/><int name="zM" value="0"/></imgdir><imgdir name="66"><int name="x" value="1125"/><int name="y" value="1290"/><string name="u" value="bsc"/><int name="no" value="2"/><int name="zM" value="0"/></imgdir><imgdir name="69"><int name="x" value="1125"/><int name="y" value="1230"/><string name="u" value="bsc"/><int name="no" value="4"/><int name="zM" value="0"/></imgdir><imgdir name="74"><int name="x" value="-135"/><int name="y" value="1170"/><string name="u" value="enH0"/><int name="no" value="1"/><int name="zM" value="0"/></imgdir><imgdir name="71"><int name="x" value="-45"/><int name="y" value="1170"/><string name="u" value="enH0"/><int name="no" value="3"/><int name="zM" value="0"/></imgdir><imgdir name="77"><int name="x" value="45"/><int name="y" value="1170"/><string name="u" value="enH0"/><int name="no" value="1"/><int name="zM" value="0"/></imgdir><imgdir name="76"><int name="x" value="45"/><int name="y" value="1170"/><string name="u" value="bsc"/><int name="no" value="4"/><int name="zM" value="0"/></imgdir><imgdir name="26"><int name="x" value="45"/><int name="y" value="1350"/><string name="u" value="enH1"/><int name="no" value="2"/><int name="zM" value="0"/></imgdir><imgdir name="79"><int name="x" value="-135"/><int name="y" value="1230"/><string name="u" value="bsc"/><int name="no" value="1"/><int name="zM" value="0"/></imgdir><imgdir name="75"><int name="x" value="-135"/><int name="y" value="1170"/><string name="u" value="bsc"/><int name="no" value="4"/><int name="zM" value="0"/></imgdir><imgdir name="13"><int name="x" value="45"/><int name="y" value="1290"/><string name="u" value="bsc"/><int name="no" value="4"/><int name="zM" value="0"/></imgdir><imgdir name="14"><int name="x" value="-45"/><int name="y" value="1230"/><string name="u" value="bsc"/><int name="no" value="2"/><int name="zM" value="0"/></imgdir><imgdir name="25"><int name="x" value="-45"/><int name="y" value="1350"/><string name="u" value="enH1"/><int name="no" value="2"/><int name="zM" value="0"/></imgdir><imgdir name="70"><int name="x" value="-45"/><int name="y" value="1170"/><string name="u" value="bsc"/><int name="no" value="4"/><int name="zM" value="0"/></imgdir><imgdir name="78"><int name="x" value="-135"/><int name="y" value="1290"/><string name="u" value="bsc"/><int name="no" value="3"/><int name="zM" value="0"/></imgdir><imgdir name="72"><int name="x" value="45"/><int name="y" value="1230"/><string name="u" value="bsc"/><int name="no" value="4"/><int name="zM" value="0"/></imgdir><imgdir name="12"><int name="x" value="-135"/><int name="y" value="1350"/><string name="u" value="enH1"/><int name="no" value="3"/><int name="zM" value="0"/></imgdir><imgdir name="73"><int name="x" value="-45"/><int name="y" value="1290"/><string name="u" value="bsc"/><int name="no" value="4"/><int name="zM" value="0"/></imgdir><imgdir name="82"><int name="x" value="1305"/><int name="y" value="1170"/><string name="u" value="bsc"/><int name="no" value="2"/><int name="zM" value="0"/></imgdir><imgdir name="80"><int name="x" value="1305"/><int name="y" value="1170"/><string name="u" value="enH0"/><int name="no" value="0"/><int name="zM" value="0"/></imgdir><imgdir name="81"><int name="x" value="1305"/><int name="y" value="1230"/><string name="u" value="bsc"/><int name="no" value="1"/><int name="zM" value="0"/></imgdir><imgdir name="83"><int name="x" value="1305"/><int name="y" value="1350"/><string name="u" value="enH1"/><int name="no" value="1"/><int name="zM" value="0"/></imgdir><imgdir name="84"><int name="x" value="1305"/><int name="y" value="1290"/><string name="u" value="bsc"/><int name="no" value="4"/><int name="zM" value="0"/></imgdir><imgdir name="87"><int name="x" value="1215"/><int name="y" value="810"/><string name="u" value="edU"/><int name="no" value="1"/><int name="zM" value="10"/></imgdir><imgdir name="88"><int name="x" value="1215"/><int name="y" value="810"/><string name="u" value="edD"/><int name="no" value="1"/><int name="zM" value="10"/></imgdir><imgdir name="89"><int name="x" value="1215"/><int name="y" value="810"/><string name="u" value="enH0"/><int name="no" value="3"/><int name="zM" value="10"/></imgdir><imgdir name="86"><int name="x" value="1305"/><int name="y" value="810"/><string name="u" value="enH0"/><int name="no" value="1"/><int name="zM" value="10"/></imgdir><imgdir name="92"><int name="x" value="1305"/><int name="y" value="870"/><string name="u" value="edD"/><int name="no" value="0"/><int name="zM" value="10"/></imgdir><imgdir name="85"><int name="x" value="1305"/><int name="y" value="810"/><string name="u" value="bsc"/><int name="no" value="1"/><int name="zM" value="10"/></imgdir><imgdir name="90"><int name="x" value="1305"/><int name="y" value="810"/><string name="u" value="slLD"/><int name="no" value="0"/><int name="zM" value="10"/></imgdir><imgdir name="91"><int name="x" value="1305"/><int name="y" value="870"/><string name="u" value="enH1"/><int name="no" value="2"/><int name="zM" value="10"/></imgdir><imgdir name="93"><int name="x" value="945"/><int name="y" value="750"/><string name="u" value="edU"/><int name="no" value="1"/><int name="zM" value="15"/></imgdir><imgdir name="94"><int name="x" value="945"/><int name="y" value="750"/><string name="u" value="edD"/><int name="no" value="0"/><int name="zM" value="15"/></imgdir><imgdir name="95"><int name="x" value="1035"/><int name="y" value="750"/><string name="u" value="edU"/><int name="no" value="1"/><int name="zM" value="15"/></imgdir><imgdir name="96"><int name="x" value="1035"/><int name="y" value="750"/><string name="u" value="edD"/><int name="no" value="1"/><int name="zM" value="15"/></imgdir><imgdir name="97"><int name="x" value="945"/><int name="y" value="750"/><string name="u" value="enH0"/><int name="no" value="2"/><int name="zM" value="15"/></imgdir><imgdir name="98"><int name="x" value="945"/><int name="y" value="750"/><string name="u" value="enH1"/><int name="no" value="0"/><int name="zM" value="15"/></imgdir></imgdir><imgdir name="obj"><imgdir name="6"><string name="oS" value="acc1"/><string name="l0" value="grassySoil"/><string name="l1" value="golem"/><string name="l2" value="0"/><int name="x" value="232"/><int name="y" value="1047"/><int name="z" value="9"/><int name="f" value="0"/><int name="zM" value="0"/><int name="r" value="0"/><int name="move" value="0"/><int name="dynamic" value="0"/><int name="piece" value="6"/></imgdir><imgdir name="7"><string name="oS" value="acc1"/><string name="l0" value="grassySoil"/><string name="l1" value="golem"/><string name="l2" value="1"/><int name="x" value="557"/><int name="y" value="1047"/><int name="z" value="10"/><int name="f" value="0"/><int name="zM" value="0"/><int name="r" value="0"/><int name="move" value="0"/><int name="dynamic" value="0"/><int name="piece" value="7"/></imgdir><imgdir name="8"><string name="oS" value="acc1"/><string name="l0" value="grassySoil"/><string name="l1" value="golem"/><string name="l2" value="3"/><int name="x" value="876"/><int name="y" value="1049"/><int name="z" value="11"/><int name="f" value="0"/><int name="zM" value="0"/><int name="r" value="0"/><int name="move" value="0"/><int name="dynamic" value="0"/><int name="piece" value="8"/></imgdir><imgdir name="9"><string name="oS" value="acc1"/><string name="l0" value="grassySoil"/><string name="l1" value="golem"/><string name="l2" value="2"/><int name="x" value="427"/><int name="y" value="888"/><int name="z" value="7"/><int name="f" value="0"/><int name="zM" value="0"/><int name="r" value="0"/><int name="move" value="0"/><int name="dynamic" value="0"/><int name="piece" value="9"/></imgdir><imgdir name="10"><string name="oS" value="acc1"/><string name="l0" value="grassySoil"/><string name="l1" value="golem"/><string name="l2" value="2"/><int name="x" value="707"/><int name="y" value="887"/><int name="z" value="8"/><int name="f" value="0"/><int name="zM" value="0"/><int name="r" value="0"/><int name="move" value="0"/><int name="dynamic" value="0"/><int name="piece" value="10"/></imgdir><imgdir name="11"><string name="oS" value="acc1"/><string name="l0" value="grassySoil"/><string name="l1" value="golem"/><string name="l2" value="1"/><int name="x" value="578"/><int name="y" value="731"/><int name="z" value="6"/><int name="f" value="0"/><int name="zM" value="14"/><int name="r" value="0"/><int name="move" value="0"/><int name="dynamic" value="0"/><int name="piece" value="11"/></imgdir><imgdir name="5"><string name="oS" value="acc1"/><string name="l0" value="grassySoil"/><string name="l1" value="golem"/><string name="l2" value="17"/><int name="x" value="1216"/><int name="y" value="1065"/><int name="z" value="19"/><int name="f" value="0"/><int name="zM" value="0"/><int name="r" value="0"/><int name="move" value="0"/><int name="dynamic" value="0"/><int name="piece" value="5"/></imgdir><imgdir name="4"><string name="oS" value="acc1"/><string name="l0" value="grassySoil"/><string name="l1" value="golem"/><string name="l2" value="16"/><int name="x" value="155"/><int name="y" value="1108"/><int name="z" value="12"/><int name="f" value="0"/><int name="zM" value="0"/><int name="r" value="0"/><int name="move" value="0"/><int name="dynamic" value="0"/><int name="piece" value="4"/></imgdir><imgdir name="3"><string name="oS" value="acc1"/><string name="l0" value="grassySoil"/><string name="l1" value="golem"/><string name="l2" value="15"/><int name="x" value="924"/><int name="y" value="912"/><int name="z" value="9"/><int name="f" value="0"/><int name="zM" value="6"/><int name="r" value="0"/><int name="move" value="0"/><int name="dynamic" value="0"/><int name="piece" value="3"/></imgdir><imgdir name="2"><string name="oS" value="acc1"/><string name="l0" value="grassySoil"/><string name="l1" value="golem"/><string name="l2" value="12"/><int name="x" value="1075"/><int name="y" value="1059"/><int name="z" value="13"/><int name="f" value="0"/><int name="zM" value="0"/><int name="r" value="0"/><int name="move" value="0"/><int name="dynamic" value="0"/><int name="piece" value="2"/></imgdir><imgdir name="1"><string name="oS" value="acc1"/><string name="l0" value="grassySoil"/><string name="l1" value="golem"/><string name="l2" value="7"/><int name="x" value="481"/><int name="y" value="1066"/><int name="z" value="15"/><int name="f" value="0"/><int name="zM" value="0"/><int name="r" value="0"/><int name="move" value="0"/><int name="dynamic" value="0"/><int name="piece" value="1"/></imgdir><imgdir name="0"><string name="oS" value="acc1"/><string name="l0" value="grassySoil"/><string name="l1" value="golem"/><string name="l2" value="4"/><int name="x" value="505"/><int name="y" value="736"/><int name="z" value="9"/><int name="f" value="0"/><int name="zM" value="14"/><int name="r" value="0"/><int name="move" value="0"/><int name="dynamic" value="0"/><int name="piece" value="0"/></imgdir></imgdir></imgdir><imgdir name="3"><imgdir name="info"></imgdir><imgdir name="tile"></imgdir><imgdir name="obj"><imgdir name="0"><string name="oS" value="connect"/><string name="l0" value="rope"/><string name="l1" value="0"/><string name="l2" value="0"/><int name="x" value="118"/><int name="y" value="966"/><int name="z" value="9"/><int name="f" value="0"/><int name="zM" value="4"/><int name="r" value="0"/><int name="move" value="0"/><int name="dynamic" value="0"/><int name="piece" value="0"/></imgdir><imgdir name="1"><string name="oS" value="connect"/><string name="l0" value="rope"/><string name="l1" value="0"/><string name="l2" value="1"/><int name="x" value="118"/><int name="y" value="1005"/><int name="z" value="9"/><int name="f" value="0"/><int name="zM" value="4"/><int name="r" value="0"/><int name="move" value="0"/><int name="dynamic" value="0"/><int name="piece" value="1"/></imgdir><imgdir name="2"><string name="oS" value="connect"/><string name="l0" value="rope"/><string name="l1" value="0"/><string name="l2" value="1"/><int name="x" value="118"/><int name="y" value="1035"/><int name="z" value="9"/><int name="f" value="0"/><int name="zM" value="2"/><int name="r" value="0"/><int name="move" value="0"/><int name="dynamic" value="0"/><int name="piece" value="2"/></imgdir><imgdir name="3"><string name="oS" value="connect"/><string name="l0" value="rope"/><string name="l1" value="0"/><string name="l2" value="2"/><int name="x" value="118"/><int name="y" value="1063"/><int name="z" value="9"/><int name="f" value="0"/><int name="zM" value="2"/><int name="r" value="0"/><int name="move" value="0"/><int name="dynamic" value="0"/><int name="piece" value="3"/></imgdir><imgdir name="4"><string name="oS" value="connect"/><string name="l0" value="rope"/><string name="l1" value="0"/><string name="l2" value="0"/><int name="x" value="812"/><int name="y" value="968"/><int name="z" value="9"/><int name="f" value="0"/><int name="zM" value="3"/><int name="r" value="0"/><int name="move" value="0"/><int name="dynamic" value="0"/><int name="piece" value="4"/></imgdir><imgdir name="5"><string name="oS" value="connect"/><string name="l0" value="rope"/><string name="l1" value="0"/><string name="l2" value="1"/><int name="x" value="812"/><int name="y" value="1007"/><int name="z" value="9"/><int name="f" value="0"/><int name="zM" value="3"/><int name="r" value="0"/><int name="move" value="0"/><int name="dynamic" value="0"/><int name="piece" value="5"/></imgdir><imgdir name="6"><string name="oS" value="connect"/><string name="l0" value="rope"/><string name="l1" value="0"/><string name="l2" value="1"/><int name="x" value="812"/><int name="y" value="1037"/><int name="z" value="9"/><int name="f" value="0"/><int name="zM" value="1"/><int name="r" value="0"/><int name="move" value="0"/><int name="dynamic" value="0"/><int name="piece" value="6"/></imgdir><imgdir name="7"><string name="oS" value="connect"/><string name="l0" value="rope"/><string name="l1" value="0"/><string name="l2" value="2"/><int name="x" value="812"/><int name="y" value="1065"/><int name="z" value="9"/><int name="f" value="0"/><int name="zM" value="1"/><int name="r" value="0"/><int name="move" value="0"/><int name="dynamic" value="0"/><int name="piece" value="7"/></imgdir><imgdir name="8"><string name="oS" value="connect"/><string name="l0" value="rope"/><string name="l1" value="0"/><string name="l2" value="0"/><int name="x" value="712"/><int name="y" value="652"/><int name="z" value="9"/><int name="f" value="0"/><int name="zM" value="17"/><int name="r" value="0"/><int name="move" value="0"/><int name="dynamic" value="0"/><int name="piece" value="8"/></imgdir><imgdir name="9"><string name="oS" value="connect"/><string name="l0" value="rope"/><string name="l1" value="0"/><string name="l2" value="1"/><int name="x" value="712"/><int name="y" value="691"/><int name="z" value="9"/><int name="f" value="0"/><int name="zM" value="17"/><int name="r" value="0"/><int name="move" value="0"/><int name="dynamic" value="0"/><int name="piece" value="9"/></imgdir><imgdir name="10"><string name="oS" value="connect"/><string name="l0" value="rope"/><string name="l1" value="0"/><string name="l2" value="1"/><int name="x" value="712"/><int name="y" value="721"/><int name="z" value="9"/><int name="f" value="0"/><int name="zM" value="16"/><int name="r" value="0"/><int name="move" value="0"/><int name="dynamic" value="0"/><int name="piece" value="10"/></imgdir><imgdir name="11"><string name="oS" value="connect"/><string name="l0" value="rope"/><string name="l1" value="0"/><string name="l2" value="2"/><int name="x" value="712"/><int name="y" value="749"/><int name="z" value="9"/><int name="f" value="0"/><int name="zM" value="16"/><int name="r" value="0"/><int name="move" value="0"/><int name="dynamic" value="0"/><int name="piece" value="11"/></imgdir><imgdir name="12"><string name="oS" value="connect"/><string name="l0" value="rope"/><string name="l1" value="0"/><string name="l2" value="0"/><int name="x" value="356"/><int name="y" value="828"/><int name="z" value="9"/><int name="f" value="0"/><int name="zM" value="12"/><int name="r" value="0"/><int name="move" value="0"/><int name="dynamic" value="0"/><int name="piece" value="12"/></imgdir><imgdir name="13"><string name="oS" value="connect"/><string name="l0" value="rope"/><string name="l1" value="0"/><string name="l2" value="2"/><int name="x" value="356"/><int name="y" value="889"/><int name="z" value="9"/><int name="f" value="0"/><int name="zM" value="9"/><int name="r" value="0"/><int name="move" value="0"/><int name="dynamic" value="0"/><int name="piece" value="13"/></imgdir><imgdir name="14"><string name="oS" value="connect"/><string name="l0" value="rope"/><string name="l1" value="0"/><string name="l2" value="1"/><int name="x" value="356"/><int name="y" value="860"/><int name="z" value="9"/><int name="f" value="0"/><int name="zM" value="12"/><int name="r" value="0"/><int name="move" value="0"/><int name="dynamic" value="0"/><int name="piece" value="14"/></imgdir><imgdir name="15"><string name="oS" value="connect"/><string name="l0" value="rope"/><string name="l1" value="0"/><string name="l2" value="0"/><int name="x" value="1237"/><int name="y" value="794"/><int name="z" value="9"/><int name="f" value="0"/><int name="zM" value="13"/><int name="r" value="0"/><int name="move" value="0"/><int name="dynamic" value="0"/><int name="piece" value="15"/></imgdir><imgdir name="16"><string name="oS" value="connect"/><string name="l0" value="rope"/><string name="l1" value="0"/><string name="l2" value="1"/><int name="x" value="1237"/><int name="y" value="833"/><int name="z" value="9"/><int name="f" value="0"/><int name="zM" value="13"/><int name="r" value="0"/><int name="move" value="0"/><int name="dynamic" value="0"/><int name="piece" value="16"/></imgdir><imgdir name="17"><string name="oS" value="connect"/><string name="l0" value="rope"/><string name="l1" value="0"/><string name="l2" value="1"/><int name="x" value="1237"/><int name="y" value="863"/><int name="z" value="9"/><int name="f" value="0"/><int name="zM" value="11"/><int name="r" value="0"/><int name="move" value="0"/><int name="dynamic" value="0"/><int name="piece" value="17"/></imgdir><imgdir name="18"><string name="oS" value="connect"/><string name="l0" value="rope"/><string name="l1" value="0"/><string name="l2" value="2"/><int name="x" value="1237"/><int name="y" value="953"/><int name="z" value="9"/><int name="f" value="0"/><int name="zM" value="5"/><int name="r" value="0"/><int name="move" value="0"/><int name="dynamic" value="0"/><int name="piece" value="18"/></imgdir><imgdir name="19"><string name="oS" value="connect"/><string name="l0" value="rope"/><string name="l1" value="0"/><string name="l2" value="1"/><int name="x" value="1237"/><int name="y" value="893"/><int name="z" value="9"/><int name="f" value="0"/><int name="zM" value="8"/><int name="r" value="0"/><int name="move" value="0"/><int name="dynamic" value="0"/><int name="piece" value="19"/></imgdir><imgdir name="20"><string name="oS" value="connect"/><string name="l0" value="rope"/><string name="l1" value="0"/><string name="l2" value="1"/><int name="x" value="1237"/><int name="y" value="923"/><int name="z" value="9"/><int name="f" value="0"/><int name="zM" value="7"/><int name="r" value="0"/><int name="move" value="0"/><int name="dynamic" value="0"/><int name="piece" value="20"/></imgdir></imgdir></imgdir><imgdir name="4"><imgdir name="info"></imgdir><imgdir name="tile"></imgdir><imgdir name="obj"></imgdir></imgdir><imgdir name="5"><imgdir name="info"></imgdir><imgdir name="tile"></imgdir><imgdir name="obj"></imgdir></imgdir><imgdir name="6"><imgdir name="info"></imgdir><imgdir name="tile"></imgdir><imgdir name="obj"></imgdir></imgdir><imgdir name="7"><imgdir name="info"></imgdir><imgdir name="tile"></imgdir><imgdir name="obj"></imgdir></imgdir><imgdir name="reactor"></imgdir><imgdir name="foothold"><imgdir name="2"><imgdir name="0"><imgdir name="1"><int name="x1" value="585"/><int name="y1" value="1145"/><int name="x2" value="675"/><int name="y2" value="1145"/><int name="prev" value="4"/><int name="next" value="8"/><int name="piece" value="-1"/></imgdir><imgdir name="2"><int name="x1" value="225"/><int name="y1" value="1145"/><int name="x2" value="315"/><int name="y2" value="1145"/><int name="prev" value="6"/><int name="next" value="5"/><int name="piece" value="-1"/></imgdir><imgdir name="3"><int name="x1" value="405"/><int name="y1" value="1145"/><int name="x2" value="495"/><int name="y2" value="1145"/><int name="prev" value="5"/><int name="next" value="4"/><int name="piece" value="-1"/></imgdir><imgdir name="4"><int name="x1" value="495"/><int name="y1" value="1145"/><int name="x2" value="585"/><int name="y2" value="1145"/><int name="prev" value="3"/><int name="next" value="1"/><int name="piece" value="-1"/></imgdir><imgdir name="5"><int name="x1" value="315"/><int name="y1" value="1145"/><int name="x2" value="405"/><int name="y2" value="1145"/><int name="prev" value="2"/><int name="next" value="3"/><int name="piece" value="-1"/></imgdir><imgdir name="6"><int name="x1" value="135"/><int name="y1" value="1145"/><int name="x2" value="225"/><int name="y2" value="1145"/><int name="prev" value="16"/><int name="next" value="2"/><int name="piece" value="-1"/></imgdir><imgdir name="7"><int name="x1" value="855"/><int name="y1" value="1145"/><int name="x2" value="945"/><int name="y2" value="1145"/><int name="prev" value="9"/><int name="next" value="10"/><int name="piece" value="-1"/></imgdir><imgdir name="8"><int name="x1" value="675"/><int name="y1" value="1145"/><int name="x2" value="765"/><int name="y2" value="1145"/><int name="prev" value="1"/><int name="next" value="9"/><int name="piece" value="-1"/></imgdir><imgdir name="9"><int name="x1" value="765"/><int name="y1" value="1145"/><int name="x2" value="855"/><int name="y2" value="1145"/><int name="prev" value="8"/><int name="next" value="7"/><int name="piece" value="-1"/></imgdir><imgdir name="10"><int name="x1" value="945"/><int name="y1" value="1145"/><int name="x2" value="1035"/><int name="y2" value="1145"/><int name="prev" value="7"/><int name="next" value="13"/><int name="piece" value="-1"/></imgdir><imgdir name="11"><int name="x1" value="1215"/><int name="y1" value="1145"/><int name="x2" value="1305"/><int name="y2" value="1145"/><int name="prev" value="12"/><int name="next" value="17"/><int name="piece" value="-1"/></imgdir><imgdir name="12"><int name="x1" value="1125"/><int name="y1" value="1145"/><int name="x2" value="1215"/><int name="y2" value="1145"/><int name="prev" value="13"/><int name="next" value="11"/><int name="piece" value="-1"/></imgdir><imgdir name="13"><int name="x1" value="1035"/><int name="y1" value="1145"/><int name="x2" value="1125"/><int name="y2" value="1145"/><int name="prev" value="10"/><int name="next" value="12"/><int name="piece" value="-1"/></imgdir><imgdir name="14"><int name="x1" value="-45"/><int name="y1" value="1145"/><int name="x2" value="45"/><int name="y2" value="1145"/><int name="prev" value="15"/><int name="next" value="16"/><int name="piece" value="-1"/></imgdir><imgdir name="15"><int name="x1" value="-135"/><int name="y1" value="1145"/><int name="x2" value="-45"/><int name="y2" value="1145"/><int name="prev" value="0"/><int name="next" value="14"/><int name="piece" value="-1"/></imgdir><imgdir name="16"><int name="x1" value="45"/><int name="y1" value="1145"/><int name="x2" value="135"/><int name="y2" value="1145"/><int name="prev" value="14"/><int name="next" value="6"/><int name="piece" value="-1"/></imgdir><imgdir name="17"><int name="x1" value="1305"/><int name="y1" value="1145"/><int name="x2" value="1395"/><int name="y2" value="1145"/><int name="prev" value="11"/><int name="next" value="0"/><int name="piece" value="-1"/></imgdir><imgdir name="18"><int name="x1" value="963"/><int name="y1" value="1116"/><int name="x2" value="1073"/><int name="y2" value="1116"/><int name="prev" value="0"/><int name="next" value="0"/><int name="piece" value="2"/></imgdir><imgdir name="19"><int name="x1" value="981"/><int name="y1" value="1089"/><int name="x2" value="1091"/><int name="y2" value="1089"/><int name="prev" value="0"/><int name="next" value="0"/><int name="piece" value="2"/></imgdir><imgdir name="20"><int name="x1" value="1000"/><int name="y1" value="1062"/><int name="x2" value="1110"/><int name="y2" value="1062"/><int name="prev" value="0"/><int name="next" value="0"/><int name="piece" value="2"/></imgdir><imgdir name="21"><int name="x1" value="1019"/><int name="y1" value="1035"/><int name="x2" value="1129"/><int name="y2" value="1035"/><int name="prev" value="0"/><int name="next" value="0"/><int name="piece" value="2"/></imgdir><imgdir name="22"><int name="x1" value="1038"/><int name="y1" value="1008"/><int name="x2" value="1148"/><int name="y2" value="1008"/><int name="prev" value="0"/><int name="next" value="0"/><int name="piece" value="2"/></imgdir><imgdir name="23"><int name="x1" value="1057"/><int name="y1" value="981"/><int name="x2" value="1187"/><int name="y2" value="981"/><int name="prev" value="0"/><int name="next" value="0"/><int name="piece" value="2"/></imgdir><imgdir name="24"><int name="x1" value="2"/><int name="y1" value="965"/><int name="x2" value="14"/><int name="y2" value="957"/><int name="prev" value="0"/><int name="next" value="25"/><int name="piece" value="6"/></imgdir><imgdir name="25"><int name="x1" value="14"/><int name="y1" value="957"/><int name="x2" value="69"/><int name="y2" value="957"/><int name="prev" value="24"/><int name="next" value="26"/><int name="piece" value="6"/></imgdir><imgdir name="26"><int name="x1" value="69"/><int name="y1" value="957"/><int name="x2" value="80"/><int name="y2" value="959"/><int name="prev" value="25"/><int name="next" value="27"/><int name="piece" value="6"/></imgdir><imgdir name="27"><int name="x1" value="80"/><int name="y1" value="959"/><int name="x2" value="261"/><int name="y2" value="959"/><int name="prev" value="26"/><int name="next" value="28"/><int name="piece" value="6"/></imgdir><imgdir name="28"><int name="x1" value="261"/><int name="y1" value="959"/><int name="x2" value="275"/><int name="y2" value="956"/><int name="prev" value="27"/><int name="next" value="29"/><int name="piece" value="6"/></imgdir><imgdir name="29"><int name="x1" value="275"/><int name="y1" value="956"/><int name="x2" value="341"/><int name="y2" value="956"/><int name="prev" value="28"/><int name="next" value="30"/><int name="piece" value="6"/></imgdir><imgdir name="30"><int name="x1" value="341"/><int name="y1" value="956"/><int name="x2" value="345"/><int name="y2" value="957"/><int name="prev" value="29"/><int name="next" value="36"/><int name="piece" value="6"/></imgdir><imgdir name="31"><int name="x1" value="357"/><int name="y1" value="960"/><int name="x2" value="406"/><int name="y2" value="960"/><int name="prev" value="35"/><int name="next" value="32"/><int name="piece" value="6"/></imgdir><imgdir name="32"><int name="x1" value="406"/><int name="y1" value="960"/><int name="x2" value="410"/><int name="y2" value="959"/><int name="prev" value="31"/><int name="next" value="38"/><int name="piece" value="6"/></imgdir><imgdir name="33"><int name="x1" value="418"/><int name="y1" value="957"/><int name="x2" value="461"/><int name="y2" value="957"/><int name="prev" value="38"/><int name="next" value="34"/><int name="piece" value="6"/></imgdir><imgdir name="34"><int name="x1" value="461"/><int name="y1" value="957"/><int name="x2" value="470"/><int name="y2" value="960"/><int name="prev" value="33"/><int name="next" value="41"/><int name="piece" value="6"/></imgdir><imgdir name="35"><int name="x1" value="345"/><int name="y1" value="957"/><int name="x2" value="357"/><int name="y2" value="960"/><int name="prev" value="30"/><int name="next" value="31"/><int name="piece" value="6"/></imgdir><imgdir name="36"><int name="x1" value="345"/><int name="y1" value="957"/><int name="x2" value="392"/><int name="y2" value="957"/><int name="prev" value="30"/><int name="next" value="37"/><int name="piece" value="7"/></imgdir><imgdir name="37"><int name="x1" value="392"/><int name="y1" value="957"/><int name="x2" value="410"/><int name="y2" value="959"/><int name="prev" value="36"/><int name="next" value="38"/><int name="piece" value="7"/></imgdir><imgdir name="38"><int name="x1" value="410"/><int name="y1" value="959"/><int name="x2" value="418"/><int name="y2" value="957"/><int name="prev" value="37"/><int name="next" value="33"/><int name="piece" value="6"/></imgdir><imgdir name="39"><int name="x1" value="410"/><int name="y1" value="959"/><int name="x2" value="419"/><int name="y2" value="960"/><int name="prev" value="37"/><int name="next" value="40"/><int name="piece" value="7"/></imgdir><imgdir name="40"><int name="x1" value="419"/><int name="y1" value="960"/><int name="x2" value="470"/><int name="y2" value="960"/><int name="prev" value="39"/><int name="next" value="41"/><int name="piece" value="7"/></imgdir><imgdir name="41"><int name="x1" value="470"/><int name="y1" value="960"/><int name="x2" value="583"/><int name="y2" value="960"/><int name="prev" value="34"/><int name="next" value="42"/><int name="piece" value="7"/></imgdir><imgdir name="42"><int name="x1" value="583"/><int name="y1" value="960"/><int name="x2" value="599"/><int name="y2" value="957"/><int name="prev" value="41"/><int name="next" value="43"/><int name="piece" value="7"/></imgdir><imgdir name="43"><int name="x1" value="599"/><int name="y1" value="957"/><int name="x2" value="662"/><int name="y2" value="957"/><int name="prev" value="42"/><int name="next" value="44"/><int name="piece" value="7"/></imgdir><imgdir name="44"><int name="x1" value="662"/><int name="y1" value="957"/><int name="x2" value="672"/><int name="y2" value="959"/><int name="prev" value="43"/><int name="next" value="52"/><int name="piece" value="7"/></imgdir><imgdir name="45"><int name="x1" value="675"/><int name="y1" value="960"/><int name="x2" value="714"/><int name="y2" value="960"/><int name="prev" value="51"/><int name="next" value="46"/><int name="piece" value="7"/></imgdir><imgdir name="46"><int name="x1" value="714"/><int name="y1" value="960"/><int name="x2" value="717"/><int name="y2" value="960"/><int name="prev" value="45"/><int name="next" value="49"/><int name="piece" value="7"/></imgdir><imgdir name="47"><int name="x1" value="727"/><int name="y1" value="956"/><int name="x2" value="775"/><int name="y2" value="956"/><int name="prev" value="49"/><int name="next" value="48"/><int name="piece" value="7"/></imgdir><imgdir name="48"><int name="x1" value="775"/><int name="y1" value="956"/><int name="x2" value="789"/><int name="y2" value="960"/><int name="prev" value="47"/><int name="next" value="0"/><int name="piece" value="7"/></imgdir><imgdir name="49"><int name="x1" value="717"/><int name="y1" value="960"/><int name="x2" value="727"/><int name="y2" value="956"/><int name="prev" value="52"/><int name="next" value="47"/><int name="piece" value="7"/></imgdir><imgdir name="50"><int name="x1" value="717"/><int name="y1" value="960"/><int name="x2" value="727"/><int name="y2" value="959"/><int name="prev" value="52"/><int name="next" value="53"/><int name="piece" value="8"/></imgdir><imgdir name="51"><int name="x1" value="672"/><int name="y1" value="959"/><int name="x2" value="675"/><int name="y2" value="960"/><int name="prev" value="44"/><int name="next" value="45"/><int name="piece" value="7"/></imgdir><imgdir name="52"><int name="x1" value="672"/><int name="y1" value="959"/><int name="x2" value="717"/><int name="y2" value="960"/><int name="prev" value="44"/><int name="next" value="49"/><int name="piece" value="8"/></imgdir><imgdir name="53"><int name="x1" value="727"/><int name="y1" value="959"/><int name="x2" value="738"/><int name="y2" value="961"/><int name="prev" value="50"/><int name="next" value="54"/><int name="piece" value="8"/></imgdir><imgdir name="54"><int name="x1" value="738"/><int name="y1" value="961"/><int name="x2" value="895"/><int name="y2" value="961"/><int name="prev" value="53"/><int name="next" value="55"/><int name="piece" value="8"/></imgdir><imgdir name="55"><int name="x1" value="895"/><int name="y1" value="961"/><int name="x2" value="913"/><int name="y2" value="958"/><int name="prev" value="54"/><int name="next" value="56"/><int name="piece" value="8"/></imgdir><imgdir name="56"><int name="x1" value="913"/><int name="y1" value="958"/><int name="x2" value="980"/><int name="y2" value="958"/><int name="prev" value="55"/><int name="next" value="57"/><int name="piece" value="8"/></imgdir><imgdir name="57"><int name="x1" value="980"/><int name="y1" value="958"/><int name="x2" value="995"/><int name="y2" value="961"/><int name="prev" value="56"/><int name="next" value="58"/><int name="piece" value="8"/></imgdir><imgdir name="58"><int name="x1" value="995"/><int name="y1" value="961"/><int name="x2" value="1052"/><int name="y2" value="961"/><int name="prev" value="57"/><int name="next" value="59"/><int name="piece" value="8"/></imgdir><imgdir name="59"><int name="x1" value="1052"/><int name="y1" value="961"/><int name="x2" value="1066"/><int name="y2" value="959"/><int name="prev" value="58"/><int name="next" value="60"/><int name="piece" value="8"/></imgdir><imgdir name="60"><int name="x1" value="1066"/><int name="y1" value="959"/><int name="x2" value="1099"/><int name="y2" value="958"/><int name="prev" value="59"/><int name="next" value="61"/><int name="piece" value="8"/></imgdir><imgdir name="61"><int name="x1" value="1099"/><int name="y1" value="958"/><int name="x2" value="1110"/><int name="y2" value="963"/><int name="prev" value="60"/><int name="next" value="0"/><int name="piece" value="8"/></imgdir><imgdir name="62"><int name="x1" value="215"/><int name="y1" value="827"/><int name="x2" value="229"/><int name="y2" value="819"/><int name="prev" value="0"/><int name="next" value="63"/><int name="piece" value="9"/></imgdir><imgdir name="63"><int name="x1" value="229"/><int name="y1" value="819"/><int name="x2" value="282"/><int name="y2" value="819"/><int name="prev" value="62"/><int name="next" value="64"/><int name="piece" value="9"/></imgdir><imgdir name="64"><int name="x1" value="282"/><int name="y1" value="819"/><int name="x2" value="292"/><int name="y2" value="822"/><int name="prev" value="63"/><int name="next" value="65"/><int name="piece" value="9"/></imgdir><imgdir name="65"><int name="x1" value="292"/><int name="y1" value="822"/><int name="x2" value="430"/><int name="y2" value="821"/><int name="prev" value="64"/><int name="next" value="66"/><int name="piece" value="9"/></imgdir><imgdir name="66"><int name="x1" value="430"/><int name="y1" value="821"/><int name="x2" value="449"/><int name="y2" value="818"/><int name="prev" value="65"/><int name="next" value="67"/><int name="piece" value="9"/></imgdir><imgdir name="67"><int name="x1" value="449"/><int name="y1" value="818"/><int name="x2" value="508"/><int name="y2" value="817"/><int name="prev" value="66"/><int name="next" value="68"/><int name="piece" value="9"/></imgdir><imgdir name="68"><int name="x1" value="508"/><int name="y1" value="817"/><int name="x2" value="511"/><int name="y2" value="817"/><int name="prev" value="67"/><int name="next" value="74"/><int name="piece" value="9"/></imgdir><imgdir name="69"><int name="x1" value="526"/><int name="y1" value="822"/><int name="x2" value="581"/><int name="y2" value="823"/><int name="prev" value="73"/><int name="next" value="70"/><int name="piece" value="9"/></imgdir><imgdir name="70"><int name="x1" value="581"/><int name="y1" value="823"/><int name="x2" value="588"/><int name="y2" value="821"/><int name="prev" value="69"/><int name="next" value="78"/><int name="piece" value="9"/></imgdir><imgdir name="71"><int name="x1" value="595"/><int name="y1" value="819"/><int name="x2" value="630"/><int name="y2" value="818"/><int name="prev" value="78"/><int name="next" value="72"/><int name="piece" value="9"/></imgdir><imgdir name="72"><int name="x1" value="630"/><int name="y1" value="818"/><int name="x2" value="637"/><int name="y2" value="820"/><int name="prev" value="71"/><int name="next" value="77"/><int name="piece" value="9"/></imgdir><imgdir name="73"><int name="x1" value="511"/><int name="y1" value="817"/><int name="x2" value="526"/><int name="y2" value="822"/><int name="prev" value="68"/><int name="next" value="69"/><int name="piece" value="9"/></imgdir><imgdir name="74"><int name="x1" value="511"/><int name="y1" value="817"/><int name="x2" value="562"/><int name="y2" value="818"/><int name="prev" value="68"/><int name="next" value="75"/><int name="piece" value="10"/></imgdir><imgdir name="75"><int name="x1" value="562"/><int name="y1" value="818"/><int name="x2" value="572"/><int name="y2" value="821"/><int name="prev" value="74"/><int name="next" value="76"/><int name="piece" value="10"/></imgdir><imgdir name="76"><int name="x1" value="572"/><int name="y1" value="821"/><int name="x2" value="588"/><int name="y2" value="821"/><int name="prev" value="75"/><int name="next" value="78"/><int name="piece" value="10"/></imgdir><imgdir name="77"><int name="x1" value="637"/><int name="y1" value="820"/><int name="x2" value="710"/><int name="y2" value="820"/><int name="prev" value="72"/><int name="next" value="79"/><int name="piece" value="10"/></imgdir><imgdir name="78"><int name="x1" value="588"/><int name="y1" value="821"/><int name="x2" value="595"/><int name="y2" value="819"/><int name="prev" value="76"/><int name="next" value="71"/><int name="piece" value="9"/></imgdir><imgdir name="79"><int name="x1" value="710"/><int name="y1" value="820"/><int name="x2" value="729"/><int name="y2" value="817"/><int name="prev" value="77"/><int name="next" value="80"/><int name="piece" value="10"/></imgdir><imgdir name="80"><int name="x1" value="729"/><int name="y1" value="817"/><int name="x2" value="788"/><int name="y2" value="816"/><int name="prev" value="79"/><int name="next" value="81"/><int name="piece" value="10"/></imgdir><imgdir name="81"><int name="x1" value="788"/><int name="y1" value="816"/><int name="x2" value="806"/><int name="y2" value="821"/><int name="prev" value="80"/><int name="next" value="82"/><int name="piece" value="10"/></imgdir><imgdir name="82"><int name="x1" value="806"/><int name="y1" value="821"/><int name="x2" value="861"/><int name="y2" value="822"/><int name="prev" value="81"/><int name="next" value="83"/><int name="piece" value="10"/></imgdir><imgdir name="83"><int name="x1" value="861"/><int name="y1" value="822"/><int name="x2" value="875"/><int name="y2" value="818"/><int name="prev" value="82"/><int name="next" value="84"/><int name="piece" value="10"/></imgdir><imgdir name="84"><int name="x1" value="875"/><int name="y1" value="818"/><int name="x2" value="910"/><int name="y2" value="817"/><int name="prev" value="83"/><int name="next" value="85"/><int name="piece" value="10"/></imgdir><imgdir name="85"><int name="x1" value="910"/><int name="y1" value="817"/><int name="x2" value="922"/><int name="y2" value="821"/><int name="prev" value="84"/><int name="next" value="0"/><int name="piece" value="10"/></imgdir></imgdir><imgdir name="10"><imgdir name="86"><int name="x1" value="1305"/><int name="y1" value="785"/><int name="x2" value="1395"/><int name="y2" value="785"/><int name="prev" value="89"/><int name="next" value="0"/><int name="piece" value="-1"/></imgdir><imgdir name="87"><int name="x1" value="1176"/><int name="y1" value="810"/><int name="x2" value="1176"/><int name="y2" value="785"/><int name="prev" value="0"/><int name="next" value="88"/><int name="piece" value="-1"/></imgdir><imgdir name="88"><int name="x1" value="1176"/><int name="y1" value="785"/><int name="x2" value="1254"/><int name="y2" value="785"/><int name="prev" value="87"/><int name="next" value="89"/><int name="piece" value="-1"/></imgdir><imgdir name="89"><int name="x1" value="1254"/><int name="y1" value="785"/><int name="x2" value="1305"/><int name="y2" value="785"/><int name="prev" value="88"/><int name="next" value="86"/><int name="piece" value="-1"/></imgdir></imgdir><imgdir name="15"><imgdir name="90"><int name="x1" value="906"/><int name="y1" value="750"/><int name="x2" value="906"/><int name="y2" value="725"/><int name="prev" value="0"/><int name="next" value="91"/><int name="piece" value="-1"/></imgdir><imgdir name="91"><int name="x1" value="906"/><int name="y1" value="725"/><int name="x2" value="984"/><int name="y2" value="725"/><int name="prev" value="90"/><int name="next" value="94"/><int name="piece" value="-1"/></imgdir><imgdir name="92"><int name="x1" value="996"/><int name="y1" value="725"/><int name="x2" value="1074"/><int name="y2" value="725"/><int name="prev" value="94"/><int name="next" value="93"/><int name="piece" value="-1"/></imgdir><imgdir name="93"><int name="x1" value="1074"/><int name="y1" value="725"/><int name="x2" value="1074"/><int name="y2" value="750"/><int name="prev" value="92"/><int name="next" value="0"/><int name="piece" value="-1"/></imgdir><imgdir name="94"><int name="x1" value="984"/><int name="y1" value="725"/><int name="x2" value="996"/><int name="y2" value="725"/><int name="prev" value="91"/><int name="next" value="92"/><int name="piece" value="-1"/></imgdir></imgdir><imgdir name="14"><imgdir name="95"><int name="x1" value="343"/><int name="y1" value="641"/><int name="x2" value="413"/><int name="y2" value="641"/><int name="prev" value="0"/><int name="next" value="96"/><int name="piece" value="11"/></imgdir><imgdir name="96"><int name="x1" value="413"/><int name="y1" value="641"/><int name="x2" value="440"/><int name="y2" value="644"/><int name="prev" value="95"/><int name="next" value="97"/><int name="piece" value="11"/></imgdir><imgdir name="97"><int name="x1" value="440"/><int name="y1" value="644"/><int name="x2" value="604"/><int name="y2" value="644"/><int name="prev" value="96"/><int name="next" value="98"/><int name="piece" value="11"/></imgdir><imgdir name="98"><int name="x1" value="604"/><int name="y1" value="644"/><int name="x2" value="620"/><int name="y2" value="641"/><int name="prev" value="97"/><int name="next" value="99"/><int name="piece" value="11"/></imgdir><imgdir name="99"><int name="x1" value="620"/><int name="y1" value="641"/><int name="x2" value="683"/><int name="y2" value="641"/><int name="prev" value="98"/><int name="next" value="100"/><int name="piece" value="11"/></imgdir><imgdir name="100"><int name="x1" value="683"/><int name="y1" value="641"/><int name="x2" value="696"/><int name="y2" value="644"/><int name="prev" value="99"/><int name="next" value="101"/><int name="piece" value="11"/></imgdir><imgdir name="101"><int name="x1" value="696"/><int name="y1" value="644"/><int name="x2" value="735"/><int name="y2" value="644"/><int name="prev" value="100"/><int name="next" value="102"/><int name="piece" value="11"/></imgdir><imgdir name="102"><int name="x1" value="735"/><int name="y1" value="644"/><int name="x2" value="748"/><int name="y2" value="640"/><int name="prev" value="101"/><int name="next" value="103"/><int name="piece" value="11"/></imgdir><imgdir name="103"><int name="x1" value="748"/><int name="y1" value="640"/><int name="x2" value="796"/><int name="y2" value="640"/><int name="prev" value="102"/><int name="next" value="104"/><int name="piece" value="11"/></imgdir><imgdir name="104"><int name="x1" value="796"/><int name="y1" value="640"/><int name="x2" value="810"/><int name="y2" value="644"/><int name="prev" value="103"/><int name="next" value="0"/><int name="piece" value="11"/></imgdir></imgdir></imgdir></imgdir><imgdir name="ladderRope"><imgdir name="1"><int name="l" value="0"/><int name="uf" value="1"/><int name="x" value="118"/><int name="y1" value="961"/><int name="y2" value="1100"/><int name="page" value="3"/><int name="piece" value="0"/></imgdir><imgdir name="2"><int name="l" value="0"/><int name="uf" value="1"/><int name="x" value="812"/><int name="y1" value="963"/><int name="y2" value="1102"/><int name="page" value="3"/><int name="piece" value="0"/></imgdir><imgdir name="3"><int name="l" value="0"/><int name="uf" value="1"/><int name="x" value="712"/><int name="y1" value="646"/><int name="y2" value="786"/><int name="page" value="3"/><int name="piece" value="0"/></imgdir><imgdir name="4"><int name="l" value="0"/><int name="uf" value="1"/><int name="x" value="356"/><int name="y1" value="823"/><int name="y2" value="926"/><int name="page" value="3"/><int name="piece" value="0"/></imgdir><imgdir name="5"><int name="l" value="0"/><int name="uf" value="1"/><int name="x" value="1237"/><int name="y1" value="787"/><int name="y2" value="990"/><int name="page" value="3"/><int name="piece" value="0"/></imgdir></imgdir><imgdir name="miniMap"><canvas name="canvas" width="95" height="54"><string name="_hash" value="ef60a4886347b73fc7ceb08e68d8ac72defa9cbd917e964ba3abc15ac1aa791d"/></canvas><int name="width" value="1530"/><int name="height" value="878"/><int name="centerX" value="135"/><int name="centerY" value="-499"/><int name="mag" value="4"/></imgdir><imgdir name="portal"><imgdir name="0"><string name="pn" value="sp"/><int name="pt" value="0"/><int name="x" value="984"/><int name="y" value="705"/><int name="tm" value="999999999"/><string name="tn" value=""/></imgdir><imgdir name="1"><string name="pn" value="out00"/><int name="pt" value="2"/><int name="x" value="1312"/><int name="y" value="786"/><int name="tm" value="100000201"/><string name="tn" value="out02"/><int name="horizontalImpact" value="0"/></imgdir></imgdir></imgdir>