<?xml version="1.0" encoding="UTF-8" standalone="yes"?><imgdir name="910060100.img"><imgdir name="info"><int name="version" value="10"/><int name="cloud" value="0"/><int name="town" value="0"/><int name="returnMap" value="100020000"/><float name="mobRate" value="1.999998"/><string name="bgm" value="Bgm01/CavaBien"/><string name="mapDesc" value=""/><int name="forcedReturn" value="100020000"/><int name="hideMinimap" value="0"/><int name="moveLimit" value="0"/><string name="mapMark" value="Henesys"/><int name="swim" value="0"/><int name="fly" value="0"/><int name="noMapCmd" value="0"/><int name="fieldLimit" value="344252"/><string name="onFirstUserEnter" value=""/><string name="onUserEnter" value=""/></imgdir><imgdir name="back"><imgdir name="0"><int name="no" value="0"/><int name="x" value="-48"/><int name="y" value="-109"/><int name="rx" value="0"/><int name="ry" value="0"/><int name="type" value="1"/><int name="cx" value="0"/><int name="cy" value="0"/><string name="bS" value="grassySoil_new"/><int name="a" value="255"/><int name="front" value="0"/><int name="ani" value="0"/><int name="f" value="0"/></imgdir><imgdir name="1"><string name="bS" value="grassySoil_new"/><int name="front" value="0"/><int name="ani" value="0"/><int name="no" value="3"/><int name="f" value="0"/><int name="x" value="-255"/><int name="y" value="-111"/><int name="rx" value="-1"/><int name="ry" value="-2"/><int name="type" value="4"/><int name="cx" value="0"/><int name="cy" value="0"/><int name="a" value="255"/></imgdir><imgdir name="2"><string name="bS" value="grassySoil_new"/><int name="front" value="0"/><int name="ani" value="0"/><int name="no" value="5"/><int name="f" value="0"/><int name="x" value="-12"/><int name="y" value="-78"/><int name="rx" value="-5"/><int name="ry" value="-5"/><int name="type" value="1"/><int name="cx" value="0"/><int name="cy" value="0"/><int name="a" value="255"/></imgdir><imgdir name="3"><string name="bS" value="grassySoil_new"/><int name="front" value="0"/><int name="ani" value="0"/><int name="no" value="6"/><int name="f" value="0"/><int name="x" value="-64"/><int name="y" value="-48"/><int name="rx" value="-10"/><int name="ry" value="-12"/><int name="type" value="1"/><int name="cx" value="0"/><int name="cy" value="0"/><int name="a" value="255"/></imgdir><imgdir name="4"><string name="bS" value="grassySoil_new"/><int name="front" value="0"/><int name="ani" value="0"/><int name="no" value="7"/><int name="f" value="0"/><int name="x" value="-288"/><int name="y" value="76"/><int name="rx" value="-10"/><int name="ry" value="-12"/><int name="type" value="1"/><int name="cx" value="0"/><int name="cy" value="0"/><int name="a" value="255"/></imgdir><imgdir name="5"><string name="bS" value="grassySoil_new"/><int name="front" value="0"/><int name="ani" value="0"/><int name="no" value="7"/><int name="f" value="0"/><int name="x" value="0"/><int name="y" value="87"/><int name="rx" value="-10"/><int name="ry" value="-12"/><int name="type" value="1"/><int name="cx" value="0"/><int name="cy" value="0"/><int name="a" value="255"/></imgdir><imgdir name="6"><string name="bS" value="grassySoil_new"/><int name="front" value="0"/><int name="ani" value="0"/><int name="no" value="8"/><int name="f" value="0"/><int name="x" value="-68"/><int name="y" value="-69"/><int name="rx" value="-2"/><int name="ry" value="-10"/><int name="type" value="4"/><int name="cx" value="0"/><int name="cy" value="0"/><int name="a" value="255"/></imgdir><imgdir name="7"><string name="bS" value="grassySoil_new"/><int name="front" value="0"/><int name="ani" value="0"/><int name="no" value="9"/><int name="f" value="0"/><int name="x" value="-341"/><int name="y" value="12"/><int name="rx" value="-12"/><int name="ry" value="-15"/><int name="type" value="1"/><int name="cx" value="1200"/><int name="cy" value="0"/><int name="a" value="255"/></imgdir><imgdir name="8"><string name="bS" value="grassySoil_new"/><int name="front" value="0"/><int name="ani" value="0"/><int name="no" value="10"/><int name="f" value="0"/><int name="x" value="130"/><int name="y" value="-56"/><int name="rx" value="-12"/><int name="ry" value="-15"/><int name="type" value="1"/><int name="cx" value="1200"/><int name="cy" value="0"/><int name="a" value="255"/></imgdir><imgdir name="9"><string name="bS" value="grassySoil_new"/><int name="front" value="0"/><int name="ani" value="0"/><int name="no" value="12"/><int name="f" value="0"/><int name="x" value="-21"/><int name="y" value="260"/><int name="rx" value="-15"/><int name="ry" value="-15"/><int name="type" value="1"/><int name="cx" value="0"/><int name="cy" value="0"/><int name="a" value="255"/></imgdir><imgdir name="10"><string name="bS" value="grassySoil_new"/><int name="front" value="0"/><int name="ani" value="0"/><int name="no" value="15"/><int name="f" value="0"/><int name="x" value="-654"/><int name="y" value="201"/><int name="rx" value="-15"/><int name="ry" value="-15"/><int name="type" value="1"/><int name="cx" value="2000"/><int name="cy" value="0"/><int name="a" value="255"/></imgdir><imgdir name="11"><string name="bS" value="grassySoil_new"/><int name="front" value="0"/><int name="ani" value="0"/><int name="no" value="16"/><int name="f" value="0"/><int name="x" value="14"/><int name="y" value="133"/><int name="rx" value="-15"/><int name="ry" value="-15"/><int name="type" value="1"/><int name="cx" value="2000"/><int name="cy" value="0"/><int name="a" value="255"/></imgdir><imgdir name="12"><string name="bS" value="grassySoil_new"/><int name="front" value="0"/><int name="ani" value="0"/><int name="no" value="17"/><int name="f" value="0"/><int name="x" value="514"/><int name="y" value="99"/><int name="rx" value="-15"/><int name="ry" value="-15"/><int name="type" value="1"/><int name="cx" value="2000"/><int name="cy" value="0"/><int name="a" value="255"/></imgdir><imgdir name="13"><string name="bS" value="grassySoil_new"/><int name="front" value="0"/><int name="ani" value="0"/><int name="no" value="18"/><int name="f" value="0"/><int name="x" value="1014"/><int name="y" value="123"/><int name="rx" value="-15"/><int name="ry" value="-15"/><int name="type" value="1"/><int name="cx" value="2000"/><int name="cy" value="0"/><int name="a" value="255"/></imgdir></imgdir><imgdir name="life"><imgdir name="0"><string name="type" value="m"/><string name="id" value="9300386"/><int name="x" value="152"/><int name="y" value="203"/><int name="mobTime" value="0"/><int name="f" value="0"/><int name="hide" value="0"/><int name="fh" value="24"/><int name="cy" value="215"/><int name="rx0" value="-430"/><int name="rx1" value="1150"/></imgdir><imgdir name="1"><string name="type" value="m"/><string name="id" value="9300386"/><int name="x" value="324"/><int name="y" value="204"/><int name="mobTime" value="0"/><int name="f" value="1"/><int name="hide" value="0"/><int name="fh" value="23"/><int name="cy" value="215"/><int name="rx0" value="-430"/><int name="rx1" value="1150"/></imgdir><imgdir name="2"><string name="type" value="m"/><string name="id" value="9300386"/><int name="x" value="496"/><int name="y" value="201"/><int name="mobTime" value="0"/><int name="f" value="0"/><int name="hide" value="0"/><int name="fh" value="14"/><int name="cy" value="215"/><int name="rx0" value="-430"/><int name="rx1" value="1150"/></imgdir><imgdir name="3"><string name="type" value="m"/><string name="id" value="9300386"/><int name="x" value="674"/><int name="y" value="195"/><int name="mobTime" value="0"/><int name="f" value="1"/><int name="hide" value="0"/><int name="fh" value="25"/><int name="cy" value="215"/><int name="rx0" value="-430"/><int name="rx1" value="1150"/></imgdir><imgdir name="4"><string name="type" value="m"/><string name="id" value="9300386"/><int name="x" value="829"/><int name="y" value="198"/><int name="mobTime" value="0"/><int name="f" value="0"/><int name="hide" value="0"/><int name="fh" value="30"/><int name="cy" value="215"/><int name="rx0" value="-430"/><int name="rx1" value="1150"/></imgdir><imgdir name="5"><string name="type" value="m"/><string name="id" value="9300386"/><int name="x" value="455"/><int name="y" value="16"/><int name="mobTime" value="0"/><int name="f" value="0"/><int name="hide" value="0"/><int name="fh" value="86"/><int name="cy" value="35"/><int name="rx0" value="341"/><int name="rx1" value="919"/></imgdir><imgdir name="6"><string name="type" value="m"/><string name="id" value="9300386"/><int name="x" value="653"/><int name="y" value="16"/><int name="mobTime" value="0"/><int name="f" value="1"/><int name="hide" value="0"/><int name="fh" value="85"/><int name="cy" value="35"/><int name="rx0" value="341"/><int name="rx1" value="919"/></imgdir><imgdir name="7"><string name="type" value="m"/><string name="id" value="9300386"/><int name="x" value="827"/><int name="y" value="23"/><int name="mobTime" value="0"/><int name="f" value="0"/><int name="hide" value="0"/><int name="fh" value="80"/><int name="cy" value="35"/><int name="rx0" value="341"/><int name="rx1" value="919"/></imgdir><imgdir name="8"><string name="type" value="m"/><string name="id" value="9300386"/><int name="x" value="20"/><int name="y" value="-45"/><int name="mobTime" value="0"/><int name="f" value="0"/><int name="hide" value="0"/><int name="fh" value="5"/><int name="cy" value="-25"/><int name="rx0" value="-109"/><int name="rx1" value="289"/></imgdir><imgdir name="9"><string name="type" value="m"/><string name="id" value="9300386"/><int name="x" value="187"/><int name="y" value="-40"/><int name="mobTime" value="0"/><int name="f" value="1"/><int name="hide" value="0"/><int name="fh" value="6"/><int name="cy" value="-25"/><int name="rx0" value="-109"/><int name="rx1" value="289"/></imgdir><imgdir name="10"><string name="type" value="m"/><string name="id" value="9300386"/><int name="x" value="1"/><int name="y" value="-219"/><int name="mobTime" value="0"/><int name="f" value="0"/><int name="hide" value="0"/><int name="fh" value="40"/><int name="cy" value="-205"/><int name="rx0" value="-109"/><int name="rx1" value="829"/></imgdir><imgdir name="11"><string name="type" value="m"/><string name="id" value="9300386"/><int name="x" value="152"/><int name="y" value="-219"/><int name="mobTime" value="0"/><int name="f" value="1"/><int name="hide" value="0"/><int name="fh" value="46"/><int name="cy" value="-205"/><int name="rx0" value="-109"/><int name="rx1" value="829"/></imgdir><imgdir name="12"><string name="type" value="m"/><string name="id" value="9300386"/><int name="x" value="288"/><int name="y" value="-224"/><int name="mobTime" value="0"/><int name="f" value="0"/><int name="hide" value="0"/><int name="fh" value="52"/><int name="cy" value="-205"/><int name="rx0" value="-109"/><int name="rx1" value="829"/></imgdir><imgdir name="13"><string name="type" value="m"/><string name="id" value="9300386"/><int name="x" value="415"/><int name="y" value="-214"/><int name="mobTime" value="0"/><int name="f" value="1"/><int name="hide" value="0"/><int name="fh" value="47"/><int name="cy" value="-205"/><int name="rx0" value="-109"/><int name="rx1" value="829"/></imgdir><imgdir name="14"><string name="type" value="m"/><string name="id" value="9300386"/><int name="x" value="558"/><int name="y" value="-221"/><int name="mobTime" value="0"/><int name="f" value="0"/><int name="hide" value="0"/><int name="fh" value="48"/><int name="cy" value="-205"/><int name="rx0" value="-109"/><int name="rx1" value="829"/></imgdir><imgdir name="15"><string name="type" value="m"/><string name="id" value="9300386"/><int name="x" value="131"/><int name="y" value="-400"/><int name="mobTime" value="0"/><int name="f" value="0"/><int name="hide" value="0"/><int name="fh" value="63"/><int name="cy" value="-385"/><int name="rx0" value="-19"/><int name="rx1" value="829"/></imgdir><imgdir name="16"><string name="type" value="m"/><string name="id" value="9300386"/><int name="x" value="296"/><int name="y" value="-402"/><int name="mobTime" value="0"/><int name="f" value="1"/><int name="hide" value="0"/><int name="fh" value="64"/><int name="cy" value="-385"/><int name="rx0" value="-19"/><int name="rx1" value="829"/></imgdir><imgdir name="17"><string name="type" value="m"/><string name="id" value="9300386"/><int name="x" value="462"/><int name="y" value="-403"/><int name="mobTime" value="0"/><int name="f" value="0"/><int name="hide" value="0"/><int name="fh" value="57"/><int name="cy" value="-385"/><int name="rx0" value="-19"/><int name="rx1" value="829"/></imgdir><imgdir name="18"><string name="type" value="m"/><string name="id" value="9300386"/><int name="x" value="658"/><int name="y" value="-396"/><int name="mobTime" value="0"/><int name="f" value="0"/><int name="hide" value="0"/><int name="fh" value="66"/><int name="cy" value="-385"/><int name="rx0" value="-19"/><int name="rx1" value="829"/></imgdir></imgdir><imgdir name="0"><imgdir name="info"></imgdir><imgdir name="tile"></imgdir><imgdir name="obj"><imgdir name="3"><string name="oS" value="acc1"/><string name="l0" value="grassySoil"/><string name="l1" value="nature"/><string name="l2" value="10"/><int name="x" value="310"/><int name="y" value="185"/><int name="z" value="3"/><int name="f" value="0"/><int name="zM" value="7"/></imgdir><imgdir name="4"><string name="oS" value="acc1"/><string name="l0" value="grassySoil"/><string name="l1" value="nature"/><string name="l2" value="10"/><int name="x" value="238"/><int name="y" value="183"/><int name="z" value="3"/><int name="f" value="0"/><int name="zM" value="1"/></imgdir><imgdir name="5"><string name="oS" value="acc1"/><string name="l0" value="grassySoil"/><string name="l1" value="nature"/><string name="l2" value="10"/><int name="x" value="488"/><int name="y" value="173"/><int name="z" value="2"/><int name="f" value="0"/><int name="zM" value="5"/></imgdir><imgdir name="6"><string name="oS" value="acc1"/><string name="l0" value="grassySoil"/><string name="l1" value="nature"/><string name="l2" value="10"/><int name="x" value="540"/><int name="y" value="187"/><int name="z" value="3"/><int name="f" value="0"/><int name="zM" value="5"/></imgdir><imgdir name="7"><string name="oS" value="acc1"/><string name="l0" value="grassySoil"/><string name="l1" value="nature"/><string name="l2" value="10"/><int name="x" value="636"/><int name="y" value="185"/><int name="z" value="3"/><int name="f" value="0"/><int name="zM" value="6"/></imgdir><imgdir name="14"><string name="oS" value="acc1"/><string name="l0" value="grassySoil"/><string name="l1" value="nature"/><string name="l2" value="9"/><int name="x" value="135"/><int name="y" value="-64"/><int name="z" value="4"/><int name="f" value="0"/><int name="zM" value="23"/></imgdir><imgdir name="15"><string name="oS" value="acc1"/><string name="l0" value="grassySoil"/><string name="l1" value="nature"/><string name="l2" value="9"/><int name="x" value="157"/><int name="y" value="-60"/><int name="z" value="2"/><int name="f" value="0"/><int name="zM" value="23"/></imgdir><imgdir name="16"><string name="oS" value="acc1"/><string name="l0" value="grassySoil"/><string name="l1" value="nature"/><string name="l2" value="9"/><int name="x" value="108"/><int name="y" value="-64"/><int name="z" value="3"/><int name="f" value="0"/><int name="zM" value="23"/></imgdir><imgdir name="19"><string name="oS" value="acc1"/><string name="l0" value="grassySoil"/><string name="l1" value="nature"/><string name="l2" value="9"/><int name="x" value="788"/><int name="y" value="190"/><int name="z" value="4"/><int name="f" value="0"/><int name="zM" value="4"/></imgdir><imgdir name="20"><string name="oS" value="acc1"/><string name="l0" value="grassySoil"/><string name="l1" value="nature"/><string name="l2" value="9"/><int name="x" value="823"/><int name="y" value="186"/><int name="z" value="5"/><int name="f" value="0"/><int name="zM" value="4"/></imgdir><imgdir name="21"><string name="oS" value="acc1"/><string name="l0" value="grassySoil"/><string name="l1" value="nature"/><string name="l2" value="9"/><int name="x" value="866"/><int name="y" value="190"/><int name="z" value="3"/><int name="f" value="0"/><int name="zM" value="2"/></imgdir><imgdir name="22"><string name="oS" value="acc1"/><string name="l0" value="grassySoil"/><string name="l1" value="nature"/><string name="l2" value="10"/><int name="x" value="583"/><int name="y" value="193"/><int name="z" value="3"/><int name="f" value="0"/><int name="zM" value="5"/></imgdir><imgdir name="23"><string name="oS" value="acc1"/><string name="l0" value="grassySoil"/><string name="l1" value="nature"/><string name="l2" value="10"/><int name="x" value="831"/><int name="y" value="2"/><int name="z" value="4"/><int name="f" value="0"/><int name="zM" value="19"/></imgdir><imgdir name="24"><string name="oS" value="acc1"/><string name="l0" value="grassySoil"/><string name="l1" value="nature"/><string name="l2" value="10"/><int name="x" value="181"/><int name="y" value="-239"/><int name="z" value="3"/><int name="f" value="0"/><int name="zM" value="30"/></imgdir><imgdir name="25"><string name="oS" value="acc1"/><string name="l0" value="grassySoil"/><string name="l1" value="nature"/><string name="l2" value="10"/><int name="x" value="1039"/><int name="y" value="-57"/><int name="z" value="1"/><int name="f" value="0"/><int name="zM" value="24"/></imgdir><imgdir name="26"><string name="oS" value="acc1"/><string name="l0" value="grassySoil"/><string name="l1" value="nature"/><string name="l2" value="14"/><int name="x" value="-306"/><int name="y" value="45"/><int name="z" value="4"/><int name="f" value="0"/><int name="zM" value="13"/></imgdir><imgdir name="28"><string name="oS" value="acc1"/><string name="l0" value="grassySoil"/><string name="l1" value="nature"/><string name="l2" value="14"/><int name="x" value="-338"/><int name="y" value="-14"/><int name="z" value="0"/><int name="f" value="0"/><int name="zM" value="13"/></imgdir><imgdir name="27"><string name="oS" value="acc1"/><string name="l0" value="grassySoil"/><string name="l1" value="nature"/><string name="l2" value="18"/><int name="x" value="-301"/><int name="y" value="71"/><int name="z" value="5"/><int name="f" value="0"/><int name="zM" value="13"/></imgdir><imgdir name="35"><string name="oS" value="acc1"/><string name="l0" value="grassySoil"/><string name="l1" value="nature"/><string name="l2" value="20"/><int name="x" value="192"/><int name="y" value="-434"/><int name="z" value="6"/><int name="f" value="0"/><int name="zM" value="36"/></imgdir><imgdir name="34"><string name="oS" value="acc1"/><string name="l0" value="grassySoil"/><string name="l1" value="nature"/><string name="l2" value="6"/><int name="x" value="153"/><int name="y" value="-405"/><int name="z" value="4"/><int name="f" value="0"/><int name="zM" value="36"/></imgdir><imgdir name="33"><string name="oS" value="acc1"/><string name="l0" value="grassySoil"/><string name="l1" value="nature"/><string name="l2" value="6"/><int name="x" value="185"/><int name="y" value="-401"/><int name="z" value="3"/><int name="f" value="0"/><int name="zM" value="36"/></imgdir><imgdir name="31"><string name="oS" value="acc1"/><string name="l0" value="grassySoil"/><string name="l1" value="nature"/><string name="l2" value="18"/><int name="x" value="-378"/><int name="y" value="72"/><int name="z" value="4"/><int name="f" value="0"/><int name="zM" value="13"/></imgdir><imgdir name="30"><string name="oS" value="acc1"/><string name="l0" value="grassySoil"/><string name="l1" value="nature"/><string name="l2" value="14"/><int name="x" value="-271"/><int name="y" value="5"/><int name="z" value="1"/><int name="f" value="0"/><int name="zM" value="13"/></imgdir><imgdir name="17"><string name="oS" value="acc1"/><string name="l0" value="grassySoil"/><string name="l1" value="nature"/><string name="l2" value="18"/><int name="x" value="-414"/><int name="y" value="74"/><int name="z" value="3"/><int name="f" value="0"/><int name="zM" value="13"/></imgdir><imgdir name="9"><string name="oS" value="acc1"/><string name="l0" value="grassySoil"/><string name="l1" value="nature"/><string name="l2" value="10"/><int name="x" value="1004"/><int name="y" value="189"/><int name="z" value="4"/><int name="f" value="0"/><int name="zM" value="2"/><int name="r" value="0"/></imgdir><imgdir name="11"><string name="oS" value="acc1"/><string name="l0" value="grassySoil"/><string name="l1" value="nature"/><string name="l2" value="13"/><int name="x" value="-369"/><int name="y" value="46"/><int name="z" value="1"/><int name="f" value="0"/><int name="zM" value="13"/></imgdir><imgdir name="0"><string name="oS" value="acc1"/><string name="l0" value="grassySoil"/><string name="l1" value="nature"/><string name="l2" value="0"/><int name="x" value="586"/><int name="y" value="-405"/><int name="z" value="3"/><int name="f" value="0"/><int name="zM" value="37"/></imgdir><imgdir name="18"><string name="oS" value="acc1"/><string name="l0" value="grassySoil"/><string name="l1" value="nature"/><string name="l2" value="0"/><int name="x" value="486"/><int name="y" value="-409"/><int name="z" value="4"/><int name="f" value="0"/><int name="zM" value="37"/></imgdir><imgdir name="12"><string name="oS" value="acc1"/><string name="l0" value="grassySoil"/><string name="l1" value="nature"/><string name="l2" value="0"/><int name="x" value="386"/><int name="y" value="-401"/><int name="z" value="3"/><int name="f" value="0"/><int name="zM" value="37"/><int name="piece" value="12"/></imgdir><imgdir name="13"><string name="oS" value="acc1"/><string name="l0" value="grassySoil_new"/><string name="l1" value="nature"/><string name="l2" value="4"/><int name="x" value="277"/><int name="y" value="-276"/><int name="z" value="3"/><int name="f" value="0"/><int name="zM" value="0"/><int name="r" value="0"/><int name="move" value="0"/><int name="dynamic" value="0"/><int name="piece" value="13"/></imgdir><imgdir name="10"><string name="oS" value="acc1"/><string name="l0" value="grassySoil_new"/><string name="l1" value="nature"/><string name="l2" value="4"/><int name="x" value="65"/><int name="y" value="-104"/><int name="z" value="3"/><int name="f" value="0"/><int name="zM" value="0"/><int name="r" value="0"/><int name="move" value="0"/><int name="dynamic" value="0"/><int name="piece" value="10"/></imgdir><imgdir name="1"><string name="oS" value="acc1"/><string name="l0" value="grassySoil_new"/><string name="l1" value="nature"/><string name="l2" value="4"/><int name="x" value="555"/><int name="y" value="-42"/><int name="z" value="9"/><int name="f" value="0"/><int name="zM" value="0"/><int name="r" value="0"/><int name="move" value="0"/><int name="dynamic" value="0"/><int name="piece" value="1"/></imgdir><imgdir name="2"><string name="oS" value="acc1"/><string name="l0" value="grassySoil_new"/><string name="l1" value="nature"/><string name="l2" value="4"/><int name="x" value="107"/><int name="y" value="147"/><int name="z" value="9"/><int name="f" value="0"/><int name="zM" value="0"/><int name="r" value="0"/><int name="move" value="0"/><int name="dynamic" value="0"/><int name="piece" value="2"/></imgdir><imgdir name="29"><string name="oS" value="acc1"/><string name="l0" value="grassySoil_new"/><string name="l1" value="nature"/><string name="l2" value="4"/><int name="x" value="-212"/><int name="y" value="18"/><int name="z" value="9"/><int name="f" value="0"/><int name="zM" value="0"/><int name="r" value="0"/><int name="move" value="0"/><int name="dynamic" value="0"/><int name="piece" value="29"/></imgdir><imgdir name="32"><string name="oS" value="acc1"/><string name="l0" value="grassySoil_new"/><string name="l1" value="nature"/><string name="l2" value="4"/><int name="x" value="97"/><int name="y" value="-463"/><int name="z" value="0"/><int name="f" value="0"/><int name="zM" value="0"/><int name="r" value="0"/><int name="move" value="0"/><int name="dynamic" value="0"/><int name="piece" value="32"/></imgdir><imgdir name="8"><string name="oS" value="acc1"/><string name="l0" value="grassySoil_new"/><string name="l1" value="nature"/><string name="l2" value="4"/><int name="x" value="698"/><int name="y" value="-452"/><int name="z" value="2"/><int name="f" value="0"/><int name="zM" value="0"/><int name="r" value="0"/><int name="move" value="0"/><int name="dynamic" value="0"/><int name="piece" value="8"/></imgdir><imgdir name="36"><string name="oS" value="acc1"/><string name="l0" value="grassySoil_new"/><string name="l1" value="nature"/><string name="l2" value="4"/><int name="x" value="953"/><int name="y" value="173"/><int name="z" value="9"/><int name="f" value="1"/><int name="zM" value="0"/><int name="r" value="0"/><int name="move" value="0"/><int name="dynamic" value="0"/><int name="piece" value="36"/></imgdir></imgdir></imgdir><imgdir name="1"><imgdir name="info"><string name="tS" value="grassySoil"/></imgdir><imgdir name="tile"><imgdir name="171"><int name="x" value="810"/><int name="y" value="480"/><string name="u" value="enH1"/><int name="no" value="0"/><int name="zM" value="0"/></imgdir><imgdir name="169"><int name="x" value="720"/><int name="y" value="480"/><string name="u" value="enH1"/><int name="no" value="1"/><int name="zM" value="0"/></imgdir><imgdir name="170"><int name="x" value="720"/><int name="y" value="420"/><string name="u" value="bsc"/><int name="no" value="3"/><int name="zM" value="0"/></imgdir><imgdir name="182"><int name="x" value="900"/><int name="y" value="420"/><string name="u" value="bsc"/><int name="no" value="3"/><int name="zM" value="0"/></imgdir><imgdir name="146"><int name="x" value="810"/><int name="y" value="360"/><string name="u" value="bsc"/><int name="no" value="1"/><int name="zM" value="0"/></imgdir><imgdir name="164"><int name="x" value="990"/><int name="y" value="360"/><string name="u" value="bsc"/><int name="no" value="1"/><int name="zM" value="0"/></imgdir><imgdir name="161"><int name="x" value="900"/><int name="y" value="240"/><string name="u" value="bsc"/><int name="no" value="3"/><int name="zM" value="0"/></imgdir><imgdir name="139"><int name="x" value="720"/><int name="y" value="360"/><string name="u" value="bsc"/><int name="no" value="1"/><int name="zM" value="0"/></imgdir><imgdir name="168"><int name="x" value="540"/><int name="y" value="480"/><string name="u" value="enH1"/><int name="no" value="1"/><int name="zM" value="0"/></imgdir><imgdir name="172"><int name="x" value="450"/><int name="y" value="360"/><string name="u" value="bsc"/><int name="no" value="1"/><int name="zM" value="0"/></imgdir><imgdir name="180"><int name="x" value="540"/><int name="y" value="360"/><string name="u" value="bsc"/><int name="no" value="2"/><int name="zM" value="0"/></imgdir><imgdir name="167"><int name="x" value="360"/><int name="y" value="480"/><string name="u" value="enH1"/><int name="no" value="1"/><int name="zM" value="0"/></imgdir><imgdir name="174"><int name="x" value="270"/><int name="y" value="420"/><string name="u" value="bsc"/><int name="no" value="4"/><int name="zM" value="0"/></imgdir><imgdir name="130"><int name="x" value="-450"/><int name="y" value="360"/><string name="u" value="bsc"/><int name="no" value="3"/><int name="zM" value="0"/></imgdir><imgdir name="142"><int name="x" value="-450"/><int name="y" value="300"/><string name="u" value="bsc"/><int name="no" value="4"/><int name="zM" value="0"/></imgdir><imgdir name="110"><int name="x" value="-450"/><int name="y" value="480"/><string name="u" value="enH1"/><int name="no" value="0"/><int name="zM" value="0"/></imgdir><imgdir name="111"><int name="x" value="-180"/><int name="y" value="360"/><string name="u" value="bsc"/><int name="no" value="2"/><int name="zM" value="0"/></imgdir><imgdir name="79"><int name="x" value="-270"/><int name="y" value="420"/><string name="u" value="bsc"/><int name="no" value="4"/><int name="zM" value="0"/></imgdir><imgdir name="78"><int name="x" value="-360"/><int name="y" value="420"/><string name="u" value="bsc"/><int name="no" value="0"/><int name="zM" value="0"/></imgdir><imgdir name="90"><int name="x" value="-180"/><int name="y" value="240"/><string name="u" value="bsc"/><int name="no" value="4"/><int name="zM" value="0"/></imgdir><imgdir name="100"><int name="x" value="0"/><int name="y" value="300"/><string name="u" value="bsc"/><int name="no" value="0"/><int name="zM" value="0"/></imgdir><imgdir name="101"><int name="x" value="90"/><int name="y" value="240"/><string name="u" value="enH0"/><int name="no" value="0"/><int name="zM" value="0"/></imgdir><imgdir name="96"><int name="x" value="90"/><int name="y" value="240"/><string name="u" value="bsc"/><int name="no" value="3"/><int name="zM" value="0"/></imgdir><imgdir name="97"><int name="x" value="180"/><int name="y" value="300"/><string name="u" value="bsc"/><int name="no" value="4"/><int name="zM" value="0"/></imgdir><imgdir name="98"><int name="x" value="-360"/><int name="y" value="300"/><string name="u" value="bsc"/><int name="no" value="2"/><int name="zM" value="0"/></imgdir><imgdir name="99"><int name="x" value="90"/><int name="y" value="300"/><string name="u" value="bsc"/><int name="no" value="2"/><int name="zM" value="0"/></imgdir><imgdir name="49"><int name="x" value="0"/><int name="y" value="240"/><string name="u" value="bsc"/><int name="no" value="2"/><int name="zM" value="0"/></imgdir><imgdir name="48"><int name="x" value="-90"/><int name="y" value="300"/><string name="u" value="bsc"/><int name="no" value="0"/><int name="zM" value="0"/></imgdir><imgdir name="9"><int name="x" value="-270"/><int name="y" value="240"/><string name="u" value="bsc"/><int name="no" value="4"/><int name="zM" value="0"/></imgdir><imgdir name="8"><int name="x" value="-180"/><int name="y" value="300"/><string name="u" value="bsc"/><int name="no" value="2"/><int name="zM" value="0"/></imgdir><imgdir name="11"><int name="x" value="270"/><int name="y" value="300"/><string name="u" value="bsc"/><int name="no" value="3"/><int name="zM" value="0"/></imgdir><imgdir name="10"><int name="x" value="270"/><int name="y" value="360"/><string name="u" value="bsc"/><int name="no" value="4"/><int name="zM" value="0"/></imgdir><imgdir name="20"><int name="x" value="0"/><int name="y" value="420"/><string name="u" value="bsc"/><int name="no" value="2"/><int name="zM" value="0"/></imgdir><imgdir name="21"><int name="x" value="-360"/><int name="y" value="240"/><string name="u" value="bsc"/><int name="no" value="1"/><int name="zM" value="0"/></imgdir><imgdir name="12"><int name="x" value="90"/><int name="y" value="360"/><string name="u" value="bsc"/><int name="no" value="0"/><int name="zM" value="0"/></imgdir><imgdir name="15"><int name="x" value="-90"/><int name="y" value="360"/><string name="u" value="bsc"/><int name="no" value="0"/><int name="zM" value="0"/></imgdir><imgdir name="14"><int name="x" value="0"/><int name="y" value="360"/><string name="u" value="bsc"/><int name="no" value="3"/><int name="zM" value="0"/></imgdir><imgdir name="17"><int name="x" value="-90"/><int name="y" value="420"/><string name="u" value="bsc"/><int name="no" value="0"/><int name="zM" value="0"/></imgdir><imgdir name="16"><int name="x" value="-450"/><int name="y" value="240"/><string name="u" value="bsc"/><int name="no" value="0"/><int name="zM" value="0"/></imgdir><imgdir name="19"><int name="x" value="360"/><int name="y" value="420"/><string name="u" value="bsc"/><int name="no" value="1"/><int name="zM" value="0"/></imgdir><imgdir name="18"><int name="x" value="-360"/><int name="y" value="360"/><string name="u" value="bsc"/><int name="no" value="4"/><int name="zM" value="0"/></imgdir><imgdir name="23"><int name="x" value="-180"/><int name="y" value="420"/><string name="u" value="bsc"/><int name="no" value="1"/><int name="zM" value="0"/></imgdir><imgdir name="22"><int name="x" value="90"/><int name="y" value="420"/><string name="u" value="bsc"/><int name="no" value="1"/><int name="zM" value="0"/></imgdir><imgdir name="4"><int name="x" value="-360"/><int name="y" value="480"/><string name="u" value="enH1"/><int name="no" value="0"/><int name="zM" value="0"/></imgdir><imgdir name="5"><int name="x" value="-270"/><int name="y" value="360"/><string name="u" value="bsc"/><int name="no" value="4"/><int name="zM" value="0"/></imgdir><imgdir name="55"><int name="x" value="270"/><int name="y" value="480"/><string name="u" value="enH1"/><int name="no" value="1"/><int name="zM" value="0"/></imgdir><imgdir name="54"><int name="x" value="180"/><int name="y" value="420"/><string name="u" value="bsc"/><int name="no" value="0"/><int name="zM" value="0"/></imgdir><imgdir name="26"><int name="x" value="180"/><int name="y" value="480"/><string name="u" value="enH1"/><int name="no" value="0"/><int name="zM" value="0"/></imgdir><imgdir name="27"><int name="x" value="-270"/><int name="y" value="480"/><string name="u" value="enH1"/><int name="no" value="1"/><int name="zM" value="0"/></imgdir><imgdir name="29"><int name="x" value="90"/><int name="y" value="480"/><string name="u" value="enH1"/><int name="no" value="0"/><int name="zM" value="0"/></imgdir><imgdir name="28"><int name="x" value="-90"/><int name="y" value="480"/><string name="u" value="enH1"/><int name="no" value="1"/><int name="zM" value="0"/></imgdir><imgdir name="31"><int name="x" value="-270"/><int name="y" value="300"/><string name="u" value="bsc"/><int name="no" value="2"/><int name="zM" value="0"/></imgdir><imgdir name="30"><int name="x" value="0"/><int name="y" value="480"/><string name="u" value="enH1"/><int name="no" value="1"/><int name="zM" value="0"/></imgdir><imgdir name="34"><int name="x" value="-90"/><int name="y" value="240"/><string name="u" value="bsc"/><int name="no" value="2"/><int name="zM" value="0"/></imgdir><imgdir name="35"><int name="x" value="-180"/><int name="y" value="480"/><string name="u" value="enH1"/><int name="no" value="0"/><int name="zM" value="0"/></imgdir><imgdir name="33"><int name="x" value="0"/><int name="y" value="240"/><string name="u" value="enH0"/><int name="no" value="1"/><int name="zM" value="0"/></imgdir><imgdir name="32"><int name="x" value="630"/><int name="y" value="420"/><string name="u" value="bsc"/><int name="no" value="1"/><int name="zM" value="0"/></imgdir><imgdir name="47"><int name="x" value="630"/><int name="y" value="480"/><string name="u" value="enH1"/><int name="no" value="0"/><int name="zM" value="0"/></imgdir><imgdir name="46"><int name="x" value="540"/><int name="y" value="420"/><string name="u" value="bsc"/><int name="no" value="4"/><int name="zM" value="0"/></imgdir><imgdir name="45"><int name="x" value="450"/><int name="y" value="480"/><string name="u" value="enH1"/><int name="no" value="1"/><int name="zM" value="0"/></imgdir><imgdir name="44"><int name="x" value="450"/><int name="y" value="420"/><string name="u" value="bsc"/><int name="no" value="2"/><int name="zM" value="0"/></imgdir><imgdir name="43"><int name="x" value="180"/><int name="y" value="360"/><string name="u" value="bsc"/><int name="no" value="3"/><int name="zM" value="0"/></imgdir><imgdir name="42"><int name="x" value="360"/><int name="y" value="300"/><string name="u" value="bsc"/><int name="no" value="0"/><int name="zM" value="0"/></imgdir><imgdir name="41"><int name="x" value="720"/><int name="y" value="300"/><string name="u" value="bsc"/><int name="no" value="3"/><int name="zM" value="0"/></imgdir><imgdir name="40"><int name="x" value="540"/><int name="y" value="300"/><string name="u" value="bsc"/><int name="no" value="1"/><int name="zM" value="0"/></imgdir><imgdir name="39"><int name="x" value="360"/><int name="y" value="360"/><string name="u" value="bsc"/><int name="no" value="2"/><int name="zM" value="0"/></imgdir><imgdir name="38"><int name="x" value="810"/><int name="y" value="300"/><string name="u" value="bsc"/><int name="no" value="0"/><int name="zM" value="0"/></imgdir><imgdir name="37"><int name="x" value="-450"/><int name="y" value="420"/><string name="u" value="bsc"/><int name="no" value="4"/><int name="zM" value="0"/></imgdir><imgdir name="36"><int name="x" value="630"/><int name="y" value="300"/><string name="u" value="bsc"/><int name="no" value="4"/><int name="zM" value="0"/></imgdir><imgdir name="52"><int name="x" value="720"/><int name="y" value="240"/><string name="u" value="bsc"/><int name="no" value="3"/><int name="zM" value="0"/></imgdir><imgdir name="13"><int name="x" value="-180"/><int name="y" value="180"/><string name="u" value="bsc"/><int name="no" value="1"/><int name="zM" value="0"/></imgdir><imgdir name="125"><int name="x" value="-180"/><int name="y" value="120"/><string name="u" value="enH0"/><int name="no" value="0"/><int name="zM" value="0"/></imgdir><imgdir name="131"><int name="x" value="-450"/><int name="y" value="180"/><string name="u" value="bsc"/><int name="no" value="1"/><int name="zM" value="0"/></imgdir><imgdir name="137"><int name="x" value="-360"/><int name="y" value="180"/><string name="u" value="bsc"/><int name="no" value="2"/><int name="zM" value="0"/></imgdir><imgdir name="132"><int name="x" value="-90"/><int name="y" value="180"/><string name="u" value="bsc"/><int name="no" value="4"/><int name="zM" value="0"/></imgdir><imgdir name="129"><int name="x" value="0"/><int name="y" value="180"/><string name="u" value="enV1"/><int name="no" value="1"/><int name="zM" value="0"/></imgdir><imgdir name="84"><int name="x" value="-90"/><int name="y" value="180"/><string name="u" value="enH0"/><int name="no" value="1"/><int name="zM" value="0"/></imgdir><imgdir name="85"><int name="x" value="0"/><int name="y" value="180"/><string name="u" value="edU"/><int name="no" value="1"/><int name="zM" value="0"/></imgdir><imgdir name="87"><int name="x" value="-180"/><int name="y" value="120"/><string name="u" value="bsc"/><int name="no" value="4"/><int name="zM" value="0"/></imgdir><imgdir name="86"><int name="x" value="-90"/><int name="y" value="120"/><string name="u" value="enV1"/><int name="no" value="0"/><int name="zM" value="0"/></imgdir><imgdir name="88"><int name="x" value="-90"/><int name="y" value="120"/><string name="u" value="edU"/><int name="no" value="0"/><int name="zM" value="0"/></imgdir><imgdir name="51"><int name="x" value="-270"/><int name="y" value="120"/><string name="u" value="enH0"/><int name="no" value="0"/><int name="zM" value="0"/></imgdir><imgdir name="106"><int name="x" value="-360"/><int name="y" value="120"/><string name="u" value="bsc"/><int name="no" value="2"/><int name="zM" value="0"/></imgdir><imgdir name="69"><int name="x" value="-90"/><int name="y" value="0"/><string name="u" value="enH1"/><int name="no" value="1"/><int name="zM" value="21"/></imgdir><imgdir name="68"><int name="x" value="-90"/><int name="y" value="0"/><string name="u" value="enH0"/><int name="no" value="1"/><int name="zM" value="21"/></imgdir><imgdir name="61"><int name="x" value="90"/><int name="y" value="0"/><string name="u" value="enH0"/><int name="no" value="1"/><int name="zM" value="21"/></imgdir><imgdir name="60"><int name="x" value="90"/><int name="y" value="0"/><string name="u" value="enH1"/><int name="no" value="1"/><int name="zM" value="21"/></imgdir><imgdir name="2"><int name="x" value="270"/><int name="y" value="0"/><string name="u" value="edD"/><int name="no" value="0"/><int name="zM" value="21"/></imgdir><imgdir name="3"><int name="x" value="270"/><int name="y" value="0"/><string name="u" value="edU"/><int name="no" value="1"/><int name="zM" value="21"/></imgdir><imgdir name="25"><int name="x" value="0"/><int name="y" value="0"/><string name="u" value="enH0"/><int name="no" value="1"/><int name="zM" value="21"/></imgdir><imgdir name="24"><int name="x" value="0"/><int name="y" value="0"/><string name="u" value="enH1"/><int name="no" value="0"/><int name="zM" value="21"/></imgdir><imgdir name="0"><int name="x" value="-90"/><int name="y" value="0"/><string name="u" value="edD"/><int name="no" value="0"/><int name="zM" value="21"/></imgdir><imgdir name="1"><int name="x" value="-90"/><int name="y" value="0"/><string name="u" value="edU"/><int name="no" value="1"/><int name="zM" value="21"/></imgdir><imgdir name="62"><int name="x" value="990"/><int name="y" value="0"/><string name="u" value="enH0"/><int name="no" value="1"/><int name="zM" value="20"/></imgdir><imgdir name="63"><int name="x" value="990"/><int name="y" value="0"/><string name="u" value="enH1"/><int name="no" value="1"/><int name="zM" value="20"/></imgdir><imgdir name="73"><int name="x" value="990"/><int name="y" value="0"/><string name="u" value="edD"/><int name="no" value="0"/><int name="zM" value="20"/></imgdir><imgdir name="72"><int name="x" value="990"/><int name="y" value="0"/><string name="u" value="edU"/><int name="no" value="1"/><int name="zM" value="20"/></imgdir><imgdir name="112"><int name="x" value="-270"/><int name="y" value="180"/><string name="u" value="bsc"/><int name="no" value="1"/><int name="zM" value="0"/></imgdir><imgdir name="6"><int name="x" value="-450"/><int name="y" value="120"/><string name="u" value="enH0"/><int name="no" value="0"/><int name="zM" value="0"/></imgdir><imgdir name="7"><int name="x" value="540"/><int name="y" value="240"/><string name="u" value="enH0"/><int name="no" value="1"/><int name="zM" value="0"/></imgdir><imgdir name="58"><int name="x" value="450"/><int name="y" value="240"/><string name="u" value="enH0"/><int name="no" value="0"/><int name="zM" value="0"/></imgdir><imgdir name="53"><int name="x" value="180"/><int name="y" value="0"/><string name="u" value="enH0"/><int name="no" value="1"/><int name="zM" value="21"/></imgdir><imgdir name="150"><int name="x" value="720"/><int name="y" value="240"/><string name="u" value="enH0"/><int name="no" value="0"/><int name="zM" value="0"/></imgdir><imgdir name="104"><int name="x" value="630"/><int name="y" value="240"/><string name="u" value="enH0"/><int name="no" value="0"/><int name="zM" value="0"/></imgdir><imgdir name="159"><int name="x" value="-270"/><int name="y" value="-60"/><string name="u" value="enH1"/><int name="no" value="0"/><int name="zM" value="25"/></imgdir><imgdir name="160"><int name="x" value="-270"/><int name="y" value="-60"/><string name="u" value="enH0"/><int name="no" value="0"/><int name="zM" value="25"/></imgdir><imgdir name="151"><int name="x" value="-180"/><int name="y" value="-60"/><string name="u" value="edD"/><int name="no" value="0"/><int name="zM" value="25"/></imgdir><imgdir name="148"><int name="x" value="-180"/><int name="y" value="-60"/><string name="u" value="edU"/><int name="no" value="1"/><int name="zM" value="25"/></imgdir><imgdir name="145"><int name="x" value="-270"/><int name="y" value="-60"/><string name="u" value="edD"/><int name="no" value="0"/><int name="zM" value="25"/></imgdir><imgdir name="165"><int name="x" value="-270"/><int name="y" value="-60"/><string name="u" value="edU"/><int name="no" value="1"/><int name="zM" value="25"/></imgdir><imgdir name="156"><int name="x" value="-450"/><int name="y" value="120"/><string name="u" value="bsc"/><int name="no" value="0"/><int name="zM" value="0"/></imgdir><imgdir name="149"><int name="x" value="810"/><int name="y" value="240"/><string name="u" value="enH0"/><int name="no" value="1"/><int name="zM" value="0"/></imgdir><imgdir name="175"><int name="x" value="900"/><int name="y" value="240"/><string name="u" value="enH0"/><int name="no" value="0"/><int name="zM" value="0"/></imgdir><imgdir name="173"><int name="x" value="-270"/><int name="y" value="120"/><string name="u" value="bsc"/><int name="no" value="2"/><int name="zM" value="0"/></imgdir><imgdir name="176"><int name="x" value="810"/><int name="y" value="240"/><string name="u" value="bsc"/><int name="no" value="0"/><int name="zM" value="0"/></imgdir><imgdir name="147"><int name="x" value="180"/><int name="y" value="240"/><string name="u" value="bsc"/><int name="no" value="4"/><int name="zM" value="0"/></imgdir><imgdir name="179"><int name="x" value="180"/><int name="y" value="240"/><string name="u" value="enH0"/><int name="no" value="1"/><int name="zM" value="0"/></imgdir><imgdir name="166"><int name="x" value="360"/><int name="y" value="240"/><string name="u" value="enH0"/><int name="no" value="1"/><int name="zM" value="0"/></imgdir><imgdir name="163"><int name="x" value="990"/><int name="y" value="480"/><string name="u" value="enH1"/><int name="no" value="0"/><int name="zM" value="0"/></imgdir><imgdir name="155"><int name="x" value="990"/><int name="y" value="420"/><string name="u" value="bsc"/><int name="no" value="2"/><int name="zM" value="0"/></imgdir><imgdir name="122"><int name="x" value="900"/><int name="y" value="480"/><string name="u" value="enH1"/><int name="no" value="1"/><int name="zM" value="0"/></imgdir><imgdir name="91"><int name="x" value="630"/><int name="y" value="240"/><string name="u" value="bsc"/><int name="no" value="4"/><int name="zM" value="0"/></imgdir><imgdir name="92"><int name="x" value="270"/><int name="y" value="240"/><string name="u" value="enH0"/><int name="no" value="0"/><int name="zM" value="0"/></imgdir><imgdir name="133"><int name="x" value="270"/><int name="y" value="240"/><string name="u" value="bsc"/><int name="no" value="3"/><int name="zM" value="0"/></imgdir><imgdir name="74"><int name="x" value="-360"/><int name="y" value="120"/><string name="u" value="enH0"/><int name="no" value="1"/><int name="zM" value="0"/></imgdir><imgdir name="75"><int name="x" value="450"/><int name="y" value="240"/><string name="u" value="bsc"/><int name="no" value="0"/><int name="zM" value="0"/></imgdir><imgdir name="120"><int name="x" value="180"/><int name="y" value="0"/><string name="u" value="enH1"/><int name="no" value="1"/><int name="zM" value="21"/></imgdir><imgdir name="158"><int name="x" value="360"/><int name="y" value="240"/><string name="u" value="bsc"/><int name="no" value="2"/><int name="zM" value="0"/></imgdir><imgdir name="76"><int name="x" value="990"/><int name="y" value="240"/><string name="u" value="bsc"/><int name="no" value="2"/><int name="zM" value="0"/></imgdir><imgdir name="71"><int name="x" value="540"/><int name="y" value="240"/><string name="u" value="bsc"/><int name="no" value="4"/><int name="zM" value="0"/></imgdir><imgdir name="70"><int name="x" value="900"/><int name="y" value="300"/><string name="u" value="bsc"/><int name="no" value="0"/><int name="zM" value="0"/></imgdir><imgdir name="134"><int name="x" value="810"/><int name="y" value="60"/><string name="u" value="enH1"/><int name="no" value="0"/><int name="zM" value="16"/></imgdir><imgdir name="83"><int name="x" value="810"/><int name="y" value="60"/><string name="u" value="enH0"/><int name="no" value="1"/><int name="zM" value="16"/></imgdir><imgdir name="127"><int name="x" value="900"/><int name="y" value="60"/><string name="u" value="edD"/><int name="no" value="0"/><int name="zM" value="16"/></imgdir><imgdir name="109"><int name="x" value="900"/><int name="y" value="60"/><string name="u" value="edU"/><int name="no" value="0"/><int name="zM" value="16"/></imgdir><imgdir name="114"><int name="x" value="720"/><int name="y" value="60"/><string name="u" value="enH0"/><int name="no" value="1"/><int name="zM" value="16"/></imgdir><imgdir name="115"><int name="x" value="720"/><int name="y" value="60"/><string name="u" value="enH1"/><int name="no" value="0"/><int name="zM" value="16"/></imgdir><imgdir name="117"><int name="x" value="630"/><int name="y" value="60"/><string name="u" value="enH0"/><int name="no" value="1"/><int name="zM" value="16"/></imgdir><imgdir name="123"><int name="x" value="630"/><int name="y" value="60"/><string name="u" value="enH1"/><int name="no" value="0"/><int name="zM" value="16"/></imgdir><imgdir name="143"><int name="x" value="540"/><int name="y" value="60"/><string name="u" value="enH0"/><int name="no" value="1"/><int name="zM" value="16"/></imgdir><imgdir name="119"><int name="x" value="540"/><int name="y" value="60"/><string name="u" value="enH1"/><int name="no" value="1"/><int name="zM" value="16"/></imgdir><imgdir name="140"><int name="x" value="450"/><int name="y" value="60"/><string name="u" value="enH0"/><int name="no" value="1"/><int name="zM" value="16"/></imgdir><imgdir name="116"><int name="x" value="450"/><int name="y" value="60"/><string name="u" value="enH1"/><int name="no" value="0"/><int name="zM" value="16"/></imgdir><imgdir name="80"><int name="x" value="360"/><int name="y" value="60"/><string name="u" value="enH0"/><int name="no" value="1"/><int name="zM" value="16"/></imgdir><imgdir name="121"><int name="x" value="360"/><int name="y" value="60"/><string name="u" value="enH1"/><int name="no" value="1"/><int name="zM" value="16"/></imgdir><imgdir name="64"><int name="x" value="360"/><int name="y" value="60"/><string name="u" value="edD"/><int name="no" value="0"/><int name="zM" value="16"/></imgdir><imgdir name="65"><int name="x" value="360"/><int name="y" value="60"/><string name="u" value="edU"/><int name="no" value="1"/><int name="zM" value="16"/></imgdir><imgdir name="103"><int name="x" value="810"/><int name="y" value="-180"/><string name="u" value="edD"/><int name="no" value="0"/><int name="zM" value="29"/></imgdir><imgdir name="105"><int name="x" value="810"/><int name="y" value="-180"/><string name="u" value="edU"/><int name="no" value="0"/><int name="zM" value="29"/></imgdir><imgdir name="50"><int name="x" value="630"/><int name="y" value="-180"/><string name="u" value="enH0"/><int name="no" value="0"/><int name="zM" value="29"/></imgdir><imgdir name="136"><int name="x" value="630"/><int name="y" value="-180"/><string name="u" value="enH1"/><int name="no" value="0"/><int name="zM" value="29"/></imgdir><imgdir name="59"><int name="x" value="720"/><int name="y" value="-180"/><string name="u" value="enH0"/><int name="no" value="0"/><int name="zM" value="29"/></imgdir><imgdir name="141"><int name="x" value="720"/><int name="y" value="-180"/><string name="u" value="enH1"/><int name="no" value="0"/><int name="zM" value="29"/></imgdir><imgdir name="153"><int name="x" value="540"/><int name="y" value="-180"/><string name="u" value="enH0"/><int name="no" value="1"/><int name="zM" value="29"/></imgdir><imgdir name="102"><int name="x" value="540"/><int name="y" value="-180"/><string name="u" value="enH1"/><int name="no" value="0"/><int name="zM" value="29"/></imgdir><imgdir name="162"><int name="x" value="360"/><int name="y" value="-180"/><string name="u" value="enH1"/><int name="no" value="0"/><int name="zM" value="29"/></imgdir><imgdir name="95"><int name="x" value="450"/><int name="y" value="-180"/><string name="u" value="enH0"/><int name="no" value="0"/><int name="zM" value="29"/></imgdir><imgdir name="108"><int name="x" value="450"/><int name="y" value="-180"/><string name="u" value="enH1"/><int name="no" value="1"/><int name="zM" value="29"/></imgdir><imgdir name="157"><int name="x" value="-90"/><int name="y" value="-180"/><string name="u" value="edD"/><int name="no" value="0"/><int name="zM" value="29"/></imgdir><imgdir name="154"><int name="x" value="-90"/><int name="y" value="-180"/><string name="u" value="edU"/><int name="no" value="0"/><int name="zM" value="29"/></imgdir><imgdir name="178"><int name="x" value="270"/><int name="y" value="-180"/><string name="u" value="enH0"/><int name="no" value="0"/><int name="zM" value="29"/></imgdir><imgdir name="181"><int name="x" value="270"/><int name="y" value="-180"/><string name="u" value="enH1"/><int name="no" value="1"/><int name="zM" value="29"/></imgdir><imgdir name="107"><int name="x" value="90"/><int name="y" value="-180"/><string name="u" value="enH0"/><int name="no" value="1"/><int name="zM" value="29"/></imgdir><imgdir name="177"><int name="x" value="90"/><int name="y" value="-180"/><string name="u" value="enH1"/><int name="no" value="1"/><int name="zM" value="29"/></imgdir><imgdir name="77"><int name="x" value="0"/><int name="y" value="-180"/><string name="u" value="enH0"/><int name="no" value="1"/><int name="zM" value="29"/></imgdir><imgdir name="135"><int name="x" value="0"/><int name="y" value="-180"/><string name="u" value="enH1"/><int name="no" value="1"/><int name="zM" value="29"/></imgdir><imgdir name="67"><int name="x" value="-90"/><int name="y" value="-180"/><string name="u" value="enH0"/><int name="no" value="1"/><int name="zM" value="29"/></imgdir><imgdir name="66"><int name="x" value="-90"/><int name="y" value="-180"/><string name="u" value="enH1"/><int name="no" value="0"/><int name="zM" value="29"/></imgdir><imgdir name="82"><int name="x" value="180"/><int name="y" value="-180"/><string name="u" value="enH0"/><int name="no" value="0"/><int name="zM" value="29"/></imgdir><imgdir name="93"><int name="x" value="180"/><int name="y" value="-180"/><string name="u" value="enH1"/><int name="no" value="1"/><int name="zM" value="29"/></imgdir><imgdir name="138"><int name="x" value="450"/><int name="y" value="300"/><string name="u" value="bsc"/><int name="no" value="3"/><int name="zM" value="0"/></imgdir><imgdir name="128"><int name="x" value="630"/><int name="y" value="360"/><string name="u" value="bsc"/><int name="no" value="1"/><int name="zM" value="0"/></imgdir><imgdir name="126"><int name="x" value="360"/><int name="y" value="-180"/><string name="u" value="enH0"/><int name="no" value="0"/><int name="zM" value="29"/></imgdir><imgdir name="118"><int name="x" value="990"/><int name="y" value="300"/><string name="u" value="bsc"/><int name="no" value="0"/><int name="zM" value="0"/></imgdir><imgdir name="81"><int name="x" value="900"/><int name="y" value="360"/><string name="u" value="bsc"/><int name="no" value="2"/><int name="zM" value="0"/></imgdir><imgdir name="94"><int name="x" value="810"/><int name="y" value="420"/><string name="u" value="bsc"/><int name="no" value="3"/><int name="zM" value="0"/></imgdir><imgdir name="183"><int name="x" value="1080"/><int name="y" value="0"/><string name="u" value="edU"/><int name="no" value="0"/><int name="zM" value="20"/></imgdir><imgdir name="184"><int name="x" value="1080"/><int name="y" value="0"/><string name="u" value="edD"/><int name="no" value="0"/><int name="zM" value="20"/></imgdir><imgdir name="193"><int name="x" value="1080"/><int name="y" value="-240"/><string name="u" value="edU"/><int name="no" value="0"/><int name="zM" value="31"/></imgdir><imgdir name="194"><int name="x" value="1080"/><int name="y" value="-240"/><string name="u" value="edD"/><int name="no" value="0"/><int name="zM" value="31"/></imgdir><imgdir name="195"><int name="x" value="990"/><int name="y" value="-240"/><string name="u" value="enH0"/><int name="no" value="1"/><int name="zM" value="31"/></imgdir><imgdir name="196"><int name="x" value="990"/><int name="y" value="-240"/><string name="u" value="enH1"/><int name="no" value="1"/><int name="zM" value="31"/></imgdir><imgdir name="197"><int name="x" value="900"/><int name="y" value="-240"/><string name="u" value="edU"/><int name="no" value="1"/><int name="zM" value="31"/></imgdir><imgdir name="198"><int name="x" value="900"/><int name="y" value="-240"/><string name="u" value="edD"/><int name="no" value="0"/><int name="zM" value="31"/></imgdir><imgdir name="191"><int name="x" value="900"/><int name="y" value="-240"/><string name="u" value="enH1"/><int name="no" value="1"/><int name="zM" value="31"/></imgdir><imgdir name="192"><int name="x" value="900"/><int name="y" value="-240"/><string name="u" value="enH0"/><int name="no" value="1"/><int name="zM" value="31"/></imgdir><imgdir name="211"><int name="x" value="180"/><int name="y" value="-360"/><string name="u" value="enH0"/><int name="no" value="0"/><int name="zM" value="35"/></imgdir><imgdir name="212"><int name="x" value="180"/><int name="y" value="-360"/><string name="u" value="enH1"/><int name="no" value="0"/><int name="zM" value="35"/></imgdir><imgdir name="207"><int name="x" value="90"/><int name="y" value="-360"/><string name="u" value="enH1"/><int name="no" value="0"/><int name="zM" value="35"/></imgdir><imgdir name="208"><int name="x" value="90"/><int name="y" value="-360"/><string name="u" value="enH0"/><int name="no" value="1"/><int name="zM" value="35"/></imgdir><imgdir name="205"><int name="x" value="0"/><int name="y" value="-360"/><string name="u" value="enH1"/><int name="no" value="1"/><int name="zM" value="35"/></imgdir><imgdir name="206"><int name="x" value="0"/><int name="y" value="-360"/><string name="u" value="enH0"/><int name="no" value="1"/><int name="zM" value="35"/></imgdir><imgdir name="209"><int name="x" value="270"/><int name="y" value="-360"/><string name="u" value="enH1"/><int name="no" value="1"/><int name="zM" value="35"/></imgdir><imgdir name="210"><int name="x" value="270"/><int name="y" value="-360"/><string name="u" value="enH0"/><int name="no" value="0"/><int name="zM" value="35"/></imgdir><imgdir name="185"><int name="x" value="360"/><int name="y" value="-360"/><string name="u" value="enH0"/><int name="no" value="1"/><int name="zM" value="35"/></imgdir><imgdir name="124"><int name="x" value="360"/><int name="y" value="-360"/><string name="u" value="enH1"/><int name="no" value="0"/><int name="zM" value="35"/></imgdir><imgdir name="190"><int name="x" value="1080"/><int name="y" value="360"/><string name="u" value="bsc"/><int name="no" value="2"/><int name="zM" value="0"/></imgdir><imgdir name="186"><int name="x" value="1080"/><int name="y" value="420"/><string name="u" value="bsc"/><int name="no" value="3"/><int name="zM" value="0"/></imgdir><imgdir name="188"><int name="x" value="1080"/><int name="y" value="480"/><string name="u" value="enH1"/><int name="no" value="3"/><int name="zM" value="0"/></imgdir><imgdir name="187"><int name="x" value="1080"/><int name="y" value="300"/><string name="u" value="bsc"/><int name="no" value="3"/><int name="zM" value="0"/></imgdir><imgdir name="189"><int name="x" value="1080"/><int name="y" value="240"/><string name="u" value="bsc"/><int name="no" value="2"/><int name="zM" value="0"/></imgdir><imgdir name="214"><int name="x" value="1080"/><int name="y" value="180"/><string name="u" value="enH0"/><int name="no" value="2"/><int name="zM" value="0"/></imgdir><imgdir name="213"><int name="x" value="1080"/><int name="y" value="180"/><string name="u" value="bsc"/><int name="no" value="0"/><int name="zM" value="0"/></imgdir><imgdir name="113"><int name="x" value="990"/><int name="y" value="180"/><string name="u" value="enV0"/><int name="no" value="1"/><int name="zM" value="0"/></imgdir><imgdir name="57"><int name="x" value="990"/><int name="y" value="180"/><string name="u" value="edU"/><int name="no" value="0"/><int name="zM" value="0"/></imgdir><imgdir name="152"><int name="x" value="990"/><int name="y" value="180"/><string name="u" value="bsc"/><int name="no" value="4"/><int name="zM" value="0"/></imgdir><imgdir name="144"><int name="x" value="990"/><int name="y" value="180"/><string name="u" value="enH0"/><int name="no" value="0"/><int name="zM" value="0"/></imgdir><imgdir name="199"><int name="x" value="450"/><int name="y" value="-360"/><string name="u" value="enH0"/><int name="no" value="1"/><int name="zM" value="35"/></imgdir><imgdir name="200"><int name="x" value="450"/><int name="y" value="-360"/><string name="u" value="enH1"/><int name="no" value="0"/><int name="zM" value="35"/></imgdir><imgdir name="56"><int name="x" value="540"/><int name="y" value="-360"/><string name="u" value="enH0"/><int name="no" value="1"/><int name="zM" value="35"/></imgdir><imgdir name="89"><int name="x" value="540"/><int name="y" value="-360"/><string name="u" value="enH1"/><int name="no" value="1"/><int name="zM" value="35"/></imgdir><imgdir name="216"><int name="x" value="630"/><int name="y" value="-360"/><string name="u" value="enH0"/><int name="no" value="0"/><int name="zM" value="35"/></imgdir><imgdir name="215"><int name="x" value="630"/><int name="y" value="-360"/><string name="u" value="enH1"/><int name="no" value="1"/><int name="zM" value="35"/></imgdir><imgdir name="204"><int name="x" value="810"/><int name="y" value="-360"/><string name="u" value="edD"/><int name="no" value="1"/><int name="zM" value="35"/></imgdir><imgdir name="203"><int name="x" value="810"/><int name="y" value="-360"/><string name="u" value="edU"/><int name="no" value="0"/><int name="zM" value="35"/></imgdir><imgdir name="201"><int name="x" value="720"/><int name="y" value="-360"/><string name="u" value="enH0"/><int name="no" value="1"/><int name="zM" value="35"/></imgdir><imgdir name="202"><int name="x" value="720"/><int name="y" value="-360"/><string name="u" value="enH1"/><int name="no" value="0"/><int name="zM" value="35"/></imgdir><imgdir name="217"><int name="x" value="0"/><int name="y" value="-360"/><string name="u" value="edU"/><int name="no" value="1"/><int name="zM" value="35"/></imgdir><imgdir name="218"><int name="x" value="0"/><int name="y" value="-360"/><string name="u" value="edD"/><int name="no" value="1"/><int name="zM" value="35"/></imgdir></imgdir><imgdir name="obj"><imgdir name="7"><string name="oS" value="acc1"/><string name="l0" value="grassySoil"/><string name="l1" value="nature"/><string name="l2" value="18"/><int name="x" value="-188"/><int name="y" value="194"/><int name="z" value="3"/><int name="f" value="0"/><int name="zM" value="3"/></imgdir><imgdir name="1"><string name="oS" value="acc1"/><string name="l0" value="grassySoil"/><string name="l1" value="nature"/><string name="l2" value="18"/><int name="x" value="-245"/><int name="y" value="194"/><int name="z" value="2"/><int name="f" value="0"/><int name="zM" value="8"/></imgdir><imgdir name="2"><string name="oS" value="acc1"/><string name="l0" value="grassySoil"/><string name="l1" value="nature"/><string name="l2" value="18"/><int name="x" value="-203"/><int name="y" value="207"/><int name="z" value="5"/><int name="f" value="0"/><int name="zM" value="3"/></imgdir><imgdir name="0"><string name="oS" value="acc1"/><string name="l0" value="grassySoil"/><string name="l1" value="nature"/><string name="l2" value="18"/><int name="x" value="-172"/><int name="y" value="204"/><int name="z" value="4"/><int name="f" value="0"/><int name="zM" value="3"/></imgdir><imgdir name="10"><string name="oS" value="acc1"/><string name="l0" value="grassySoil"/><string name="l1" value="nature"/><string name="l2" value="1"/><int name="x" value="66"/><int name="y" value="-46"/><int name="z" value="5"/><int name="f" value="0"/><int name="zM" value="21"/></imgdir><imgdir name="3"><string name="oS" value="acc1"/><string name="l0" value="grassySoil"/><string name="l1" value="nature"/><string name="l2" value="4"/><int name="x" value="411"/><int name="y" value="-238"/><int name="z" value="1"/><int name="f" value="0"/><int name="zM" value="29"/></imgdir><imgdir name="9"><string name="oS" value="acc1"/><string name="l0" value="grassySoil"/><string name="l1" value="nature"/><string name="l2" value="3"/><int name="x" value="432"/><int name="y" value="-216"/><int name="z" value="2"/><int name="f" value="0"/><int name="zM" value="29"/></imgdir><imgdir name="8"><string name="oS" value="acc1"/><string name="l0" value="grassySoil"/><string name="l1" value="nature"/><string name="l2" value="3"/><int name="x" value="408"/><int name="y" value="-228"/><int name="z" value="3"/><int name="f" value="0"/><int name="zM" value="29"/></imgdir><imgdir name="5"><string name="oS" value="acc1"/><string name="l0" value="grassySoil"/><string name="l1" value="nature"/><string name="l2" value="4"/><int name="x" value="378"/><int name="y" value="-229"/><int name="z" value="4"/><int name="f" value="0"/><int name="zM" value="29"/></imgdir><imgdir name="4"><string name="oS" value="acc1"/><string name="l0" value="grassySoil"/><string name="l1" value="nature"/><string name="l2" value="4"/><int name="x" value="348"/><int name="y" value="-226"/><int name="z" value="3"/><int name="f" value="0"/><int name="zM" value="29"/></imgdir><imgdir name="11"><string name="oS" value="acc1"/><string name="l0" value="grassySoil"/><string name="l1" value="nature"/><string name="l2" value="4"/><int name="x" value="456"/><int name="y" value="-226"/><int name="z" value="3"/><int name="f" value="1"/><int name="zM" value="29"/></imgdir><imgdir name="12"><string name="oS" value="acc1"/><string name="l0" value="grassySoil"/><string name="l1" value="nature"/><string name="l2" value="4"/><int name="x" value="330"/><int name="y" value="-216"/><int name="z" value="1"/><int name="f" value="0"/><int name="zM" value="29"/></imgdir><imgdir name="6"><string name="oS" value="acc1"/><string name="l0" value="grassySoil"/><string name="l1" value="nature"/><string name="l2" value="4"/><int name="x" value="401"/><int name="y" value="-217"/><int name="z" value="6"/><int name="f" value="0"/><int name="zM" value="29"/></imgdir><imgdir name="13"><string name="oS" value="acc1"/><string name="l0" value="grassySoil"/><string name="l1" value="market"/><string name="l2" value="16"/><int name="x" value="719"/><int name="y" value="-268"/><int name="z" value="9"/><int name="f" value="0"/><int name="zM" value="29"/><int name="r" value="0"/></imgdir></imgdir></imgdir><imgdir name="2"><imgdir name="info"></imgdir><imgdir name="tile"></imgdir><imgdir name="obj"><imgdir name="2"><string name="oS" value="connect"/><string name="l0" value="rope"/><string name="l1" value="0"/><string name="l2" value="0"/><int name="x" value="-208"/><int name="y" value="-86"/><int name="z" value="3"/><int name="f" value="0"/><int name="zM" value="18"/><int name="r" value="0"/></imgdir><imgdir name="7"><string name="oS" value="connect"/><string name="l0" value="rope"/><string name="l1" value="0"/><string name="l2" value="2"/><int name="x" value="-208"/><int name="y" value="31"/><int name="z" value="3"/><int name="f" value="0"/><int name="zM" value="18"/><int name="r" value="0"/></imgdir><imgdir name="12"><string name="oS" value="connect"/><string name="l0" value="rope"/><string name="l1" value="0"/><string name="l2" value="3"/><int name="x" value="924"/><int name="y" value="-68"/><int name="z" value="3"/><int name="f" value="0"/><int name="zM" value="22"/><int name="r" value="0"/></imgdir><imgdir name="11"><string name="oS" value="connect"/><string name="l0" value="rope"/><string name="l1" value="0"/><string name="l2" value="3"/><int name="x" value="407"/><int name="y" value="98"/><int name="z" value="3"/><int name="f" value="0"/><int name="zM" value="11"/><int name="r" value="0"/></imgdir><imgdir name="10"><string name="oS" value="connect"/><string name="l0" value="rope"/><string name="l1" value="0"/><string name="l2" value="2"/><int name="x" value="407"/><int name="y" value="154"/><int name="z" value="3"/><int name="f" value="0"/><int name="zM" value="9"/><int name="r" value="0"/></imgdir><imgdir name="9"><string name="oS" value="connect"/><string name="l0" value="rope"/><string name="l1" value="0"/><string name="l2" value="0"/><int name="x" value="407"/><int name="y" value="37"/><int name="z" value="3"/><int name="f" value="0"/><int name="zM" value="11"/><int name="r" value="0"/></imgdir><imgdir name="3"><string name="oS" value="connect"/><string name="l0" value="rope"/><string name="l1" value="0"/><string name="l2" value="3"/><int name="x" value="924"/><int name="y" value="-181"/><int name="z" value="3"/><int name="f" value="0"/><int name="zM" value="28"/></imgdir><imgdir name="8"><string name="oS" value="connect"/><string name="l0" value="rope"/><string name="l1" value="0"/><string name="l2" value="0"/><int name="x" value="924"/><int name="y" value="-266"/><int name="z" value="3"/><int name="f" value="0"/><int name="zM" value="32"/></imgdir><imgdir name="4"><string name="oS" value="connect"/><string name="l0" value="rope"/><string name="l1" value="0"/><string name="l2" value="3"/><int name="x" value="-208"/><int name="y" value="-25"/><int name="z" value="3"/><int name="f" value="0"/><int name="zM" value="18"/><int name="r" value="0"/></imgdir><imgdir name="6"><string name="oS" value="connect"/><string name="l0" value="rope"/><string name="l1" value="0"/><string name="l2" value="3"/><int name="x" value="-69"/><int name="y" value="-146"/><int name="z" value="3"/><int name="f" value="0"/><int name="zM" value="27"/><int name="r" value="0"/></imgdir><imgdir name="5"><string name="oS" value="connect"/><string name="l0" value="rope"/><string name="l1" value="0"/><string name="l2" value="2"/><int name="x" value="-69"/><int name="y" value="-90"/><int name="z" value="3"/><int name="f" value="0"/><int name="zM" value="26"/><int name="r" value="0"/></imgdir><imgdir name="1"><string name="oS" value="connect"/><string name="l0" value="rope"/><string name="l1" value="0"/><string name="l2" value="0"/><int name="x" value="-69"/><int name="y" value="-207"/><int name="z" value="3"/><int name="f" value="0"/><int name="zM" value="27"/><int name="r" value="0"/></imgdir><imgdir name="0"><string name="oS" value="connect"/><string name="l0" value="rope"/><string name="l1" value="0"/><string name="l2" value="2"/><int name="x" value="924"/><int name="y" value="-3"/><int name="z" value="3"/><int name="f" value="0"/><int name="zM" value="22"/></imgdir><imgdir name="13"><string name="oS" value="connect"/><string name="l0" value="rope"/><string name="l1" value="0"/><string name="l2" value="0"/><int name="x" value="894"/><int name="y" value="34"/><int name="z" value="3"/><int name="f" value="0"/><int name="zM" value="12"/><int name="r" value="0"/></imgdir><imgdir name="14"><string name="oS" value="connect"/><string name="l0" value="rope"/><string name="l1" value="0"/><string name="l2" value="2"/><int name="x" value="894"/><int name="y" value="151"/><int name="z" value="3"/><int name="f" value="0"/><int name="zM" value="10"/><int name="r" value="0"/></imgdir><imgdir name="15"><string name="oS" value="connect"/><string name="l0" value="rope"/><string name="l1" value="0"/><string name="l2" value="3"/><int name="x" value="894"/><int name="y" value="95"/><int name="z" value="3"/><int name="f" value="0"/><int name="zM" value="12"/><int name="r" value="0"/></imgdir><imgdir name="16"><string name="oS" value="connect"/><string name="l0" value="rope"/><string name="l1" value="0"/><string name="l2" value="0"/><int name="x" value="1089"/><int name="y" value="-23"/><int name="z" value="3"/><int name="f" value="0"/><int name="zM" value="15"/><int name="r" value="0"/></imgdir><imgdir name="17"><string name="oS" value="connect"/><string name="l0" value="rope"/><string name="l1" value="0"/><string name="l2" value="2"/><int name="x" value="1089"/><int name="y" value="94"/><int name="z" value="3"/><int name="f" value="0"/><int name="zM" value="14"/><int name="r" value="0"/></imgdir><imgdir name="18"><string name="oS" value="connect"/><string name="l0" value="rope"/><string name="l1" value="0"/><string name="l2" value="3"/><int name="x" value="1089"/><int name="y" value="38"/><int name="z" value="3"/><int name="f" value="0"/><int name="zM" value="15"/><int name="r" value="0"/></imgdir><imgdir name="19"><string name="oS" value="connect"/><string name="l0" value="rope"/><string name="l1" value="0"/><string name="l2" value="0"/><int name="x" value="55"/><int name="y" value="-380"/><int name="z" value="3"/><int name="f" value="0"/><int name="zM" value="34"/><int name="r" value="0"/></imgdir><imgdir name="20"><string name="oS" value="connect"/><string name="l0" value="rope"/><string name="l1" value="0"/><string name="l2" value="2"/><int name="x" value="55"/><int name="y" value="-263"/><int name="z" value="3"/><int name="f" value="0"/><int name="zM" value="33"/><int name="r" value="0"/></imgdir><imgdir name="21"><string name="oS" value="connect"/><string name="l0" value="rope"/><string name="l1" value="0"/><string name="l2" value="3"/><int name="x" value="55"/><int name="y" value="-319"/><int name="z" value="3"/><int name="f" value="0"/><int name="zM" value="34"/><int name="r" value="0"/></imgdir></imgdir></imgdir><imgdir name="3"><imgdir name="info"></imgdir><imgdir name="tile"></imgdir><imgdir name="obj"></imgdir></imgdir><imgdir name="4"><imgdir name="info"></imgdir><imgdir name="tile"></imgdir><imgdir name="obj"></imgdir></imgdir><imgdir name="5"><imgdir name="info"></imgdir><imgdir name="tile"></imgdir><imgdir name="obj"></imgdir></imgdir><imgdir name="6"><imgdir name="info"></imgdir><imgdir name="tile"></imgdir><imgdir name="obj"></imgdir></imgdir><imgdir name="7"><imgdir name="info"></imgdir><imgdir name="tile"></imgdir><imgdir name="obj"></imgdir></imgdir><imgdir name="reactor"></imgdir><imgdir name="foothold"><imgdir name="1"><imgdir name="21"><imgdir name="1"><int name="x1" value="-129"/><int name="y1" value="0"/><int name="x2" value="-129"/><int name="y2" value="-25"/><int name="prev" value="0"/><int name="next" value="2"/><int name="piece" value="-1"/></imgdir><imgdir name="2"><int name="x1" value="-129"/><int name="y1" value="-25"/><int name="x2" value="-51"/><int name="y2" value="-25"/><int name="prev" value="1"/><int name="next" value="8"/><int name="piece" value="-1"/></imgdir><imgdir name="3"><int name="x1" value="231"/><int name="y1" value="-25"/><int name="x2" value="309"/><int name="y2" value="-25"/><int name="prev" value="6"/><int name="next" value="4"/><int name="piece" value="-1"/></imgdir><imgdir name="4"><int name="x1" value="309"/><int name="y1" value="-25"/><int name="x2" value="309"/><int name="y2" value="0"/><int name="prev" value="3"/><int name="next" value="0"/><int name="piece" value="-1"/></imgdir><imgdir name="5"><int name="x1" value="0"/><int name="y1" value="-25"/><int name="x2" value="90"/><int name="y2" value="-25"/><int name="prev" value="8"/><int name="next" value="7"/><int name="piece" value="-1"/></imgdir><imgdir name="6"><int name="x1" value="180"/><int name="y1" value="-25"/><int name="x2" value="231"/><int name="y2" value="-25"/><int name="prev" value="7"/><int name="next" value="3"/><int name="piece" value="-1"/></imgdir><imgdir name="7"><int name="x1" value="90"/><int name="y1" value="-25"/><int name="x2" value="180"/><int name="y2" value="-25"/><int name="prev" value="5"/><int name="next" value="6"/><int name="piece" value="-1"/></imgdir><imgdir name="8"><int name="x1" value="-51"/><int name="y1" value="-25"/><int name="x2" value="0"/><int name="y2" value="-25"/><int name="prev" value="2"/><int name="next" value="5"/><int name="piece" value="-1"/></imgdir></imgdir><imgdir name="0"><imgdir name="9"><int name="x1" value="-450"/><int name="y1" value="95"/><int name="x2" value="-360"/><int name="y2" value="95"/><int name="prev" value="0"/><int name="next" value="15"/><int name="piece" value="-1"/></imgdir><imgdir name="10"><int name="x1" value="540"/><int name="y1" value="215"/><int name="x2" value="630"/><int name="y2" value="215"/><int name="prev" value="14"/><int name="next" value="25"/><int name="piece" value="-1"/></imgdir><imgdir name="11"><int name="x1" value="-270"/><int name="y1" value="95"/><int name="x2" value="-180"/><int name="y2" value="95"/><int name="prev" value="15"/><int name="next" value="26"/><int name="piece" value="-1"/></imgdir><imgdir name="12"><int name="x1" value="951"/><int name="y1" value="180"/><int name="x2" value="951"/><int name="y2" value="155"/><int name="prev" value="34"/><int name="next" value="13"/><int name="piece" value="-1"/></imgdir><imgdir name="13"><int name="x1" value="951"/><int name="y1" value="155"/><int name="x2" value="1029"/><int name="y2" value="155"/><int name="prev" value="12"/><int name="next" value="29"/><int name="piece" value="-1"/></imgdir><imgdir name="14"><int name="x1" value="450"/><int name="y1" value="215"/><int name="x2" value="540"/><int name="y2" value="215"/><int name="prev" value="32"/><int name="next" value="10"/><int name="piece" value="-1"/></imgdir><imgdir name="15"><int name="x1" value="-360"/><int name="y1" value="95"/><int name="x2" value="-270"/><int name="y2" value="95"/><int name="prev" value="9"/><int name="next" value="11"/><int name="piece" value="-1"/></imgdir><imgdir name="16"><int name="x1" value="-39"/><int name="y1" value="155"/><int name="x2" value="0"/><int name="y2" value="155"/><int name="prev" value="20"/><int name="next" value="17"/><int name="piece" value="-1"/></imgdir><imgdir name="17"><int name="x1" value="0"/><int name="y1" value="155"/><int name="x2" value="39"/><int name="y2" value="155"/><int name="prev" value="16"/><int name="next" value="18"/><int name="piece" value="-1"/></imgdir><imgdir name="18"><int name="x1" value="39"/><int name="y1" value="155"/><int name="x2" value="39"/><int name="y2" value="180"/><int name="prev" value="17"/><int name="next" value="27"/><int name="piece" value="-1"/></imgdir><imgdir name="19"><int name="x1" value="-51"/><int name="y1" value="120"/><int name="x2" value="-51"/><int name="y2" value="155"/><int name="prev" value="22"/><int name="next" value="20"/><int name="piece" value="-1"/></imgdir><imgdir name="20"><int name="x1" value="-51"/><int name="y1" value="155"/><int name="x2" value="-39"/><int name="y2" value="155"/><int name="prev" value="19"/><int name="next" value="16"/><int name="piece" value="-1"/></imgdir><imgdir name="21"><int name="x1" value="-129"/><int name="y1" value="95"/><int name="x2" value="-51"/><int name="y2" value="95"/><int name="prev" value="26"/><int name="next" value="22"/><int name="piece" value="-1"/></imgdir><imgdir name="22"><int name="x1" value="-51"/><int name="y1" value="95"/><int name="x2" value="-51"/><int name="y2" value="120"/><int name="prev" value="21"/><int name="next" value="19"/><int name="piece" value="-1"/></imgdir><imgdir name="23"><int name="x1" value="270"/><int name="y1" value="215"/><int name="x2" value="360"/><int name="y2" value="215"/><int name="prev" value="35"/><int name="next" value="32"/><int name="piece" value="-1"/></imgdir><imgdir name="24"><int name="x1" value="90"/><int name="y1" value="215"/><int name="x2" value="180"/><int name="y2" value="215"/><int name="prev" value="28"/><int name="next" value="35"/><int name="piece" value="-1"/></imgdir><imgdir name="25"><int name="x1" value="630"/><int name="y1" value="215"/><int name="x2" value="720"/><int name="y2" value="215"/><int name="prev" value="10"/><int name="next" value="31"/><int name="piece" value="-1"/></imgdir><imgdir name="26"><int name="x1" value="-180"/><int name="y1" value="95"/><int name="x2" value="-129"/><int name="y2" value="95"/><int name="prev" value="11"/><int name="next" value="21"/><int name="piece" value="-1"/></imgdir><imgdir name="27"><int name="x1" value="39"/><int name="y1" value="180"/><int name="x2" value="39"/><int name="y2" value="215"/><int name="prev" value="18"/><int name="next" value="28"/><int name="piece" value="-1"/></imgdir><imgdir name="28"><int name="x1" value="39"/><int name="y1" value="215"/><int name="x2" value="90"/><int name="y2" value="215"/><int name="prev" value="27"/><int name="next" value="24"/><int name="piece" value="-1"/></imgdir><imgdir name="29"><int name="x1" value="1029"/><int name="y1" value="155"/><int name="x2" value="1080"/><int name="y2" value="155"/><int name="prev" value="13"/><int name="next" value="36"/><int name="piece" value="-1"/></imgdir><imgdir name="30"><int name="x1" value="810"/><int name="y1" value="215"/><int name="x2" value="900"/><int name="y2" value="215"/><int name="prev" value="31"/><int name="next" value="33"/><int name="piece" value="-1"/></imgdir><imgdir name="31"><int name="x1" value="720"/><int name="y1" value="215"/><int name="x2" value="810"/><int name="y2" value="215"/><int name="prev" value="25"/><int name="next" value="30"/><int name="piece" value="-1"/></imgdir><imgdir name="32"><int name="x1" value="360"/><int name="y1" value="215"/><int name="x2" value="450"/><int name="y2" value="215"/><int name="prev" value="23"/><int name="next" value="14"/><int name="piece" value="-1"/></imgdir><imgdir name="33"><int name="x1" value="900"/><int name="y1" value="215"/><int name="x2" value="951"/><int name="y2" value="215"/><int name="prev" value="30"/><int name="next" value="34"/><int name="piece" value="-1"/></imgdir><imgdir name="34"><int name="x1" value="951"/><int name="y1" value="215"/><int name="x2" value="951"/><int name="y2" value="180"/><int name="prev" value="33"/><int name="next" value="12"/><int name="piece" value="-1"/></imgdir><imgdir name="35"><int name="x1" value="180"/><int name="y1" value="215"/><int name="x2" value="270"/><int name="y2" value="215"/><int name="prev" value="24"/><int name="next" value="23"/><int name="piece" value="-1"/></imgdir><imgdir name="36"><int name="x1" value="1080"/><int name="y1" value="155"/><int name="x2" value="1170"/><int name="y2" value="155"/><int name="prev" value="29"/><int name="next" value="0"/><int name="piece" value="-1"/></imgdir></imgdir><imgdir name="29"><imgdir name="37"><int name="x1" value="630"/><int name="y1" value="-205"/><int name="x2" value="720"/><int name="y2" value="-205"/><int name="prev" value="48"/><int name="next" value="38"/><int name="piece" value="-1"/></imgdir><imgdir name="38"><int name="x1" value="720"/><int name="y1" value="-205"/><int name="x2" value="771"/><int name="y2" value="-205"/><int name="prev" value="37"/><int name="next" value="43"/><int name="piece" value="-1"/></imgdir><imgdir name="39"><int name="x1" value="-90"/><int name="y1" value="-205"/><int name="x2" value="-51"/><int name="y2" value="-205"/><int name="prev" value="50"/><int name="next" value="51"/><int name="piece" value="-1"/></imgdir><imgdir name="40"><int name="x1" value="0"/><int name="y1" value="-205"/><int name="x2" value="90"/><int name="y2" value="-205"/><int name="prev" value="51"/><int name="next" value="46"/><int name="piece" value="-1"/></imgdir><imgdir name="41"><int name="x1" value="180"/><int name="y1" value="-205"/><int name="x2" value="270"/><int name="y2" value="-205"/><int name="prev" value="46"/><int name="next" value="52"/><int name="piece" value="-1"/></imgdir><imgdir name="42"><int name="x1" value="450"/><int name="y1" value="-205"/><int name="x2" value="540"/><int name="y2" value="-205"/><int name="prev" value="47"/><int name="next" value="48"/><int name="piece" value="-1"/></imgdir><imgdir name="43"><int name="x1" value="771"/><int name="y1" value="-205"/><int name="x2" value="810"/><int name="y2" value="-205"/><int name="prev" value="38"/><int name="next" value="44"/><int name="piece" value="-1"/></imgdir><imgdir name="44"><int name="x1" value="810"/><int name="y1" value="-205"/><int name="x2" value="849"/><int name="y2" value="-205"/><int name="prev" value="43"/><int name="next" value="45"/><int name="piece" value="-1"/></imgdir><imgdir name="45"><int name="x1" value="849"/><int name="y1" value="-205"/><int name="x2" value="849"/><int name="y2" value="-180"/><int name="prev" value="44"/><int name="next" value="0"/><int name="piece" value="-1"/></imgdir><imgdir name="46"><int name="x1" value="90"/><int name="y1" value="-205"/><int name="x2" value="180"/><int name="y2" value="-205"/><int name="prev" value="40"/><int name="next" value="41"/><int name="piece" value="-1"/></imgdir><imgdir name="47"><int name="x1" value="360"/><int name="y1" value="-205"/><int name="x2" value="450"/><int name="y2" value="-205"/><int name="prev" value="52"/><int name="next" value="42"/><int name="piece" value="-1"/></imgdir><imgdir name="48"><int name="x1" value="540"/><int name="y1" value="-205"/><int name="x2" value="630"/><int name="y2" value="-205"/><int name="prev" value="42"/><int name="next" value="37"/><int name="piece" value="-1"/></imgdir><imgdir name="49"><int name="x1" value="-129"/><int name="y1" value="-180"/><int name="x2" value="-129"/><int name="y2" value="-205"/><int name="prev" value="0"/><int name="next" value="50"/><int name="piece" value="-1"/></imgdir><imgdir name="50"><int name="x1" value="-129"/><int name="y1" value="-205"/><int name="x2" value="-90"/><int name="y2" value="-205"/><int name="prev" value="49"/><int name="next" value="39"/><int name="piece" value="-1"/></imgdir><imgdir name="51"><int name="x1" value="-51"/><int name="y1" value="-205"/><int name="x2" value="0"/><int name="y2" value="-205"/><int name="prev" value="39"/><int name="next" value="40"/><int name="piece" value="-1"/></imgdir><imgdir name="52"><int name="x1" value="270"/><int name="y1" value="-205"/><int name="x2" value="360"/><int name="y2" value="-205"/><int name="prev" value="41"/><int name="next" value="47"/><int name="piece" value="-1"/></imgdir><imgdir name="53"><int name="x1" value="626"/><int name="y1" value="-273"/><int name="x2" value="809"/><int name="y2" value="-273"/><int name="prev" value="0"/><int name="next" value="0"/><int name="piece" value="0"/></imgdir><imgdir name="54"><int name="x1" value="682"/><int name="y1" value="-341"/><int name="x2" value="785"/><int name="y2" value="-341"/><int name="prev" value="0"/><int name="next" value="0"/><int name="piece" value="0"/></imgdir></imgdir><imgdir name="35"><imgdir name="55"><int name="x1" value="540"/><int name="y1" value="-385"/><int name="x2" value="630"/><int name="y2" value="-385"/><int name="prev" value="57"/><int name="next" value="66"/><int name="piece" value="-1"/></imgdir><imgdir name="56"><int name="x1" value="360"/><int name="y1" value="-385"/><int name="x2" value="450"/><int name="y2" value="-385"/><int name="prev" value="64"/><int name="next" value="57"/><int name="piece" value="-1"/></imgdir><imgdir name="57"><int name="x1" value="450"/><int name="y1" value="-385"/><int name="x2" value="540"/><int name="y2" value="-385"/><int name="prev" value="56"/><int name="next" value="55"/><int name="piece" value="-1"/></imgdir><imgdir name="58"><int name="x1" value="720"/><int name="y1" value="-385"/><int name="x2" value="771"/><int name="y2" value="-385"/><int name="prev" value="66"/><int name="next" value="59"/><int name="piece" value="-1"/></imgdir><imgdir name="59"><int name="x1" value="771"/><int name="y1" value="-385"/><int name="x2" value="810"/><int name="y2" value="-385"/><int name="prev" value="58"/><int name="next" value="60"/><int name="piece" value="-1"/></imgdir><imgdir name="60"><int name="x1" value="810"/><int name="y1" value="-385"/><int name="x2" value="849"/><int name="y2" value="-385"/><int name="prev" value="59"/><int name="next" value="61"/><int name="piece" value="-1"/></imgdir><imgdir name="61"><int name="x1" value="849"/><int name="y1" value="-385"/><int name="x2" value="849"/><int name="y2" value="-360"/><int name="prev" value="60"/><int name="next" value="0"/><int name="piece" value="-1"/></imgdir><imgdir name="62"><int name="x1" value="0"/><int name="y1" value="-385"/><int name="x2" value="39"/><int name="y2" value="-385"/><int name="prev" value="68"/><int name="next" value="69"/><int name="piece" value="-1"/></imgdir><imgdir name="63"><int name="x1" value="90"/><int name="y1" value="-385"/><int name="x2" value="180"/><int name="y2" value="-385"/><int name="prev" value="69"/><int name="next" value="65"/><int name="piece" value="-1"/></imgdir><imgdir name="64"><int name="x1" value="270"/><int name="y1" value="-385"/><int name="x2" value="360"/><int name="y2" value="-385"/><int name="prev" value="65"/><int name="next" value="56"/><int name="piece" value="-1"/></imgdir><imgdir name="65"><int name="x1" value="180"/><int name="y1" value="-385"/><int name="x2" value="270"/><int name="y2" value="-385"/><int name="prev" value="63"/><int name="next" value="64"/><int name="piece" value="-1"/></imgdir><imgdir name="66"><int name="x1" value="630"/><int name="y1" value="-385"/><int name="x2" value="720"/><int name="y2" value="-385"/><int name="prev" value="55"/><int name="next" value="58"/><int name="piece" value="-1"/></imgdir><imgdir name="67"><int name="x1" value="-39"/><int name="y1" value="-360"/><int name="x2" value="-39"/><int name="y2" value="-385"/><int name="prev" value="0"/><int name="next" value="68"/><int name="piece" value="-1"/></imgdir><imgdir name="68"><int name="x1" value="-39"/><int name="y1" value="-385"/><int name="x2" value="0"/><int name="y2" value="-385"/><int name="prev" value="67"/><int name="next" value="62"/><int name="piece" value="-1"/></imgdir><imgdir name="69"><int name="x1" value="39"/><int name="y1" value="-385"/><int name="x2" value="90"/><int name="y2" value="-385"/><int name="prev" value="62"/><int name="next" value="63"/><int name="piece" value="-1"/></imgdir></imgdir><imgdir name="20"><imgdir name="70"><int name="x1" value="990"/><int name="y1" value="-25"/><int name="x2" value="1029"/><int name="y2" value="-25"/><int name="prev" value="72"/><int name="next" value="73"/><int name="piece" value="-1"/></imgdir><imgdir name="71"><int name="x1" value="951"/><int name="y1" value="0"/><int name="x2" value="951"/><int name="y2" value="-25"/><int name="prev" value="0"/><int name="next" value="72"/><int name="piece" value="-1"/></imgdir><imgdir name="72"><int name="x1" value="951"/><int name="y1" value="-25"/><int name="x2" value="990"/><int name="y2" value="-25"/><int name="prev" value="71"/><int name="next" value="70"/><int name="piece" value="-1"/></imgdir><imgdir name="73"><int name="x1" value="1029"/><int name="y1" value="-25"/><int name="x2" value="1041"/><int name="y2" value="-25"/><int name="prev" value="70"/><int name="next" value="74"/><int name="piece" value="-1"/></imgdir><imgdir name="74"><int name="x1" value="1041"/><int name="y1" value="-25"/><int name="x2" value="1080"/><int name="y2" value="-25"/><int name="prev" value="73"/><int name="next" value="75"/><int name="piece" value="-1"/></imgdir><imgdir name="75"><int name="x1" value="1080"/><int name="y1" value="-25"/><int name="x2" value="1119"/><int name="y2" value="-25"/><int name="prev" value="74"/><int name="next" value="76"/><int name="piece" value="-1"/></imgdir><imgdir name="76"><int name="x1" value="1119"/><int name="y1" value="-25"/><int name="x2" value="1119"/><int name="y2" value="0"/><int name="prev" value="75"/><int name="next" value="0"/><int name="piece" value="-1"/></imgdir></imgdir><imgdir name="16"><imgdir name="77"><int name="x1" value="321"/><int name="y1" value="60"/><int name="x2" value="321"/><int name="y2" value="35"/><int name="prev" value="0"/><int name="next" value="78"/><int name="piece" value="-1"/></imgdir><imgdir name="78"><int name="x1" value="321"/><int name="y1" value="35"/><int name="x2" value="399"/><int name="y2" value="35"/><int name="prev" value="77"/><int name="next" value="79"/><int name="piece" value="-1"/></imgdir><imgdir name="79"><int name="x1" value="399"/><int name="y1" value="35"/><int name="x2" value="450"/><int name="y2" value="35"/><int name="prev" value="78"/><int name="next" value="86"/><int name="piece" value="-1"/></imgdir><imgdir name="80"><int name="x1" value="810"/><int name="y1" value="35"/><int name="x2" value="861"/><int name="y2" value="35"/><int name="prev" value="84"/><int name="next" value="81"/><int name="piece" value="-1"/></imgdir><imgdir name="81"><int name="x1" value="861"/><int name="y1" value="35"/><int name="x2" value="900"/><int name="y2" value="35"/><int name="prev" value="80"/><int name="next" value="82"/><int name="piece" value="-1"/></imgdir><imgdir name="82"><int name="x1" value="900"/><int name="y1" value="35"/><int name="x2" value="939"/><int name="y2" value="35"/><int name="prev" value="81"/><int name="next" value="83"/><int name="piece" value="-1"/></imgdir><imgdir name="83"><int name="x1" value="939"/><int name="y1" value="35"/><int name="x2" value="939"/><int name="y2" value="60"/><int name="prev" value="82"/><int name="next" value="0"/><int name="piece" value="-1"/></imgdir><imgdir name="84"><int name="x1" value="720"/><int name="y1" value="35"/><int name="x2" value="810"/><int name="y2" value="35"/><int name="prev" value="85"/><int name="next" value="80"/><int name="piece" value="-1"/></imgdir><imgdir name="85"><int name="x1" value="630"/><int name="y1" value="35"/><int name="x2" value="720"/><int name="y2" value="35"/><int name="prev" value="87"/><int name="next" value="84"/><int name="piece" value="-1"/></imgdir><imgdir name="86"><int name="x1" value="450"/><int name="y1" value="35"/><int name="x2" value="540"/><int name="y2" value="35"/><int name="prev" value="79"/><int name="next" value="87"/><int name="piece" value="-1"/></imgdir><imgdir name="87"><int name="x1" value="540"/><int name="y1" value="35"/><int name="x2" value="630"/><int name="y2" value="35"/><int name="prev" value="86"/><int name="next" value="85"/><int name="piece" value="-1"/></imgdir></imgdir><imgdir name="25"><imgdir name="88"><int name="x1" value="-219"/><int name="y1" value="-85"/><int name="x2" value="-141"/><int name="y2" value="-85"/><int name="prev" value="93"/><int name="next" value="89"/><int name="piece" value="-1"/></imgdir><imgdir name="89"><int name="x1" value="-141"/><int name="y1" value="-85"/><int name="x2" value="-141"/><int name="y2" value="-60"/><int name="prev" value="88"/><int name="next" value="0"/><int name="piece" value="-1"/></imgdir><imgdir name="90"><int name="x1" value="-270"/><int name="y1" value="-85"/><int name="x2" value="-231"/><int name="y2" value="-85"/><int name="prev" value="92"/><int name="next" value="93"/><int name="piece" value="-1"/></imgdir><imgdir name="91"><int name="x1" value="-309"/><int name="y1" value="-60"/><int name="x2" value="-309"/><int name="y2" value="-85"/><int name="prev" value="0"/><int name="next" value="92"/><int name="piece" value="-1"/></imgdir><imgdir name="92"><int name="x1" value="-309"/><int name="y1" value="-85"/><int name="x2" value="-270"/><int name="y2" value="-85"/><int name="prev" value="91"/><int name="next" value="90"/><int name="piece" value="-1"/></imgdir><imgdir name="93"><int name="x1" value="-231"/><int name="y1" value="-85"/><int name="x2" value="-219"/><int name="y2" value="-85"/><int name="prev" value="90"/><int name="next" value="88"/><int name="piece" value="-1"/></imgdir></imgdir><imgdir name="31"><imgdir name="94"><int name="x1" value="900"/><int name="y1" value="-265"/><int name="x2" value="939"/><int name="y2" value="-265"/><int name="prev" value="99"/><int name="next" value="100"/><int name="piece" value="-1"/></imgdir><imgdir name="95"><int name="x1" value="1041"/><int name="y1" value="-265"/><int name="x2" value="1119"/><int name="y2" value="-265"/><int name="prev" value="97"/><int name="next" value="96"/><int name="piece" value="-1"/></imgdir><imgdir name="96"><int name="x1" value="1119"/><int name="y1" value="-265"/><int name="x2" value="1119"/><int name="y2" value="-240"/><int name="prev" value="95"/><int name="next" value="0"/><int name="piece" value="-1"/></imgdir><imgdir name="97"><int name="x1" value="990"/><int name="y1" value="-265"/><int name="x2" value="1041"/><int name="y2" value="-265"/><int name="prev" value="100"/><int name="next" value="95"/><int name="piece" value="-1"/></imgdir><imgdir name="98"><int name="x1" value="861"/><int name="y1" value="-240"/><int name="x2" value="861"/><int name="y2" value="-265"/><int name="prev" value="0"/><int name="next" value="99"/><int name="piece" value="-1"/></imgdir><imgdir name="99"><int name="x1" value="861"/><int name="y1" value="-265"/><int name="x2" value="900"/><int name="y2" value="-265"/><int name="prev" value="98"/><int name="next" value="94"/><int name="piece" value="-1"/></imgdir><imgdir name="100"><int name="x1" value="939"/><int name="y1" value="-265"/><int name="x2" value="990"/><int name="y2" value="-265"/><int name="prev" value="94"/><int name="next" value="97"/><int name="piece" value="-1"/></imgdir></imgdir></imgdir></imgdir><imgdir name="ladderRope"><imgdir name="1"><int name="l" value="0"/><int name="uf" value="1"/><int name="x" value="-69"/><int name="y1" value="-203"/><int name="y2" value="-53"/><int name="page" value="2"/></imgdir><imgdir name="2"><int name="l" value="0"/><int name="uf" value="1"/><int name="x" value="-208"/><int name="y1" value="-83"/><int name="y2" value="68"/><int name="page" value="2"/></imgdir><imgdir name="3"><int name="l" value="0"/><int name="uf" value="1"/><int name="x" value="407"/><int name="y1" value="37"/><int name="y2" value="191"/><int name="page" value="2"/></imgdir><imgdir name="4"><int name="l" value="0"/><int name="uf" value="1"/><int name="x" value="924"/><int name="y1" value="-263"/><int name="y2" value="34"/><int name="page" value="2"/></imgdir><imgdir name="5"><int name="l" value="0"/><int name="uf" value="1"/><int name="x" value="894"/><int name="y1" value="37"/><int name="y2" value="188"/><int name="page" value="2"/></imgdir><imgdir name="6"><int name="l" value="0"/><int name="uf" value="1"/><int name="x" value="1089"/><int name="y1" value="-23"/><int name="y2" value="131"/><int name="page" value="2"/></imgdir><imgdir name="7"><int name="l" value="0"/><int name="uf" value="1"/><int name="x" value="55"/><int name="y1" value="-383"/><int name="y2" value="-226"/><int name="page" value="2"/></imgdir></imgdir><imgdir name="miniMap"><canvas name="canvas" width="109" height="77"><string name="_hash" value="bad227a26682bd52e7a82db08d6261b4ff1784b805da3ccadd4c29d86742d980"/></canvas><int name="width" value="1746"/><int name="height" value="1244"/><int name="centerX" value="528"/><int name="centerY" value="689"/><int name="mag" value="4"/></imgdir><imgdir name="portal"><imgdir name="0"><string name="pn" value="sp"/><int name="pt" value="0"/><int name="x" value="-390"/><int name="y" value="35"/><int name="tm" value="999999999"/><string name="tn" value=""/></imgdir><imgdir name="1"><string name="pn" value="start"/><int name="pt" value="2"/><int name="x" value="-402"/><int name="y" value="86"/><int name="tm" value="100020000"/><string name="tn" value="st000"/><int name="horizontalImpact" value="0"/><string name="script" value=""/><int name="hideTooltip" value="0"/><int name="onlyOnce" value="0"/><int name="delay" value="0"/></imgdir></imgdir></imgdir>