<?xml version="1.0" encoding="UTF-8" standalone="yes"?><imgdir name="910029800.img"><imgdir name="info"><int name="version" value="10"/><int name="cloud" value="0"/><int name="town" value="0"/><int name="swim" value="0"/><int name="returnMap" value="910029900"/><int name="forcedReturn" value="910029900"/><float name="mobRate" value="1.0"/><string name="bgm" value="Bgm11/DownTown"/><string name="mapMark" value="mYut2"/><int name="fly" value="0"/><int name="noMapCmd" value="0"/><int name="hideMinimap" value="1"/><int name="fieldLimit" value="67478268"/><string name="onFirstUserEnter" value=""/><string name="onUserEnter" value="enter_910029800"/><int name="VRTop" value="-1200"/><int name="VRLeft" value="-980"/><int name="VRBottom" value="-200"/><int name="VRRight" value="530"/><int name="standAlone" value="0"/><int name="partyStandAlone" value="0"/><string name="fieldScript" value=""/><int name="quarterView" value="0"/><imgdir name="limitUI"><int name="0" value="0"/><int name="1" value="1"/><int name="2" value="2"/><int name="3" value="3"/><int name="4" value="4"/><int name="5" value="6"/><int name="6" value="7"/><int name="7" value="8"/><int name="8" value="10"/><int name="9" value="20"/><int name="10" value="30"/><int name="11" value="42"/><int name="12" value="51"/><int name="13" value="55"/><int name="14" value="73"/><int name="15" value="125"/><int name="16" value="138"/><int name="17" value="201"/><int name="18" value="202"/><int name="19" value="203"/><int name="20" value="267"/><int name="21" value="1105"/><int name="22" value="276"/><int name="23" value="277"/><int name="24" value="1126"/><int name="25" value="1127"/></imgdir><string name="AmbientBGM" value=""/><int name="AmbientBGMv" value="100"/><int name="vanishPet" value="1"/><int name="vanishAndroid" value="1"/><int name="vanishDragon" value="1"/><int name="noHekatonEffect" value="1"/></imgdir><imgdir name="back"><imgdir name="0"><string name="bS" value="event2"/><int name="front" value="0"/><int name="ani" value="0"/><int name="no" value="20"/><int name="f" value="0"/><int name="x" value="32"/><int name="y" value="-69"/><int name="rx" value="0"/><int name="ry" value="0"/><int name="type" value="3"/><int name="cx" value="0"/><int name="cy" value="0"/><int name="a" value="255"/><int name="w" value="0"/><int name="wx" value="0"/><int name="wy" value="0"/><string name="backTags" value=""/></imgdir><imgdir name="1"><string name="bS" value="event2"/><int name="front" value="0"/><int name="ani" value="0"/><int name="no" value="23"/><int name="f" value="0"/><int name="x" value="-375"/><int name="y" value="-383"/><int name="rx" value="-70"/><int name="ry" value="-70"/><int name="type" value="1"/><int name="cx" value="1500"/><int name="cy" value="0"/><int name="a" value="255"/></imgdir><imgdir name="2"><string name="bS" value="event2"/><int name="front" value="0"/><int name="ani" value="0"/><int name="no" value="24"/><int name="f" value="0"/><int name="x" value="125"/><int name="y" value="-410"/><int name="rx" value="-70"/><int name="ry" value="-70"/><int name="type" value="1"/><int name="cx" value="1500"/><int name="cy" value="0"/><int name="a" value="255"/></imgdir><imgdir name="3"><string name="bS" value="event2"/><int name="front" value="0"/><int name="ani" value="0"/><int name="no" value="25"/><int name="f" value="0"/><int name="x" value="625"/><int name="y" value="-406"/><int name="rx" value="-70"/><int name="ry" value="-70"/><int name="type" value="1"/><int name="cx" value="1500"/><int name="cy" value="0"/><int name="a" value="255"/></imgdir><imgdir name="4"><string name="bS" value="event2"/><int name="front" value="0"/><int name="ani" value="0"/><int name="no" value="28"/><int name="f" value="0"/><int name="x" value="-992"/><int name="y" value="-394"/><int name="rx" value="-80"/><int name="ry" value="-80"/><int name="type" value="1"/><int name="cx" value="0"/><int name="cy" value="0"/><int name="a" value="255"/><int name="w" value="0"/><int name="wx" value="0"/><int name="wy" value="0"/><string name="backTags" value=""/></imgdir><imgdir name="5"><string name="bS" value="event2"/><int name="front" value="0"/><int name="ani" value="0"/><int name="no" value="29"/><int name="f" value="0"/><int name="x" value="-316"/><int name="y" value="-781"/><int name="rx" value="1"/><int name="ry" value="-70"/><int name="type" value="4"/><int name="cx" value="1600"/><int name="cy" value="0"/><int name="a" value="255"/></imgdir><imgdir name="6"><string name="bS" value="event2"/><int name="front" value="0"/><int name="ani" value="0"/><int name="no" value="30"/><int name="f" value="0"/><int name="x" value="484"/><int name="y" value="-791"/><int name="rx" value="1"/><int name="ry" value="-70"/><int name="type" value="4"/><int name="cx" value="1600"/><int name="cy" value="0"/><int name="a" value="255"/></imgdir></imgdir><imgdir name="life"><imgdir name="0"><string name="type" value="n"/><string name="id" value="9062049"/><int name="x" value="-349"/><int name="y" value="-397"/><int name="mobTime" value="0"/><int name="f" value="0"/><int name="hide" value="0"/><int name="fh" value="8"/><int name="cy" value="-390"/><int name="rx0" value="-399"/><int name="rx1" value="-299"/></imgdir></imgdir><imgdir name="reactor"></imgdir><imgdir name="0"><imgdir name="info"></imgdir><imgdir name="tile"></imgdir><imgdir name="obj"></imgdir></imgdir><imgdir name="1"><imgdir name="info"><string name="tS" value="folkvilligeSnow"/><int name="tSMag" value="1"/></imgdir><imgdir name="tile"><imgdir name="13"><int name="x" value="270"/><int name="y" value="-180"/><string name="u" value="enH1"/><int name="no" value="0"/><int name="zM" value="0"/></imgdir><imgdir name="8"><int name="x" value="360"/><int name="y" value="-180"/><string name="u" value="enH1"/><int name="no" value="1"/><int name="zM" value="0"/></imgdir><imgdir name="25"><int name="x" value="-180"/><int name="y" value="-180"/><string name="u" value="enH1"/><int name="no" value="1"/><int name="zM" value="0"/></imgdir><imgdir name="20"><int name="x" value="-90"/><int name="y" value="-180"/><string name="u" value="enH1"/><int name="no" value="0"/><int name="zM" value="0"/></imgdir><imgdir name="14"><int name="x" value="180"/><int name="y" value="-180"/><string name="u" value="enH1"/><int name="no" value="0"/><int name="zM" value="0"/></imgdir><imgdir name="10"><int name="x" value="90"/><int name="y" value="-180"/><string name="u" value="enH1"/><int name="no" value="0"/><int name="zM" value="0"/></imgdir><imgdir name="30"><int name="x" value="360"/><int name="y" value="-360"/><string name="u" value="enH0"/><int name="no" value="2"/><int name="zM" value="0"/></imgdir><imgdir name="27"><int name="x" value="270"/><int name="y" value="-360"/><string name="u" value="enH0"/><int name="no" value="0"/><int name="zM" value="0"/></imgdir><imgdir name="29"><int name="x" value="180"/><int name="y" value="-360"/><string name="u" value="enH0"/><int name="no" value="2"/><int name="zM" value="0"/></imgdir><imgdir name="35"><int name="x" value="90"/><int name="y" value="-360"/><string name="u" value="enH0"/><int name="no" value="1"/><int name="zM" value="0"/></imgdir><imgdir name="42"><int name="x" value="-180"/><int name="y" value="-360"/><string name="u" value="enH0"/><int name="no" value="1"/><int name="zM" value="0"/></imgdir><imgdir name="41"><int name="x" value="-270"/><int name="y" value="-360"/><string name="u" value="enH0"/><int name="no" value="2"/><int name="zM" value="0"/></imgdir><imgdir name="33"><int name="x" value="0"/><int name="y" value="-360"/><string name="u" value="enH0"/><int name="no" value="1"/><int name="zM" value="0"/></imgdir><imgdir name="37"><int name="x" value="-90"/><int name="y" value="-360"/><string name="u" value="enH0"/><int name="no" value="0"/><int name="zM" value="0"/></imgdir><imgdir name="39"><int name="x" value="-360"/><int name="y" value="-360"/><string name="u" value="enH0"/><int name="no" value="0"/><int name="zM" value="0"/></imgdir><imgdir name="45"><int name="x" value="-450"/><int name="y" value="-360"/><string name="u" value="enH0"/><int name="no" value="0"/><int name="zM" value="0"/></imgdir><imgdir name="49"><int name="x" value="-540"/><int name="y" value="-360"/><string name="u" value="enH0"/><int name="no" value="1"/><int name="zM" value="0"/></imgdir><imgdir name="4"><int name="x" value="360"/><int name="y" value="-300"/><string name="u" value="bsc"/><int name="no" value="3"/><int name="zM" value="0"/></imgdir><imgdir name="31"><int name="x" value="360"/><int name="y" value="-360"/><string name="u" value="bsc"/><int name="no" value="1"/><int name="zM" value="0"/></imgdir><imgdir name="2"><int name="x" value="360"/><int name="y" value="-240"/><string name="u" value="bsc"/><int name="no" value="3"/><int name="zM" value="0"/></imgdir><imgdir name="50"><int name="x" value="270"/><int name="y" value="-300"/><string name="u" value="bsc"/><int name="no" value="5"/><int name="zM" value="0"/></imgdir><imgdir name="26"><int name="x" value="270"/><int name="y" value="-360"/><string name="u" value="bsc"/><int name="no" value="5"/><int name="zM" value="0"/></imgdir><imgdir name="9"><int name="x" value="270"/><int name="y" value="-240"/><string name="u" value="bsc"/><int name="no" value="3"/><int name="zM" value="0"/></imgdir><imgdir name="15"><int name="x" value="180"/><int name="y" value="-240"/><string name="u" value="bsc"/><int name="no" value="0"/><int name="zM" value="0"/></imgdir><imgdir name="52"><int name="x" value="180"/><int name="y" value="-300"/><string name="u" value="bsc"/><int name="no" value="4"/><int name="zM" value="0"/></imgdir><imgdir name="28"><int name="x" value="180"/><int name="y" value="-360"/><string name="u" value="bsc"/><int name="no" value="2"/><int name="zM" value="0"/></imgdir><imgdir name="11"><int name="x" value="90"/><int name="y" value="-240"/><string name="u" value="bsc"/><int name="no" value="1"/><int name="zM" value="0"/></imgdir><imgdir name="18"><int name="x" value="0"/><int name="y" value="-180"/><string name="u" value="enH1"/><int name="no" value="1"/><int name="zM" value="0"/></imgdir><imgdir name="19"><int name="x" value="0"/><int name="y" value="-240"/><string name="u" value="bsc"/><int name="no" value="5"/><int name="zM" value="0"/></imgdir><imgdir name="6"><int name="x" value="90"/><int name="y" value="-300"/><string name="u" value="bsc"/><int name="no" value="0"/><int name="zM" value="0"/></imgdir><imgdir name="34"><int name="x" value="90"/><int name="y" value="-360"/><string name="u" value="bsc"/><int name="no" value="2"/><int name="zM" value="0"/></imgdir><imgdir name="51"><int name="x" value="0"/><int name="y" value="-300"/><string name="u" value="bsc"/><int name="no" value="0"/><int name="zM" value="0"/></imgdir><imgdir name="32"><int name="x" value="0"/><int name="y" value="-360"/><string name="u" value="bsc"/><int name="no" value="4"/><int name="zM" value="0"/></imgdir><imgdir name="12"><int name="x" value="-90"/><int name="y" value="-300"/><string name="u" value="bsc"/><int name="no" value="1"/><int name="zM" value="0"/></imgdir><imgdir name="36"><int name="x" value="-90"/><int name="y" value="-360"/><string name="u" value="bsc"/><int name="no" value="1"/><int name="zM" value="0"/></imgdir><imgdir name="21"><int name="x" value="-90"/><int name="y" value="-240"/><string name="u" value="bsc"/><int name="no" value="2"/><int name="zM" value="0"/></imgdir><imgdir name="16"><int name="x" value="-180"/><int name="y" value="-240"/><string name="u" value="bsc"/><int name="no" value="0"/><int name="zM" value="0"/></imgdir><imgdir name="17"><int name="x" value="-180"/><int name="y" value="-300"/><string name="u" value="bsc"/><int name="no" value="5"/><int name="zM" value="0"/></imgdir><imgdir name="43"><int name="x" value="-180"/><int name="y" value="-360"/><string name="u" value="bsc"/><int name="no" value="2"/><int name="zM" value="0"/></imgdir><imgdir name="23"><int name="x" value="-270"/><int name="y" value="-180"/><string name="u" value="enH1"/><int name="no" value="1"/><int name="zM" value="0"/></imgdir><imgdir name="56"><int name="x" value="-270"/><int name="y" value="-300"/><string name="u" value="bsc"/><int name="no" value="3"/><int name="zM" value="0"/></imgdir><imgdir name="40"><int name="x" value="-270"/><int name="y" value="-360"/><string name="u" value="bsc"/><int name="no" value="2"/><int name="zM" value="0"/></imgdir><imgdir name="24"><int name="x" value="-270"/><int name="y" value="-240"/><string name="u" value="bsc"/><int name="no" value="4"/><int name="zM" value="0"/></imgdir><imgdir name="38"><int name="x" value="-360"/><int name="y" value="-360"/><string name="u" value="bsc"/><int name="no" value="1"/><int name="zM" value="0"/></imgdir><imgdir name="59"><int name="x" value="-360"/><int name="y" value="-300"/><string name="u" value="bsc"/><int name="no" value="3"/><int name="zM" value="0"/></imgdir><imgdir name="22"><int name="x" value="-360"/><int name="y" value="-180"/><string name="u" value="enH1"/><int name="no" value="0"/><int name="zM" value="0"/></imgdir><imgdir name="54"><int name="x" value="-360"/><int name="y" value="-240"/><string name="u" value="bsc"/><int name="no" value="5"/><int name="zM" value="0"/></imgdir><imgdir name="61"><int name="x" value="-450"/><int name="y" value="-240"/><string name="u" value="bsc"/><int name="no" value="2"/><int name="zM" value="0"/></imgdir><imgdir name="62"><int name="x" value="-450"/><int name="y" value="-300"/><string name="u" value="bsc"/><int name="no" value="5"/><int name="zM" value="0"/></imgdir><imgdir name="44"><int name="x" value="-450"/><int name="y" value="-360"/><string name="u" value="bsc"/><int name="no" value="5"/><int name="zM" value="0"/></imgdir><imgdir name="53"><int name="x" value="-450"/><int name="y" value="-180"/><string name="u" value="enH1"/><int name="no" value="2"/><int name="zM" value="0"/></imgdir><imgdir name="55"><int name="x" value="-540"/><int name="y" value="-180"/><string name="u" value="enH1"/><int name="no" value="2"/><int name="zM" value="0"/></imgdir><imgdir name="65"><int name="x" value="-540"/><int name="y" value="-240"/><string name="u" value="bsc"/><int name="no" value="5"/><int name="zM" value="0"/></imgdir><imgdir name="68"><int name="x" value="-630"/><int name="y" value="-240"/><string name="u" value="bsc"/><int name="no" value="1"/><int name="zM" value="0"/></imgdir><imgdir name="64"><int name="x" value="-630"/><int name="y" value="-180"/><string name="u" value="enH1"/><int name="no" value="0"/><int name="zM" value="0"/></imgdir><imgdir name="66"><int name="x" value="-540"/><int name="y" value="-300"/><string name="u" value="bsc"/><int name="no" value="3"/><int name="zM" value="0"/></imgdir><imgdir name="48"><int name="x" value="-540"/><int name="y" value="-360"/><string name="u" value="bsc"/><int name="no" value="5"/><int name="zM" value="0"/></imgdir><imgdir name="47"><int name="x" value="-630"/><int name="y" value="-360"/><string name="u" value="bsc"/><int name="no" value="2"/><int name="zM" value="0"/></imgdir><imgdir name="71"><int name="x" value="-630"/><int name="y" value="-360"/><string name="u" value="enH0"/><int name="no" value="1"/><int name="zM" value="0"/></imgdir><imgdir name="75"><int name="x" value="-720"/><int name="y" value="-360"/><string name="u" value="enH0"/><int name="no" value="0"/><int name="zM" value="0"/></imgdir><imgdir name="72"><int name="x" value="-630"/><int name="y" value="-300"/><string name="u" value="bsc"/><int name="no" value="4"/><int name="zM" value="0"/></imgdir><imgdir name="58"><int name="x" value="-720"/><int name="y" value="-180"/><string name="u" value="enH1"/><int name="no" value="2"/><int name="zM" value="0"/></imgdir><imgdir name="60"><int name="x" value="-720"/><int name="y" value="-240"/><string name="u" value="bsc"/><int name="no" value="0"/><int name="zM" value="0"/></imgdir><imgdir name="70"><int name="x" value="-720"/><int name="y" value="-300"/><string name="u" value="bsc"/><int name="no" value="3"/><int name="zM" value="0"/></imgdir><imgdir name="69"><int name="x" value="-720"/><int name="y" value="-360"/><string name="u" value="bsc"/><int name="no" value="3"/><int name="zM" value="0"/></imgdir><imgdir name="81"><int name="x" value="-810"/><int name="y" value="-360"/><string name="u" value="bsc"/><int name="no" value="1"/><int name="zM" value="0"/></imgdir><imgdir name="73"><int name="x" value="-810"/><int name="y" value="-360"/><string name="u" value="enH0"/><int name="no" value="0"/><int name="zM" value="0"/></imgdir><imgdir name="83"><int name="x" value="-900"/><int name="y" value="-360"/><string name="u" value="bsc"/><int name="no" value="1"/><int name="zM" value="0"/></imgdir><imgdir name="74"><int name="x" value="-900"/><int name="y" value="-360"/><string name="u" value="enH0"/><int name="no" value="2"/><int name="zM" value="0"/></imgdir><imgdir name="84"><int name="x" value="-990"/><int name="y" value="-360"/><string name="u" value="bsc"/><int name="no" value="2"/><int name="zM" value="0"/></imgdir><imgdir name="67"><int name="x" value="-990"/><int name="y" value="-360"/><string name="u" value="enH0"/><int name="no" value="2"/><int name="zM" value="0"/></imgdir><imgdir name="78"><int name="x" value="-990"/><int name="y" value="-300"/><string name="u" value="bsc"/><int name="no" value="2"/><int name="zM" value="0"/></imgdir><imgdir name="82"><int name="x" value="-900"/><int name="y" value="-300"/><string name="u" value="bsc"/><int name="no" value="4"/><int name="zM" value="0"/></imgdir><imgdir name="80"><int name="x" value="-810"/><int name="y" value="-300"/><string name="u" value="bsc"/><int name="no" value="4"/><int name="zM" value="0"/></imgdir><imgdir name="46"><int name="x" value="-810"/><int name="y" value="-180"/><string name="u" value="enH1"/><int name="no" value="2"/><int name="zM" value="0"/></imgdir><imgdir name="77"><int name="x" value="-900"/><int name="y" value="-240"/><string name="u" value="bsc"/><int name="no" value="3"/><int name="zM" value="0"/></imgdir><imgdir name="57"><int name="x" value="-990"/><int name="y" value="-180"/><string name="u" value="enH1"/><int name="no" value="2"/><int name="zM" value="0"/></imgdir><imgdir name="63"><int name="x" value="-990"/><int name="y" value="-240"/><string name="u" value="bsc"/><int name="no" value="3"/><int name="zM" value="0"/></imgdir><imgdir name="76"><int name="x" value="-810"/><int name="y" value="-240"/><string name="u" value="bsc"/><int name="no" value="1"/><int name="zM" value="0"/></imgdir><imgdir name="79"><int name="x" value="-900"/><int name="y" value="-180"/><string name="u" value="enH1"/><int name="no" value="0"/><int name="zM" value="0"/></imgdir><imgdir name="0"><int name="x" value="450"/><int name="y" value="-360"/><string name="u" value="bsc"/><int name="no" value="2"/><int name="zM" value="0"/></imgdir><imgdir name="1"><int name="x" value="450"/><int name="y" value="-300"/><string name="u" value="bsc"/><int name="no" value="1"/><int name="zM" value="0"/></imgdir><imgdir name="7"><int name="x" value="450"/><int name="y" value="-180"/><string name="u" value="enH1"/><int name="no" value="2"/><int name="zM" value="0"/></imgdir><imgdir name="3"><int name="x" value="450"/><int name="y" value="-240"/><string name="u" value="bsc"/><int name="no" value="3"/><int name="zM" value="0"/></imgdir><imgdir name="5"><int name="x" value="450"/><int name="y" value="-360"/><string name="u" value="enH0"/><int name="no" value="2"/><int name="zM" value="0"/></imgdir></imgdir><imgdir name="obj"><imgdir name="0"><string name="oS" value="event"/><string name="l0" value="2011newYear"/><string name="l1" value="homeTown"/><string name="l2" value="8"/><int name="x" value="-31"/><int name="y" value="-814"/><int name="z" value="9"/><int name="f" value="0"/><int name="zM" value="1"/><int name="r" value="0"/><int name="move" value="0"/><int name="dynamic" value="0"/><int name="piece" value="3"/></imgdir><imgdir name="1"><string name="oS" value="event"/><string name="l0" value="2011newYear"/><string name="l1" value="homeTown"/><string name="l2" value="7"/><int name="x" value="-140"/><int name="y" value="-591"/><int name="z" value="8"/><int name="f" value="0"/><int name="zM" value="0"/><int name="r" value="0"/><int name="move" value="0"/><int name="dynamic" value="0"/><int name="piece" value="2"/></imgdir><imgdir name="2"><string name="oS" value="event"/><string name="l0" value="2011newYear"/><string name="l1" value="homeTown"/><string name="l2" value="6"/><int name="x" value="-258"/><int name="y" value="-506"/><int name="z" value="7"/><int name="f" value="0"/><int name="zM" value="0"/><int name="r" value="0"/><int name="move" value="0"/><int name="dynamic" value="0"/><int name="piece" value="3"/></imgdir><imgdir name="3"><string name="oS" value="event"/><string name="l0" value="2015sul"/><string name="l1" value="gamasot"/><string name="l2" value="1"/><int name="x" value="-481"/><int name="y" value="-392"/><int name="z" value="9"/><int name="f" value="0"/><int name="zM" value="0"/><int name="r" value="0"/><int name="move" value="0"/><int name="dynamic" value="0"/><int name="piece" value="5"/></imgdir><imgdir name="4"><string name="oS" value="event"/><string name="l0" value="2018sul"/><string name="l1" value="tree"/><string name="l2" value="1"/><int name="x" value="-676"/><int name="y" value="-656"/><int name="z" value="6"/><int name="f" value="0"/><int name="zM" value="0"/><int name="r" value="0"/><int name="move" value="0"/><int name="dynamic" value="0"/><int name="piece" value="6"/></imgdir><imgdir name="5"><string name="oS" value="event"/><string name="l0" value="2018sul"/><string name="l1" value="tree"/><string name="l2" value="0"/><int name="x" value="280"/><int name="y" value="-738"/><int name="z" value="6"/><int name="f" value="0"/><int name="zM" value="0"/><int name="r" value="0"/><int name="move" value="0"/><int name="dynamic" value="0"/><int name="piece" value="7"/></imgdir><imgdir name="6"><string name="oS" value="event2"/><string name="l0" value="2017NewYear"/><string name="l1" value="NewYearObj"/><string name="l2" value="0"/><int name="x" value="31"/><int name="y" value="-408"/><int name="z" value="9"/><int name="f" value="0"/><int name="zM" value="0"/><int name="r" value="0"/><int name="move" value="0"/><int name="dynamic" value="0"/><int name="piece" value="8"/></imgdir><imgdir name="7"><string name="oS" value="event2"/><string name="l0" value="2017NewYear"/><string name="l1" value="NewYearObj"/><string name="l2" value="16"/><int name="x" value="-820"/><int name="y" value="-479"/><int name="z" value="9"/><int name="f" value="0"/><int name="zM" value="0"/><int name="r" value="0"/><int name="move" value="0"/><int name="dynamic" value="0"/><int name="piece" value="9"/></imgdir><imgdir name="8"><string name="oS" value="event2"/><string name="l0" value="2017NewYear"/><string name="l1" value="NewYearObj"/><string name="l2" value="15"/><int name="x" value="406"/><int name="y" value="-472"/><int name="z" value="9"/><int name="f" value="0"/><int name="zM" value="0"/><int name="r" value="0"/><int name="move" value="0"/><int name="dynamic" value="0"/><int name="piece" value="0"/></imgdir></imgdir></imgdir><imgdir name="2"><imgdir name="info"></imgdir><imgdir name="tile"></imgdir><imgdir name="obj"></imgdir></imgdir><imgdir name="3"><imgdir name="info"></imgdir><imgdir name="tile"></imgdir><imgdir name="obj"></imgdir></imgdir><imgdir name="4"><imgdir name="info"></imgdir><imgdir name="tile"></imgdir><imgdir name="obj"></imgdir></imgdir><imgdir name="5"><imgdir name="info"></imgdir><imgdir name="tile"></imgdir><imgdir name="obj"></imgdir></imgdir><imgdir name="6"><imgdir name="info"></imgdir><imgdir name="tile"></imgdir><imgdir name="obj"></imgdir></imgdir><imgdir name="7"><imgdir name="info"></imgdir><imgdir name="tile"></imgdir><imgdir name="obj"></imgdir></imgdir><imgdir name="foothold"><imgdir name="1"><imgdir name="0"><imgdir name="1"><int name="x1" value="450"/><int name="y1" value="-390"/><int name="x2" value="540"/><int name="y2" value="-390"/><int name="prev" value="4"/><int name="next" value="0"/><int name="piece" value="-1"/></imgdir><imgdir name="2"><int name="x1" value="270"/><int name="y1" value="-390"/><int name="x2" value="360"/><int name="y2" value="-390"/><int name="prev" value="3"/><int name="next" value="4"/><int name="piece" value="-1"/></imgdir><imgdir name="3"><int name="x1" value="180"/><int name="y1" value="-390"/><int name="x2" value="270"/><int name="y2" value="-390"/><int name="prev" value="6"/><int name="next" value="2"/><int name="piece" value="-1"/></imgdir><imgdir name="4"><int name="x1" value="360"/><int name="y1" value="-390"/><int name="x2" value="450"/><int name="y2" value="-390"/><int name="prev" value="2"/><int name="next" value="1"/><int name="piece" value="-1"/></imgdir><imgdir name="5"><int name="x1" value="0"/><int name="y1" value="-390"/><int name="x2" value="90"/><int name="y2" value="-390"/><int name="prev" value="7"/><int name="next" value="6"/><int name="piece" value="-1"/></imgdir><imgdir name="6"><int name="x1" value="90"/><int name="y1" value="-390"/><int name="x2" value="180"/><int name="y2" value="-390"/><int name="prev" value="5"/><int name="next" value="3"/><int name="piece" value="-1"/></imgdir><imgdir name="7"><int name="x1" value="-90"/><int name="y1" value="-390"/><int name="x2" value="0"/><int name="y2" value="-390"/><int name="prev" value="10"/><int name="next" value="5"/><int name="piece" value="-1"/></imgdir><imgdir name="8"><int name="x1" value="-360"/><int name="y1" value="-390"/><int name="x2" value="-270"/><int name="y2" value="-390"/><int name="prev" value="11"/><int name="next" value="9"/><int name="piece" value="-1"/></imgdir><imgdir name="9"><int name="x1" value="-270"/><int name="y1" value="-390"/><int name="x2" value="-180"/><int name="y2" value="-390"/><int name="prev" value="8"/><int name="next" value="10"/><int name="piece" value="-1"/></imgdir><imgdir name="10"><int name="x1" value="-180"/><int name="y1" value="-390"/><int name="x2" value="-90"/><int name="y2" value="-390"/><int name="prev" value="9"/><int name="next" value="7"/><int name="piece" value="-1"/></imgdir><imgdir name="11"><int name="x1" value="-450"/><int name="y1" value="-390"/><int name="x2" value="-360"/><int name="y2" value="-390"/><int name="prev" value="12"/><int name="next" value="8"/><int name="piece" value="-1"/></imgdir><imgdir name="12"><int name="x1" value="-540"/><int name="y1" value="-390"/><int name="x2" value="-450"/><int name="y2" value="-390"/><int name="prev" value="14"/><int name="next" value="11"/><int name="piece" value="-1"/></imgdir><imgdir name="13"><int name="x1" value="-990"/><int name="y1" value="-390"/><int name="x2" value="-900"/><int name="y2" value="-390"/><int name="prev" value="0"/><int name="next" value="16"/><int name="piece" value="-1"/></imgdir><imgdir name="14"><int name="x1" value="-630"/><int name="y1" value="-390"/><int name="x2" value="-540"/><int name="y2" value="-390"/><int name="prev" value="17"/><int name="next" value="12"/><int name="piece" value="-1"/></imgdir><imgdir name="15"><int name="x1" value="-810"/><int name="y1" value="-390"/><int name="x2" value="-720"/><int name="y2" value="-390"/><int name="prev" value="16"/><int name="next" value="17"/><int name="piece" value="-1"/></imgdir><imgdir name="16"><int name="x1" value="-900"/><int name="y1" value="-390"/><int name="x2" value="-810"/><int name="y2" value="-390"/><int name="prev" value="13"/><int name="next" value="15"/><int name="piece" value="-1"/></imgdir><imgdir name="17"><int name="x1" value="-720"/><int name="y1" value="-390"/><int name="x2" value="-630"/><int name="y2" value="-390"/><int name="prev" value="15"/><int name="next" value="14"/><int name="piece" value="-1"/></imgdir></imgdir></imgdir></imgdir><imgdir name="ladderRope"></imgdir><imgdir name="miniMap"><canvas name="canvas" width="1" height="1"><string name="_hash" value="f2993a6052ff12f65f9b44979c597e6f6880e71bd38a151e29f1586723698032"/><string name="_outlink" value="Map/Map/Map9/910029600.img/miniMap/canvas"/></canvas><int name="width" value="1613"/><int name="height" value="785"/><int name="centerX" value="1042"/><int name="centerY" value="920"/><int name="mag" value="4"/></imgdir><imgdir name="portal"><imgdir name="0"><string name="pn" value="sp"/><int name="pt" value="0"/><int name="x" value="-277"/><int name="y" value="-404"/><int name="tm" value="999999999"/><string name="tn" value=""/><int name="horizontalImpact" value="0"/></imgdir></imgdir></imgdir>