<?xml version="1.0" encoding="UTF-8" standalone="yes"?><imgdir name="910040005.img"><imgdir name="info"><int name="version" value="10"/><int name="cloud" value="0"/><int name="town" value="0"/><int name="swim" value="0"/><int name="returnMap" value="910040005"/><int name="forcedReturn" value="910040005"/><float name="mobRate" value="1.0"/><string name="bgm" value="Bgm18/WolfAndSheep"/><string name="mapMark" value="Event"/><int name="fly" value="0"/><int name="noMapCmd" value="0"/><int name="hideMinimap" value="0"/><int name="fieldLimit" value="272364"/><string name="onFirstUserEnter" value=""/><string name="onUserEnter" value=""/><int name="VRTop" value="-300"/><int name="VRLeft" value="-630"/><int name="VRBottom" value="300"/><int name="VRRight" value="450"/></imgdir><imgdir name="back"><imgdir name="0"><string name="bS" value="grassySoil"/><int name="front" value="0"/><int name="ani" value="0"/><int name="no" value="0"/><int name="f" value="0"/><int name="x" value="324"/><int name="y" value="47"/><int name="rx" value="-80"/><int name="ry" value="-100"/><int name="type" value="3"/><int name="cx" value="0"/><int name="cy" value="0"/><int name="a" value="255"/></imgdir><imgdir name="1"><string name="bS" value="event"/><int name="front" value="0"/><int name="ani" value="0"/><int name="no" value="21"/><int name="f" value="0"/><int name="x" value="-230"/><int name="y" value="-312"/><int name="rx" value="5"/><int name="ry" value="-20"/><int name="type" value="4"/><int name="cx" value="1200"/><int name="cy" value="0"/><int name="a" value="255"/></imgdir><imgdir name="2"><string name="bS" value="event"/><int name="front" value="0"/><int name="ani" value="0"/><int name="no" value="22"/><int name="f" value="0"/><int name="x" value="-1"/><int name="y" value="-237"/><int name="rx" value="4"/><int name="ry" value="-20"/><int name="type" value="4"/><int name="cx" value="1200"/><int name="cy" value="0"/><int name="a" value="255"/></imgdir><imgdir name="3"><string name="bS" value="event"/><int name="front" value="0"/><int name="ani" value="0"/><int name="no" value="23"/><int name="f" value="1"/><int name="x" value="327"/><int name="y" value="-317"/><int name="rx" value="5"/><int name="ry" value="-20"/><int name="type" value="4"/><int name="cx" value="1200"/><int name="cy" value="0"/><int name="a" value="255"/></imgdir><imgdir name="4"><string name="bS" value="event"/><int name="front" value="0"/><int name="ani" value="0"/><int name="no" value="28"/><int name="f" value="0"/><int name="x" value="-22"/><int name="y" value="-83"/><int name="rx" value="-50"/><int name="ry" value="-30"/><int name="type" value="1"/><int name="cx" value="0"/><int name="cy" value="0"/><int name="a" value="255"/></imgdir><imgdir name="5"><string name="bS" value="event"/><int name="front" value="0"/><int name="ani" value="0"/><int name="no" value="29"/><int name="f" value="0"/><int name="x" value="-476"/><int name="y" value="-147"/><int name="rx" value="-60"/><int name="ry" value="-50"/><int name="type" value="0"/><int name="cx" value="0"/><int name="cy" value="0"/><int name="a" value="255"/></imgdir><imgdir name="6"><string name="bS" value="event"/><int name="front" value="0"/><int name="ani" value="0"/><int name="no" value="30"/><int name="f" value="0"/><int name="x" value="51"/><int name="y" value="-79"/><int name="rx" value="-60"/><int name="ry" value="-50"/><int name="type" value="0"/><int name="cx" value="0"/><int name="cy" value="0"/><int name="a" value="255"/></imgdir><imgdir name="7"><string name="bS" value="event"/><int name="front" value="0"/><int name="ani" value="0"/><int name="no" value="31"/><int name="f" value="0"/><int name="x" value="469"/><int name="y" value="-176"/><int name="rx" value="-60"/><int name="ry" value="-50"/><int name="type" value="0"/><int name="cx" value="0"/><int name="cy" value="0"/><int name="a" value="255"/></imgdir><imgdir name="8"><string name="bS" value="event"/><int name="front" value="0"/><int name="ani" value="0"/><int name="no" value="32"/><int name="f" value="0"/><int name="x" value="-331"/><int name="y" value="22"/><int name="rx" value="-70"/><int name="ry" value="-70"/><int name="type" value="0"/><int name="cx" value="0"/><int name="cy" value="0"/><int name="a" value="255"/></imgdir><imgdir name="9"><string name="bS" value="event"/><int name="front" value="0"/><int name="ani" value="0"/><int name="no" value="33"/><int name="f" value="0"/><int name="x" value="559"/><int name="y" value="12"/><int name="rx" value="-70"/><int name="ry" value="-70"/><int name="type" value="0"/><int name="cx" value="0"/><int name="cy" value="0"/><int name="a" value="255"/></imgdir><imgdir name="10"><string name="bS" value="event"/><int name="front" value="0"/><int name="ani" value="0"/><int name="no" value="34"/><int name="f" value="0"/><int name="x" value="245"/><int name="y" value="50"/><int name="rx" value="-80"/><int name="ry" value="-100"/><int name="type" value="0"/><int name="cx" value="0"/><int name="cy" value="0"/><int name="a" value="255"/></imgdir></imgdir><imgdir name="life"><imgdir name="0"><string name="type" value="n"/><string name="id" value="9000053"/><int name="x" value="240"/><int name="y" value="145"/><int name="mobTime" value="0"/><int name="f" value="0"/><int name="hide" value="0"/><int name="fh" value="10"/><int name="cy" value="155"/><int name="rx0" value="190"/><int name="rx1" value="290"/></imgdir></imgdir><imgdir name="reactor"></imgdir><imgdir name="0"><imgdir name="info"></imgdir><imgdir name="tile"></imgdir><imgdir name="obj"><imgdir name="0"><string name="oS" value="event"/><string name="l0" value="battleField"/><string name="l1" value="nature"/><string name="l2" value="7"/><int name="x" value="7"/><int name="y" value="144"/><int name="z" value="10"/><int name="f" value="0"/><int name="zM" value="1"/><int name="r" value="0"/></imgdir><imgdir name="1"><string name="oS" value="event"/><string name="l0" value="battleField"/><string name="l1" value="acc"/><string name="l2" value="6"/><int name="x" value="108"/><int name="y" value="116"/><int name="z" value="9"/><int name="f" value="0"/><int name="zM" value="3"/><int name="r" value="0"/></imgdir><imgdir name="2"><string name="oS" value="event"/><string name="l0" value="battleField"/><string name="l1" value="acc"/><string name="l2" value="7"/><int name="x" value="-33"/><int name="y" value="118"/><int name="z" value="9"/><int name="f" value="0"/><int name="zM" value="1"/><int name="r" value="0"/></imgdir><imgdir name="3"><string name="oS" value="event"/><string name="l0" value="battleField"/><string name="l1" value="acc"/><string name="l2" value="8"/><int name="x" value="-274"/><int name="y" value="116"/><int name="z" value="9"/><int name="f" value="0"/><int name="zM" value="1"/><int name="r" value="0"/></imgdir><imgdir name="4"><string name="oS" value="event"/><string name="l0" value="battleField"/><string name="l1" value="acc"/><string name="l2" value="4"/><int name="x" value="-516"/><int name="y" value="115"/><int name="z" value="9"/><int name="f" value="0"/><int name="zM" value="2"/><int name="r" value="0"/></imgdir><imgdir name="5"><string name="oS" value="event"/><string name="l0" value="battleField"/><string name="l1" value="nature"/><string name="l2" value="2"/><int name="x" value="104"/><int name="y" value="128"/><int name="z" value="4"/><int name="f" value="0"/><int name="zM" value="1"/><int name="r" value="0"/></imgdir><imgdir name="6"><string name="oS" value="event"/><string name="l0" value="battleField"/><string name="l1" value="nature"/><string name="l2" value="4"/><int name="x" value="317"/><int name="y" value="111"/><int name="z" value="7"/><int name="f" value="0"/><int name="zM" value="1"/><int name="r" value="0"/></imgdir><imgdir name="7"><string name="oS" value="event"/><string name="l0" value="battleField"/><string name="l1" value="nature"/><string name="l2" value="5"/><int name="x" value="69"/><int name="y" value="117"/><int name="z" value="7"/><int name="f" value="0"/><int name="zM" value="1"/><int name="r" value="0"/></imgdir><imgdir name="8"><string name="oS" value="event"/><string name="l0" value="battleField"/><string name="l1" value="nature"/><string name="l2" value="7"/><int name="x" value="140"/><int name="y" value="138"/><int name="z" value="10"/><int name="f" value="0"/><int name="zM" value="1"/><int name="r" value="0"/></imgdir><imgdir name="9"><string name="oS" value="event"/><string name="l0" value="battleField"/><string name="l1" value="nature"/><string name="l2" value="8"/><int name="x" value="-406"/><int name="y" value="137"/><int name="z" value="10"/><int name="f" value="0"/><int name="zM" value="1"/><int name="r" value="0"/></imgdir><imgdir name="10"><string name="oS" value="event"/><string name="l0" value="battleField"/><string name="l1" value="nature"/><string name="l2" value="9"/><int name="x" value="321"/><int name="y" value="133"/><int name="z" value="11"/><int name="f" value="0"/><int name="zM" value="1"/><int name="r" value="0"/></imgdir><imgdir name="11"><string name="oS" value="event"/><string name="l0" value="battleField"/><string name="l1" value="nature"/><string name="l2" value="0"/><int name="x" value="297"/><int name="y" value="-50"/><int name="z" value="8"/><int name="f" value="0"/><int name="zM" value="1"/><int name="r" value="0"/></imgdir><imgdir name="12"><string name="oS" value="event"/><string name="l0" value="battleField"/><string name="l1" value="nature"/><string name="l2" value="14"/><int name="x" value="405"/><int name="y" value="124"/><int name="z" value="10"/><int name="f" value="0"/><int name="zM" value="1"/><int name="r" value="0"/></imgdir><imgdir name="13"><string name="oS" value="event"/><string name="l0" value="battleField"/><string name="l1" value="nature"/><string name="l2" value="15"/><int name="x" value="354"/><int name="y" value="119"/><int name="z" value="9"/><int name="f" value="0"/><int name="zM" value="1"/><int name="r" value="0"/></imgdir><imgdir name="15"><string name="oS" value="event"/><string name="l0" value="battleField"/><string name="l1" value="nature"/><string name="l2" value="4"/><int name="x" value="-26"/><int name="y" value="101"/><int name="z" value="8"/><int name="f" value="0"/><int name="zM" value="1"/><int name="r" value="0"/></imgdir><imgdir name="17"><string name="oS" value="event"/><string name="l0" value="battleField"/><string name="l1" value="nature"/><string name="l2" value="8"/><int name="x" value="-378"/><int name="y" value="139"/><int name="z" value="9"/><int name="f" value="0"/><int name="zM" value="1"/><int name="r" value="0"/></imgdir><imgdir name="19"><string name="oS" value="event"/><string name="l0" value="battleField"/><string name="l1" value="nature"/><string name="l2" value="3"/><int name="x" value="-157"/><int name="y" value="107"/><int name="z" value="11"/><int name="f" value="0"/><int name="zM" value="0"/><int name="r" value="0"/></imgdir><imgdir name="20"><string name="oS" value="event"/><string name="l0" value="battleField"/><string name="l1" value="nature"/><string name="l2" value="3"/><int name="x" value="-229"/><int name="y" value="108"/><int name="z" value="10"/><int name="f" value="0"/><int name="zM" value="0"/><int name="r" value="0"/></imgdir><imgdir name="21"><string name="oS" value="event"/><string name="l0" value="battleField"/><string name="l1" value="nature"/><string name="l2" value="14"/><int name="x" value="346"/><int name="y" value="132"/><int name="z" value="11"/><int name="f" value="0"/><int name="zM" value="0"/><int name="r" value="0"/></imgdir><imgdir name="22"><string name="oS" value="event"/><string name="l0" value="battleField"/><string name="l1" value="nature"/><string name="l2" value="0"/><int name="x" value="149"/><int name="y" value="-51"/><int name="z" value="7"/><int name="f" value="0"/><int name="zM" value="0"/><int name="r" value="0"/></imgdir><imgdir name="14"><string name="oS" value="event"/><string name="l0" value="battleField"/><string name="l1" value="nature"/><string name="l2" value="2"/><int name="x" value="-149"/><int name="y" value="109"/><int name="z" value="6"/><int name="f" value="0"/><int name="zM" value="0"/><int name="r" value="0"/></imgdir><imgdir name="24"><string name="oS" value="event"/><string name="l0" value="battleField"/><string name="l1" value="nature"/><string name="l2" value="10"/><int name="x" value="-333"/><int name="y" value="130"/><int name="z" value="10"/><int name="f" value="0"/><int name="zM" value="0"/><int name="r" value="0"/></imgdir><imgdir name="25"><string name="oS" value="event"/><string name="l0" value="battleField"/><string name="l1" value="nature"/><string name="l2" value="11"/><int name="x" value="-364"/><int name="y" value="131"/><int name="z" value="10"/><int name="f" value="0"/><int name="zM" value="0"/><int name="r" value="0"/></imgdir><imgdir name="16"><string name="oS" value="event"/><string name="l0" value="battleField"/><string name="l1" value="nature"/><string name="l2" value="10"/><int name="x" value="-287"/><int name="y" value="132"/><int name="z" value="10"/><int name="f" value="0"/><int name="zM" value="0"/><int name="r" value="0"/></imgdir><imgdir name="23"><string name="oS" value="event"/><string name="l0" value="battleField"/><string name="l1" value="nature"/><string name="l2" value="7"/><int name="x" value="-469"/><int name="y" value="138"/><int name="z" value="9"/><int name="f" value="0"/><int name="zM" value="0"/><int name="r" value="0"/></imgdir><imgdir name="18"><string name="oS" value="event"/><string name="l0" value="battleField"/><string name="l1" value="nature"/><string name="l2" value="5"/><int name="x" value="-561"/><int name="y" value="115"/><int name="z" value="9"/><int name="f" value="0"/><int name="zM" value="0"/><int name="r" value="0"/></imgdir></imgdir></imgdir><imgdir name="1"><imgdir name="info"><string name="tS" value="grassySoil"/><int name="tSMag" value="1"/></imgdir><imgdir name="tile"><imgdir name="8"><int name="x" value="-90"/><int name="y" value="180"/><string name="u" value="enH0"/><int name="no" value="1"/><int name="zM" value="0"/></imgdir><imgdir name="9"><int name="x" value="-90"/><int name="y" value="180"/><string name="u" value="bsc"/><int name="no" value="2"/><int name="zM" value="0"/></imgdir><imgdir name="3"><int name="x" value="-180"/><int name="y" value="180"/><string name="u" value="bsc"/><int name="no" value="1"/><int name="zM" value="0"/></imgdir><imgdir name="13"><int name="x" value="-180"/><int name="y" value="180"/><string name="u" value="enH0"/><int name="no" value="0"/><int name="zM" value="0"/></imgdir><imgdir name="12"><int name="x" value="-270"/><int name="y" value="180"/><string name="u" value="bsc"/><int name="no" value="3"/><int name="zM" value="0"/></imgdir><imgdir name="2"><int name="x" value="-270"/><int name="y" value="180"/><string name="u" value="enH0"/><int name="no" value="0"/><int name="zM" value="0"/></imgdir><imgdir name="18"><int name="x" value="0"/><int name="y" value="180"/><string name="u" value="enH0"/><int name="no" value="0"/><int name="zM" value="0"/></imgdir><imgdir name="0"><int name="x" value="0"/><int name="y" value="180"/><string name="u" value="bsc"/><int name="no" value="4"/><int name="zM" value="0"/></imgdir><imgdir name="1"><int name="x" value="90"/><int name="y" value="180"/><string name="u" value="enH0"/><int name="no" value="0"/><int name="zM" value="0"/></imgdir><imgdir name="19"><int name="x" value="90"/><int name="y" value="180"/><string name="u" value="bsc"/><int name="no" value="3"/><int name="zM" value="0"/></imgdir><imgdir name="28"><int name="x" value="180"/><int name="y" value="180"/><string name="u" value="enH0"/><int name="no" value="1"/><int name="zM" value="0"/></imgdir><imgdir name="27"><int name="x" value="270"/><int name="y" value="180"/><string name="u" value="enH0"/><int name="no" value="0"/><int name="zM" value="0"/></imgdir><imgdir name="26"><int name="x" value="270"/><int name="y" value="180"/><string name="u" value="bsc"/><int name="no" value="0"/><int name="zM" value="0"/></imgdir><imgdir name="24"><int name="x" value="180"/><int name="y" value="180"/><string name="u" value="bsc"/><int name="no" value="4"/><int name="zM" value="0"/></imgdir><imgdir name="6"><int name="x" value="-180"/><int name="y" value="240"/><string name="u" value="bsc"/><int name="no" value="3"/><int name="zM" value="0"/></imgdir><imgdir name="11"><int name="x" value="-270"/><int name="y" value="240"/><string name="u" value="bsc"/><int name="no" value="3"/><int name="zM" value="0"/></imgdir><imgdir name="7"><int name="x" value="0"/><int name="y" value="240"/><string name="u" value="bsc"/><int name="no" value="1"/><int name="zM" value="0"/></imgdir><imgdir name="4"><int name="x" value="-90"/><int name="y" value="240"/><string name="u" value="bsc"/><int name="no" value="0"/><int name="zM" value="0"/></imgdir><imgdir name="25"><int name="x" value="90"/><int name="y" value="240"/><string name="u" value="bsc"/><int name="no" value="0"/><int name="zM" value="0"/></imgdir><imgdir name="20"><int name="x" value="180"/><int name="y" value="240"/><string name="u" value="bsc"/><int name="no" value="4"/><int name="zM" value="0"/></imgdir><imgdir name="29"><int name="x" value="270"/><int name="y" value="240"/><string name="u" value="bsc"/><int name="no" value="3"/><int name="zM" value="0"/></imgdir><imgdir name="21"><int name="x" value="360"/><int name="y" value="180"/><string name="u" value="bsc"/><int name="no" value="3"/><int name="zM" value="0"/></imgdir><imgdir name="22"><int name="x" value="360"/><int name="y" value="180"/><string name="u" value="enH0"/><int name="no" value="0"/><int name="zM" value="0"/></imgdir><imgdir name="30"><int name="x" value="360"/><int name="y" value="240"/><string name="u" value="bsc"/><int name="no" value="1"/><int name="zM" value="0"/></imgdir><imgdir name="5"><int name="x" value="-450"/><int name="y" value="300"/><string name="u" value="bsc"/><int name="no" value="2"/><int name="zM" value="0"/></imgdir><imgdir name="41"><int name="x" value="-450"/><int name="y" value="360"/><string name="u" value="enH1"/><int name="no" value="0"/><int name="zM" value="0"/></imgdir><imgdir name="38"><int name="x" value="-270"/><int name="y" value="300"/><string name="u" value="bsc"/><int name="no" value="2"/><int name="zM" value="0"/></imgdir><imgdir name="43"><int name="x" value="-270"/><int name="y" value="360"/><string name="u" value="enH1"/><int name="no" value="0"/><int name="zM" value="0"/></imgdir><imgdir name="40"><int name="x" value="-360"/><int name="y" value="360"/><string name="u" value="enH1"/><int name="no" value="1"/><int name="zM" value="0"/></imgdir><imgdir name="39"><int name="x" value="-180"/><int name="y" value="300"/><string name="u" value="bsc"/><int name="no" value="2"/><int name="zM" value="0"/></imgdir><imgdir name="36"><int name="x" value="-360"/><int name="y" value="300"/><string name="u" value="bsc"/><int name="no" value="4"/><int name="zM" value="0"/></imgdir><imgdir name="44"><int name="x" value="-180"/><int name="y" value="360"/><string name="u" value="enH1"/><int name="no" value="0"/><int name="zM" value="0"/></imgdir><imgdir name="42"><int name="x" value="-90"/><int name="y" value="360"/><string name="u" value="enH1"/><int name="no" value="1"/><int name="zM" value="0"/></imgdir><imgdir name="37"><int name="x" value="-90"/><int name="y" value="300"/><string name="u" value="bsc"/><int name="no" value="4"/><int name="zM" value="0"/></imgdir><imgdir name="23"><int name="x" value="0"/><int name="y" value="300"/><string name="u" value="bsc"/><int name="no" value="2"/><int name="zM" value="0"/></imgdir><imgdir name="45"><int name="x" value="0"/><int name="y" value="360"/><string name="u" value="enH1"/><int name="no" value="0"/><int name="zM" value="0"/></imgdir><imgdir name="46"><int name="x" value="90"/><int name="y" value="360"/><string name="u" value="enH1"/><int name="no" value="0"/><int name="zM" value="0"/></imgdir><imgdir name="33"><int name="x" value="90"/><int name="y" value="300"/><string name="u" value="bsc"/><int name="no" value="0"/><int name="zM" value="0"/></imgdir><imgdir name="31"><int name="x" value="270"/><int name="y" value="300"/><string name="u" value="bsc"/><int name="no" value="4"/><int name="zM" value="0"/></imgdir><imgdir name="47"><int name="x" value="270"/><int name="y" value="360"/><string name="u" value="enH1"/><int name="no" value="0"/><int name="zM" value="0"/></imgdir><imgdir name="34"><int name="x" value="180"/><int name="y" value="300"/><string name="u" value="bsc"/><int name="no" value="4"/><int name="zM" value="0"/></imgdir><imgdir name="49"><int name="x" value="180"/><int name="y" value="360"/><string name="u" value="enH1"/><int name="no" value="0"/><int name="zM" value="0"/></imgdir><imgdir name="48"><int name="x" value="360"/><int name="y" value="360"/><string name="u" value="enH1"/><int name="no" value="0"/><int name="zM" value="0"/></imgdir><imgdir name="35"><int name="x" value="360"/><int name="y" value="300"/><string name="u" value="bsc"/><int name="no" value="1"/><int name="zM" value="0"/></imgdir><imgdir name="57"><int name="x" value="-360"/><int name="y" value="180"/><string name="u" value="enH0"/><int name="no" value="1"/><int name="zM" value="0"/></imgdir><imgdir name="56"><int name="x" value="-360"/><int name="y" value="240"/><string name="u" value="bsc"/><int name="no" value="4"/><int name="zM" value="0"/></imgdir><imgdir name="32"><int name="x" value="-450"/><int name="y" value="240"/><string name="u" value="bsc"/><int name="no" value="0"/><int name="zM" value="0"/></imgdir><imgdir name="15"><int name="x" value="-450"/><int name="y" value="180"/><string name="u" value="enH0"/><int name="no" value="0"/><int name="zM" value="0"/></imgdir><imgdir name="17"><int name="x" value="-360"/><int name="y" value="180"/><string name="u" value="bsc"/><int name="no" value="4"/><int name="zM" value="0"/></imgdir><imgdir name="14"><int name="x" value="-450"/><int name="y" value="180"/><string name="u" value="bsc"/><int name="no" value="0"/><int name="zM" value="0"/></imgdir><imgdir name="51"><int name="x" value="-630"/><int name="y" value="180"/><string name="u" value="enH0"/><int name="no" value="0"/><int name="zM" value="0"/></imgdir><imgdir name="50"><int name="x" value="-630"/><int name="y" value="300"/><string name="u" value="bsc"/><int name="no" value="3"/><int name="zM" value="0"/></imgdir><imgdir name="54"><int name="x" value="-630"/><int name="y" value="360"/><string name="u" value="enH1"/><int name="no" value="0"/><int name="zM" value="0"/></imgdir><imgdir name="55"><int name="x" value="-630"/><int name="y" value="180"/><string name="u" value="bsc"/><int name="no" value="3"/><int name="zM" value="0"/></imgdir><imgdir name="58"><int name="x" value="-630"/><int name="y" value="240"/><string name="u" value="bsc"/><int name="no" value="0"/><int name="zM" value="0"/></imgdir><imgdir name="59"><int name="x" value="-540"/><int name="y" value="240"/><string name="u" value="bsc"/><int name="no" value="2"/><int name="zM" value="0"/></imgdir><imgdir name="10"><int name="x" value="-540"/><int name="y" value="300"/><string name="u" value="bsc"/><int name="no" value="4"/><int name="zM" value="0"/></imgdir><imgdir name="16"><int name="x" value="-540"/><int name="y" value="180"/><string name="u" value="enH0"/><int name="no" value="1"/><int name="zM" value="0"/></imgdir><imgdir name="53"><int name="x" value="-540"/><int name="y" value="360"/><string name="u" value="enH1"/><int name="no" value="1"/><int name="zM" value="0"/></imgdir><imgdir name="52"><int name="x" value="-540"/><int name="y" value="180"/><string name="u" value="bsc"/><int name="no" value="2"/><int name="zM" value="0"/></imgdir></imgdir><imgdir name="obj"></imgdir></imgdir><imgdir name="2"><imgdir name="info"></imgdir><imgdir name="tile"></imgdir><imgdir name="obj"></imgdir></imgdir><imgdir name="3"><imgdir name="info"></imgdir><imgdir name="tile"></imgdir><imgdir name="obj"></imgdir></imgdir><imgdir name="4"><imgdir name="info"></imgdir><imgdir name="tile"></imgdir><imgdir name="obj"></imgdir></imgdir><imgdir name="5"><imgdir name="info"></imgdir><imgdir name="tile"></imgdir><imgdir name="obj"></imgdir></imgdir><imgdir name="6"><imgdir name="info"></imgdir><imgdir name="tile"></imgdir><imgdir name="obj"></imgdir></imgdir><imgdir name="7"><imgdir name="info"></imgdir><imgdir name="tile"></imgdir><imgdir name="obj"></imgdir></imgdir><imgdir name="foothold"><imgdir name="1"><imgdir name="0"><imgdir name="1"><int name="x1" value="90"/><int name="y1" value="155"/><int name="x2" value="180"/><int name="y2" value="155"/><int name="prev" value="7"/><int name="next" value="10"/><int name="piece" value="0"/></imgdir><imgdir name="2"><int name="x1" value="-270"/><int name="y1" value="155"/><int name="x2" value="-180"/><int name="y2" value="155"/><int name="prev" value="12"/><int name="next" value="4"/><int name="piece" value="0"/></imgdir><imgdir name="3"><int name="x1" value="-90"/><int name="y1" value="155"/><int name="x2" value="0"/><int name="y2" value="155"/><int name="prev" value="4"/><int name="next" value="7"/><int name="piece" value="0"/></imgdir><imgdir name="4"><int name="x1" value="-180"/><int name="y1" value="155"/><int name="x2" value="-90"/><int name="y2" value="155"/><int name="prev" value="2"/><int name="next" value="3"/><int name="piece" value="0"/></imgdir><imgdir name="5"><int name="x1" value="-450"/><int name="y1" value="155"/><int name="x2" value="-360"/><int name="y2" value="155"/><int name="prev" value="6"/><int name="next" value="12"/><int name="piece" value="0"/></imgdir><imgdir name="6"><int name="x1" value="-540"/><int name="y1" value="155"/><int name="x2" value="-450"/><int name="y2" value="155"/><int name="prev" value="11"/><int name="next" value="5"/><int name="piece" value="0"/></imgdir><imgdir name="7"><int name="x1" value="0"/><int name="y1" value="155"/><int name="x2" value="90"/><int name="y2" value="155"/><int name="prev" value="3"/><int name="next" value="1"/><int name="piece" value="0"/></imgdir><imgdir name="8"><int name="x1" value="360"/><int name="y1" value="155"/><int name="x2" value="450"/><int name="y2" value="155"/><int name="prev" value="9"/><int name="next" value="0"/><int name="piece" value="0"/></imgdir><imgdir name="9"><int name="x1" value="270"/><int name="y1" value="155"/><int name="x2" value="360"/><int name="y2" value="155"/><int name="prev" value="10"/><int name="next" value="8"/><int name="piece" value="0"/></imgdir><imgdir name="10"><int name="x1" value="180"/><int name="y1" value="155"/><int name="x2" value="270"/><int name="y2" value="155"/><int name="prev" value="1"/><int name="next" value="9"/><int name="piece" value="0"/></imgdir><imgdir name="11"><int name="x1" value="-630"/><int name="y1" value="155"/><int name="x2" value="-540"/><int name="y2" value="155"/><int name="prev" value="0"/><int name="next" value="6"/><int name="piece" value="0"/></imgdir><imgdir name="12"><int name="x1" value="-360"/><int name="y1" value="155"/><int name="x2" value="-270"/><int name="y2" value="155"/><int name="prev" value="5"/><int name="next" value="2"/><int name="piece" value="0"/></imgdir></imgdir></imgdir></imgdir><imgdir name="ladderRope"></imgdir><imgdir name="portal"><imgdir name="0"><string name="pn" value="sp"/><int name="pt" value="0"/><int name="x" value="-403"/><int name="y" value="127"/><int name="tm" value="999999999"/><string name="tn" value=""/></imgdir><imgdir name="1"><string name="pn" value="st00"/><int name="pt" value="1"/><int name="x" value="-535"/><int name="y" value="144"/><int name="tm" value="999999999"/><string name="tn" value=""/><string name="script" value=""/><int name="hideTooltip" value="0"/><int name="onlyOnce" value="0"/><int name="delay" value="0"/></imgdir></imgdir></imgdir>