<?xml version="1.0" encoding="UTF-8" standalone="yes"?><imgdir name="910026901.img"><imgdir name="info"><int name="version" value="10"/><int name="cloud" value="0"/><int name="town" value="0"/><int name="swim" value="0"/><int name="returnMap" value="910026901"/><int name="forcedReturn" value="999999999"/><float name="mobRate" value="1.0"/><string name="bgm" value="Bgm00/FloralLife"/><string name="mapMark" value="Event"/><int name="fly" value="0"/><int name="noMapCmd" value="1"/><int name="hideMinimap" value="0"/><int name="fieldLimit" value="277177340"/><int name="VRTop" value="-194"/><int name="VRLeft" value="-625"/><int name="VRBottom" value="150"/><int name="VRRight" value="805"/><string name="fieldScript" value=""/><string name="onFirstUserEnter" value=""/><string name="onUserEnter" value=""/><int name="standAlone" value="0"/><int name="partyStandAlone" value="0"/><int name="noChair" value="1"/></imgdir><imgdir name="back"><imgdir name="0"><string name="bS" value="event"/><int name="front" value="0"/><int name="ani" value="0"/><int name="no" value="40"/><int name="f" value="0"/><int name="x" value="12"/><int name="y" value="-78"/><int name="rx" value="0"/><int name="ry" value="0"/><int name="type" value="1"/><int name="cx" value="0"/><int name="cy" value="0"/><int name="a" value="255"/></imgdir><imgdir name="1"><string name="bS" value="event"/><int name="front" value="0"/><int name="ani" value="0"/><int name="no" value="41"/><int name="f" value="0"/><int name="x" value="-227"/><int name="y" value="-285"/><int name="rx" value="2"/><int name="ry" value="0"/><int name="type" value="4"/><int name="cx" value="0"/><int name="cy" value="0"/><int name="a" value="255"/></imgdir><imgdir name="2"><string name="bS" value="event"/><int name="front" value="0"/><int name="ani" value="0"/><int name="no" value="42"/><int name="f" value="0"/><int name="x" value="-2"/><int name="y" value="-42"/><int name="rx" value="-5"/><int name="ry" value="-10"/><int name="type" value="0"/><int name="cx" value="0"/><int name="cy" value="0"/><int name="a" value="255"/></imgdir><imgdir name="3"><string name="bS" value="event"/><int name="front" value="0"/><int name="ani" value="0"/><int name="no" value="43"/><int name="f" value="0"/><int name="x" value="-206"/><int name="y" value="-187"/><int name="rx" value="-5"/><int name="ry" value="-10"/><int name="type" value="0"/><int name="cx" value="0"/><int name="cy" value="0"/><int name="a" value="255"/></imgdir><imgdir name="4"><string name="bS" value="event"/><int name="front" value="0"/><int name="ani" value="0"/><int name="no" value="44"/><int name="f" value="0"/><int name="x" value="4"/><int name="y" value="16"/><int name="rx" value="-25"/><int name="ry" value="-30"/><int name="type" value="0"/><int name="cx" value="0"/><int name="cy" value="0"/><int name="a" value="255"/></imgdir><imgdir name="5"><string name="bS" value="event"/><int name="front" value="0"/><int name="ani" value="0"/><int name="no" value="45"/><int name="f" value="0"/><int name="x" value="-2"/><int name="y" value="31"/><int name="rx" value="-55"/><int name="ry" value="-50"/><int name="type" value="0"/><int name="cx" value="0"/><int name="cy" value="0"/><int name="a" value="255"/></imgdir></imgdir><imgdir name="life"><imgdir name="0"><string name="type" value="n"/><string name="id" value="9010049"/><int name="x" value="2"/><int name="y" value="156"/><int name="mobTime" value="0"/><int name="f" value="0"/><int name="hide" value="0"/><int name="fh" value="8"/><int name="cy" value="166"/><int name="rx0" value="-48"/><int name="rx1" value="52"/></imgdir></imgdir><imgdir name="reactor"></imgdir><imgdir name="0"><imgdir name="info"></imgdir><imgdir name="tile"></imgdir><imgdir name="obj"></imgdir></imgdir><imgdir name="1"><imgdir name="info"></imgdir><imgdir name="tile"></imgdir><imgdir name="obj"><imgdir name="0"><string name="oS" value="event"/><string name="l0" value="springPicnic"/><string name="l1" value="photo"/><string name="l2" value="0"/><int name="x" value="-512"/><int name="y" value="-2"/><int name="z" value="6"/><int name="f" value="0"/><int name="zM" value="2"/><int name="r" value="0"/><int name="move" value="0"/><int name="dynamic" value="0"/><int name="piece" value="0"/></imgdir><imgdir name="1"><string name="oS" value="event"/><string name="l0" value="springPicnic"/><string name="l1" value="photo"/><string name="l2" value="1"/><int name="x" value="684"/><int name="y" value="17"/><int name="z" value="5"/><int name="f" value="0"/><int name="zM" value="1"/><int name="r" value="0"/><int name="move" value="0"/><int name="dynamic" value="0"/><int name="piece" value="1"/></imgdir><imgdir name="2"><string name="oS" value="event"/><string name="l0" value="springPicnic"/><string name="l1" value="photo"/><string name="l2" value="2"/><int name="x" value="108"/><int name="y" value="115"/><int name="z" value="9"/><int name="f" value="0"/><int name="zM" value="2"/><int name="r" value="0"/><int name="move" value="0"/><int name="dynamic" value="0"/><int name="piece" value="2"/></imgdir></imgdir></imgdir><imgdir name="2"><imgdir name="info"></imgdir><imgdir name="tile"></imgdir><imgdir name="obj"></imgdir></imgdir><imgdir name="3"><imgdir name="info"></imgdir><imgdir name="tile"></imgdir><imgdir name="obj"><imgdir name="0"><string name="oS" value="event"/><string name="l0" value="springPicnic"/><string name="l1" value="photo"/><string name="l2" value="4"/><int name="x" value="-460"/><int name="y" value="116"/><int name="z" value="9"/><int name="f" value="0"/><int name="zM" value="3"/><int name="r" value="0"/><int name="move" value="0"/><int name="dynamic" value="0"/><int name="piece" value="0"/></imgdir><imgdir name="2"><string name="oS" value="event"/><string name="l0" value="springPicnic"/><string name="l1" value="photo"/><string name="l2" value="4"/><int name="x" value="370"/><int name="y" value="116"/><int name="z" value="3"/><int name="f" value="0"/><int name="zM" value="4"/><int name="r" value="0"/><int name="move" value="0"/><int name="dynamic" value="0"/><int name="piece" value="2"/></imgdir><imgdir name="1"><string name="oS" value="event"/><string name="l0" value="springPicnic"/><string name="l1" value="photo"/><string name="l2" value="5"/><int name="x" value="656"/><int name="y" value="116"/><int name="z" value="11"/><int name="f" value="0"/><int name="zM" value="4"/><int name="r" value="0"/><int name="move" value="0"/><int name="dynamic" value="0"/><int name="piece" value="1"/></imgdir></imgdir></imgdir><imgdir name="4"><imgdir name="info"></imgdir><imgdir name="tile"></imgdir><imgdir name="obj"></imgdir></imgdir><imgdir name="5"><imgdir name="info"><string name="tS" value="cityPark"/><int name="tSMag" value="1"/></imgdir><imgdir name="tile"><imgdir name="10"><int name="x" value="-450"/><int name="y" value="180"/><string name="u" value="bsc"/><int name="no" value="5"/><int name="zM" value="0"/></imgdir><imgdir name="8"><int name="x" value="-450"/><int name="y" value="180"/><string name="u" value="enH0"/><int name="no" value="2"/><int name="zM" value="0"/></imgdir><imgdir name="3"><int name="x" value="-360"/><int name="y" value="180"/><string name="u" value="bsc"/><int name="no" value="3"/><int name="zM" value="0"/></imgdir><imgdir name="2"><int name="x" value="-360"/><int name="y" value="180"/><string name="u" value="enH0"/><int name="no" value="0"/><int name="zM" value="0"/></imgdir><imgdir name="1"><int name="x" value="-270"/><int name="y" value="180"/><string name="u" value="bsc"/><int name="no" value="5"/><int name="zM" value="0"/></imgdir><imgdir name="7"><int name="x" value="-270"/><int name="y" value="180"/><string name="u" value="enH0"/><int name="no" value="1"/><int name="zM" value="0"/></imgdir><imgdir name="13"><int name="x" value="-180"/><int name="y" value="180"/><string name="u" value="bsc"/><int name="no" value="3"/><int name="zM" value="0"/></imgdir><imgdir name="14"><int name="x" value="-180"/><int name="y" value="180"/><string name="u" value="enH0"/><int name="no" value="2"/><int name="zM" value="0"/></imgdir><imgdir name="15"><int name="x" value="-90"/><int name="y" value="180"/><string name="u" value="bsc"/><int name="no" value="2"/><int name="zM" value="0"/></imgdir><imgdir name="16"><int name="x" value="-90"/><int name="y" value="180"/><string name="u" value="enH0"/><int name="no" value="1"/><int name="zM" value="0"/></imgdir><imgdir name="30"><int name="x" value="90"/><int name="y" value="180"/><string name="u" value="enH0"/><int name="no" value="2"/><int name="zM" value="0"/></imgdir><imgdir name="19"><int name="x" value="0"/><int name="y" value="180"/><string name="u" value="bsc"/><int name="no" value="4"/><int name="zM" value="0"/></imgdir><imgdir name="29"><int name="x" value="90"/><int name="y" value="180"/><string name="u" value="bsc"/><int name="no" value="7"/><int name="zM" value="0"/></imgdir><imgdir name="27"><int name="x" value="0"/><int name="y" value="180"/><string name="u" value="enH0"/><int name="no" value="2"/><int name="zM" value="0"/></imgdir><imgdir name="35"><int name="x" value="180"/><int name="y" value="180"/><string name="u" value="enH0"/><int name="no" value="2"/><int name="zM" value="0"/></imgdir><imgdir name="34"><int name="x" value="270"/><int name="y" value="180"/><string name="u" value="enH0"/><int name="no" value="0"/><int name="zM" value="0"/></imgdir><imgdir name="31"><int name="x" value="360"/><int name="y" value="180"/><string name="u" value="bsc"/><int name="no" value="1"/><int name="zM" value="0"/></imgdir><imgdir name="21"><int name="x" value="180"/><int name="y" value="180"/><string name="u" value="bsc"/><int name="no" value="1"/><int name="zM" value="0"/></imgdir><imgdir name="33"><int name="x" value="270"/><int name="y" value="180"/><string name="u" value="bsc"/><int name="no" value="5"/><int name="zM" value="0"/></imgdir><imgdir name="25"><int name="x" value="360"/><int name="y" value="180"/><string name="u" value="enH0"/><int name="no" value="1"/><int name="zM" value="0"/></imgdir><imgdir name="6"><int name="x" value="-360"/><int name="y" value="240"/><string name="u" value="bsc"/><int name="no" value="2"/><int name="zM" value="0"/></imgdir><imgdir name="5"><int name="x" value="-450"/><int name="y" value="240"/><string name="u" value="bsc"/><int name="no" value="7"/><int name="zM" value="0"/></imgdir><imgdir name="9"><int name="x" value="-450"/><int name="y" value="360"/><string name="u" value="enH1"/><int name="no" value="0"/><int name="zM" value="0"/></imgdir><imgdir name="37"><int name="x" value="-450"/><int name="y" value="300"/><string name="u" value="bsc"/><int name="no" value="4"/><int name="zM" value="0"/></imgdir><imgdir name="39"><int name="x" value="-270"/><int name="y" value="300"/><string name="u" value="bsc"/><int name="no" value="4"/><int name="zM" value="0"/></imgdir><imgdir name="40"><int name="x" value="-270"/><int name="y" value="360"/><string name="u" value="enH1"/><int name="no" value="1"/><int name="zM" value="0"/></imgdir><imgdir name="38"><int name="x" value="-360"/><int name="y" value="360"/><string name="u" value="enH1"/><int name="no" value="0"/><int name="zM" value="0"/></imgdir><imgdir name="4"><int name="x" value="-360"/><int name="y" value="300"/><string name="u" value="bsc"/><int name="no" value="4"/><int name="zM" value="0"/></imgdir><imgdir name="12"><int name="x" value="-180"/><int name="y" value="240"/><string name="u" value="bsc"/><int name="no" value="7"/><int name="zM" value="0"/></imgdir><imgdir name="0"><int name="x" value="-270"/><int name="y" value="240"/><string name="u" value="bsc"/><int name="no" value="0"/><int name="zM" value="0"/></imgdir><imgdir name="11"><int name="x" value="-180"/><int name="y" value="300"/><string name="u" value="bsc"/><int name="no" value="5"/><int name="zM" value="0"/></imgdir><imgdir name="36"><int name="x" value="-180"/><int name="y" value="360"/><string name="u" value="enH1"/><int name="no" value="2"/><int name="zM" value="0"/></imgdir><imgdir name="17"><int name="x" value="90"/><int name="y" value="240"/><string name="u" value="bsc"/><int name="no" value="2"/><int name="zM" value="0"/></imgdir><imgdir name="20"><int name="x" value="-90"/><int name="y" value="240"/><string name="u" value="bsc"/><int name="no" value="3"/><int name="zM" value="0"/></imgdir><imgdir name="42"><int name="x" value="0"/><int name="y" value="300"/><string name="u" value="bsc"/><int name="no" value="7"/><int name="zM" value="0"/></imgdir><imgdir name="18"><int name="x" value="0"/><int name="y" value="240"/><string name="u" value="bsc"/><int name="no" value="5"/><int name="zM" value="0"/></imgdir><imgdir name="49"><int name="x" value="-90"/><int name="y" value="300"/><string name="u" value="bsc"/><int name="no" value="7"/><int name="zM" value="0"/></imgdir><imgdir name="43"><int name="x" value="-90"/><int name="y" value="360"/><string name="u" value="enH1"/><int name="no" value="1"/><int name="zM" value="0"/></imgdir><imgdir name="41"><int name="x" value="0"/><int name="y" value="360"/><string name="u" value="enH1"/><int name="no" value="2"/><int name="zM" value="0"/></imgdir><imgdir name="48"><int name="x" value="90"/><int name="y" value="360"/><string name="u" value="enH1"/><int name="no" value="2"/><int name="zM" value="0"/></imgdir><imgdir name="44"><int name="x" value="90"/><int name="y" value="300"/><string name="u" value="bsc"/><int name="no" value="2"/><int name="zM" value="0"/></imgdir><imgdir name="28"><int name="x" value="180"/><int name="y" value="240"/><string name="u" value="bsc"/><int name="no" value="5"/><int name="zM" value="0"/></imgdir><imgdir name="22"><int name="x" value="270"/><int name="y" value="240"/><string name="u" value="bsc"/><int name="no" value="2"/><int name="zM" value="0"/></imgdir><imgdir name="51"><int name="x" value="180"/><int name="y" value="300"/><string name="u" value="bsc"/><int name="no" value="3"/><int name="zM" value="0"/></imgdir><imgdir name="45"><int name="x" value="180"/><int name="y" value="360"/><string name="u" value="enH1"/><int name="no" value="2"/><int name="zM" value="0"/></imgdir><imgdir name="46"><int name="x" value="270"/><int name="y" value="300"/><string name="u" value="bsc"/><int name="no" value="4"/><int name="zM" value="0"/></imgdir><imgdir name="53"><int name="x" value="270"/><int name="y" value="360"/><string name="u" value="enH1"/><int name="no" value="0"/><int name="zM" value="0"/></imgdir><imgdir name="32"><int name="x" value="360"/><int name="y" value="240"/><string name="u" value="bsc"/><int name="no" value="2"/><int name="zM" value="0"/></imgdir><imgdir name="52"><int name="x" value="360"/><int name="y" value="360"/><string name="u" value="enH1"/><int name="no" value="2"/><int name="zM" value="0"/></imgdir><imgdir name="23"><int name="x" value="450"/><int name="y" value="180"/><string name="u" value="bsc"/><int name="no" value="4"/><int name="zM" value="0"/></imgdir><imgdir name="24"><int name="x" value="450"/><int name="y" value="180"/><string name="u" value="enH0"/><int name="no" value="1"/><int name="zM" value="0"/></imgdir><imgdir name="58"><int name="x" value="450"/><int name="y" value="240"/><string name="u" value="bsc"/><int name="no" value="6"/><int name="zM" value="0"/></imgdir><imgdir name="56"><int name="x" value="360"/><int name="y" value="300"/><string name="u" value="bsc"/><int name="no" value="3"/><int name="zM" value="0"/></imgdir><imgdir name="47"><int name="x" value="450"/><int name="y" value="300"/><string name="u" value="bsc"/><int name="no" value="7"/><int name="zM" value="0"/></imgdir><imgdir name="55"><int name="x" value="450"/><int name="y" value="360"/><string name="u" value="enH1"/><int name="no" value="1"/><int name="zM" value="0"/></imgdir><imgdir name="54"><int name="x" value="540"/><int name="y" value="360"/><string name="u" value="enH1"/><int name="no" value="0"/><int name="zM" value="0"/></imgdir><imgdir name="26"><int name="x" value="540"/><int name="y" value="180"/><string name="u" value="bsc"/><int name="no" value="0"/><int name="zM" value="0"/></imgdir><imgdir name="59"><int name="x" value="540"/><int name="y" value="300"/><string name="u" value="bsc"/><int name="no" value="1"/><int name="zM" value="0"/></imgdir><imgdir name="57"><int name="x" value="540"/><int name="y" value="180"/><string name="u" value="enH0"/><int name="no" value="2"/><int name="zM" value="0"/></imgdir><imgdir name="50"><int name="x" value="540"/><int name="y" value="240"/><string name="u" value="bsc"/><int name="no" value="5"/><int name="zM" value="0"/></imgdir><imgdir name="61"><int name="x" value="630"/><int name="y" value="180"/><string name="u" value="enH0"/><int name="no" value="2"/><int name="zM" value="0"/></imgdir><imgdir name="64"><int name="x" value="810"/><int name="y" value="180"/><string name="u" value="edU"/><int name="no" value="0"/><int name="zM" value="0"/></imgdir><imgdir name="63"><int name="x" value="720"/><int name="y" value="180"/><string name="u" value="enH0"/><int name="no" value="1"/><int name="zM" value="0"/></imgdir><imgdir name="60"><int name="x" value="630"/><int name="y" value="180"/><string name="u" value="bsc"/><int name="no" value="6"/><int name="zM" value="0"/></imgdir><imgdir name="67"><int name="x" value="630"/><int name="y" value="240"/><string name="u" value="bsc"/><int name="no" value="1"/><int name="zM" value="0"/></imgdir><imgdir name="72"><int name="x" value="630"/><int name="y" value="360"/><string name="u" value="enH1"/><int name="no" value="2"/><int name="zM" value="0"/></imgdir><imgdir name="66"><int name="x" value="630"/><int name="y" value="300"/><string name="u" value="bsc"/><int name="no" value="2"/><int name="zM" value="0"/></imgdir><imgdir name="65"><int name="x" value="810"/><int name="y" value="180"/><string name="u" value="enV1"/><int name="no" value="1"/><int name="zM" value="0"/></imgdir><imgdir name="62"><int name="x" value="720"/><int name="y" value="180"/><string name="u" value="bsc"/><int name="no" value="6"/><int name="zM" value="0"/></imgdir><imgdir name="68"><int name="x" value="810"/><int name="y" value="240"/><string name="u" value="enV1"/><int name="no" value="1"/><int name="zM" value="0"/></imgdir><imgdir name="73"><int name="x" value="720"/><int name="y" value="240"/><string name="u" value="bsc"/><int name="no" value="0"/><int name="zM" value="0"/></imgdir><imgdir name="69"><int name="x" value="810"/><int name="y" value="300"/><string name="u" value="enV1"/><int name="no" value="1"/><int name="zM" value="0"/></imgdir><imgdir name="74"><int name="x" value="720"/><int name="y" value="300"/><string name="u" value="bsc"/><int name="no" value="4"/><int name="zM" value="0"/></imgdir><imgdir name="70"><int name="x" value="810"/><int name="y" value="360"/><string name="u" value="edD"/><int name="no" value="0"/><int name="zM" value="0"/></imgdir><imgdir name="71"><int name="x" value="720"/><int name="y" value="360"/><string name="u" value="enH1"/><int name="no" value="1"/><int name="zM" value="0"/></imgdir><imgdir name="80"><int name="x" value="-540"/><int name="y" value="180"/><string name="u" value="enH0"/><int name="no" value="1"/><int name="zM" value="0"/></imgdir><imgdir name="81"><int name="x" value="-630"/><int name="y" value="180"/><string name="u" value="edU"/><int name="no" value="0"/><int name="zM" value="0"/></imgdir><imgdir name="79"><int name="x" value="-630"/><int name="y" value="180"/><string name="u" value="enH0"/><int name="no" value="2"/><int name="zM" value="0"/></imgdir><imgdir name="78"><int name="x" value="-630"/><int name="y" value="180"/><string name="u" value="bsc"/><int name="no" value="2"/><int name="zM" value="0"/></imgdir><imgdir name="76"><int name="x" value="-540"/><int name="y" value="180"/><string name="u" value="bsc"/><int name="no" value="6"/><int name="zM" value="0"/></imgdir><imgdir name="75"><int name="x" value="-630"/><int name="y" value="180"/><string name="u" value="enV0"/><int name="no" value="0"/><int name="zM" value="0"/></imgdir><imgdir name="77"><int name="x" value="-540"/><int name="y" value="240"/><string name="u" value="bsc"/><int name="no" value="0"/><int name="zM" value="0"/></imgdir><imgdir name="83"><int name="x" value="-630"/><int name="y" value="240"/><string name="u" value="bsc"/><int name="no" value="0"/><int name="zM" value="0"/></imgdir><imgdir name="88"><int name="x" value="-630"/><int name="y" value="240"/><string name="u" value="enV0"/><int name="no" value="1"/><int name="zM" value="0"/></imgdir><imgdir name="86"><int name="x" value="-540"/><int name="y" value="360"/><string name="u" value="enH1"/><int name="no" value="2"/><int name="zM" value="0"/></imgdir><imgdir name="85"><int name="x" value="-540"/><int name="y" value="300"/><string name="u" value="bsc"/><int name="no" value="2"/><int name="zM" value="0"/></imgdir><imgdir name="82"><int name="x" value="-630"/><int name="y" value="300"/><string name="u" value="bsc"/><int name="no" value="3"/><int name="zM" value="0"/></imgdir><imgdir name="89"><int name="x" value="-630"/><int name="y" value="360"/><string name="u" value="edD"/><int name="no" value="0"/><int name="zM" value="0"/></imgdir><imgdir name="87"><int name="x" value="-630"/><int name="y" value="360"/><string name="u" value="enH1"/><int name="no" value="0"/><int name="zM" value="0"/></imgdir><imgdir name="84"><int name="x" value="-630"/><int name="y" value="300"/><string name="u" value="enV0"/><int name="no" value="1"/><int name="zM" value="0"/></imgdir></imgdir><imgdir name="obj"></imgdir></imgdir><imgdir name="6"><imgdir name="info"></imgdir><imgdir name="tile"></imgdir><imgdir name="obj"></imgdir></imgdir><imgdir name="7"><imgdir name="info"></imgdir><imgdir name="tile"></imgdir><imgdir name="obj"></imgdir></imgdir><imgdir name="noSkill"><imgdir name="class"><int name="0" value="1"/><int name="1" value="2"/><int name="2" value="3"/><int name="3" value="4"/></imgdir></imgdir><imgdir name="foothold"><imgdir name="5"><imgdir name="0"><imgdir name="1"><int name="x1" value="-360"/><int name="y1" value="166"/><int name="x2" value="-270"/><int name="y2" value="166"/><int name="prev" value="3"/><int name="next" value="2"/><int name="piece" value="-1"/></imgdir><imgdir name="2"><int name="x1" value="-270"/><int name="y1" value="166"/><int name="x2" value="-180"/><int name="y2" value="166"/><int name="prev" value="1"/><int name="next" value="4"/><int name="piece" value="-1"/></imgdir><imgdir name="3"><int name="x1" value="-450"/><int name="y1" value="166"/><int name="x2" value="-360"/><int name="y2" value="166"/><int name="prev" value="23"/><int name="next" value="1"/><int name="piece" value="-1"/></imgdir><imgdir name="4"><int name="x1" value="-180"/><int name="y1" value="166"/><int name="x2" value="-90"/><int name="y2" value="166"/><int name="prev" value="2"/><int name="next" value="5"/><int name="piece" value="-1"/></imgdir><imgdir name="5"><int name="x1" value="-90"/><int name="y1" value="166"/><int name="x2" value="0"/><int name="y2" value="166"/><int name="prev" value="4"/><int name="next" value="8"/><int name="piece" value="-1"/></imgdir><imgdir name="6"><int name="x1" value="450"/><int name="y1" value="166"/><int name="x2" value="540"/><int name="y2" value="166"/><int name="prev" value="7"/><int name="next" value="12"/><int name="piece" value="-1"/></imgdir><imgdir name="7"><int name="x1" value="360"/><int name="y1" value="166"/><int name="x2" value="450"/><int name="y2" value="166"/><int name="prev" value="10"/><int name="next" value="6"/><int name="piece" value="-1"/></imgdir><imgdir name="8"><int name="x1" value="0"/><int name="y1" value="166"/><int name="x2" value="90"/><int name="y2" value="166"/><int name="prev" value="5"/><int name="next" value="9"/><int name="piece" value="-1"/></imgdir><imgdir name="9"><int name="x1" value="90"/><int name="y1" value="166"/><int name="x2" value="180"/><int name="y2" value="166"/><int name="prev" value="8"/><int name="next" value="11"/><int name="piece" value="-1"/></imgdir><imgdir name="10"><int name="x1" value="270"/><int name="y1" value="166"/><int name="x2" value="360"/><int name="y2" value="166"/><int name="prev" value="11"/><int name="next" value="7"/><int name="piece" value="-1"/></imgdir><imgdir name="11"><int name="x1" value="180"/><int name="y1" value="166"/><int name="x2" value="270"/><int name="y2" value="166"/><int name="prev" value="9"/><int name="next" value="10"/><int name="piece" value="-1"/></imgdir><imgdir name="12"><int name="x1" value="540"/><int name="y1" value="166"/><int name="x2" value="630"/><int name="y2" value="166"/><int name="prev" value="6"/><int name="next" value="13"/><int name="piece" value="-1"/></imgdir><imgdir name="13"><int name="x1" value="630"/><int name="y1" value="166"/><int name="x2" value="720"/><int name="y2" value="166"/><int name="prev" value="12"/><int name="next" value="14"/><int name="piece" value="-1"/></imgdir><imgdir name="14"><int name="x1" value="720"/><int name="y1" value="166"/><int name="x2" value="783"/><int name="y2" value="166"/><int name="prev" value="13"/><int name="next" value="15"/><int name="piece" value="-1"/></imgdir><imgdir name="15"><int name="x1" value="783"/><int name="y1" value="166"/><int name="x2" value="810"/><int name="y2" value="166"/><int name="prev" value="14"/><int name="next" value="16"/><int name="piece" value="-1"/></imgdir><imgdir name="16"><int name="x1" value="810"/><int name="y1" value="166"/><int name="x2" value="837"/><int name="y2" value="166"/><int name="prev" value="15"/><int name="next" value="17"/><int name="piece" value="-1"/></imgdir><imgdir name="17"><int name="x1" value="837"/><int name="y1" value="166"/><int name="x2" value="837"/><int name="y2" value="179"/><int name="prev" value="16"/><int name="next" value="0"/><int name="piece" value="-1"/></imgdir><imgdir name="18"><int name="x1" value="837"/><int name="y1" value="180"/><int name="x2" value="837"/><int name="y2" value="240"/><int name="prev" value="0"/><int name="next" value="19"/><int name="piece" value="-1"/></imgdir><imgdir name="19"><int name="x1" value="837"/><int name="y1" value="240"/><int name="x2" value="837"/><int name="y2" value="300"/><int name="prev" value="18"/><int name="next" value="20"/><int name="piece" value="-1"/></imgdir><imgdir name="20"><int name="x1" value="837"/><int name="y1" value="300"/><int name="x2" value="837"/><int name="y2" value="360"/><int name="prev" value="19"/><int name="next" value="0"/><int name="piece" value="-1"/></imgdir><imgdir name="21"><int name="x1" value="-657"/><int name="y1" value="240"/><int name="x2" value="-657"/><int name="y2" value="180"/><int name="prev" value="28"/><int name="next" value="0"/><int name="piece" value="-1"/></imgdir><imgdir name="22"><int name="x1" value="-630"/><int name="y1" value="166"/><int name="x2" value="-603"/><int name="y2" value="166"/><int name="prev" value="25"/><int name="next" value="26"/><int name="piece" value="-1"/></imgdir><imgdir name="23"><int name="x1" value="-540"/><int name="y1" value="166"/><int name="x2" value="-450"/><int name="y2" value="166"/><int name="prev" value="26"/><int name="next" value="3"/><int name="piece" value="-1"/></imgdir><imgdir name="24"><int name="x1" value="-657"/><int name="y1" value="179"/><int name="x2" value="-657"/><int name="y2" value="166"/><int name="prev" value="0"/><int name="next" value="25"/><int name="piece" value="-1"/></imgdir><imgdir name="25"><int name="x1" value="-657"/><int name="y1" value="166"/><int name="x2" value="-630"/><int name="y2" value="166"/><int name="prev" value="24"/><int name="next" value="22"/><int name="piece" value="-1"/></imgdir><imgdir name="26"><int name="x1" value="-603"/><int name="y1" value="166"/><int name="x2" value="-540"/><int name="y2" value="166"/><int name="prev" value="22"/><int name="next" value="23"/><int name="piece" value="-1"/></imgdir><imgdir name="27"><int name="x1" value="-657"/><int name="y1" value="360"/><int name="x2" value="-657"/><int name="y2" value="300"/><int name="prev" value="0"/><int name="next" value="28"/><int name="piece" value="-1"/></imgdir><imgdir name="28"><int name="x1" value="-657"/><int name="y1" value="300"/><int name="x2" value="-657"/><int name="y2" value="240"/><int name="prev" value="27"/><int name="next" value="21"/><int name="piece" value="-1"/></imgdir></imgdir></imgdir></imgdir><imgdir name="ladderRope"></imgdir><imgdir name="miniMap"><canvas name="canvas" width="1" height="1"><string name="_hash" value="63e4a3f053532ad3bb3c3f12a82c15f35007ee321c1af583f99ec3b18a78f8ab"/><string name="_outlink" value="Map/Map/Map9/910026501.img/miniMap/canvas"/></canvas><int name="width" value="1632"/><int name="height" value="825"/><int name="centerX" value="717"/><int name="centerY" value="399"/><int name="mag" value="4"/></imgdir><imgdir name="portal"><imgdir name="0"><string name="pn" value="sp"/><int name="pt" value="0"/><int name="x" value="-325"/><int name="y" value="128"/><int name="tm" value="999999999"/><string name="tn" value=""/><int name="horizontalImpact" value="0"/></imgdir></imgdir></imgdir>