<?xml version="1.0" encoding="UTF-8" standalone="yes"?><imgdir name="910010300.img"><imgdir name="back"><imgdir name="0"><int name="no" value="0"/><int name="x" value="-48"/><int name="y" value="-109"/><int name="rx" value="0"/><int name="ry" value="0"/><int name="type" value="1"/><int name="cx" value="0"/><int name="cy" value="0"/><string name="bS" value="grassySoil_new"/><int name="a" value="255"/><int name="front" value="0"/><int name="ani" value="0"/><int name="f" value="0"/></imgdir><imgdir name="1"><string name="bS" value="grassySoil_new"/><int name="front" value="0"/><int name="ani" value="0"/><int name="no" value="3"/><int name="f" value="0"/><int name="x" value="-255"/><int name="y" value="-111"/><int name="rx" value="-1"/><int name="ry" value="-2"/><int name="type" value="4"/><int name="cx" value="0"/><int name="cy" value="0"/><int name="a" value="255"/></imgdir><imgdir name="2"><string name="bS" value="grassySoil_new"/><int name="front" value="0"/><int name="ani" value="0"/><int name="no" value="5"/><int name="f" value="0"/><int name="x" value="-12"/><int name="y" value="-78"/><int name="rx" value="-5"/><int name="ry" value="-5"/><int name="type" value="1"/><int name="cx" value="0"/><int name="cy" value="0"/><int name="a" value="255"/></imgdir><imgdir name="3"><string name="bS" value="grassySoil_new"/><int name="front" value="0"/><int name="ani" value="0"/><int name="no" value="6"/><int name="f" value="0"/><int name="x" value="-64"/><int name="y" value="-48"/><int name="rx" value="-10"/><int name="ry" value="-12"/><int name="type" value="1"/><int name="cx" value="0"/><int name="cy" value="0"/><int name="a" value="255"/></imgdir><imgdir name="4"><string name="bS" value="grassySoil_new"/><int name="front" value="0"/><int name="ani" value="0"/><int name="no" value="7"/><int name="f" value="0"/><int name="x" value="-288"/><int name="y" value="76"/><int name="rx" value="-10"/><int name="ry" value="-12"/><int name="type" value="1"/><int name="cx" value="0"/><int name="cy" value="0"/><int name="a" value="255"/></imgdir><imgdir name="5"><string name="bS" value="grassySoil_new"/><int name="front" value="0"/><int name="ani" value="0"/><int name="no" value="7"/><int name="f" value="0"/><int name="x" value="0"/><int name="y" value="87"/><int name="rx" value="-10"/><int name="ry" value="-12"/><int name="type" value="1"/><int name="cx" value="0"/><int name="cy" value="0"/><int name="a" value="255"/></imgdir><imgdir name="6"><string name="bS" value="grassySoil_new"/><int name="front" value="0"/><int name="ani" value="0"/><int name="no" value="8"/><int name="f" value="0"/><int name="x" value="-68"/><int name="y" value="-69"/><int name="rx" value="-2"/><int name="ry" value="-10"/><int name="type" value="4"/><int name="cx" value="0"/><int name="cy" value="0"/><int name="a" value="255"/></imgdir><imgdir name="7"><string name="bS" value="grassySoil_new"/><int name="front" value="0"/><int name="ani" value="0"/><int name="no" value="9"/><int name="f" value="0"/><int name="x" value="-341"/><int name="y" value="12"/><int name="rx" value="-12"/><int name="ry" value="-15"/><int name="type" value="1"/><int name="cx" value="1200"/><int name="cy" value="0"/><int name="a" value="255"/></imgdir><imgdir name="8"><string name="bS" value="grassySoil_new"/><int name="front" value="0"/><int name="ani" value="0"/><int name="no" value="10"/><int name="f" value="0"/><int name="x" value="130"/><int name="y" value="-56"/><int name="rx" value="-12"/><int name="ry" value="-15"/><int name="type" value="1"/><int name="cx" value="1200"/><int name="cy" value="0"/><int name="a" value="255"/></imgdir><imgdir name="9"><string name="bS" value="grassySoil_new"/><int name="front" value="0"/><int name="ani" value="0"/><int name="no" value="12"/><int name="f" value="0"/><int name="x" value="-21"/><int name="y" value="260"/><int name="rx" value="-15"/><int name="ry" value="-15"/><int name="type" value="1"/><int name="cx" value="0"/><int name="cy" value="0"/><int name="a" value="255"/></imgdir><imgdir name="10"><string name="bS" value="grassySoil_new"/><int name="front" value="0"/><int name="ani" value="0"/><int name="no" value="15"/><int name="f" value="0"/><int name="x" value="-654"/><int name="y" value="201"/><int name="rx" value="-15"/><int name="ry" value="-15"/><int name="type" value="1"/><int name="cx" value="2000"/><int name="cy" value="0"/><int name="a" value="255"/></imgdir><imgdir name="11"><string name="bS" value="grassySoil_new"/><int name="front" value="0"/><int name="ani" value="0"/><int name="no" value="16"/><int name="f" value="0"/><int name="x" value="14"/><int name="y" value="133"/><int name="rx" value="-15"/><int name="ry" value="-15"/><int name="type" value="1"/><int name="cx" value="2000"/><int name="cy" value="0"/><int name="a" value="255"/></imgdir><imgdir name="12"><string name="bS" value="grassySoil_new"/><int name="front" value="0"/><int name="ani" value="0"/><int name="no" value="17"/><int name="f" value="0"/><int name="x" value="514"/><int name="y" value="99"/><int name="rx" value="-15"/><int name="ry" value="-15"/><int name="type" value="1"/><int name="cx" value="2000"/><int name="cy" value="0"/><int name="a" value="255"/></imgdir><imgdir name="13"><string name="bS" value="grassySoil_new"/><int name="front" value="0"/><int name="ani" value="0"/><int name="no" value="18"/><int name="f" value="0"/><int name="x" value="1014"/><int name="y" value="123"/><int name="rx" value="-15"/><int name="ry" value="-15"/><int name="type" value="1"/><int name="cx" value="2000"/><int name="cy" value="0"/><int name="a" value="255"/></imgdir></imgdir><imgdir name="life"><imgdir name="0"><string name="type" value="n"/><string name="id" value="1012113"/><int name="x" value="245"/><int name="y" value="248"/><int name="mobTime" value="0"/><int name="f" value="0"/><int name="hide" value="0"/><int name="fh" value="9"/><int name="cy" value="275"/><int name="rx0" value="195"/><int name="rx1" value="295"/></imgdir></imgdir><imgdir name="0"><imgdir name="info"></imgdir><imgdir name="tile"></imgdir><imgdir name="obj"></imgdir></imgdir><imgdir name="1"><imgdir name="info"><string name="tS" value="grassySoil"/><int name="tSMag" value="1"/></imgdir><imgdir name="tile"><imgdir name="4"><int name="x" value="-180"/><int name="y" value="300"/><string name="u" value="enH0"/><int name="no" value="1"/><int name="zM" value="0"/></imgdir><imgdir name="1"><int name="x" value="-270"/><int name="y" value="300"/><string name="u" value="enH0"/><int name="no" value="1"/><int name="zM" value="0"/></imgdir><imgdir name="11"><int name="x" value="-360"/><int name="y" value="300"/><string name="u" value="enH0"/><int name="no" value="1"/><int name="zM" value="0"/></imgdir><imgdir name="9"><int name="x" value="-450"/><int name="y" value="300"/><string name="u" value="enH0"/><int name="no" value="0"/><int name="zM" value="0"/></imgdir><imgdir name="17"><int name="x" value="-360"/><int name="y" value="480"/><string name="u" value="enH1"/><int name="no" value="1"/><int name="zM" value="0"/></imgdir><imgdir name="19"><int name="x" value="-450"/><int name="y" value="480"/><string name="u" value="enH1"/><int name="no" value="1"/><int name="zM" value="0"/></imgdir><imgdir name="8"><int name="x" value="-450"/><int name="y" value="300"/><string name="u" value="bsc"/><int name="no" value="1"/><int name="zM" value="0"/></imgdir><imgdir name="10"><int name="x" value="-360"/><int name="y" value="300"/><string name="u" value="bsc"/><int name="no" value="3"/><int name="zM" value="0"/></imgdir><imgdir name="13"><int name="x" value="-360"/><int name="y" value="360"/><string name="u" value="bsc"/><int name="no" value="3"/><int name="zM" value="0"/></imgdir><imgdir name="20"><int name="x" value="-360"/><int name="y" value="420"/><string name="u" value="bsc"/><int name="no" value="1"/><int name="zM" value="0"/></imgdir><imgdir name="22"><int name="x" value="-270"/><int name="y" value="480"/><string name="u" value="enH1"/><int name="no" value="1"/><int name="zM" value="0"/></imgdir><imgdir name="25"><int name="x" value="-180"/><int name="y" value="480"/><string name="u" value="enH1"/><int name="no" value="1"/><int name="zM" value="0"/></imgdir><imgdir name="0"><int name="x" value="-270"/><int name="y" value="300"/><string name="u" value="bsc"/><int name="no" value="2"/><int name="zM" value="0"/></imgdir><imgdir name="23"><int name="x" value="-270"/><int name="y" value="420"/><string name="u" value="bsc"/><int name="no" value="2"/><int name="zM" value="0"/></imgdir><imgdir name="21"><int name="x" value="-270"/><int name="y" value="360"/><string name="u" value="bsc"/><int name="no" value="2"/><int name="zM" value="0"/></imgdir><imgdir name="27"><int name="x" value="-180"/><int name="y" value="360"/><string name="u" value="bsc"/><int name="no" value="2"/><int name="zM" value="0"/></imgdir><imgdir name="5"><int name="x" value="-180"/><int name="y" value="300"/><string name="u" value="bsc"/><int name="no" value="1"/><int name="zM" value="0"/></imgdir><imgdir name="26"><int name="x" value="-180"/><int name="y" value="420"/><string name="u" value="bsc"/><int name="no" value="1"/><int name="zM" value="0"/></imgdir><imgdir name="36"><int name="x" value="0"/><int name="y" value="300"/><string name="u" value="enH0"/><int name="no" value="0"/><int name="zM" value="0"/></imgdir><imgdir name="30"><int name="x" value="-90"/><int name="y" value="300"/><string name="u" value="enH0"/><int name="no" value="1"/><int name="zM" value="0"/></imgdir><imgdir name="33"><int name="x" value="90"/><int name="y" value="300"/><string name="u" value="enH0"/><int name="no" value="1"/><int name="zM" value="0"/></imgdir><imgdir name="38"><int name="x" value="180"/><int name="y" value="300"/><string name="u" value="enH0"/><int name="no" value="1"/><int name="zM" value="0"/></imgdir><imgdir name="29"><int name="x" value="-90"/><int name="y" value="480"/><string name="u" value="enH1"/><int name="no" value="1"/><int name="zM" value="0"/></imgdir><imgdir name="28"><int name="x" value="-90"/><int name="y" value="420"/><string name="u" value="bsc"/><int name="no" value="3"/><int name="zM" value="0"/></imgdir><imgdir name="24"><int name="x" value="-90"/><int name="y" value="360"/><string name="u" value="bsc"/><int name="no" value="4"/><int name="zM" value="0"/></imgdir><imgdir name="2"><int name="x" value="-90"/><int name="y" value="300"/><string name="u" value="bsc"/><int name="no" value="2"/><int name="zM" value="0"/></imgdir><imgdir name="31"><int name="x" value="0"/><int name="y" value="300"/><string name="u" value="bsc"/><int name="no" value="0"/><int name="zM" value="0"/></imgdir><imgdir name="3"><int name="x" value="0"/><int name="y" value="360"/><string name="u" value="bsc"/><int name="no" value="1"/><int name="zM" value="0"/></imgdir><imgdir name="32"><int name="x" value="90"/><int name="y" value="300"/><string name="u" value="bsc"/><int name="no" value="3"/><int name="zM" value="0"/></imgdir><imgdir name="37"><int name="x" value="180"/><int name="y" value="300"/><string name="u" value="bsc"/><int name="no" value="0"/><int name="zM" value="0"/></imgdir><imgdir name="43"><int name="x" value="90"/><int name="y" value="420"/><string name="u" value="bsc"/><int name="no" value="2"/><int name="zM" value="0"/></imgdir><imgdir name="6"><int name="x" value="180"/><int name="y" value="360"/><string name="u" value="bsc"/><int name="no" value="0"/><int name="zM" value="0"/></imgdir><imgdir name="12"><int name="x" value="270"/><int name="y" value="360"/><string name="u" value="bsc"/><int name="no" value="2"/><int name="zM" value="0"/></imgdir><imgdir name="44"><int name="x" value="270"/><int name="y" value="300"/><string name="u" value="bsc"/><int name="no" value="4"/><int name="zM" value="0"/></imgdir><imgdir name="14"><int name="x" value="270"/><int name="y" value="300"/><string name="u" value="enH0"/><int name="no" value="0"/><int name="zM" value="0"/></imgdir><imgdir name="16"><int name="x" value="270"/><int name="y" value="420"/><string name="u" value="bsc"/><int name="no" value="2"/><int name="zM" value="0"/></imgdir><imgdir name="18"><int name="x" value="270"/><int name="y" value="480"/><string name="u" value="enH1"/><int name="no" value="0"/><int name="zM" value="0"/></imgdir><imgdir name="42"><int name="x" value="90"/><int name="y" value="480"/><string name="u" value="enH1"/><int name="no" value="1"/><int name="zM" value="0"/></imgdir><imgdir name="41"><int name="x" value="0"/><int name="y" value="480"/><string name="u" value="enH1"/><int name="no" value="0"/><int name="zM" value="0"/></imgdir><imgdir name="35"><int name="x" value="180"/><int name="y" value="420"/><string name="u" value="bsc"/><int name="no" value="4"/><int name="zM" value="0"/></imgdir><imgdir name="40"><int name="x" value="90"/><int name="y" value="360"/><string name="u" value="bsc"/><int name="no" value="1"/><int name="zM" value="0"/></imgdir><imgdir name="39"><int name="x" value="180"/><int name="y" value="480"/><string name="u" value="enH1"/><int name="no" value="0"/><int name="zM" value="0"/></imgdir><imgdir name="34"><int name="x" value="0"/><int name="y" value="420"/><string name="u" value="bsc"/><int name="no" value="2"/><int name="zM" value="0"/></imgdir><imgdir name="51"><int name="x" value="360"/><int name="y" value="300"/><string name="u" value="bsc"/><int name="no" value="4"/><int name="zM" value="0"/></imgdir><imgdir name="50"><int name="x" value="360"/><int name="y" value="300"/><string name="u" value="enH0"/><int name="no" value="1"/><int name="zM" value="0"/></imgdir><imgdir name="46"><int name="x" value="360"/><int name="y" value="360"/><string name="u" value="bsc"/><int name="no" value="1"/><int name="zM" value="0"/></imgdir><imgdir name="52"><int name="x" value="360"/><int name="y" value="420"/><string name="u" value="bsc"/><int name="no" value="3"/><int name="zM" value="0"/></imgdir><imgdir name="45"><int name="x" value="360"/><int name="y" value="480"/><string name="u" value="enH1"/><int name="no" value="3"/><int name="zM" value="0"/></imgdir><imgdir name="60"><int name="x" value="-450"/><int name="y" value="360"/><string name="u" value="bsc"/><int name="no" value="1"/><int name="zM" value="0"/></imgdir><imgdir name="62"><int name="x" value="-540"/><int name="y" value="420"/><string name="u" value="bsc"/><int name="no" value="4"/><int name="zM" value="0"/></imgdir><imgdir name="56"><int name="x" value="-540"/><int name="y" value="480"/><string name="u" value="enH1"/><int name="no" value="2"/><int name="zM" value="0"/></imgdir><imgdir name="61"><int name="x" value="-540"/><int name="y" value="360"/><string name="u" value="bsc"/><int name="no" value="2"/><int name="zM" value="0"/></imgdir><imgdir name="55"><int name="x" value="-450"/><int name="y" value="420"/><string name="u" value="bsc"/><int name="no" value="3"/><int name="zM" value="0"/></imgdir><imgdir name="64"><int name="x" value="-540"/><int name="y" value="300"/><string name="u" value="bsc"/><int name="no" value="0"/><int name="zM" value="0"/></imgdir><imgdir name="63"><int name="x" value="-540"/><int name="y" value="300"/><string name="u" value="enH0"/><int name="no" value="1"/><int name="zM" value="0"/></imgdir><imgdir name="67"><int name="x" value="-720"/><int name="y" value="300"/><string name="u" value="edU"/><int name="no" value="1"/><int name="zM" value="0"/></imgdir><imgdir name="69"><int name="x" value="-720"/><int name="y" value="300"/><string name="u" value="enH0"/><int name="no" value="3"/><int name="zM" value="0"/></imgdir><imgdir name="66"><int name="x" value="-630"/><int name="y" value="300"/><string name="u" value="enH0"/><int name="no" value="3"/><int name="zM" value="0"/></imgdir><imgdir name="74"><int name="x" value="-720"/><int name="y" value="300"/><string name="u" value="enV0"/><int name="no" value="1"/><int name="zM" value="0"/></imgdir><imgdir name="72"><int name="x" value="-720"/><int name="y" value="360"/><string name="u" value="enV0"/><int name="no" value="1"/><int name="zM" value="0"/></imgdir><imgdir name="70"><int name="x" value="-630"/><int name="y" value="480"/><string name="u" value="enH1"/><int name="no" value="2"/><int name="zM" value="0"/></imgdir><imgdir name="54"><int name="x" value="-720"/><int name="y" value="480"/><string name="u" value="enH1"/><int name="no" value="2"/><int name="zM" value="0"/></imgdir><imgdir name="58"><int name="x" value="-720"/><int name="y" value="300"/><string name="u" value="bsc"/><int name="no" value="3"/><int name="zM" value="0"/></imgdir><imgdir name="73"><int name="x" value="-630"/><int name="y" value="420"/><string name="u" value="bsc"/><int name="no" value="1"/><int name="zM" value="0"/></imgdir><imgdir name="53"><int name="x" value="-720"/><int name="y" value="420"/><string name="u" value="enV0"/><int name="no" value="2"/><int name="zM" value="0"/></imgdir><imgdir name="65"><int name="x" value="-630"/><int name="y" value="300"/><string name="u" value="bsc"/><int name="no" value="4"/><int name="zM" value="0"/></imgdir><imgdir name="57"><int name="x" value="-720"/><int name="y" value="420"/><string name="u" value="bsc"/><int name="no" value="1"/><int name="zM" value="0"/></imgdir><imgdir name="68"><int name="x" value="-720"/><int name="y" value="480"/><string name="u" value="edD"/><int name="no" value="0"/><int name="zM" value="0"/></imgdir><imgdir name="59"><int name="x" value="-630"/><int name="y" value="360"/><string name="u" value="bsc"/><int name="no" value="3"/><int name="zM" value="0"/></imgdir><imgdir name="71"><int name="x" value="-720"/><int name="y" value="360"/><string name="u" value="bsc"/><int name="no" value="3"/><int name="zM" value="0"/></imgdir><imgdir name="77"><int name="x" value="630"/><int name="y" value="300"/><string name="u" value="edU"/><int name="no" value="0"/><int name="zM" value="0"/></imgdir><imgdir name="78"><int name="x" value="630"/><int name="y" value="300"/><string name="u" value="enV1"/><int name="no" value="2"/><int name="zM" value="0"/></imgdir><imgdir name="84"><int name="x" value="630"/><int name="y" value="480"/><string name="u" value="edD"/><int name="no" value="1"/><int name="zM" value="0"/></imgdir><imgdir name="82"><int name="x" value="540"/><int name="y" value="480"/><string name="u" value="enH1"/><int name="no" value="2"/><int name="zM" value="0"/></imgdir><imgdir name="76"><int name="x" value="540"/><int name="y" value="300"/><string name="u" value="enH0"/><int name="no" value="3"/><int name="zM" value="0"/></imgdir><imgdir name="80"><int name="x" value="630"/><int name="y" value="360"/><string name="u" value="enV1"/><int name="no" value="0"/><int name="zM" value="0"/></imgdir><imgdir name="75"><int name="x" value="540"/><int name="y" value="300"/><string name="u" value="bsc"/><int name="no" value="0"/><int name="zM" value="0"/></imgdir><imgdir name="47"><int name="x" value="450"/><int name="y" value="360"/><string name="u" value="bsc"/><int name="no" value="2"/><int name="zM" value="0"/></imgdir><imgdir name="48"><int name="x" value="450"/><int name="y" value="300"/><string name="u" value="bsc"/><int name="no" value="3"/><int name="zM" value="0"/></imgdir><imgdir name="49"><int name="x" value="450"/><int name="y" value="300"/><string name="u" value="enH0"/><int name="no" value="0"/><int name="zM" value="0"/></imgdir><imgdir name="15"><int name="x" value="450"/><int name="y" value="420"/><string name="u" value="bsc"/><int name="no" value="3"/><int name="zM" value="0"/></imgdir><imgdir name="7"><int name="x" value="450"/><int name="y" value="480"/><string name="u" value="enH1"/><int name="no" value="0"/><int name="zM" value="0"/></imgdir><imgdir name="83"><int name="x" value="540"/><int name="y" value="360"/><string name="u" value="bsc"/><int name="no" value="3"/><int name="zM" value="0"/></imgdir><imgdir name="79"><int name="x" value="540"/><int name="y" value="420"/><string name="u" value="bsc"/><int name="no" value="4"/><int name="zM" value="0"/></imgdir><imgdir name="81"><int name="x" value="630"/><int name="y" value="420"/><string name="u" value="enV1"/><int name="no" value="2"/><int name="zM" value="0"/></imgdir></imgdir><imgdir name="obj"><imgdir name="2"><string name="oS" value="acc1"/><string name="l0" value="grassySoil"/><string name="l1" value="nature"/><string name="l2" value="22"/><int name="x" value="-338"/><int name="y" value="241"/><int name="z" value="9"/><int name="f" value="0"/><int name="zM" value="0"/></imgdir><imgdir name="4"><string name="oS" value="acc1"/><string name="l0" value="grassySoil"/><string name="l1" value="nature"/><string name="l2" value="24"/><int name="x" value="-314"/><int name="y" value="238"/><int name="z" value="9"/><int name="f" value="0"/><int name="zM" value="0"/></imgdir><imgdir name="5"><string name="oS" value="acc1"/><string name="l0" value="grassySoil"/><string name="l1" value="nature"/><string name="l2" value="23"/><int name="x" value="-443"/><int name="y" value="229"/><int name="z" value="8"/><int name="f" value="0"/><int name="zM" value="0"/></imgdir><imgdir name="6"><string name="oS" value="acc1"/><string name="l0" value="grassySoil"/><string name="l1" value="nature"/><string name="l2" value="22"/><int name="x" value="-385"/><int name="y" value="244"/><int name="z" value="9"/><int name="f" value="0"/><int name="zM" value="0"/></imgdir><imgdir name="7"><string name="oS" value="acc1"/><string name="l0" value="grassySoil"/><string name="l1" value="nature"/><string name="l2" value="24"/><int name="x" value="-406"/><int name="y" value="230"/><int name="z" value="9"/><int name="f" value="0"/><int name="zM" value="0"/></imgdir><imgdir name="8"><string name="oS" value="acc1"/><string name="l0" value="grassySoil"/><string name="l1" value="nature"/><string name="l2" value="22"/><int name="x" value="-432"/><int name="y" value="242"/><int name="z" value="9"/><int name="f" value="0"/><int name="zM" value="0"/></imgdir><imgdir name="9"><string name="oS" value="acc1"/><string name="l0" value="grassySoil"/><string name="l1" value="nature"/><string name="l2" value="0"/><int name="x" value="303"/><int name="y" value="254"/><int name="z" value="9"/><int name="f" value="0"/><int name="zM" value="0"/></imgdir><imgdir name="10"><string name="oS" value="acc1"/><string name="l0" value="grassySoil"/><string name="l1" value="nature"/><string name="l2" value="1"/><int name="x" value="235"/><int name="y" value="252"/><int name="z" value="8"/><int name="f" value="0"/><int name="zM" value="0"/></imgdir><imgdir name="3"><string name="oS" value="acc1"/><string name="l0" value="grassySoil"/><string name="l1" value="nature"/><string name="l2" value="1"/><int name="x" value="186"/><int name="y" value="255"/><int name="z" value="8"/><int name="f" value="0"/><int name="zM" value="0"/></imgdir><imgdir name="0"><string name="oS" value="acc1"/><string name="l0" value="midForest"/><string name="l1" value="artificiality"/><string name="l2" value="8"/><int name="x" value="-112"/><int name="y" value="261"/><int name="z" value="9"/><int name="f" value="0"/><int name="zM" value="0"/><int name="piece" value="0"/></imgdir><imgdir name="1"><string name="oS" value="acc1"/><string name="l0" value="grassySoil"/><string name="l1" value="nature"/><string name="l2" value="2"/><int name="x" value="173"/><int name="y" value="257"/><int name="z" value="9"/><int name="f" value="0"/><int name="zM" value="0"/><int name="piece" value="1"/></imgdir><imgdir name="11"><string name="oS" value="acc1"/><string name="l0" value="grassySoil_new"/><string name="l1" value="nature"/><string name="l2" value="2"/><int name="x" value="-296"/><int name="y" value="64"/><int name="z" value="0"/><int name="f" value="0"/><int name="zM" value="0"/><int name="r" value="0"/><int name="move" value="0"/><int name="dynamic" value="0"/><int name="piece" value="11"/></imgdir><imgdir name="12"><string name="oS" value="acc1"/><string name="l0" value="grassySoil_new"/><string name="l1" value="nature"/><string name="l2" value="3"/><int name="x" value="382"/><int name="y" value="76"/><int name="z" value="0"/><int name="f" value="0"/><int name="zM" value="0"/><int name="r" value="0"/><int name="move" value="0"/><int name="dynamic" value="0"/><int name="piece" value="12"/></imgdir></imgdir></imgdir><imgdir name="2"><imgdir name="info"></imgdir><imgdir name="tile"></imgdir><imgdir name="obj"><imgdir name="0"><string name="oS" value="acc1"/><string name="l0" value="midForest"/><string name="l1" value="artificiality"/><string name="l2" value="7"/><int name="x" value="-81"/><int name="y" value="287"/><int name="z" value="9"/><int name="f" value="0"/><int name="zM" value="1"/></imgdir></imgdir></imgdir><imgdir name="3"><imgdir name="info"></imgdir><imgdir name="tile"></imgdir><imgdir name="obj"></imgdir></imgdir><imgdir name="4"><imgdir name="info"></imgdir><imgdir name="tile"></imgdir><imgdir name="obj"></imgdir></imgdir><imgdir name="5"><imgdir name="info"></imgdir><imgdir name="tile"></imgdir><imgdir name="obj"></imgdir></imgdir><imgdir name="6"><imgdir name="info"></imgdir><imgdir name="tile"></imgdir><imgdir name="obj"></imgdir></imgdir><imgdir name="7"><imgdir name="info"></imgdir><imgdir name="tile"></imgdir><imgdir name="obj"></imgdir></imgdir><imgdir name="reactor"></imgdir><imgdir name="info"><int name="version" value="10"/><int name="cloud" value="0"/><int name="town" value="0"/><float name="mobRate" value="1.0"/><string name="bgm" value="Bgm00/FloralLife"/><int name="returnMap" value="910010300"/><string name="mapDesc" value=""/><int name="forcedReturn" value="910010300"/><int name="hideMinimap" value="0"/><int name="moveLimit" value="0"/><string name="mapMark" value="Quest"/><int name="swim" value="0"/><int name="fieldLimit" value="8808"/><int name="fly" value="0"/><int name="noMapCmd" value="0"/><int name="VRTop" value="-200"/><int name="VRLeft" value="-569"/><int name="VRBottom" value="400"/><int name="VRRight" value="479"/><string name="onFirstUserEnter" value=""/><string name="onUserEnter" value=""/></imgdir><imgdir name="foothold"><imgdir name="1"><imgdir name="0"><imgdir name="1"><int name="x1" value="-270"/><int name="y1" value="275"/><int name="x2" value="-180"/><int name="y2" value="275"/><int name="prev" value="4"/><int name="next" value="2"/><int name="piece" value="-1"/></imgdir><imgdir name="2"><int name="x1" value="-180"/><int name="y1" value="275"/><int name="x2" value="-90"/><int name="y2" value="275"/><int name="prev" value="1"/><int name="next" value="6"/><int name="piece" value="-1"/></imgdir><imgdir name="3"><int name="x1" value="-450"/><int name="y1" value="275"/><int name="x2" value="-360"/><int name="y2" value="275"/><int name="prev" value="13"/><int name="next" value="4"/><int name="piece" value="-1"/></imgdir><imgdir name="4"><int name="x1" value="-360"/><int name="y1" value="275"/><int name="x2" value="-270"/><int name="y2" value="275"/><int name="prev" value="3"/><int name="next" value="1"/><int name="piece" value="-1"/></imgdir><imgdir name="5"><int name="x1" value="270"/><int name="y1" value="275"/><int name="x2" value="360"/><int name="y2" value="275"/><int name="prev" value="9"/><int name="next" value="11"/><int name="piece" value="-1"/></imgdir><imgdir name="6"><int name="x1" value="-90"/><int name="y1" value="275"/><int name="x2" value="0"/><int name="y2" value="275"/><int name="prev" value="2"/><int name="next" value="8"/><int name="piece" value="-1"/></imgdir><imgdir name="7"><int name="x1" value="90"/><int name="y1" value="275"/><int name="x2" value="180"/><int name="y2" value="275"/><int name="prev" value="8"/><int name="next" value="9"/><int name="piece" value="-1"/></imgdir><imgdir name="8"><int name="x1" value="0"/><int name="y1" value="275"/><int name="x2" value="90"/><int name="y2" value="275"/><int name="prev" value="6"/><int name="next" value="7"/><int name="piece" value="-1"/></imgdir><imgdir name="9"><int name="x1" value="180"/><int name="y1" value="275"/><int name="x2" value="270"/><int name="y2" value="275"/><int name="prev" value="7"/><int name="next" value="5"/><int name="piece" value="-1"/></imgdir><imgdir name="10"><int name="x1" value="450"/><int name="y1" value="275"/><int name="x2" value="540"/><int name="y2" value="275"/><int name="prev" value="11"/><int name="next" value="20"/><int name="piece" value="-1"/></imgdir><imgdir name="11"><int name="x1" value="360"/><int name="y1" value="275"/><int name="x2" value="450"/><int name="y2" value="275"/><int name="prev" value="5"/><int name="next" value="10"/><int name="piece" value="-1"/></imgdir><imgdir name="12"><int name="x1" value="-759"/><int name="y1" value="480"/><int name="x2" value="-759"/><int name="y2" value="420"/><int name="prev" value="0"/><int name="next" value="18"/><int name="piece" value="-1"/></imgdir><imgdir name="13"><int name="x1" value="-540"/><int name="y1" value="275"/><int name="x2" value="-450"/><int name="y2" value="275"/><int name="prev" value="14"/><int name="next" value="3"/><int name="piece" value="-1"/></imgdir><imgdir name="14"><int name="x1" value="-630"/><int name="y1" value="275"/><int name="x2" value="-540"/><int name="y2" value="275"/><int name="prev" value="17"/><int name="next" value="13"/><int name="piece" value="-1"/></imgdir><imgdir name="15"><int name="x1" value="-759"/><int name="y1" value="300"/><int name="x2" value="-759"/><int name="y2" value="275"/><int name="prev" value="19"/><int name="next" value="16"/><int name="piece" value="-1"/></imgdir><imgdir name="16"><int name="x1" value="-759"/><int name="y1" value="275"/><int name="x2" value="-681"/><int name="y2" value="275"/><int name="prev" value="15"/><int name="next" value="17"/><int name="piece" value="-1"/></imgdir><imgdir name="17"><int name="x1" value="-681"/><int name="y1" value="275"/><int name="x2" value="-630"/><int name="y2" value="275"/><int name="prev" value="16"/><int name="next" value="14"/><int name="piece" value="-1"/></imgdir><imgdir name="18"><int name="x1" value="-759"/><int name="y1" value="420"/><int name="x2" value="-759"/><int name="y2" value="360"/><int name="prev" value="12"/><int name="next" value="19"/><int name="piece" value="-1"/></imgdir><imgdir name="19"><int name="x1" value="-759"/><int name="y1" value="360"/><int name="x2" value="-759"/><int name="y2" value="300"/><int name="prev" value="18"/><int name="next" value="15"/><int name="piece" value="-1"/></imgdir><imgdir name="20"><int name="x1" value="540"/><int name="y1" value="275"/><int name="x2" value="591"/><int name="y2" value="275"/><int name="prev" value="10"/><int name="next" value="21"/><int name="piece" value="-1"/></imgdir><imgdir name="21"><int name="x1" value="591"/><int name="y1" value="275"/><int name="x2" value="630"/><int name="y2" value="275"/><int name="prev" value="20"/><int name="next" value="22"/><int name="piece" value="-1"/></imgdir><imgdir name="22"><int name="x1" value="630"/><int name="y1" value="275"/><int name="x2" value="669"/><int name="y2" value="275"/><int name="prev" value="21"/><int name="next" value="23"/><int name="piece" value="-1"/></imgdir><imgdir name="23"><int name="x1" value="669"/><int name="y1" value="275"/><int name="x2" value="669"/><int name="y2" value="300"/><int name="prev" value="22"/><int name="next" value="24"/><int name="piece" value="-1"/></imgdir><imgdir name="24"><int name="x1" value="669"/><int name="y1" value="300"/><int name="x2" value="669"/><int name="y2" value="360"/><int name="prev" value="23"/><int name="next" value="25"/><int name="piece" value="-1"/></imgdir><imgdir name="25"><int name="x1" value="669"/><int name="y1" value="360"/><int name="x2" value="669"/><int name="y2" value="420"/><int name="prev" value="24"/><int name="next" value="26"/><int name="piece" value="-1"/></imgdir><imgdir name="26"><int name="x1" value="669"/><int name="y1" value="420"/><int name="x2" value="669"/><int name="y2" value="480"/><int name="prev" value="25"/><int name="next" value="0"/><int name="piece" value="-1"/></imgdir></imgdir></imgdir></imgdir><imgdir name="ladderRope"></imgdir><imgdir name="miniMap"><canvas name="canvas" width="94" height="52"><string name="_hash" value="514200cef5d717b3ad90aa56b8ea9196a542e88cf6a89e36dc2665289a056e13"/></canvas><int name="width" value="1509"/><int name="height" value="846"/><int name="centerX" value="801"/><int name="centerY" value="291"/><int name="mag" value="4"/></imgdir><imgdir name="portal"><imgdir name="0"><string name="pn" value="sp"/><int name="pt" value="0"/><int name="x" value="-257"/><int name="y" value="249"/><int name="tm" value="999999999"/><string name="tn" value=""/></imgdir><imgdir name="1"><string name="pn" value="st00"/><int name="pt" value="1"/><int name="x" value="-367"/><int name="y" value="267"/><int name="tm" value="999999999"/><string name="tn" value=""/></imgdir></imgdir></imgdir>