<?xml version="1.0" encoding="UTF-8" standalone="yes"?><imgdir name="910001005.img"><imgdir name="info"><int name="version" value="10"/><int name="cloud" value="0"/><int name="town" value="0"/><int name="swim" value="0"/><int name="returnMap" value="910001000"/><int name="forcedReturn" value="910001000"/><float name="mobRate" value="1.0"/><string name="bgm" value="Bgm25/profession"/><string name="mapMark" value="profession"/><int name="fly" value="0"/><int name="noMapCmd" value="0"/><int name="hideMinimap" value="0"/><int name="fieldLimit" value="271100"/><string name="onFirstUserEnter" value=""/><string name="onUserEnter" value=""/><int name="VRTop" value="-350"/><int name="VRLeft" value="-283"/><int name="VRBottom" value="670"/><int name="VRRight" value="1634"/><int name="fieldType" value="6"/><int name="timeLimit" value="600"/><string name="fieldScript" value=""/></imgdir><imgdir name="back"><imgdir name="0"><string name="bS" value="profession"/><int name="front" value="0"/><int name="ani" value="0"/><int name="no" value="2"/><int name="f" value="0"/><int name="x" value="726"/><int name="y" value="-116"/><int name="rx" value="0"/><int name="ry" value="0"/><int name="type" value="1"/><int name="cx" value="0"/><int name="cy" value="0"/><int name="a" value="255"/></imgdir><imgdir name="1"><string name="bS" value="profession"/><int name="front" value="0"/><int name="ani" value="0"/><int name="no" value="11"/><int name="f" value="0"/><int name="x" value="-395"/><int name="y" value="-200"/><int name="rx" value="-3"/><int name="ry" value="0"/><int name="type" value="4"/><int name="cx" value="1000"/><int name="cy" value="0"/><int name="a" value="255"/></imgdir><imgdir name="2"><string name="bS" value="profession"/><int name="front" value="0"/><int name="ani" value="0"/><int name="no" value="12"/><int name="f" value="0"/><int name="x" value="-523"/><int name="y" value="-247"/><int name="rx" value="-3"/><int name="ry" value="0"/><int name="type" value="4"/><int name="cx" value="1200"/><int name="cy" value="0"/><int name="a" value="255"/></imgdir><imgdir name="3"><string name="bS" value="profession"/><int name="front" value="0"/><int name="ani" value="0"/><int name="no" value="13"/><int name="f" value="0"/><int name="x" value="-2"/><int name="y" value="-143"/><int name="rx" value="-3"/><int name="ry" value="0"/><int name="type" value="4"/><int name="cx" value="1500"/><int name="cy" value="0"/><int name="a" value="255"/></imgdir><imgdir name="4"><string name="bS" value="profession"/><int name="front" value="0"/><int name="ani" value="0"/><int name="no" value="14"/><int name="f" value="0"/><int name="x" value="128"/><int name="y" value="-284"/><int name="rx" value="-3"/><int name="ry" value="0"/><int name="type" value="4"/><int name="cx" value="1000"/><int name="cy" value="0"/><int name="a" value="255"/></imgdir><imgdir name="5"><string name="bS" value="profession"/><int name="front" value="0"/><int name="ani" value="0"/><int name="no" value="15"/><int name="f" value="0"/><int name="x" value="686"/><int name="y" value="-130"/><int name="rx" value="-3"/><int name="ry" value="0"/><int name="type" value="4"/><int name="cx" value="1200"/><int name="cy" value="0"/><int name="a" value="255"/></imgdir><imgdir name="6"><string name="bS" value="profession"/><int name="front" value="0"/><int name="ani" value="0"/><int name="no" value="16"/><int name="f" value="0"/><int name="x" value="317"/><int name="y" value="-360"/><int name="rx" value="-3"/><int name="ry" value="0"/><int name="type" value="4"/><int name="cx" value="1200"/><int name="cy" value="0"/><int name="a" value="255"/></imgdir><imgdir name="7"><string name="bS" value="profession"/><int name="front" value="0"/><int name="ani" value="0"/><int name="no" value="17"/><int name="f" value="0"/><int name="x" value="-213"/><int name="y" value="-281"/><int name="rx" value="-3"/><int name="ry" value="0"/><int name="type" value="4"/><int name="cx" value="1300"/><int name="cy" value="0"/><int name="a" value="255"/></imgdir><imgdir name="9"><string name="bS" value="profession"/><int name="front" value="0"/><int name="ani" value="0"/><int name="no" value="5"/><int name="f" value="0"/><int name="x" value="-66"/><int name="y" value="40"/><int name="rx" value="-50"/><int name="ry" value="0"/><int name="type" value="0"/><int name="cx" value="0"/><int name="cy" value="0"/><int name="a" value="255"/></imgdir><imgdir name="10"><string name="bS" value="profession"/><int name="front" value="0"/><int name="ani" value="0"/><int name="no" value="6"/><int name="f" value="0"/><int name="x" value="245"/><int name="y" value="317"/><int name="rx" value="-70"/><int name="ry" value="-80"/><int name="type" value="0"/><int name="cx" value="0"/><int name="cy" value="0"/><int name="a" value="255"/></imgdir><imgdir name="11"><string name="bS" value="profession"/><int name="front" value="0"/><int name="ani" value="0"/><int name="no" value="7"/><int name="f" value="0"/><int name="x" value="1135"/><int name="y" value="309"/><int name="rx" value="-70"/><int name="ry" value="-80"/><int name="type" value="0"/><int name="cx" value="0"/><int name="cy" value="0"/><int name="a" value="255"/></imgdir><imgdir name="12"><string name="bS" value="profession"/><int name="front" value="0"/><int name="ani" value="0"/><int name="no" value="8"/><int name="f" value="0"/><int name="x" value="862"/><int name="y" value="417"/><int name="rx" value="-80"/><int name="ry" value="-100"/><int name="type" value="0"/><int name="cx" value="0"/><int name="cy" value="0"/><int name="a" value="255"/></imgdir><imgdir name="13"><string name="bS" value="profession"/><int name="front" value="0"/><int name="ani" value="0"/><int name="no" value="9"/><int name="f" value="0"/><int name="x" value="1558"/><int name="y" value="426"/><int name="rx" value="-80"/><int name="ry" value="-100"/><int name="type" value="0"/><int name="cx" value="0"/><int name="cy" value="0"/><int name="a" value="255"/></imgdir><imgdir name="14"><string name="bS" value="profession"/><int name="front" value="0"/><int name="ani" value="0"/><int name="no" value="10"/><int name="f" value="0"/><int name="x" value="391"/><int name="y" value="76"/><int name="rx" value="-100"/><int name="ry" value="-80"/><int name="type" value="0"/><int name="cx" value="0"/><int name="cy" value="0"/><int name="a" value="255"/></imgdir><imgdir name="15"><string name="bS" value="profession"/><int name="front" value="0"/><int name="ani" value="0"/><int name="no" value="1"/><int name="f" value="0"/><int name="x" value="177"/><int name="y" value="97"/><int name="rx" value="-100"/><int name="ry" value="-100"/><int name="type" value="0"/><int name="cx" value="0"/><int name="cy" value="0"/><int name="a" value="255"/></imgdir><imgdir name="16"><string name="bS" value="profession"/><int name="front" value="0"/><int name="ani" value="0"/><int name="no" value="0"/><int name="f" value="0"/><int name="x" value="1373"/><int name="y" value="61"/><int name="rx" value="-100"/><int name="ry" value="-100"/><int name="type" value="0"/><int name="cx" value="0"/><int name="cy" value="0"/><int name="a" value="255"/></imgdir><imgdir name="8"><string name="bS" value="profession"/><int name="front" value="0"/><int name="ani" value="0"/><int name="no" value="4"/><int name="f" value="0"/><int name="x" value="969"/><int name="y" value="-10"/><int name="rx" value="-50"/><int name="ry" value="0"/><int name="type" value="0"/><int name="cx" value="0"/><int name="cy" value="0"/><int name="a" value="255"/></imgdir></imgdir><imgdir name="life"><imgdir name="0"><string name="type" value="n"/><string name="id" value="9031002"/><int name="x" value="120"/><int name="y" value="490"/><int name="mobTime" value="0"/><int name="f" value="1"/><int name="hide" value="0"/><int name="fh" value="6"/><int name="cy" value="510"/><int name="rx0" value="70"/><int name="rx1" value="170"/></imgdir></imgdir><imgdir name="reactor"><imgdir name="0"><string name="id" value="0200000"/><int name="x" value="491"/><int name="y" value="209"/><int name="reactorTime" value="5"/><int name="f" value="0"/><string name="name" value=""/></imgdir><imgdir name="1"><string name="id" value="0200000"/><int name="x" value="801"/><int name="y" value="211"/><int name="reactorTime" value="5"/><int name="f" value="0"/><string name="name" value=""/></imgdir><imgdir name="2"><string name="id" value="0200000"/><int name="x" value="526"/><int name="y" value="-34"/><int name="reactorTime" value="5"/><int name="f" value="0"/><string name="name" value=""/></imgdir><imgdir name="3"><string name="id" value="0200000"/><int name="x" value="850"/><int name="y" value="-34"/><int name="reactorTime" value="5"/><int name="f" value="0"/><string name="name" value=""/></imgdir><imgdir name="4"><string name="id" value="0200000"/><int name="x" value="259"/><int name="y" value="207"/><int name="reactorTime" value="5"/><int name="f" value="0"/><string name="name" value=""/></imgdir><imgdir name="5"><string name="id" value="0200000"/><int name="x" value="374"/><int name="y" value="-32"/><int name="reactorTime" value="5"/><int name="f" value="0"/><string name="name" value=""/></imgdir><imgdir name="6"><string name="id" value="0200000"/><int name="x" value="894"/><int name="y" value="507"/><int name="reactorTime" value="5"/><int name="f" value="0"/><string name="name" value=""/></imgdir><imgdir name="7"><string name="id" value="0200000"/><int name="x" value="378"/><int name="y" value="507"/><int name="reactorTime" value="5"/><int name="f" value="0"/><string name="name" value=""/></imgdir><imgdir name="8"><string name="id" value="0200000"/><int name="x" value="1108"/><int name="y" value="505"/><int name="reactorTime" value="5"/><int name="f" value="0"/><string name="name" value=""/></imgdir><imgdir name="9"><string name="id" value="0200000"/><int name="x" value="1291"/><int name="y" value="148"/><int name="reactorTime" value="5"/><int name="f" value="0"/><string name="name" value=""/></imgdir><imgdir name="10"><string name="id" value="0200001"/><int name="x" value="1060"/><int name="y" value="210"/><int name="reactorTime" value="5"/><int name="f" value="0"/><string name="name" value=""/></imgdir><imgdir name="11"><string name="id" value="0200001"/><int name="x" value="1094"/><int name="y" value="-33"/><int name="reactorTime" value="5"/><int name="f" value="0"/><string name="name" value=""/></imgdir><imgdir name="12"><string name="id" value="0200001"/><int name="x" value="707"/><int name="y" value="507"/><int name="reactorTime" value="5"/><int name="f" value="0"/><string name="name" value=""/></imgdir><imgdir name="13"><string name="id" value="0200001"/><int name="x" value="1517"/><int name="y" value="148"/><int name="reactorTime" value="5"/><int name="f" value="0"/><string name="name" value=""/></imgdir><imgdir name="14"><string name="id" value="0200001"/><int name="x" value="690"/><int name="y" value="-33"/><int name="reactorTime" value="5"/><int name="f" value="0"/><string name="name" value=""/></imgdir><imgdir name="15"><string name="id" value="0200001"/><int name="x" value="206"/><int name="y" value="509"/><int name="reactorTime" value="5"/><int name="f" value="0"/><string name="name" value=""/></imgdir><imgdir name="16"><string name="id" value="0200001"/><int name="x" value="1428"/><int name="y" value="508"/><int name="reactorTime" value="5"/><int name="f" value="0"/><string name="name" value=""/></imgdir><imgdir name="17"><string name="id" value="0200001"/><int name="x" value="540"/><int name="y" value="506"/><int name="reactorTime" value="5"/><int name="f" value="0"/><string name="name" value=""/></imgdir><imgdir name="18"><string name="id" value="0200001"/><int name="x" value="654"/><int name="y" value="209"/><int name="reactorTime" value="5"/><int name="f" value="0"/><string name="name" value=""/></imgdir><imgdir name="19"><string name="id" value="0200001"/><int name="x" value="1273"/><int name="y" value="508"/><int name="reactorTime" value="5"/><int name="f" value="0"/><string name="name" value=""/></imgdir></imgdir><imgdir name="0"><imgdir name="info"></imgdir><imgdir name="tile"></imgdir><imgdir name="obj"></imgdir></imgdir><imgdir name="1"><imgdir name="info"></imgdir><imgdir name="tile"></imgdir><imgdir name="obj"></imgdir></imgdir><imgdir name="2"><imgdir name="info"></imgdir><imgdir name="tile"></imgdir><imgdir name="obj"></imgdir></imgdir><imgdir name="3"><imgdir name="info"></imgdir><imgdir name="tile"></imgdir><imgdir name="obj"></imgdir></imgdir><imgdir name="4"><imgdir name="info"></imgdir><imgdir name="tile"></imgdir><imgdir name="obj"><imgdir name="0"><string name="oS" value="profession"/><string name="l0" value="tutorial"/><string name="l1" value="acc"/><string name="l2" value="1"/><int name="x" value="1200"/><int name="y" value="387"/><int name="z" value="9"/><int name="f" value="0"/><int name="zM" value="1"/><int name="r" value="0"/><int name="move" value="0"/><int name="dynamic" value="0"/><int name="piece" value="0"/></imgdir><imgdir name="1"><string name="oS" value="profession"/><string name="l0" value="tutorial"/><string name="l1" value="acc"/><string name="l2" value="6"/><int name="x" value="630"/><int name="y" value="475"/><int name="z" value="9"/><int name="f" value="0"/><int name="zM" value="2"/><int name="r" value="0"/><int name="move" value="0"/><int name="dynamic" value="0"/><int name="piece" value="1"/></imgdir><imgdir name="2"><string name="oS" value="profession"/><string name="l0" value="tutorial"/><string name="l1" value="acc"/><string name="l2" value="4"/><int name="x" value="1464"/><int name="y" value="4"/><int name="z" value="7"/><int name="f" value="0"/><int name="zM" value="14"/><int name="r" value="0"/><int name="move" value="0"/><int name="dynamic" value="0"/><int name="piece" value="2"/></imgdir><imgdir name="3"><string name="oS" value="profession"/><string name="l0" value="main"/><string name="l1" value="acc"/><string name="l2" value="22"/><int name="x" value="-116"/><int name="y" value="529"/><int name="z" value="9"/><int name="f" value="1"/><int name="zM" value="3"/><int name="r" value="0"/><int name="move" value="0"/><int name="dynamic" value="0"/><int name="piece" value="3"/></imgdir><imgdir name="4"><string name="oS" value="profession"/><string name="l0" value="main"/><string name="l1" value="acc"/><string name="l2" value="23"/><int name="x" value="-111"/><int name="y" value="527"/><int name="z" value="9"/><int name="f" value="1"/><int name="zM" value="3"/><int name="r" value="0"/><int name="move" value="0"/><int name="dynamic" value="0"/><int name="piece" value="4"/></imgdir><imgdir name="5"><string name="oS" value="profession"/><string name="l0" value="main"/><string name="l1" value="acc"/><string name="l2" value="24"/><int name="x" value="-132"/><int name="y" value="521"/><int name="z" value="9"/><int name="f" value="1"/><int name="zM" value="3"/><int name="r" value="0"/><int name="move" value="0"/><int name="dynamic" value="0"/><int name="piece" value="5"/></imgdir></imgdir></imgdir><imgdir name="5"><imgdir name="info"><string name="tS" value="profession"/><int name="tSMag" value="1"/></imgdir><imgdir name="tile"><imgdir name="8"><int name="x" value="180"/><int name="y" value="540"/><string name="u" value="enH0"/><int name="no" value="0"/><int name="zM" value="0"/></imgdir><imgdir name="3"><int name="x" value="-90"/><int name="y" value="540"/><string name="u" value="enH0"/><int name="no" value="2"/><int name="zM" value="0"/></imgdir><imgdir name="11"><int name="x" value="90"/><int name="y" value="540"/><string name="u" value="enH0"/><int name="no" value="2"/><int name="zM" value="0"/></imgdir><imgdir name="5"><int name="x" value="0"/><int name="y" value="540"/><string name="u" value="enH0"/><int name="no" value="1"/><int name="zM" value="0"/></imgdir><imgdir name="7"><int name="x" value="270"/><int name="y" value="540"/><string name="u" value="enH0"/><int name="no" value="0"/><int name="zM" value="0"/></imgdir><imgdir name="1"><int name="x" value="-180"/><int name="y" value="540"/><string name="u" value="enH0"/><int name="no" value="1"/><int name="zM" value="0"/></imgdir><imgdir name="18"><int name="x" value="-270"/><int name="y" value="540"/><string name="u" value="edU"/><int name="no" value="0"/><int name="zM" value="0"/></imgdir><imgdir name="21"><int name="x" value="-270"/><int name="y" value="600"/><string name="u" value="edD"/><int name="no" value="0"/><int name="zM" value="0"/></imgdir><imgdir name="17"><int name="x" value="-270"/><int name="y" value="540"/><string name="u" value="enH0"/><int name="no" value="1"/><int name="zM" value="0"/></imgdir><imgdir name="16"><int name="x" value="-270"/><int name="y" value="540"/><string name="u" value="bsc"/><int name="no" value="0"/><int name="zM" value="0"/></imgdir><imgdir name="20"><int name="x" value="-270"/><int name="y" value="540"/><string name="u" value="enV0"/><int name="no" value="0"/><int name="zM" value="0"/></imgdir><imgdir name="22"><int name="x" value="-270"/><int name="y" value="600"/><string name="u" value="enH1"/><int name="no" value="0"/><int name="zM" value="0"/></imgdir><imgdir name="23"><int name="x" value="-180"/><int name="y" value="600"/><string name="u" value="enH1"/><int name="no" value="0"/><int name="zM" value="0"/></imgdir><imgdir name="27"><int name="x" value="90"/><int name="y" value="600"/><string name="u" value="enH1"/><int name="no" value="0"/><int name="zM" value="0"/></imgdir><imgdir name="4"><int name="x" value="0"/><int name="y" value="540"/><string name="u" value="bsc"/><int name="no" value="5"/><int name="zM" value="0"/></imgdir><imgdir name="24"><int name="x" value="0"/><int name="y" value="600"/><string name="u" value="enH1"/><int name="no" value="0"/><int name="zM" value="0"/></imgdir><imgdir name="0"><int name="x" value="-180"/><int name="y" value="540"/><string name="u" value="bsc"/><int name="no" value="2"/><int name="zM" value="0"/></imgdir><imgdir name="2"><int name="x" value="-90"/><int name="y" value="540"/><string name="u" value="bsc"/><int name="no" value="5"/><int name="zM" value="0"/></imgdir><imgdir name="28"><int name="x" value="-90"/><int name="y" value="600"/><string name="u" value="enH1"/><int name="no" value="2"/><int name="zM" value="0"/></imgdir><imgdir name="19"><int name="x" value="180"/><int name="y" value="600"/><string name="u" value="enH1"/><int name="no" value="2"/><int name="zM" value="0"/></imgdir><imgdir name="9"><int name="x" value="180"/><int name="y" value="540"/><string name="u" value="bsc"/><int name="no" value="0"/><int name="zM" value="0"/></imgdir><imgdir name="13"><int name="x" value="360"/><int name="y" value="540"/><string name="u" value="enH0"/><int name="no" value="0"/><int name="zM" value="0"/></imgdir><imgdir name="10"><int name="x" value="90"/><int name="y" value="540"/><string name="u" value="bsc"/><int name="no" value="3"/><int name="zM" value="0"/></imgdir><imgdir name="14"><int name="x" value="360"/><int name="y" value="600"/><string name="u" value="enH1"/><int name="no" value="0"/><int name="zM" value="0"/></imgdir><imgdir name="6"><int name="x" value="270"/><int name="y" value="540"/><string name="u" value="bsc"/><int name="no" value="3"/><int name="zM" value="0"/></imgdir><imgdir name="30"><int name="x" value="270"/><int name="y" value="600"/><string name="u" value="enH1"/><int name="no" value="0"/><int name="zM" value="0"/></imgdir><imgdir name="12"><int name="x" value="360"/><int name="y" value="540"/><string name="u" value="bsc"/><int name="no" value="0"/><int name="zM" value="0"/></imgdir><imgdir name="31"><int name="x" value="450"/><int name="y" value="600"/><string name="u" value="enH1"/><int name="no" value="2"/><int name="zM" value="0"/></imgdir><imgdir name="15"><int name="x" value="450"/><int name="y" value="540"/><string name="u" value="enH0"/><int name="no" value="0"/><int name="zM" value="0"/></imgdir><imgdir name="34"><int name="x" value="540"/><int name="y" value="600"/><string name="u" value="enH1"/><int name="no" value="1"/><int name="zM" value="0"/></imgdir><imgdir name="32"><int name="x" value="450"/><int name="y" value="540"/><string name="u" value="bsc"/><int name="no" value="4"/><int name="zM" value="0"/></imgdir><imgdir name="26"><int name="x" value="540"/><int name="y" value="540"/><string name="u" value="bsc"/><int name="no" value="3"/><int name="zM" value="0"/></imgdir><imgdir name="33"><int name="x" value="540"/><int name="y" value="540"/><string name="u" value="enH0"/><int name="no" value="2"/><int name="zM" value="0"/></imgdir><imgdir name="25"><int name="x" value="630"/><int name="y" value="600"/><string name="u" value="enH1"/><int name="no" value="1"/><int name="zM" value="0"/></imgdir><imgdir name="36"><int name="x" value="720"/><int name="y" value="600"/><string name="u" value="enH1"/><int name="no" value="0"/><int name="zM" value="0"/></imgdir><imgdir name="29"><int name="x" value="630"/><int name="y" value="540"/><string name="u" value="bsc"/><int name="no" value="2"/><int name="zM" value="0"/></imgdir><imgdir name="35"><int name="x" value="630"/><int name="y" value="540"/><string name="u" value="enH0"/><int name="no" value="2"/><int name="zM" value="0"/></imgdir><imgdir name="39"><int name="x" value="810"/><int name="y" value="600"/><string name="u" value="enH1"/><int name="no" value="0"/><int name="zM" value="0"/></imgdir><imgdir name="38"><int name="x" value="720"/><int name="y" value="540"/><string name="u" value="bsc"/><int name="no" value="5"/><int name="zM" value="0"/></imgdir><imgdir name="41"><int name="x" value="720"/><int name="y" value="540"/><string name="u" value="enH0"/><int name="no" value="2"/><int name="zM" value="0"/></imgdir><imgdir name="37"><int name="x" value="810"/><int name="y" value="540"/><string name="u" value="bsc"/><int name="no" value="3"/><int name="zM" value="0"/></imgdir><imgdir name="44"><int name="x" value="810"/><int name="y" value="540"/><string name="u" value="enH0"/><int name="no" value="2"/><int name="zM" value="0"/></imgdir><imgdir name="43"><int name="x" value="900"/><int name="y" value="540"/><string name="u" value="bsc"/><int name="no" value="0"/><int name="zM" value="0"/></imgdir><imgdir name="42"><int name="x" value="900"/><int name="y" value="600"/><string name="u" value="enH1"/><int name="no" value="0"/><int name="zM" value="0"/></imgdir><imgdir name="40"><int name="x" value="900"/><int name="y" value="540"/><string name="u" value="enH0"/><int name="no" value="0"/><int name="zM" value="0"/></imgdir><imgdir name="45"><int name="x" value="990"/><int name="y" value="540"/><string name="u" value="bsc"/><int name="no" value="0"/><int name="zM" value="0"/></imgdir><imgdir name="46"><int name="x" value="990"/><int name="y" value="540"/><string name="u" value="enH0"/><int name="no" value="1"/><int name="zM" value="0"/></imgdir><imgdir name="48"><int name="x" value="990"/><int name="y" value="600"/><string name="u" value="enH1"/><int name="no" value="1"/><int name="zM" value="0"/></imgdir><imgdir name="50"><int name="x" value="1080"/><int name="y" value="600"/><string name="u" value="enH1"/><int name="no" value="2"/><int name="zM" value="0"/></imgdir><imgdir name="49"><int name="x" value="1080"/><int name="y" value="540"/><string name="u" value="bsc"/><int name="no" value="2"/><int name="zM" value="0"/></imgdir><imgdir name="52"><int name="x" value="1080"/><int name="y" value="540"/><string name="u" value="enH0"/><int name="no" value="1"/><int name="zM" value="0"/></imgdir><imgdir name="56"><int name="x" value="1170"/><int name="y" value="540"/><string name="u" value="enH0"/><int name="no" value="0"/><int name="zM" value="0"/></imgdir><imgdir name="53"><int name="x" value="1170"/><int name="y" value="600"/><string name="u" value="enH1"/><int name="no" value="2"/><int name="zM" value="0"/></imgdir><imgdir name="51"><int name="x" value="1170"/><int name="y" value="540"/><string name="u" value="bsc"/><int name="no" value="5"/><int name="zM" value="0"/></imgdir><imgdir name="59"><int name="x" value="1260"/><int name="y" value="540"/><string name="u" value="enH0"/><int name="no" value="1"/><int name="zM" value="0"/></imgdir><imgdir name="58"><int name="x" value="1260"/><int name="y" value="600"/><string name="u" value="enH1"/><int name="no" value="1"/><int name="zM" value="0"/></imgdir><imgdir name="54"><int name="x" value="1260"/><int name="y" value="540"/><string name="u" value="bsc"/><int name="no" value="0"/><int name="zM" value="0"/></imgdir><imgdir name="62"><int name="x" value="1350"/><int name="y" value="540"/><string name="u" value="enH0"/><int name="no" value="0"/><int name="zM" value="0"/></imgdir><imgdir name="55"><int name="x" value="1350"/><int name="y" value="600"/><string name="u" value="enH1"/><int name="no" value="0"/><int name="zM" value="0"/></imgdir><imgdir name="57"><int name="x" value="1350"/><int name="y" value="540"/><string name="u" value="bsc"/><int name="no" value="4"/><int name="zM" value="0"/></imgdir><imgdir name="47"><int name="x" value="1440"/><int name="y" value="600"/><string name="u" value="enH1"/><int name="no" value="2"/><int name="zM" value="0"/></imgdir><imgdir name="61"><int name="x" value="1440"/><int name="y" value="540"/><string name="u" value="bsc"/><int name="no" value="2"/><int name="zM" value="0"/></imgdir><imgdir name="64"><int name="x" value="1440"/><int name="y" value="540"/><string name="u" value="enH0"/><int name="no" value="2"/><int name="zM" value="0"/></imgdir><imgdir name="66"><int name="x" value="1620"/><int name="y" value="540"/><string name="u" value="edU"/><int name="no" value="0"/><int name="zM" value="0"/></imgdir><imgdir name="65"><int name="x" value="1530"/><int name="y" value="600"/><string name="u" value="enH1"/><int name="no" value="1"/><int name="zM" value="0"/></imgdir><imgdir name="63"><int name="x" value="1530"/><int name="y" value="540"/><string name="u" value="bsc"/><int name="no" value="5"/><int name="zM" value="0"/></imgdir><imgdir name="60"><int name="x" value="1530"/><int name="y" value="540"/><string name="u" value="enH0"/><int name="no" value="1"/><int name="zM" value="0"/></imgdir><imgdir name="67"><int name="x" value="1620"/><int name="y" value="540"/><string name="u" value="enV1"/><int name="no" value="0"/><int name="zM" value="0"/></imgdir><imgdir name="68"><int name="x" value="1620"/><int name="y" value="600"/><string name="u" value="edD"/><int name="no" value="0"/><int name="zM" value="0"/></imgdir><imgdir name="107"><int name="x" value="1170"/><int name="y" value="0"/><string name="u" value="edD"/><int name="no" value="0"/><int name="zM" value="17"/></imgdir><imgdir name="108"><int name="x" value="1170"/><int name="y" value="0"/><string name="u" value="edU"/><int name="no" value="0"/><int name="zM" value="17"/></imgdir><imgdir name="103"><int name="x" value="990"/><int name="y" value="0"/><string name="u" value="enH1"/><int name="no" value="2"/><int name="zM" value="17"/></imgdir><imgdir name="104"><int name="x" value="990"/><int name="y" value="0"/><string name="u" value="enH0"/><int name="no" value="2"/><int name="zM" value="17"/></imgdir><imgdir name="105"><int name="x" value="1080"/><int name="y" value="0"/><string name="u" value="enH0"/><int name="no" value="2"/><int name="zM" value="17"/></imgdir><imgdir name="106"><int name="x" value="1080"/><int name="y" value="0"/><string name="u" value="enH1"/><int name="no" value="2"/><int name="zM" value="17"/></imgdir><imgdir name="96"><int name="x" value="1260"/><int name="y" value="180"/><string name="u" value="edD"/><int name="no" value="0"/><int name="zM" value="11"/></imgdir><imgdir name="95"><int name="x" value="1260"/><int name="y" value="180"/><string name="u" value="edU"/><int name="no" value="0"/><int name="zM" value="11"/></imgdir><imgdir name="93"><int name="x" value="1620"/><int name="y" value="180"/><string name="u" value="edD"/><int name="no" value="0"/><int name="zM" value="11"/></imgdir><imgdir name="94"><int name="x" value="1620"/><int name="y" value="180"/><string name="u" value="edU"/><int name="no" value="0"/><int name="zM" value="11"/></imgdir><imgdir name="102"><int name="x" value="1530"/><int name="y" value="180"/><string name="u" value="enH0"/><int name="no" value="2"/><int name="zM" value="11"/></imgdir><imgdir name="101"><int name="x" value="1530"/><int name="y" value="180"/><string name="u" value="enH1"/><int name="no" value="2"/><int name="zM" value="11"/></imgdir><imgdir name="100"><int name="x" value="1350"/><int name="y" value="180"/><string name="u" value="enH1"/><int name="no" value="2"/><int name="zM" value="11"/></imgdir><imgdir name="99"><int name="x" value="1350"/><int name="y" value="180"/><string name="u" value="enH0"/><int name="no" value="1"/><int name="zM" value="11"/></imgdir><imgdir name="97"><int name="x" value="1440"/><int name="y" value="180"/><string name="u" value="enH0"/><int name="no" value="0"/><int name="zM" value="11"/></imgdir><imgdir name="98"><int name="x" value="1440"/><int name="y" value="180"/><string name="u" value="enH1"/><int name="no" value="1"/><int name="zM" value="11"/></imgdir><imgdir name="73"><int name="x" value="630"/><int name="y" value="240"/><string name="u" value="enH1"/><int name="no" value="2"/><int name="zM" value="9"/></imgdir><imgdir name="74"><int name="x" value="630"/><int name="y" value="240"/><string name="u" value="enH0"/><int name="no" value="1"/><int name="zM" value="9"/></imgdir><imgdir name="70"><int name="x" value="1080"/><int name="y" value="240"/><string name="u" value="enH1"/><int name="no" value="2"/><int name="zM" value="9"/></imgdir><imgdir name="69"><int name="x" value="1080"/><int name="y" value="240"/><string name="u" value="enH0"/><int name="no" value="2"/><int name="zM" value="9"/></imgdir><imgdir name="85"><int name="x" value="1170"/><int name="y" value="240"/><string name="u" value="edD"/><int name="no" value="0"/><int name="zM" value="9"/></imgdir><imgdir name="86"><int name="x" value="1170"/><int name="y" value="240"/><string name="u" value="edU"/><int name="no" value="0"/><int name="zM" value="9"/></imgdir><imgdir name="79"><int name="x" value="1260"/><int name="y" value="180"/><string name="u" value="enH0"/><int name="no" value="2"/><int name="zM" value="11"/></imgdir><imgdir name="80"><int name="x" value="1260"/><int name="y" value="180"/><string name="u" value="enH1"/><int name="no" value="0"/><int name="zM" value="11"/></imgdir><imgdir name="83"><int name="x" value="900"/><int name="y" value="0"/><string name="u" value="enH0"/><int name="no" value="2"/><int name="zM" value="17"/></imgdir><imgdir name="84"><int name="x" value="900"/><int name="y" value="0"/><string name="u" value="enH1"/><int name="no" value="1"/><int name="zM" value="17"/></imgdir><imgdir name="77"><int name="x" value="720"/><int name="y" value="240"/><string name="u" value="enH1"/><int name="no" value="2"/><int name="zM" value="9"/></imgdir><imgdir name="78"><int name="x" value="720"/><int name="y" value="240"/><string name="u" value="enH0"/><int name="no" value="1"/><int name="zM" value="9"/></imgdir><imgdir name="76"><int name="x" value="990"/><int name="y" value="240"/><string name="u" value="enH1"/><int name="no" value="1"/><int name="zM" value="9"/></imgdir><imgdir name="75"><int name="x" value="990"/><int name="y" value="240"/><string name="u" value="enH0"/><int name="no" value="0"/><int name="zM" value="9"/></imgdir><imgdir name="115"><int name="x" value="810"/><int name="y" value="240"/><string name="u" value="enH1"/><int name="no" value="1"/><int name="zM" value="9"/></imgdir><imgdir name="116"><int name="x" value="810"/><int name="y" value="240"/><string name="u" value="enH0"/><int name="no" value="2"/><int name="zM" value="9"/></imgdir><imgdir name="113"><int name="x" value="900"/><int name="y" value="240"/><string name="u" value="enH0"/><int name="no" value="2"/><int name="zM" value="9"/></imgdir><imgdir name="114"><int name="x" value="900"/><int name="y" value="240"/><string name="u" value="enH1"/><int name="no" value="0"/><int name="zM" value="9"/></imgdir><imgdir name="72"><int name="x" value="540"/><int name="y" value="240"/><string name="u" value="enH1"/><int name="no" value="1"/><int name="zM" value="9"/></imgdir><imgdir name="71"><int name="x" value="540"/><int name="y" value="240"/><string name="u" value="enH0"/><int name="no" value="2"/><int name="zM" value="9"/></imgdir><imgdir name="111"><int name="x" value="180"/><int name="y" value="240"/><string name="u" value="edD"/><int name="no" value="0"/><int name="zM" value="9"/></imgdir><imgdir name="112"><int name="x" value="180"/><int name="y" value="240"/><string name="u" value="edU"/><int name="no" value="0"/><int name="zM" value="9"/></imgdir><imgdir name="90"><int name="x" value="270"/><int name="y" value="240"/><string name="u" value="enH0"/><int name="no" value="2"/><int name="zM" value="9"/></imgdir><imgdir name="89"><int name="x" value="270"/><int name="y" value="240"/><string name="u" value="enH1"/><int name="no" value="0"/><int name="zM" value="9"/></imgdir><imgdir name="91"><int name="x" value="360"/><int name="y" value="240"/><string name="u" value="enH0"/><int name="no" value="1"/><int name="zM" value="9"/></imgdir><imgdir name="92"><int name="x" value="360"/><int name="y" value="240"/><string name="u" value="enH1"/><int name="no" value="1"/><int name="zM" value="9"/></imgdir><imgdir name="87"><int name="x" value="450"/><int name="y" value="240"/><string name="u" value="enH0"/><int name="no" value="0"/><int name="zM" value="9"/></imgdir><imgdir name="88"><int name="x" value="450"/><int name="y" value="240"/><string name="u" value="enH1"/><int name="no" value="1"/><int name="zM" value="9"/></imgdir><imgdir name="82"><int name="x" value="180"/><int name="y" value="240"/><string name="u" value="enH0"/><int name="no" value="2"/><int name="zM" value="9"/></imgdir><imgdir name="81"><int name="x" value="180"/><int name="y" value="240"/><string name="u" value="enH1"/><int name="no" value="2"/><int name="zM" value="9"/></imgdir><imgdir name="117"><int name="x" value="810"/><int name="y" value="0"/><string name="u" value="enH1"/><int name="no" value="2"/><int name="zM" value="17"/></imgdir><imgdir name="118"><int name="x" value="810"/><int name="y" value="0"/><string name="u" value="enH0"/><int name="no" value="0"/><int name="zM" value="17"/></imgdir><imgdir name="109"><int name="x" value="720"/><int name="y" value="0"/><string name="u" value="enH1"/><int name="no" value="1"/><int name="zM" value="17"/></imgdir><imgdir name="110"><int name="x" value="720"/><int name="y" value="0"/><string name="u" value="enH0"/><int name="no" value="1"/><int name="zM" value="17"/></imgdir><imgdir name="119"><int name="x" value="630"/><int name="y" value="0"/><string name="u" value="enH1"/><int name="no" value="0"/><int name="zM" value="17"/></imgdir><imgdir name="120"><int name="x" value="630"/><int name="y" value="0"/><string name="u" value="enH0"/><int name="no" value="0"/><int name="zM" value="17"/></imgdir><imgdir name="121"><int name="x" value="540"/><int name="y" value="0"/><string name="u" value="enH1"/><int name="no" value="2"/><int name="zM" value="17"/></imgdir><imgdir name="122"><int name="x" value="540"/><int name="y" value="0"/><string name="u" value="enH0"/><int name="no" value="0"/><int name="zM" value="17"/></imgdir><imgdir name="123"><int name="x" value="450"/><int name="y" value="0"/><string name="u" value="enH1"/><int name="no" value="2"/><int name="zM" value="17"/></imgdir><imgdir name="124"><int name="x" value="450"/><int name="y" value="0"/><string name="u" value="enH0"/><int name="no" value="1"/><int name="zM" value="17"/></imgdir><imgdir name="125"><int name="x" value="360"/><int name="y" value="0"/><string name="u" value="enH1"/><int name="no" value="0"/><int name="zM" value="17"/></imgdir><imgdir name="126"><int name="x" value="360"/><int name="y" value="0"/><string name="u" value="enH0"/><int name="no" value="1"/><int name="zM" value="17"/></imgdir><imgdir name="129"><int name="x" value="270"/><int name="y" value="0"/><string name="u" value="edU"/><int name="no" value="0"/><int name="zM" value="17"/></imgdir><imgdir name="130"><int name="x" value="270"/><int name="y" value="0"/><string name="u" value="edD"/><int name="no" value="0"/><int name="zM" value="17"/></imgdir><imgdir name="127"><int name="x" value="270"/><int name="y" value="0"/><string name="u" value="enH1"/><int name="no" value="2"/><int name="zM" value="17"/></imgdir><imgdir name="128"><int name="x" value="270"/><int name="y" value="0"/><string name="u" value="enH0"/><int name="no" value="1"/><int name="zM" value="17"/></imgdir></imgdir><imgdir name="obj"></imgdir></imgdir><imgdir name="6"><imgdir name="info"></imgdir><imgdir name="tile"></imgdir><imgdir name="obj"><imgdir name="0"><string name="oS" value="connect"/><string name="l0" value="rope"/><string name="l1" value="0"/><string name="l2" value="0"/><int name="x" value="904"/><int name="y" value="-30"/><int name="z" value="9"/><int name="f" value="0"/><int name="zM" value="16"/><int name="r" value="0"/><int name="move" value="0"/><int name="dynamic" value="0"/><int name="piece" value="0"/></imgdir><imgdir name="1"><string name="oS" value="connect"/><string name="l0" value="rope"/><string name="l1" value="0"/><string name="l2" value="3"/><int name="x" value="904"/><int name="y" value="54"/><int name="z" value="9"/><int name="f" value="0"/><int name="zM" value="16"/><int name="r" value="0"/><int name="move" value="0"/><int name="dynamic" value="0"/><int name="piece" value="1"/></imgdir><imgdir name="2"><string name="oS" value="connect"/><string name="l0" value="rope"/><string name="l1" value="0"/><string name="l2" value="2"/><int name="x" value="904"/><int name="y" value="150"/><int name="z" value="9"/><int name="f" value="0"/><int name="zM" value="13"/><int name="r" value="0"/><int name="move" value="0"/><int name="dynamic" value="0"/><int name="piece" value="2"/></imgdir><imgdir name="3"><string name="oS" value="connect"/><string name="l0" value="rope"/><string name="l1" value="0"/><string name="l2" value="1"/><int name="x" value="904"/><int name="y" value="128"/><int name="z" value="9"/><int name="f" value="0"/><int name="zM" value="16"/><int name="r" value="0"/><int name="move" value="0"/><int name="dynamic" value="0"/><int name="piece" value="3"/></imgdir><imgdir name="6"><string name="oS" value="connect"/><string name="l0" value="rope"/><string name="l1" value="0"/><string name="l2" value="0"/><int name="x" value="298"/><int name="y" value="-27"/><int name="z" value="9"/><int name="f" value="0"/><int name="zM" value="15"/><int name="r" value="0"/><int name="move" value="0"/><int name="dynamic" value="0"/><int name="piece" value="6"/></imgdir><imgdir name="7"><string name="oS" value="connect"/><string name="l0" value="rope"/><string name="l1" value="0"/><string name="l2" value="3"/><int name="x" value="298"/><int name="y" value="57"/><int name="z" value="9"/><int name="f" value="0"/><int name="zM" value="15"/><int name="r" value="0"/><int name="move" value="0"/><int name="dynamic" value="0"/><int name="piece" value="7"/></imgdir><imgdir name="8"><string name="oS" value="connect"/><string name="l0" value="rope"/><string name="l1" value="0"/><string name="l2" value="2"/><int name="x" value="298"/><int name="y" value="161"/><int name="z" value="9"/><int name="f" value="0"/><int name="zM" value="12"/><int name="r" value="0"/><int name="move" value="0"/><int name="dynamic" value="0"/><int name="piece" value="8"/></imgdir><imgdir name="9"><string name="oS" value="connect"/><string name="l0" value="rope"/><string name="l1" value="0"/><string name="l2" value="1"/><int name="x" value="298"/><int name="y" value="131"/><int name="z" value="9"/><int name="f" value="0"/><int name="zM" value="15"/><int name="r" value="0"/><int name="move" value="0"/><int name="dynamic" value="0"/><int name="piece" value="9"/></imgdir><imgdir name="10"><string name="oS" value="connect"/><string name="l0" value="rope"/><string name="l1" value="0"/><string name="l2" value="0"/><int name="x" value="452"/><int name="y" value="219"/><int name="z" value="9"/><int name="f" value="0"/><int name="zM" value="10"/><int name="r" value="0"/><int name="move" value="0"/><int name="dynamic" value="0"/><int name="piece" value="10"/></imgdir><imgdir name="11"><string name="oS" value="connect"/><string name="l0" value="rope"/><string name="l1" value="0"/><string name="l2" value="3"/><int name="x" value="452"/><int name="y" value="303"/><int name="z" value="9"/><int name="f" value="0"/><int name="zM" value="7"/><int name="r" value="0"/><int name="move" value="0"/><int name="dynamic" value="0"/><int name="piece" value="11"/></imgdir><imgdir name="12"><string name="oS" value="connect"/><string name="l0" value="rope"/><string name="l1" value="0"/><string name="l2" value="2"/><int name="x" value="452"/><int name="y" value="436"/><int name="z" value="9"/><int name="f" value="0"/><int name="zM" value="5"/><int name="r" value="0"/><int name="move" value="0"/><int name="dynamic" value="0"/><int name="piece" value="12"/></imgdir><imgdir name="4"><string name="oS" value="connect"/><string name="l0" value="rope"/><string name="l1" value="0"/><string name="l2" value="1"/><int name="x" value="452"/><int name="y" value="377"/><int name="z" value="9"/><int name="f" value="0"/><int name="zM" value="7"/><int name="r" value="0"/><int name="move" value="0"/><int name="dynamic" value="0"/><int name="piece" value="4"/></imgdir><imgdir name="5"><string name="oS" value="connect"/><string name="l0" value="rope"/><string name="l1" value="0"/><string name="l2" value="1"/><int name="x" value="452"/><int name="y" value="407"/><int name="z" value="9"/><int name="f" value="0"/><int name="zM" value="5"/><int name="r" value="0"/><int name="move" value="0"/><int name="dynamic" value="0"/><int name="piece" value="5"/></imgdir><imgdir name="13"><string name="oS" value="connect"/><string name="l0" value="rope"/><string name="l1" value="0"/><string name="l2" value="1"/><int name="x" value="1551"/><int name="y" value="392"/><int name="z" value="9"/><int name="f" value="0"/><int name="zM" value="6"/><int name="r" value="0"/><int name="move" value="0"/><int name="dynamic" value="0"/><int name="piece" value="13"/></imgdir><imgdir name="14"><string name="oS" value="connect"/><string name="l0" value="rope"/><string name="l1" value="0"/><string name="l2" value="1"/><int name="x" value="1551"/><int name="y" value="422"/><int name="z" value="9"/><int name="f" value="0"/><int name="zM" value="4"/><int name="r" value="0"/><int name="move" value="0"/><int name="dynamic" value="0"/><int name="piece" value="14"/></imgdir><imgdir name="15"><string name="oS" value="connect"/><string name="l0" value="rope"/><string name="l1" value="0"/><string name="l2" value="0"/><int name="x" value="1551"/><int name="y" value="160"/><int name="z" value="9"/><int name="f" value="0"/><int name="zM" value="8"/><int name="r" value="0"/><int name="move" value="0"/><int name="dynamic" value="0"/><int name="piece" value="15"/></imgdir><imgdir name="16"><string name="oS" value="connect"/><string name="l0" value="rope"/><string name="l1" value="0"/><string name="l2" value="3"/><int name="x" value="1551"/><int name="y" value="244"/><int name="z" value="9"/><int name="f" value="0"/><int name="zM" value="8"/><int name="r" value="0"/><int name="move" value="0"/><int name="dynamic" value="0"/><int name="piece" value="16"/></imgdir><imgdir name="17"><string name="oS" value="connect"/><string name="l0" value="rope"/><string name="l1" value="0"/><string name="l2" value="2"/><int name="x" value="1551"/><int name="y" value="451"/><int name="z" value="9"/><int name="f" value="0"/><int name="zM" value="4"/><int name="r" value="0"/><int name="move" value="0"/><int name="dynamic" value="0"/><int name="piece" value="17"/></imgdir><imgdir name="18"><string name="oS" value="connect"/><string name="l0" value="rope"/><string name="l1" value="0"/><string name="l2" value="3"/><int name="x" value="1551"/><int name="y" value="330"/><int name="z" value="9"/><int name="f" value="0"/><int name="zM" value="6"/><int name="r" value="0"/><int name="move" value="0"/><int name="dynamic" value="0"/><int name="piece" value="18"/></imgdir></imgdir></imgdir><imgdir name="7"><imgdir name="info"></imgdir><imgdir name="tile"></imgdir><imgdir name="obj"></imgdir></imgdir><imgdir name="foothold"><imgdir name="5"><imgdir name="0"><imgdir name="1"><int name="x1" value="-180"/><int name="y1" value="510"/><int name="x2" value="-90"/><int name="y2" value="510"/><int name="prev" value="12"/><int name="next" value="2"/><int name="piece" value="-1"/></imgdir><imgdir name="2"><int name="x1" value="-90"/><int name="y1" value="510"/><int name="x2" value="0"/><int name="y2" value="510"/><int name="prev" value="1"/><int name="next" value="3"/><int name="piece" value="-1"/></imgdir><imgdir name="3"><int name="x1" value="0"/><int name="y1" value="510"/><int name="x2" value="90"/><int name="y2" value="510"/><int name="prev" value="2"/><int name="next" value="6"/><int name="piece" value="-1"/></imgdir><imgdir name="4"><int name="x1" value="270"/><int name="y1" value="510"/><int name="x2" value="360"/><int name="y2" value="510"/><int name="prev" value="5"/><int name="next" value="7"/><int name="piece" value="-1"/></imgdir><imgdir name="5"><int name="x1" value="180"/><int name="y1" value="510"/><int name="x2" value="270"/><int name="y2" value="510"/><int name="prev" value="6"/><int name="next" value="4"/><int name="piece" value="-1"/></imgdir><imgdir name="6"><int name="x1" value="90"/><int name="y1" value="510"/><int name="x2" value="180"/><int name="y2" value="510"/><int name="prev" value="3"/><int name="next" value="5"/><int name="piece" value="-1"/></imgdir><imgdir name="7"><int name="x1" value="360"/><int name="y1" value="510"/><int name="x2" value="450"/><int name="y2" value="510"/><int name="prev" value="4"/><int name="next" value="8"/><int name="piece" value="-1"/></imgdir><imgdir name="8"><int name="x1" value="450"/><int name="y1" value="510"/><int name="x2" value="540"/><int name="y2" value="510"/><int name="prev" value="7"/><int name="next" value="14"/><int name="piece" value="-1"/></imgdir><imgdir name="9"><int name="x1" value="-270"/><int name="y1" value="510"/><int name="x2" value="-246"/><int name="y2" value="510"/><int name="prev" value="11"/><int name="next" value="12"/><int name="piece" value="-1"/></imgdir><imgdir name="10"><int name="x1" value="-293"/><int name="y1" value="540"/><int name="x2" value="-293"/><int name="y2" value="510"/><int name="prev" value="13"/><int name="next" value="11"/><int name="piece" value="-1"/></imgdir><imgdir name="11"><int name="x1" value="-293"/><int name="y1" value="510"/><int name="x2" value="-270"/><int name="y2" value="510"/><int name="prev" value="10"/><int name="next" value="9"/><int name="piece" value="-1"/></imgdir><imgdir name="12"><int name="x1" value="-246"/><int name="y1" value="510"/><int name="x2" value="-180"/><int name="y2" value="510"/><int name="prev" value="9"/><int name="next" value="1"/><int name="piece" value="-1"/></imgdir><imgdir name="13"><int name="x1" value="-293"/><int name="y1" value="600"/><int name="x2" value="-293"/><int name="y2" value="540"/><int name="prev" value="0"/><int name="next" value="10"/><int name="piece" value="-1"/></imgdir><imgdir name="14"><int name="x1" value="540"/><int name="y1" value="510"/><int name="x2" value="630"/><int name="y2" value="510"/><int name="prev" value="8"/><int name="next" value="15"/><int name="piece" value="-1"/></imgdir><imgdir name="15"><int name="x1" value="630"/><int name="y1" value="510"/><int name="x2" value="720"/><int name="y2" value="510"/><int name="prev" value="14"/><int name="next" value="17"/><int name="piece" value="-1"/></imgdir><imgdir name="16"><int name="x1" value="900"/><int name="y1" value="510"/><int name="x2" value="990"/><int name="y2" value="510"/><int name="prev" value="18"/><int name="next" value="19"/><int name="piece" value="-1"/></imgdir><imgdir name="17"><int name="x1" value="720"/><int name="y1" value="510"/><int name="x2" value="810"/><int name="y2" value="510"/><int name="prev" value="15"/><int name="next" value="18"/><int name="piece" value="-1"/></imgdir><imgdir name="18"><int name="x1" value="810"/><int name="y1" value="510"/><int name="x2" value="900"/><int name="y2" value="510"/><int name="prev" value="17"/><int name="next" value="16"/><int name="piece" value="-1"/></imgdir><imgdir name="19"><int name="x1" value="990"/><int name="y1" value="510"/><int name="x2" value="1080"/><int name="y2" value="510"/><int name="prev" value="16"/><int name="next" value="20"/><int name="piece" value="-1"/></imgdir><imgdir name="20"><int name="x1" value="1080"/><int name="y1" value="510"/><int name="x2" value="1170"/><int name="y2" value="510"/><int name="prev" value="19"/><int name="next" value="21"/><int name="piece" value="-1"/></imgdir><imgdir name="21"><int name="x1" value="1170"/><int name="y1" value="510"/><int name="x2" value="1260"/><int name="y2" value="510"/><int name="prev" value="20"/><int name="next" value="22"/><int name="piece" value="-1"/></imgdir><imgdir name="22"><int name="x1" value="1260"/><int name="y1" value="510"/><int name="x2" value="1350"/><int name="y2" value="510"/><int name="prev" value="21"/><int name="next" value="24"/><int name="piece" value="-1"/></imgdir><imgdir name="23"><int name="x1" value="1530"/><int name="y1" value="510"/><int name="x2" value="1597"/><int name="y2" value="510"/><int name="prev" value="25"/><int name="next" value="26"/><int name="piece" value="-1"/></imgdir><imgdir name="24"><int name="x1" value="1350"/><int name="y1" value="510"/><int name="x2" value="1440"/><int name="y2" value="510"/><int name="prev" value="22"/><int name="next" value="25"/><int name="piece" value="-1"/></imgdir><imgdir name="25"><int name="x1" value="1440"/><int name="y1" value="510"/><int name="x2" value="1530"/><int name="y2" value="510"/><int name="prev" value="24"/><int name="next" value="23"/><int name="piece" value="-1"/></imgdir><imgdir name="26"><int name="x1" value="1597"/><int name="y1" value="510"/><int name="x2" value="1620"/><int name="y2" value="510"/><int name="prev" value="23"/><int name="next" value="27"/><int name="piece" value="-1"/></imgdir><imgdir name="27"><int name="x1" value="1620"/><int name="y1" value="510"/><int name="x2" value="1644"/><int name="y2" value="510"/><int name="prev" value="26"/><int name="next" value="28"/><int name="piece" value="-1"/></imgdir><imgdir name="28"><int name="x1" value="1644"/><int name="y1" value="510"/><int name="x2" value="1644"/><int name="y2" value="540"/><int name="prev" value="27"/><int name="next" value="29"/><int name="piece" value="-1"/></imgdir><imgdir name="29"><int name="x1" value="1644"/><int name="y1" value="540"/><int name="x2" value="1644"/><int name="y2" value="600"/><int name="prev" value="28"/><int name="next" value="0"/><int name="piece" value="-1"/></imgdir></imgdir><imgdir name="9"><imgdir name="30"><int name="x1" value="1080"/><int name="y1" value="210"/><int name="x2" value="1147"/><int name="y2" value="210"/><int name="prev" value="33"/><int name="next" value="36"/><int name="piece" value="-1"/></imgdir><imgdir name="31"><int name="x1" value="540"/><int name="y1" value="210"/><int name="x2" value="630"/><int name="y2" value="210"/><int name="prev" value="39"/><int name="next" value="32"/><int name="piece" value="-1"/></imgdir><imgdir name="32"><int name="x1" value="630"/><int name="y1" value="210"/><int name="x2" value="720"/><int name="y2" value="210"/><int name="prev" value="31"/><int name="next" value="34"/><int name="piece" value="-1"/></imgdir><imgdir name="33"><int name="x1" value="990"/><int name="y1" value="210"/><int name="x2" value="1080"/><int name="y2" value="210"/><int name="prev" value="45"/><int name="next" value="30"/><int name="piece" value="-1"/></imgdir><imgdir name="34"><int name="x1" value="720"/><int name="y1" value="210"/><int name="x2" value="810"/><int name="y2" value="210"/><int name="prev" value="32"/><int name="next" value="46"/><int name="piece" value="-1"/></imgdir><imgdir name="35"><int name="x1" value="180"/><int name="y1" value="210"/><int name="x2" value="204"/><int name="y2" value="210"/><int name="prev" value="43"/><int name="next" value="44"/><int name="piece" value="-1"/></imgdir><imgdir name="36"><int name="x1" value="1147"/><int name="y1" value="210"/><int name="x2" value="1170"/><int name="y2" value="210"/><int name="prev" value="30"/><int name="next" value="37"/><int name="piece" value="-1"/></imgdir><imgdir name="37"><int name="x1" value="1170"/><int name="y1" value="210"/><int name="x2" value="1194"/><int name="y2" value="210"/><int name="prev" value="36"/><int name="next" value="38"/><int name="piece" value="-1"/></imgdir><imgdir name="38"><int name="x1" value="1194"/><int name="y1" value="210"/><int name="x2" value="1194"/><int name="y2" value="240"/><int name="prev" value="37"/><int name="next" value="0"/><int name="piece" value="-1"/></imgdir><imgdir name="39"><int name="x1" value="450"/><int name="y1" value="210"/><int name="x2" value="540"/><int name="y2" value="210"/><int name="prev" value="41"/><int name="next" value="31"/><int name="piece" value="-1"/></imgdir><imgdir name="40"><int name="x1" value="270"/><int name="y1" value="210"/><int name="x2" value="360"/><int name="y2" value="210"/><int name="prev" value="44"/><int name="next" value="41"/><int name="piece" value="-1"/></imgdir><imgdir name="41"><int name="x1" value="360"/><int name="y1" value="210"/><int name="x2" value="450"/><int name="y2" value="210"/><int name="prev" value="40"/><int name="next" value="39"/><int name="piece" value="-1"/></imgdir><imgdir name="42"><int name="x1" value="157"/><int name="y1" value="240"/><int name="x2" value="157"/><int name="y2" value="210"/><int name="prev" value="0"/><int name="next" value="43"/><int name="piece" value="-1"/></imgdir><imgdir name="43"><int name="x1" value="157"/><int name="y1" value="210"/><int name="x2" value="180"/><int name="y2" value="210"/><int name="prev" value="42"/><int name="next" value="35"/><int name="piece" value="-1"/></imgdir><imgdir name="44"><int name="x1" value="204"/><int name="y1" value="210"/><int name="x2" value="270"/><int name="y2" value="210"/><int name="prev" value="35"/><int name="next" value="40"/><int name="piece" value="-1"/></imgdir><imgdir name="45"><int name="x1" value="900"/><int name="y1" value="210"/><int name="x2" value="990"/><int name="y2" value="210"/><int name="prev" value="46"/><int name="next" value="33"/><int name="piece" value="-1"/></imgdir><imgdir name="46"><int name="x1" value="810"/><int name="y1" value="210"/><int name="x2" value="900"/><int name="y2" value="210"/><int name="prev" value="34"/><int name="next" value="45"/><int name="piece" value="-1"/></imgdir></imgdir><imgdir name="11"><imgdir name="47"><int name="x1" value="1260"/><int name="y1" value="150"/><int name="x2" value="1284"/><int name="y2" value="150"/><int name="prev" value="51"/><int name="next" value="52"/><int name="piece" value="-1"/></imgdir><imgdir name="48"><int name="x1" value="1597"/><int name="y1" value="150"/><int name="x2" value="1644"/><int name="y2" value="150"/><int name="prev" value="55"/><int name="next" value="49"/><int name="piece" value="-1"/></imgdir><imgdir name="49"><int name="x1" value="1644"/><int name="y1" value="150"/><int name="x2" value="1644"/><int name="y2" value="180"/><int name="prev" value="48"/><int name="next" value="0"/><int name="piece" value="-1"/></imgdir><imgdir name="50"><int name="x1" value="1237"/><int name="y1" value="180"/><int name="x2" value="1237"/><int name="y2" value="150"/><int name="prev" value="0"/><int name="next" value="51"/><int name="piece" value="-1"/></imgdir><imgdir name="51"><int name="x1" value="1237"/><int name="y1" value="150"/><int name="x2" value="1260"/><int name="y2" value="150"/><int name="prev" value="50"/><int name="next" value="47"/><int name="piece" value="-1"/></imgdir><imgdir name="52"><int name="x1" value="1284"/><int name="y1" value="150"/><int name="x2" value="1350"/><int name="y2" value="150"/><int name="prev" value="47"/><int name="next" value="54"/><int name="piece" value="-1"/></imgdir><imgdir name="53"><int name="x1" value="1440"/><int name="y1" value="150"/><int name="x2" value="1530"/><int name="y2" value="150"/><int name="prev" value="54"/><int name="next" value="55"/><int name="piece" value="-1"/></imgdir><imgdir name="54"><int name="x1" value="1350"/><int name="y1" value="150"/><int name="x2" value="1440"/><int name="y2" value="150"/><int name="prev" value="52"/><int name="next" value="53"/><int name="piece" value="-1"/></imgdir><imgdir name="55"><int name="x1" value="1530"/><int name="y1" value="150"/><int name="x2" value="1597"/><int name="y2" value="150"/><int name="prev" value="53"/><int name="next" value="48"/><int name="piece" value="-1"/></imgdir></imgdir><imgdir name="17"><imgdir name="56"><int name="x1" value="900"/><int name="y1" value="-30"/><int name="x2" value="990"/><int name="y2" value="-30"/><int name="prev" value="63"/><int name="next" value="57"/><int name="piece" value="-1"/></imgdir><imgdir name="57"><int name="x1" value="990"/><int name="y1" value="-30"/><int name="x2" value="1080"/><int name="y2" value="-30"/><int name="prev" value="56"/><int name="next" value="58"/><int name="piece" value="-1"/></imgdir><imgdir name="58"><int name="x1" value="1080"/><int name="y1" value="-30"/><int name="x2" value="1147"/><int name="y2" value="-30"/><int name="prev" value="57"/><int name="next" value="59"/><int name="piece" value="-1"/></imgdir><imgdir name="59"><int name="x1" value="1147"/><int name="y1" value="-30"/><int name="x2" value="1170"/><int name="y2" value="-30"/><int name="prev" value="58"/><int name="next" value="60"/><int name="piece" value="-1"/></imgdir><imgdir name="60"><int name="x1" value="1170"/><int name="y1" value="-30"/><int name="x2" value="1194"/><int name="y2" value="-30"/><int name="prev" value="59"/><int name="next" value="61"/><int name="piece" value="-1"/></imgdir><imgdir name="61"><int name="x1" value="1194"/><int name="y1" value="-30"/><int name="x2" value="1194"/><int name="y2" value="0"/><int name="prev" value="60"/><int name="next" value="0"/><int name="piece" value="-1"/></imgdir><imgdir name="62"><int name="x1" value="720"/><int name="y1" value="-30"/><int name="x2" value="810"/><int name="y2" value="-30"/><int name="prev" value="64"/><int name="next" value="63"/><int name="piece" value="-1"/></imgdir><imgdir name="63"><int name="x1" value="810"/><int name="y1" value="-30"/><int name="x2" value="900"/><int name="y2" value="-30"/><int name="prev" value="62"/><int name="next" value="56"/><int name="piece" value="-1"/></imgdir><imgdir name="64"><int name="x1" value="630"/><int name="y1" value="-30"/><int name="x2" value="720"/><int name="y2" value="-30"/><int name="prev" value="65"/><int name="next" value="62"/><int name="piece" value="-1"/></imgdir><imgdir name="65"><int name="x1" value="540"/><int name="y1" value="-30"/><int name="x2" value="630"/><int name="y2" value="-30"/><int name="prev" value="66"/><int name="next" value="64"/><int name="piece" value="-1"/></imgdir><imgdir name="66"><int name="x1" value="450"/><int name="y1" value="-30"/><int name="x2" value="540"/><int name="y2" value="-30"/><int name="prev" value="67"/><int name="next" value="65"/><int name="piece" value="-1"/></imgdir><imgdir name="67"><int name="x1" value="360"/><int name="y1" value="-30"/><int name="x2" value="450"/><int name="y2" value="-30"/><int name="prev" value="71"/><int name="next" value="66"/><int name="piece" value="-1"/></imgdir><imgdir name="68"><int name="x1" value="270"/><int name="y1" value="-30"/><int name="x2" value="294"/><int name="y2" value="-30"/><int name="prev" value="70"/><int name="next" value="71"/><int name="piece" value="-1"/></imgdir><imgdir name="69"><int name="x1" value="247"/><int name="y1" value="0"/><int name="x2" value="247"/><int name="y2" value="-30"/><int name="prev" value="0"/><int name="next" value="70"/><int name="piece" value="-1"/></imgdir><imgdir name="70"><int name="x1" value="247"/><int name="y1" value="-30"/><int name="x2" value="270"/><int name="y2" value="-30"/><int name="prev" value="69"/><int name="next" value="68"/><int name="piece" value="-1"/></imgdir><imgdir name="71"><int name="x1" value="294"/><int name="y1" value="-30"/><int name="x2" value="360"/><int name="y2" value="-30"/><int name="prev" value="68"/><int name="next" value="67"/><int name="piece" value="-1"/></imgdir></imgdir></imgdir></imgdir><imgdir name="ladderRope"><imgdir name="1"><int name="l" value="0"/><int name="uf" value="1"/><int name="x" value="904"/><int name="y1" value="-28"/><int name="y2" value="187"/><int name="page" value="6"/></imgdir><imgdir name="2"><int name="l" value="0"/><int name="uf" value="1"/><int name="x" value="298"/><int name="y1" value="-28"/><int name="y2" value="198"/><int name="page" value="6"/></imgdir><imgdir name="3"><int name="l" value="0"/><int name="uf" value="1"/><int name="x" value="452"/><int name="y1" value="212"/><int name="y2" value="473"/><int name="page" value="6"/></imgdir><imgdir name="4"><int name="l" value="0"/><int name="uf" value="1"/><int name="x" value="1551"/><int name="y1" value="152"/><int name="y2" value="488"/><int name="page" value="6"/></imgdir></imgdir><imgdir name="miniMap"><canvas name="canvas" width="135" height="66"><string name="_hash" value="d31668d7f64335a02a6c0d5f48e6f71e459ebdd9ce24535534623c4cb4188781"/></canvas><int name="width" value="2162"/><int name="height" value="1068"/><int name="centerX" value="461"/><int name="centerY" value="388"/><int name="mag" value="4"/></imgdir><imgdir name="portal"><imgdir name="0"><string name="pn" value="sp"/><int name="pt" value="0"/><int name="x" value="-6"/><int name="y" value="473"/><int name="tm" value="999999999"/><string name="tn" value=""/><int name="horizontalImpact" value="0"/></imgdir><imgdir name="1"><string name="pn" value="in00"/><int name="pt" value="2"/><int name="x" value="-61"/><int name="y" value="507"/><int name="tm" value="910001000"/><string name="tn" value="tuto00"/><int name="horizontalImpact" value="0"/><string name="script" value=""/><int name="hideTooltip" value="0"/><int name="onlyOnce" value="0"/><int name="delay" value="0"/></imgdir></imgdir></imgdir>