<?xml version="1.0" encoding="UTF-8" standalone="yes"?><imgdir name="910046100.img"><imgdir name="info"><int name="version" value="10"/><int name="cloud" value="0"/><int name="town" value="0"/><int name="swim" value="0"/><int name="returnMap" value="910046200"/><int name="forcedReturn" value="910046200"/><float name="mobRate" value="1.0"/><string name="bgm" value="Bgm18/WolfAndSheep"/><string name="mapMark" value="mCardMatch"/><int name="fly" value="0"/><int name="noMapCmd" value="0"/><int name="hideMinimap" value="1"/><int name="fieldLimit" value="335913980"/><string name="onFirstUserEnter" value=""/><string name="onUserEnter" value=""/><int name="VRTop" value="-500"/><int name="VRLeft" value="-710"/><int name="VRBottom" value="345"/><int name="VRRight" value="710"/><int name="standAlone" value="0"/><int name="partyStandAlone" value="0"/><string name="fieldScript" value=""/></imgdir><imgdir name="back"><imgdir name="0"><string name="bS" value="grassySoil"/><int name="front" value="0"/><int name="ani" value="0"/><int name="no" value="0"/><int name="f" value="0"/><int name="x" value="28"/><int name="y" value="-288"/><int name="rx" value="0"/><int name="ry" value="0"/><int name="type" value="3"/><int name="cx" value="0"/><int name="cy" value="0"/><int name="a" value="255"/></imgdir><imgdir name="1"><string name="bS" value="event"/><int name="front" value="0"/><int name="ani" value="0"/><int name="no" value="21"/><int name="f" value="0"/><int name="x" value="-230"/><int name="y" value="-312"/><int name="rx" value="5"/><int name="ry" value="-20"/><int name="type" value="4"/><int name="cx" value="1200"/><int name="cy" value="0"/><int name="a" value="255"/></imgdir><imgdir name="2"><string name="bS" value="event"/><int name="front" value="0"/><int name="ani" value="0"/><int name="no" value="22"/><int name="f" value="0"/><int name="x" value="-1"/><int name="y" value="-237"/><int name="rx" value="4"/><int name="ry" value="-20"/><int name="type" value="4"/><int name="cx" value="1200"/><int name="cy" value="0"/><int name="a" value="255"/></imgdir><imgdir name="3"><string name="bS" value="event"/><int name="front" value="0"/><int name="ani" value="0"/><int name="no" value="23"/><int name="f" value="1"/><int name="x" value="327"/><int name="y" value="-317"/><int name="rx" value="5"/><int name="ry" value="-20"/><int name="type" value="4"/><int name="cx" value="1200"/><int name="cy" value="0"/><int name="a" value="255"/></imgdir><imgdir name="4"><string name="bS" value="event"/><int name="front" value="0"/><int name="ani" value="0"/><int name="no" value="28"/><int name="f" value="0"/><int name="x" value="-22"/><int name="y" value="-85"/><int name="rx" value="-50"/><int name="ry" value="-30"/><int name="type" value="1"/><int name="cx" value="0"/><int name="cy" value="0"/><int name="a" value="255"/></imgdir><imgdir name="5"><string name="bS" value="event"/><int name="front" value="0"/><int name="ani" value="0"/><int name="no" value="29"/><int name="f" value="0"/><int name="x" value="-417"/><int name="y" value="-167"/><int name="rx" value="-60"/><int name="ry" value="-50"/><int name="type" value="0"/><int name="cx" value="0"/><int name="cy" value="0"/><int name="a" value="255"/></imgdir><imgdir name="6"><string name="bS" value="event"/><int name="front" value="0"/><int name="ani" value="0"/><int name="no" value="30"/><int name="f" value="0"/><int name="x" value="109"/><int name="y" value="-99"/><int name="rx" value="-60"/><int name="ry" value="-50"/><int name="type" value="0"/><int name="cx" value="0"/><int name="cy" value="0"/><int name="a" value="255"/></imgdir><imgdir name="7"><string name="bS" value="event"/><int name="front" value="0"/><int name="ani" value="0"/><int name="no" value="31"/><int name="f" value="0"/><int name="x" value="527"/><int name="y" value="-196"/><int name="rx" value="-60"/><int name="ry" value="-50"/><int name="type" value="0"/><int name="cx" value="0"/><int name="cy" value="0"/><int name="a" value="255"/></imgdir><imgdir name="8"><string name="bS" value="event"/><int name="front" value="0"/><int name="ani" value="0"/><int name="no" value="32"/><int name="f" value="0"/><int name="x" value="-331"/><int name="y" value="18"/><int name="rx" value="-70"/><int name="ry" value="-70"/><int name="type" value="0"/><int name="cx" value="0"/><int name="cy" value="0"/><int name="a" value="255"/></imgdir><imgdir name="9"><string name="bS" value="event"/><int name="front" value="0"/><int name="ani" value="0"/><int name="no" value="33"/><int name="f" value="0"/><int name="x" value="559"/><int name="y" value="10"/><int name="rx" value="-70"/><int name="ry" value="-70"/><int name="type" value="0"/><int name="cx" value="0"/><int name="cy" value="0"/><int name="a" value="255"/></imgdir><imgdir name="10"><string name="bS" value="event"/><int name="front" value="0"/><int name="ani" value="0"/><int name="no" value="34"/><int name="f" value="0"/><int name="x" value="360"/><int name="y" value="50"/><int name="rx" value="-80"/><int name="ry" value="-100"/><int name="type" value="0"/><int name="cx" value="0"/><int name="cy" value="0"/><int name="a" value="255"/></imgdir></imgdir><imgdir name="life"></imgdir><imgdir name="reactor"></imgdir><imgdir name="0"><imgdir name="info"></imgdir><imgdir name="tile"></imgdir><imgdir name="obj"><imgdir name="4"><string name="oS" value="event"/><string name="l0" value="battleField"/><string name="l1" value="acc"/><string name="l2" value="2"/><int name="x" value="-250"/><int name="y" value="117"/><int name="z" value="9"/><int name="f" value="0"/><int name="zM" value="3"/><int name="r" value="0"/></imgdir><imgdir name="7"><string name="oS" value="event"/><string name="l0" value="battleField"/><string name="l1" value="nature"/><string name="l2" value="0"/><int name="x" value="-376"/><int name="y" value="-83"/><int name="z" value="7"/><int name="f" value="0"/><int name="zM" value="5"/><int name="r" value="0"/></imgdir><imgdir name="9"><string name="oS" value="event"/><string name="l0" value="battleField"/><string name="l1" value="nature"/><string name="l2" value="4"/><int name="x" value="-329"/><int name="y" value="86"/><int name="z" value="9"/><int name="f" value="0"/><int name="zM" value="1"/><int name="r" value="0"/></imgdir><imgdir name="10"><string name="oS" value="event"/><string name="l0" value="battleField"/><string name="l1" value="nature"/><string name="l2" value="5"/><int name="x" value="-237"/><int name="y" value="128"/><int name="z" value="11"/><int name="f" value="0"/><int name="zM" value="1"/><int name="r" value="0"/></imgdir><imgdir name="12"><string name="oS" value="event"/><string name="l0" value="battleField"/><string name="l1" value="nature"/><string name="l2" value="7"/><int name="x" value="110"/><int name="y" value="138"/><int name="z" value="9"/><int name="f" value="0"/><int name="zM" value="1"/><int name="r" value="0"/></imgdir><imgdir name="13"><string name="oS" value="event"/><string name="l0" value="battleField"/><string name="l1" value="nature"/><string name="l2" value="8"/><int name="x" value="-188"/><int name="y" value="142"/><int name="z" value="10"/><int name="f" value="0"/><int name="zM" value="1"/><int name="r" value="0"/></imgdir><imgdir name="14"><string name="oS" value="event"/><string name="l0" value="battleField"/><string name="l1" value="nature"/><string name="l2" value="9"/><int name="x" value="-127"/><int name="y" value="138"/><int name="z" value="10"/><int name="f" value="0"/><int name="zM" value="1"/><int name="r" value="0"/></imgdir><imgdir name="15"><string name="oS" value="event"/><string name="l0" value="battleField"/><string name="l1" value="nature"/><string name="l2" value="13"/><int name="x" value="-236"/><int name="y" value="123"/><int name="z" value="12"/><int name="f" value="0"/><int name="zM" value="1"/><int name="r" value="0"/></imgdir><imgdir name="16"><string name="oS" value="event"/><string name="l0" value="battleField"/><string name="l1" value="nature"/><string name="l2" value="12"/><int name="x" value="-271"/><int name="y" value="113"/><int name="z" value="12"/><int name="f" value="0"/><int name="zM" value="1"/><int name="r" value="0"/></imgdir><imgdir name="11"><string name="oS" value="event"/><string name="l0" value="battleField"/><string name="l1" value="nature"/><string name="l2" value="12"/><int name="x" value="-688"/><int name="y" value="106"/><int name="z" value="12"/><int name="f" value="0"/><int name="zM" value="4"/><int name="r" value="0"/><int name="move" value="0"/><int name="dynamic" value="0"/><int name="piece" value="11"/></imgdir><imgdir name="2"><string name="oS" value="event"/><string name="l0" value="battleField"/><string name="l1" value="nature"/><string name="l2" value="13"/><int name="x" value="-653"/><int name="y" value="116"/><int name="z" value="12"/><int name="f" value="0"/><int name="zM" value="1"/><int name="r" value="0"/><int name="move" value="0"/><int name="dynamic" value="0"/><int name="piece" value="2"/></imgdir><imgdir name="3"><string name="oS" value="event"/><string name="l0" value="battleField"/><string name="l1" value="nature"/><string name="l2" value="9"/><int name="x" value="-544"/><int name="y" value="131"/><int name="z" value="10"/><int name="f" value="0"/><int name="zM" value="1"/><int name="r" value="0"/><int name="move" value="0"/><int name="dynamic" value="0"/><int name="piece" value="3"/></imgdir><imgdir name="6"><string name="oS" value="event"/><string name="l0" value="battleField"/><string name="l1" value="nature"/><string name="l2" value="8"/><int name="x" value="-605"/><int name="y" value="135"/><int name="z" value="10"/><int name="f" value="0"/><int name="zM" value="1"/><int name="r" value="0"/><int name="move" value="0"/><int name="dynamic" value="0"/><int name="piece" value="6"/></imgdir><imgdir name="17"><string name="oS" value="event"/><string name="l0" value="battleField"/><string name="l1" value="nature"/><string name="l2" value="5"/><int name="x" value="-654"/><int name="y" value="121"/><int name="z" value="11"/><int name="f" value="0"/><int name="zM" value="1"/><int name="r" value="0"/><int name="move" value="0"/><int name="dynamic" value="0"/><int name="piece" value="17"/></imgdir><imgdir name="1"><string name="oS" value="event"/><string name="l0" value="battleField"/><string name="l1" value="acc"/><string name="l2" value="2"/><int name="x" value="-667"/><int name="y" value="110"/><int name="z" value="9"/><int name="f" value="0"/><int name="zM" value="1"/><int name="r" value="0"/><int name="move" value="0"/><int name="dynamic" value="0"/><int name="piece" value="1"/></imgdir><imgdir name="5"><string name="oS" value="event"/><string name="l0" value="battleField"/><string name="l1" value="nature"/><string name="l2" value="1"/><int name="x" value="-439"/><int name="y" value="121"/><int name="z" value="4"/><int name="f" value="1"/><int name="zM" value="1"/><int name="r" value="0"/><int name="move" value="0"/><int name="dynamic" value="0"/><int name="piece" value="5"/></imgdir><imgdir name="0"><string name="oS" value="event"/><string name="l0" value="battleField"/><string name="l1" value="nature"/><string name="l2" value="1"/><int name="x" value="-611"/><int name="y" value="91"/><int name="z" value="7"/><int name="f" value="1"/><int name="zM" value="1"/><int name="r" value="0"/><int name="move" value="0"/><int name="dynamic" value="0"/><int name="piece" value="0"/></imgdir><imgdir name="8"><string name="oS" value="event"/><string name="l0" value="battleField"/><string name="l1" value="nature"/><string name="l2" value="4"/><int name="x" value="-541"/><int name="y" value="97"/><int name="z" value="11"/><int name="f" value="0"/><int name="zM" value="1"/><int name="r" value="0"/><int name="move" value="0"/><int name="dynamic" value="0"/><int name="piece" value="8"/></imgdir></imgdir></imgdir><imgdir name="1"><imgdir name="info"><string name="tS" value="grassySoil"/><int name="tSMag" value="1"/></imgdir><imgdir name="tile"><imgdir name="8"><int name="x" value="-90"/><int name="y" value="180"/><string name="u" value="enH0"/><int name="no" value="1"/><int name="zM" value="0"/></imgdir><imgdir name="9"><int name="x" value="-90"/><int name="y" value="180"/><string name="u" value="bsc"/><int name="no" value="2"/><int name="zM" value="0"/></imgdir><imgdir name="3"><int name="x" value="-180"/><int name="y" value="180"/><string name="u" value="bsc"/><int name="no" value="1"/><int name="zM" value="0"/></imgdir><imgdir name="13"><int name="x" value="-180"/><int name="y" value="180"/><string name="u" value="enH0"/><int name="no" value="0"/><int name="zM" value="0"/></imgdir><imgdir name="12"><int name="x" value="-270"/><int name="y" value="180"/><string name="u" value="bsc"/><int name="no" value="3"/><int name="zM" value="0"/></imgdir><imgdir name="2"><int name="x" value="-270"/><int name="y" value="180"/><string name="u" value="enH0"/><int name="no" value="0"/><int name="zM" value="0"/></imgdir><imgdir name="18"><int name="x" value="0"/><int name="y" value="180"/><string name="u" value="enH0"/><int name="no" value="0"/><int name="zM" value="0"/></imgdir><imgdir name="0"><int name="x" value="0"/><int name="y" value="180"/><string name="u" value="bsc"/><int name="no" value="4"/><int name="zM" value="0"/></imgdir><imgdir name="1"><int name="x" value="90"/><int name="y" value="180"/><string name="u" value="enH0"/><int name="no" value="0"/><int name="zM" value="0"/></imgdir><imgdir name="19"><int name="x" value="90"/><int name="y" value="180"/><string name="u" value="bsc"/><int name="no" value="3"/><int name="zM" value="0"/></imgdir><imgdir name="28"><int name="x" value="180"/><int name="y" value="180"/><string name="u" value="enH0"/><int name="no" value="1"/><int name="zM" value="0"/></imgdir><imgdir name="27"><int name="x" value="270"/><int name="y" value="180"/><string name="u" value="enH0"/><int name="no" value="0"/><int name="zM" value="0"/></imgdir><imgdir name="26"><int name="x" value="270"/><int name="y" value="180"/><string name="u" value="bsc"/><int name="no" value="0"/><int name="zM" value="0"/></imgdir><imgdir name="24"><int name="x" value="180"/><int name="y" value="180"/><string name="u" value="bsc"/><int name="no" value="4"/><int name="zM" value="0"/></imgdir><imgdir name="6"><int name="x" value="-180"/><int name="y" value="240"/><string name="u" value="bsc"/><int name="no" value="3"/><int name="zM" value="0"/></imgdir><imgdir name="11"><int name="x" value="-270"/><int name="y" value="240"/><string name="u" value="bsc"/><int name="no" value="3"/><int name="zM" value="0"/></imgdir><imgdir name="7"><int name="x" value="0"/><int name="y" value="240"/><string name="u" value="bsc"/><int name="no" value="1"/><int name="zM" value="0"/></imgdir><imgdir name="4"><int name="x" value="-90"/><int name="y" value="240"/><string name="u" value="bsc"/><int name="no" value="0"/><int name="zM" value="0"/></imgdir><imgdir name="25"><int name="x" value="90"/><int name="y" value="240"/><string name="u" value="bsc"/><int name="no" value="0"/><int name="zM" value="0"/></imgdir><imgdir name="20"><int name="x" value="180"/><int name="y" value="240"/><string name="u" value="bsc"/><int name="no" value="4"/><int name="zM" value="0"/></imgdir><imgdir name="29"><int name="x" value="270"/><int name="y" value="240"/><string name="u" value="bsc"/><int name="no" value="3"/><int name="zM" value="0"/></imgdir><imgdir name="21"><int name="x" value="360"/><int name="y" value="180"/><string name="u" value="bsc"/><int name="no" value="3"/><int name="zM" value="0"/></imgdir><imgdir name="22"><int name="x" value="360"/><int name="y" value="180"/><string name="u" value="enH0"/><int name="no" value="0"/><int name="zM" value="0"/></imgdir><imgdir name="30"><int name="x" value="360"/><int name="y" value="240"/><string name="u" value="bsc"/><int name="no" value="1"/><int name="zM" value="0"/></imgdir><imgdir name="5"><int name="x" value="-450"/><int name="y" value="300"/><string name="u" value="bsc"/><int name="no" value="2"/><int name="zM" value="0"/></imgdir><imgdir name="41"><int name="x" value="-450"/><int name="y" value="360"/><string name="u" value="enH1"/><int name="no" value="0"/><int name="zM" value="0"/></imgdir><imgdir name="38"><int name="x" value="-270"/><int name="y" value="300"/><string name="u" value="bsc"/><int name="no" value="2"/><int name="zM" value="0"/></imgdir><imgdir name="43"><int name="x" value="-270"/><int name="y" value="360"/><string name="u" value="enH1"/><int name="no" value="0"/><int name="zM" value="0"/></imgdir><imgdir name="40"><int name="x" value="-360"/><int name="y" value="360"/><string name="u" value="enH1"/><int name="no" value="1"/><int name="zM" value="0"/></imgdir><imgdir name="39"><int name="x" value="-180"/><int name="y" value="300"/><string name="u" value="bsc"/><int name="no" value="2"/><int name="zM" value="0"/></imgdir><imgdir name="36"><int name="x" value="-360"/><int name="y" value="300"/><string name="u" value="bsc"/><int name="no" value="4"/><int name="zM" value="0"/></imgdir><imgdir name="44"><int name="x" value="-180"/><int name="y" value="360"/><string name="u" value="enH1"/><int name="no" value="0"/><int name="zM" value="0"/></imgdir><imgdir name="42"><int name="x" value="-90"/><int name="y" value="360"/><string name="u" value="enH1"/><int name="no" value="1"/><int name="zM" value="0"/></imgdir><imgdir name="37"><int name="x" value="-90"/><int name="y" value="300"/><string name="u" value="bsc"/><int name="no" value="4"/><int name="zM" value="0"/></imgdir><imgdir name="23"><int name="x" value="0"/><int name="y" value="300"/><string name="u" value="bsc"/><int name="no" value="2"/><int name="zM" value="0"/></imgdir><imgdir name="45"><int name="x" value="0"/><int name="y" value="360"/><string name="u" value="enH1"/><int name="no" value="0"/><int name="zM" value="0"/></imgdir><imgdir name="46"><int name="x" value="90"/><int name="y" value="360"/><string name="u" value="enH1"/><int name="no" value="0"/><int name="zM" value="0"/></imgdir><imgdir name="33"><int name="x" value="90"/><int name="y" value="300"/><string name="u" value="bsc"/><int name="no" value="0"/><int name="zM" value="0"/></imgdir><imgdir name="31"><int name="x" value="270"/><int name="y" value="300"/><string name="u" value="bsc"/><int name="no" value="4"/><int name="zM" value="0"/></imgdir><imgdir name="47"><int name="x" value="270"/><int name="y" value="360"/><string name="u" value="enH1"/><int name="no" value="0"/><int name="zM" value="0"/></imgdir><imgdir name="34"><int name="x" value="180"/><int name="y" value="300"/><string name="u" value="bsc"/><int name="no" value="4"/><int name="zM" value="0"/></imgdir><imgdir name="49"><int name="x" value="180"/><int name="y" value="360"/><string name="u" value="enH1"/><int name="no" value="0"/><int name="zM" value="0"/></imgdir><imgdir name="48"><int name="x" value="360"/><int name="y" value="360"/><string name="u" value="enH1"/><int name="no" value="0"/><int name="zM" value="0"/></imgdir><imgdir name="35"><int name="x" value="360"/><int name="y" value="300"/><string name="u" value="bsc"/><int name="no" value="1"/><int name="zM" value="0"/></imgdir><imgdir name="32"><int name="x" value="-450"/><int name="y" value="240"/><string name="u" value="bsc"/><int name="no" value="0"/><int name="zM" value="0"/></imgdir><imgdir name="15"><int name="x" value="-450"/><int name="y" value="180"/><string name="u" value="enH0"/><int name="no" value="0"/><int name="zM" value="0"/></imgdir><imgdir name="17"><int name="x" value="-360"/><int name="y" value="180"/><string name="u" value="bsc"/><int name="no" value="4"/><int name="zM" value="0"/></imgdir><imgdir name="14"><int name="x" value="-450"/><int name="y" value="180"/><string name="u" value="bsc"/><int name="no" value="0"/><int name="zM" value="0"/></imgdir><imgdir name="51"><int name="x" value="-360"/><int name="y" value="180"/><string name="u" value="enH0"/><int name="no" value="1"/><int name="zM" value="0"/></imgdir><imgdir name="50"><int name="x" value="-360"/><int name="y" value="240"/><string name="u" value="bsc"/><int name="no" value="4"/><int name="zM" value="0"/></imgdir><imgdir name="60"><int name="x" value="540"/><int name="y" value="180"/><string name="u" value="enH0"/><int name="no" value="1"/><int name="zM" value="0"/></imgdir><imgdir name="56"><int name="x" value="450"/><int name="y" value="180"/><string name="u" value="enH0"/><int name="no" value="1"/><int name="zM" value="0"/></imgdir><imgdir name="57"><int name="x" value="450"/><int name="y" value="180"/><string name="u" value="bsc"/><int name="no" value="2"/><int name="zM" value="0"/></imgdir><imgdir name="61"><int name="x" value="540"/><int name="y" value="180"/><string name="u" value="bsc"/><int name="no" value="5"/><int name="zM" value="0"/></imgdir><imgdir name="62"><int name="x" value="540"/><int name="y" value="240"/><string name="u" value="bsc"/><int name="no" value="0"/><int name="zM" value="0"/></imgdir><imgdir name="63"><int name="x" value="450"/><int name="y" value="240"/><string name="u" value="bsc"/><int name="no" value="2"/><int name="zM" value="0"/></imgdir><imgdir name="64"><int name="x" value="540"/><int name="y" value="300"/><string name="u" value="bsc"/><int name="no" value="3"/><int name="zM" value="0"/></imgdir><imgdir name="66"><int name="x" value="540"/><int name="y" value="360"/><string name="u" value="enH1"/><int name="no" value="0"/><int name="zM" value="0"/></imgdir><imgdir name="69"><int name="x" value="450"/><int name="y" value="360"/><string name="u" value="enH1"/><int name="no" value="0"/><int name="zM" value="0"/></imgdir><imgdir name="65"><int name="x" value="450"/><int name="y" value="300"/><string name="u" value="bsc"/><int name="no" value="4"/><int name="zM" value="0"/></imgdir><imgdir name="81"><int name="x" value="-540"/><int name="y" value="240"/><string name="u" value="bsc"/><int name="no" value="4"/><int name="zM" value="0"/></imgdir><imgdir name="72"><int name="x" value="-630"/><int name="y" value="180"/><string name="u" value="bsc"/><int name="no" value="2"/><int name="zM" value="0"/></imgdir><imgdir name="77"><int name="x" value="-630"/><int name="y" value="180"/><string name="u" value="enH0"/><int name="no" value="1"/><int name="zM" value="0"/></imgdir><imgdir name="76"><int name="x" value="-540"/><int name="y" value="180"/><string name="u" value="bsc"/><int name="no" value="0"/><int name="zM" value="0"/></imgdir><imgdir name="82"><int name="x" value="-540"/><int name="y" value="180"/><string name="u" value="enH0"/><int name="no" value="1"/><int name="zM" value="0"/></imgdir><imgdir name="75"><int name="x" value="-540"/><int name="y" value="300"/><string name="u" value="bsc"/><int name="no" value="0"/><int name="zM" value="0"/></imgdir><imgdir name="78"><int name="x" value="-630"/><int name="y" value="240"/><string name="u" value="bsc"/><int name="no" value="3"/><int name="zM" value="0"/></imgdir><imgdir name="80"><int name="x" value="-630"/><int name="y" value="300"/><string name="u" value="bsc"/><int name="no" value="5"/><int name="zM" value="0"/></imgdir><imgdir name="84"><int name="x" value="-540"/><int name="y" value="360"/><string name="u" value="enH1"/><int name="no" value="3"/><int name="zM" value="0"/></imgdir><imgdir name="74"><int name="x" value="-630"/><int name="y" value="360"/><string name="u" value="enH1"/><int name="no" value="3"/><int name="zM" value="0"/></imgdir><imgdir name="71"><int name="x" value="-720"/><int name="y" value="180"/><string name="u" value="enH0"/><int name="no" value="3"/><int name="zM" value="0"/></imgdir><imgdir name="79"><int name="x" value="-720"/><int name="y" value="360"/><string name="u" value="enH1"/><int name="no" value="1"/><int name="zM" value="0"/></imgdir><imgdir name="83"><int name="x" value="-720"/><int name="y" value="240"/><string name="u" value="bsc"/><int name="no" value="3"/><int name="zM" value="0"/></imgdir><imgdir name="73"><int name="x" value="-720"/><int name="y" value="300"/><string name="u" value="bsc"/><int name="no" value="5"/><int name="zM" value="0"/></imgdir><imgdir name="85"><int name="x" value="-720"/><int name="y" value="180"/><string name="u" value="bsc"/><int name="no" value="5"/><int name="zM" value="0"/></imgdir><imgdir name="68"><int name="x" value="630"/><int name="y" value="300"/><string name="u" value="bsc"/><int name="no" value="5"/><int name="zM" value="0"/></imgdir><imgdir name="70"><int name="x" value="630"/><int name="y" value="360"/><string name="u" value="enH1"/><int name="no" value="0"/><int name="zM" value="0"/></imgdir><imgdir name="58"><int name="x" value="630"/><int name="y" value="180"/><string name="u" value="bsc"/><int name="no" value="3"/><int name="zM" value="0"/></imgdir><imgdir name="59"><int name="x" value="630"/><int name="y" value="180"/><string name="u" value="enH0"/><int name="no" value="2"/><int name="zM" value="0"/></imgdir><imgdir name="67"><int name="x" value="630"/><int name="y" value="240"/><string name="u" value="bsc"/><int name="no" value="5"/><int name="zM" value="0"/></imgdir><imgdir name="54"><int name="x" value="-630"/><int name="y" value="0"/><string name="u" value="enH0"/><int name="no" value="2"/><int name="zM" value="8"/></imgdir><imgdir name="55"><int name="x" value="-630"/><int name="y" value="0"/><string name="u" value="enH1"/><int name="no" value="0"/><int name="zM" value="8"/></imgdir><imgdir name="53"><int name="x" value="-540"/><int name="y" value="0"/><string name="u" value="enH0"/><int name="no" value="0"/><int name="zM" value="8"/></imgdir><imgdir name="52"><int name="x" value="-540"/><int name="y" value="0"/><string name="u" value="enH1"/><int name="no" value="1"/><int name="zM" value="8"/></imgdir><imgdir name="16"><int name="x" value="-720"/><int name="y" value="0"/><string name="u" value="enH0"/><int name="no" value="0"/><int name="zM" value="8"/></imgdir><imgdir name="10"><int name="x" value="-720"/><int name="y" value="0"/><string name="u" value="enH1"/><int name="no" value="0"/><int name="zM" value="8"/></imgdir><imgdir name="86"><int name="x" value="-450"/><int name="y" value="0"/><string name="u" value="edU"/><int name="no" value="0"/><int name="zM" value="8"/></imgdir><imgdir name="87"><int name="x" value="-450"/><int name="y" value="0"/><string name="u" value="edD"/><int name="no" value="0"/><int name="zM" value="8"/></imgdir><imgdir name="88"><int name="x" value="-360"/><int name="y" value="-60"/><string name="u" value="edU"/><int name="no" value="0"/><int name="zM" value="12"/></imgdir><imgdir name="89"><int name="x" value="-360"/><int name="y" value="-60"/><string name="u" value="edD"/><int name="no" value="0"/><int name="zM" value="12"/></imgdir><imgdir name="90"><int name="x" value="-270"/><int name="y" value="-60"/><string name="u" value="edU"/><int name="no" value="0"/><int name="zM" value="12"/></imgdir><imgdir name="91"><int name="x" value="-270"/><int name="y" value="-60"/><string name="u" value="edD"/><int name="no" value="0"/><int name="zM" value="12"/></imgdir><imgdir name="92"><int name="x" value="-360"/><int name="y" value="-60"/><string name="u" value="enH0"/><int name="no" value="2"/><int name="zM" value="12"/></imgdir><imgdir name="93"><int name="x" value="-360"/><int name="y" value="-60"/><string name="u" value="enH1"/><int name="no" value="1"/><int name="zM" value="12"/></imgdir><imgdir name="94"><int name="x" value="-180"/><int name="y" value="-120"/><string name="u" value="edU"/><int name="no" value="0"/><int name="zM" value="13"/></imgdir><imgdir name="95"><int name="x" value="-180"/><int name="y" value="-120"/><string name="u" value="edD"/><int name="no" value="1"/><int name="zM" value="13"/></imgdir><imgdir name="96"><int name="x" value="-90"/><int name="y" value="-120"/><string name="u" value="edU"/><int name="no" value="0"/><int name="zM" value="13"/></imgdir><imgdir name="97"><int name="x" value="-90"/><int name="y" value="-120"/><string name="u" value="edD"/><int name="no" value="0"/><int name="zM" value="13"/></imgdir><imgdir name="98"><int name="x" value="-180"/><int name="y" value="-120"/><string name="u" value="enH0"/><int name="no" value="2"/><int name="zM" value="13"/></imgdir><imgdir name="99"><int name="x" value="-180"/><int name="y" value="-120"/><string name="u" value="enH1"/><int name="no" value="1"/><int name="zM" value="13"/></imgdir><imgdir name="100"><int name="x" value="-630"/><int name="y" value="-240"/><string name="u" value="edU"/><int name="no" value="1"/><int name="zM" value="17"/></imgdir><imgdir name="101"><int name="x" value="-630"/><int name="y" value="-240"/><string name="u" value="edD"/><int name="no" value="1"/><int name="zM" value="17"/></imgdir><imgdir name="108"><int name="x" value="-450"/><int name="y" value="-240"/><string name="u" value="enH0"/><int name="no" value="1"/><int name="zM" value="17"/></imgdir><imgdir name="109"><int name="x" value="-450"/><int name="y" value="-240"/><string name="u" value="enH1"/><int name="no" value="0"/><int name="zM" value="17"/></imgdir><imgdir name="104"><int name="x" value="-540"/><int name="y" value="-240"/><string name="u" value="enH1"/><int name="no" value="2"/><int name="zM" value="17"/></imgdir><imgdir name="105"><int name="x" value="-540"/><int name="y" value="-240"/><string name="u" value="enH0"/><int name="no" value="2"/><int name="zM" value="17"/></imgdir><imgdir name="102"><int name="x" value="-630"/><int name="y" value="-240"/><string name="u" value="enH1"/><int name="no" value="2"/><int name="zM" value="17"/></imgdir><imgdir name="103"><int name="x" value="-630"/><int name="y" value="-240"/><string name="u" value="enH0"/><int name="no" value="2"/><int name="zM" value="17"/></imgdir><imgdir name="110"><int name="x" value="-270"/><int name="y" value="-240"/><string name="u" value="edU"/><int name="no" value="1"/><int name="zM" value="17"/></imgdir><imgdir name="111"><int name="x" value="-270"/><int name="y" value="-240"/><string name="u" value="edD"/><int name="no" value="0"/><int name="zM" value="17"/></imgdir><imgdir name="106"><int name="x" value="-360"/><int name="y" value="-240"/><string name="u" value="enH1"/><int name="no" value="3"/><int name="zM" value="17"/></imgdir><imgdir name="107"><int name="x" value="-360"/><int name="y" value="-240"/><string name="u" value="enH0"/><int name="no" value="0"/><int name="zM" value="17"/></imgdir></imgdir><imgdir name="obj"></imgdir></imgdir><imgdir name="2"><imgdir name="info"></imgdir><imgdir name="tile"></imgdir><imgdir name="obj"><imgdir name="0"><string name="oS" value="connect"/><string name="l0" value="rope"/><string name="l1" value="0"/><string name="l2" value="0"/><int name="x" value="-470"/><int name="y" value="-21"/><int name="z" value="9"/><int name="f" value="0"/><int name="zM" value="9"/><int name="r" value="0"/></imgdir><imgdir name="1"><string name="oS" value="connect"/><string name="l0" value="rope"/><string name="l1" value="0"/><string name="l2" value="1"/><int name="x" value="-470"/><int name="y" value="19"/><int name="z" value="9"/><int name="f" value="0"/><int name="zM" value="7"/><int name="r" value="0"/></imgdir><imgdir name="2"><string name="oS" value="connect"/><string name="l0" value="rope"/><string name="l1" value="0"/><string name="l2" value="2"/><int name="x" value="-470"/><int name="y" value="49"/><int name="z" value="9"/><int name="f" value="0"/><int name="zM" value="6"/><int name="r" value="0"/></imgdir><imgdir name="3"><string name="oS" value="connect"/><string name="l0" value="rope"/><string name="l1" value="0"/><string name="l2" value="0"/><int name="x" value="-316"/><int name="y" value="-259"/><int name="z" value="9"/><int name="f" value="0"/><int name="zM" value="18"/><int name="r" value="0"/><int name="move" value="0"/><int name="dynamic" value="0"/><int name="piece" value="3"/></imgdir><imgdir name="4"><string name="oS" value="connect"/><string name="l0" value="rope"/><string name="l1" value="0"/><string name="l2" value="1"/><int name="x" value="-316"/><int name="y" value="-219"/><int name="z" value="9"/><int name="f" value="0"/><int name="zM" value="16"/><int name="r" value="0"/><int name="move" value="0"/><int name="dynamic" value="0"/><int name="piece" value="4"/></imgdir><imgdir name="5"><string name="oS" value="connect"/><string name="l0" value="rope"/><string name="l1" value="0"/><string name="l2" value="2"/><int name="x" value="-316"/><int name="y" value="-189"/><int name="z" value="9"/><int name="f" value="0"/><int name="zM" value="15"/><int name="r" value="0"/><int name="move" value="0"/><int name="dynamic" value="0"/><int name="piece" value="5"/></imgdir></imgdir></imgdir><imgdir name="3"><imgdir name="info"></imgdir><imgdir name="tile"></imgdir><imgdir name="obj"></imgdir></imgdir><imgdir name="4"><imgdir name="info"></imgdir><imgdir name="tile"></imgdir><imgdir name="obj"></imgdir></imgdir><imgdir name="5"><imgdir name="info"></imgdir><imgdir name="tile"></imgdir><imgdir name="obj"></imgdir></imgdir><imgdir name="6"><imgdir name="info"></imgdir><imgdir name="tile"></imgdir><imgdir name="obj"></imgdir></imgdir><imgdir name="7"><imgdir name="info"></imgdir><imgdir name="tile"></imgdir><imgdir name="obj"></imgdir></imgdir><imgdir name="foothold"><imgdir name="1"><imgdir name="0"><imgdir name="1"><int name="x1" value="90"/><int name="y1" value="155"/><int name="x2" value="180"/><int name="y2" value="155"/><int name="prev" value="6"/><int name="next" value="9"/><int name="piece" value="-1"/></imgdir><imgdir name="2"><int name="x1" value="-270"/><int name="y1" value="155"/><int name="x2" value="-180"/><int name="y2" value="155"/><int name="prev" value="10"/><int name="next" value="4"/><int name="piece" value="-1"/></imgdir><imgdir name="3"><int name="x1" value="-90"/><int name="y1" value="155"/><int name="x2" value="0"/><int name="y2" value="155"/><int name="prev" value="4"/><int name="next" value="6"/><int name="piece" value="-1"/></imgdir><imgdir name="4"><int name="x1" value="-180"/><int name="y1" value="155"/><int name="x2" value="-90"/><int name="y2" value="155"/><int name="prev" value="2"/><int name="next" value="3"/><int name="piece" value="-1"/></imgdir><imgdir name="5"><int name="x1" value="-450"/><int name="y1" value="155"/><int name="x2" value="-360"/><int name="y2" value="155"/><int name="prev" value="16"/><int name="next" value="10"/><int name="piece" value="-1"/></imgdir><imgdir name="6"><int name="x1" value="0"/><int name="y1" value="155"/><int name="x2" value="90"/><int name="y2" value="155"/><int name="prev" value="3"/><int name="next" value="1"/><int name="piece" value="-1"/></imgdir><imgdir name="7"><int name="x1" value="360"/><int name="y1" value="155"/><int name="x2" value="450"/><int name="y2" value="155"/><int name="prev" value="8"/><int name="next" value="11"/><int name="piece" value="-1"/></imgdir><imgdir name="8"><int name="x1" value="270"/><int name="y1" value="155"/><int name="x2" value="360"/><int name="y2" value="155"/><int name="prev" value="9"/><int name="next" value="7"/><int name="piece" value="-1"/></imgdir><imgdir name="9"><int name="x1" value="180"/><int name="y1" value="155"/><int name="x2" value="270"/><int name="y2" value="155"/><int name="prev" value="1"/><int name="next" value="8"/><int name="piece" value="-1"/></imgdir><imgdir name="10"><int name="x1" value="-360"/><int name="y1" value="155"/><int name="x2" value="-270"/><int name="y2" value="155"/><int name="prev" value="5"/><int name="next" value="2"/><int name="piece" value="-1"/></imgdir><imgdir name="11"><int name="x1" value="450"/><int name="y1" value="155"/><int name="x2" value="540"/><int name="y2" value="155"/><int name="prev" value="7"/><int name="next" value="13"/><int name="piece" value="-1"/></imgdir><imgdir name="12"><int name="x1" value="630"/><int name="y1" value="155"/><int name="x2" value="720"/><int name="y2" value="155"/><int name="prev" value="13"/><int name="next" value="0"/><int name="piece" value="-1"/></imgdir><imgdir name="13"><int name="x1" value="540"/><int name="y1" value="155"/><int name="x2" value="630"/><int name="y2" value="155"/><int name="prev" value="11"/><int name="next" value="12"/><int name="piece" value="-1"/></imgdir><imgdir name="14"><int name="x1" value="-720"/><int name="y1" value="155"/><int name="x2" value="-630"/><int name="y2" value="155"/><int name="prev" value="0"/><int name="next" value="15"/><int name="piece" value="-1"/></imgdir><imgdir name="15"><int name="x1" value="-630"/><int name="y1" value="155"/><int name="x2" value="-540"/><int name="y2" value="155"/><int name="prev" value="14"/><int name="next" value="16"/><int name="piece" value="-1"/></imgdir><imgdir name="16"><int name="x1" value="-540"/><int name="y1" value="155"/><int name="x2" value="-450"/><int name="y2" value="155"/><int name="prev" value="15"/><int name="next" value="5"/><int name="piece" value="-1"/></imgdir></imgdir><imgdir name="8"><imgdir name="17"><int name="x1" value="-720"/><int name="y1" value="-25"/><int name="x2" value="-630"/><int name="y2" value="-25"/><int name="prev" value="0"/><int name="next" value="19"/><int name="piece" value="-1"/></imgdir><imgdir name="18"><int name="x1" value="-540"/><int name="y1" value="-25"/><int name="x2" value="-489"/><int name="y2" value="-25"/><int name="prev" value="19"/><int name="next" value="20"/><int name="piece" value="-1"/></imgdir><imgdir name="19"><int name="x1" value="-630"/><int name="y1" value="-25"/><int name="x2" value="-540"/><int name="y2" value="-25"/><int name="prev" value="17"/><int name="next" value="18"/><int name="piece" value="-1"/></imgdir><imgdir name="20"><int name="x1" value="-489"/><int name="y1" value="-25"/><int name="x2" value="-450"/><int name="y2" value="-25"/><int name="prev" value="18"/><int name="next" value="21"/><int name="piece" value="-1"/></imgdir><imgdir name="21"><int name="x1" value="-450"/><int name="y1" value="-25"/><int name="x2" value="-411"/><int name="y2" value="-25"/><int name="prev" value="20"/><int name="next" value="22"/><int name="piece" value="-1"/></imgdir><imgdir name="22"><int name="x1" value="-411"/><int name="y1" value="-25"/><int name="x2" value="-411"/><int name="y2" value="0"/><int name="prev" value="21"/><int name="next" value="0"/><int name="piece" value="-1"/></imgdir></imgdir><imgdir name="12"><imgdir name="23"><int name="x1" value="-399"/><int name="y1" value="-60"/><int name="x2" value="-399"/><int name="y2" value="-85"/><int name="prev" value="0"/><int name="next" value="24"/><int name="piece" value="-1"/></imgdir><imgdir name="24"><int name="x1" value="-399"/><int name="y1" value="-85"/><int name="x2" value="-321"/><int name="y2" value="-85"/><int name="prev" value="23"/><int name="next" value="27"/><int name="piece" value="-1"/></imgdir><imgdir name="25"><int name="x1" value="-309"/><int name="y1" value="-85"/><int name="x2" value="-231"/><int name="y2" value="-85"/><int name="prev" value="27"/><int name="next" value="26"/><int name="piece" value="-1"/></imgdir><imgdir name="26"><int name="x1" value="-231"/><int name="y1" value="-85"/><int name="x2" value="-231"/><int name="y2" value="-60"/><int name="prev" value="25"/><int name="next" value="0"/><int name="piece" value="-1"/></imgdir><imgdir name="27"><int name="x1" value="-321"/><int name="y1" value="-85"/><int name="x2" value="-309"/><int name="y2" value="-85"/><int name="prev" value="24"/><int name="next" value="25"/><int name="piece" value="-1"/></imgdir></imgdir><imgdir name="13"><imgdir name="28"><int name="x1" value="-219"/><int name="y1" value="-120"/><int name="x2" value="-219"/><int name="y2" value="-145"/><int name="prev" value="0"/><int name="next" value="29"/><int name="piece" value="-1"/></imgdir><imgdir name="29"><int name="x1" value="-219"/><int name="y1" value="-145"/><int name="x2" value="-141"/><int name="y2" value="-145"/><int name="prev" value="28"/><int name="next" value="32"/><int name="piece" value="-1"/></imgdir><imgdir name="30"><int name="x1" value="-129"/><int name="y1" value="-145"/><int name="x2" value="-51"/><int name="y2" value="-145"/><int name="prev" value="32"/><int name="next" value="31"/><int name="piece" value="-1"/></imgdir><imgdir name="31"><int name="x1" value="-51"/><int name="y1" value="-145"/><int name="x2" value="-51"/><int name="y2" value="-120"/><int name="prev" value="30"/><int name="next" value="0"/><int name="piece" value="-1"/></imgdir><imgdir name="32"><int name="x1" value="-141"/><int name="y1" value="-145"/><int name="x2" value="-129"/><int name="y2" value="-145"/><int name="prev" value="29"/><int name="next" value="30"/><int name="piece" value="-1"/></imgdir></imgdir><imgdir name="17"><imgdir name="33"><int name="x1" value="-669"/><int name="y1" value="-240"/><int name="x2" value="-669"/><int name="y2" value="-265"/><int name="prev" value="0"/><int name="next" value="34"/><int name="piece" value="-1"/></imgdir><imgdir name="34"><int name="x1" value="-669"/><int name="y1" value="-265"/><int name="x2" value="-591"/><int name="y2" value="-265"/><int name="prev" value="33"/><int name="next" value="35"/><int name="piece" value="-1"/></imgdir><imgdir name="35"><int name="x1" value="-591"/><int name="y1" value="-265"/><int name="x2" value="-540"/><int name="y2" value="-265"/><int name="prev" value="34"/><int name="next" value="36"/><int name="piece" value="-1"/></imgdir><imgdir name="36"><int name="x1" value="-540"/><int name="y1" value="-265"/><int name="x2" value="-450"/><int name="y2" value="-265"/><int name="prev" value="35"/><int name="next" value="38"/><int name="piece" value="-1"/></imgdir><imgdir name="37"><int name="x1" value="-360"/><int name="y1" value="-265"/><int name="x2" value="-309"/><int name="y2" value="-265"/><int name="prev" value="38"/><int name="next" value="39"/><int name="piece" value="-1"/></imgdir><imgdir name="38"><int name="x1" value="-450"/><int name="y1" value="-265"/><int name="x2" value="-360"/><int name="y2" value="-265"/><int name="prev" value="36"/><int name="next" value="37"/><int name="piece" value="-1"/></imgdir><imgdir name="39"><int name="x1" value="-309"/><int name="y1" value="-265"/><int name="x2" value="-270"/><int name="y2" value="-265"/><int name="prev" value="37"/><int name="next" value="40"/><int name="piece" value="-1"/></imgdir><imgdir name="40"><int name="x1" value="-270"/><int name="y1" value="-265"/><int name="x2" value="-231"/><int name="y2" value="-265"/><int name="prev" value="39"/><int name="next" value="41"/><int name="piece" value="-1"/></imgdir><imgdir name="41"><int name="x1" value="-231"/><int name="y1" value="-265"/><int name="x2" value="-231"/><int name="y2" value="-240"/><int name="prev" value="40"/><int name="next" value="0"/><int name="piece" value="-1"/></imgdir></imgdir></imgdir></imgdir><imgdir name="ladderRope"><imgdir name="1"><int name="l" value="0"/><int name="uf" value="1"/><int name="x" value="-470"/><int name="y1" value="-23"/><int name="y2" value="86"/><int name="page" value="2"/></imgdir><imgdir name="2"><int name="l" value="0"/><int name="uf" value="1"/><int name="x" value="-316"/><int name="y1" value="-263"/><int name="y2" value="-152"/><int name="page" value="2"/></imgdir></imgdir><imgdir name="miniMap"><canvas name="canvas" width="97" height="54"><string name="_hash" value="80832e1cc75ddf96288114032081ea3358dcdc0d189b99368bc133798998dc2a"/></canvas><int name="width" value="1554"/><int name="height" value="868"/><int name="centerX" value="786"/><int name="centerY" value="433"/><int name="mag" value="4"/></imgdir><imgdir name="portal"><imgdir name="0"><string name="pn" value="sp"/><int name="pt" value="0"/><int name="x" value="-211"/><int name="y" value="148"/><int name="tm" value="999999999"/><string name="tn" value=""/></imgdir></imgdir></imgdir>