<?xml version="1.0" encoding="UTF-8" standalone="yes"?><imgdir name="910023100.img"><imgdir name="info"><int name="version" value="10"/><int name="cloud" value="0"/><int name="town" value="0"/><int name="swim" value="0"/><int name="returnMap" value="910023201"/><int name="forcedReturn" value="910023202"/><float name="mobRate" value="1.0"/><string name="bgm" value="BgmEvent/wichTower"/><string name="mapMark" value="Event"/><int name="fly" value="0"/><int name="noMapCmd" value="0"/><int name="hideMinimap" value="1"/><int name="fieldLimit" value="287484"/><string name="fieldScript" value=""/><string name="onFirstUserEnter" value="SportsPlay"/><string name="onUserEnter" value=""/><int name="VRTop" value="-660"/><int name="VRLeft" value="-1300"/><int name="VRBottom" value="200"/><int name="VRRight" value="220"/></imgdir><imgdir name="back"><imgdir name="0"><string name="bS" value="event2"/><int name="front" value="0"/><int name="ani" value="0"/><int name="no" value="40"/><int name="f" value="0"/><int name="x" value="11"/><int name="y" value="-290"/><int name="rx" value="0"/><int name="ry" value="0"/><int name="type" value="1"/><int name="cx" value="0"/><int name="cy" value="0"/><int name="a" value="255"/></imgdir><imgdir name="1"><string name="bS" value="ereb"/><int name="front" value="0"/><int name="ani" value="0"/><int name="no" value="2"/><int name="f" value="0"/><int name="x" value="8"/><int name="y" value="-483"/><int name="rx" value="0"/><int name="ry" value="0"/><int name="type" value="0"/><int name="cx" value="0"/><int name="cy" value="0"/><int name="a" value="255"/></imgdir><imgdir name="2"><string name="bS" value="ereb"/><int name="front" value="0"/><int name="ani" value="0"/><int name="no" value="3"/><int name="f" value="0"/><int name="x" value="-409"/><int name="y" value="-445"/><int name="rx" value="-10"/><int name="ry" value="-10"/><int name="type" value="0"/><int name="cx" value="1000"/><int name="cy" value="0"/><int name="a" value="255"/></imgdir><imgdir name="3"><string name="bS" value="ereb"/><int name="front" value="0"/><int name="ani" value="0"/><int name="no" value="4"/><int name="f" value="0"/><int name="x" value="212"/><int name="y" value="-469"/><int name="rx" value="-40"/><int name="ry" value="-40"/><int name="type" value="0"/><int name="cx" value="1000"/><int name="cy" value="0"/><int name="a" value="255"/></imgdir><imgdir name="4"><string name="bS" value="ereb"/><int name="front" value="0"/><int name="ani" value="0"/><int name="no" value="4"/><int name="f" value="0"/><int name="x" value="-562"/><int name="y" value="-370"/><int name="rx" value="-19"/><int name="ry" value="-50"/><int name="type" value="0"/><int name="cx" value="1000"/><int name="cy" value="0"/><int name="a" value="255"/></imgdir><imgdir name="5"><string name="bS" value="ereb"/><int name="front" value="0"/><int name="ani" value="0"/><int name="no" value="5"/><int name="f" value="0"/><int name="x" value="-324"/><int name="y" value="-372"/><int name="rx" value="-10"/><int name="ry" value="-50"/><int name="type" value="4"/><int name="cx" value="1000"/><int name="cy" value="0"/><int name="a" value="255"/></imgdir><imgdir name="6"><string name="bS" value="ereb"/><int name="front" value="0"/><int name="ani" value="0"/><int name="no" value="6"/><int name="f" value="0"/><int name="x" value="220"/><int name="y" value="-89"/><int name="rx" value="-50"/><int name="ry" value="-50"/><int name="type" value="0"/><int name="cx" value="0"/><int name="cy" value="0"/><int name="a" value="255"/></imgdir><imgdir name="7"><string name="bS" value="ereb"/><int name="front" value="0"/><int name="ani" value="1"/><int name="no" value="1"/><int name="f" value="0"/><int name="x" value="-547"/><int name="y" value="-445"/><int name="rx" value="-30"/><int name="ry" value="-30"/><int name="type" value="0"/><int name="cx" value="0"/><int name="cy" value="0"/><int name="a" value="255"/></imgdir><imgdir name="8"><string name="bS" value="ereb"/><int name="front" value="0"/><int name="ani" value="1"/><int name="no" value="1"/><int name="f" value="0"/><int name="x" value="-64"/><int name="y" value="-415"/><int name="rx" value="-30"/><int name="ry" value="-30"/><int name="type" value="0"/><int name="cx" value="0"/><int name="cy" value="0"/><int name="a" value="255"/></imgdir><imgdir name="9"><string name="bS" value="ereb"/><int name="front" value="0"/><int name="ani" value="1"/><int name="no" value="2"/><int name="f" value="0"/><int name="x" value="455"/><int name="y" value="-444"/><int name="rx" value="-40"/><int name="ry" value="-40"/><int name="type" value="0"/><int name="cx" value="0"/><int name="cy" value="0"/><int name="a" value="255"/></imgdir><imgdir name="10"><string name="bS" value="event2"/><int name="front" value="0"/><int name="ani" value="0"/><int name="no" value="41"/><int name="f" value="0"/><int name="x" value="-298"/><int name="y" value="-356"/><int name="rx" value="-10"/><int name="ry" value="-10"/><int name="type" value="0"/><int name="cx" value="0"/><int name="cy" value="0"/><int name="a" value="255"/></imgdir><imgdir name="11"><string name="bS" value="battleEntrance"/><int name="front" value="0"/><int name="ani" value="0"/><int name="no" value="7"/><int name="f" value="0"/><int name="x" value="-34"/><int name="y" value="-370"/><int name="rx" value="-30"/><int name="ry" value="-30"/><int name="type" value="0"/><int name="cx" value="0"/><int name="cy" value="0"/><int name="a" value="255"/></imgdir><imgdir name="12"><string name="bS" value="event2"/><int name="front" value="0"/><int name="ani" value="0"/><int name="no" value="42"/><int name="f" value="0"/><int name="x" value="-699"/><int name="y" value="-191"/><int name="rx" value="-50"/><int name="ry" value="-50"/><int name="type" value="1"/><int name="cx" value="0"/><int name="cy" value="0"/><int name="a" value="255"/></imgdir><imgdir name="13"><string name="bS" value="event2"/><int name="front" value="0"/><int name="ani" value="0"/><int name="no" value="43"/><int name="f" value="0"/><int name="x" value="-407"/><int name="y" value="-101"/><int name="rx" value="-70"/><int name="ry" value="-70"/><int name="type" value="1"/><int name="cx" value="0"/><int name="cy" value="0"/><int name="a" value="255"/></imgdir><imgdir name="14"><string name="bS" value="ereb"/><int name="front" value="0"/><int name="ani" value="1"/><int name="no" value="6"/><int name="f" value="0"/><int name="x" value="298"/><int name="y" value="-206"/><int name="rx" value="0"/><int name="ry" value="0"/><int name="type" value="0"/><int name="cx" value="0"/><int name="cy" value="0"/><int name="a" value="255"/></imgdir><imgdir name="15"><string name="bS" value="battleEntrance"/><int name="front" value="0"/><int name="ani" value="1"/><int name="no" value="0"/><int name="f" value="0"/><int name="x" value="-428"/><int name="y" value="-330"/><int name="rx" value="0"/><int name="ry" value="0"/><int name="type" value="0"/><int name="cx" value="0"/><int name="cy" value="0"/><int name="a" value="255"/></imgdir><imgdir name="16"><string name="bS" value="battleEntrance"/><int name="front" value="0"/><int name="ani" value="1"/><int name="no" value="0"/><int name="f" value="0"/><int name="x" value="194"/><int name="y" value="-335"/><int name="rx" value="0"/><int name="ry" value="0"/><int name="type" value="0"/><int name="cx" value="0"/><int name="cy" value="0"/><int name="a" value="255"/></imgdir></imgdir><imgdir name="life"><imgdir name="0"><string name="type" value="m"/><string name="id" value="9500517"/><int name="x" value="-563"/><int name="y" value="-6"/><int name="mobTime" value="-1"/><int name="f" value="1"/><int name="hide" value="0"/><int name="fh" value="3"/><int name="cy" value="3"/><int name="rx0" value="-1285"/><int name="rx1" value="205"/></imgdir><imgdir name="1"><string name="type" value="n"/><string name="id" value="9000093"/><int name="x" value="-541"/><int name="y" value="-123"/><int name="mobTime" value="0"/><int name="f" value="0"/><int name="hide" value="0"/><int name="fh" value="3"/><int name="cy" value="3"/><int name="rx0" value="-591"/><int name="rx1" value="-491"/></imgdir></imgdir><imgdir name="reactor"></imgdir><imgdir name="0"><imgdir name="info"></imgdir><imgdir name="tile"></imgdir><imgdir name="obj"><imgdir name="0"><string name="oS" value="event"/><string name="l0" value="SportsDay"/><string name="l1" value="Field"/><string name="l2" value="3"/><int name="x" value="55"/><int name="y" value="-322"/><int name="z" value="9"/><int name="f" value="0"/><int name="zM" value="5"/><int name="r" value="0"/><int name="move" value="0"/><int name="dynamic" value="0"/><int name="piece" value="0"/></imgdir><imgdir name="1"><string name="oS" value="event"/><string name="l0" value="SportsDay"/><string name="l1" value="Field"/><string name="l2" value="2"/><int name="x" value="-346"/><int name="y" value="-265"/><int name="z" value="9"/><int name="f" value="0"/><int name="zM" value="2"/><int name="r" value="0"/><int name="move" value="0"/><int name="dynamic" value="0"/><int name="piece" value="1"/></imgdir><imgdir name="2"><string name="oS" value="event"/><string name="l0" value="SportsDay"/><string name="l1" value="Field"/><string name="l2" value="1"/><int name="x" value="-747"/><int name="y" value="-265"/><int name="z" value="9"/><int name="f" value="0"/><int name="zM" value="3"/><int name="r" value="0"/><int name="move" value="0"/><int name="dynamic" value="0"/><int name="piece" value="2"/></imgdir><imgdir name="3"><string name="oS" value="event"/><string name="l0" value="SportsDay"/><string name="l1" value="Field"/><string name="l2" value="0"/><int name="x" value="-1148"/><int name="y" value="-307"/><int name="z" value="9"/><int name="f" value="0"/><int name="zM" value="4"/><int name="r" value="0"/><int name="move" value="0"/><int name="dynamic" value="0"/><int name="piece" value="3"/></imgdir><imgdir name="4"><string name="oS" value="battle"/><string name="l0" value="entrance"/><string name="l1" value="effect"/><string name="l2" value="3"/><int name="x" value="-1065"/><int name="y" value="-584"/><int name="z" value="9"/><int name="f" value="0"/><int name="zM" value="4"/><int name="r" value="0"/><int name="move" value="0"/><int name="dynamic" value="0"/><int name="piece" value="4"/></imgdir><imgdir name="5"><string name="oS" value="battle"/><string name="l0" value="entrance"/><string name="l1" value="effect"/><string name="l2" value="4"/><int name="x" value="-893"/><int name="y" value="-465"/><int name="z" value="9"/><int name="f" value="0"/><int name="zM" value="3"/><int name="r" value="0"/><int name="move" value="0"/><int name="dynamic" value="0"/><int name="piece" value="5"/></imgdir><imgdir name="6"><string name="oS" value="battle"/><string name="l0" value="entrance"/><string name="l1" value="effect"/><string name="l2" value="5"/><int name="x" value="-13"/><int name="y" value="-544"/><int name="z" value="9"/><int name="f" value="0"/><int name="zM" value="5"/><int name="r" value="0"/><int name="move" value="0"/><int name="dynamic" value="0"/><int name="piece" value="6"/></imgdir><imgdir name="7"><string name="oS" value="battle"/><string name="l0" value="entrance"/><string name="l1" value="effect"/><string name="l2" value="6"/><int name="x" value="-202"/><int name="y" value="-644"/><int name="z" value="9"/><int name="f" value="0"/><int name="zM" value="13"/><int name="r" value="0"/><int name="move" value="0"/><int name="dynamic" value="0"/><int name="piece" value="7"/></imgdir></imgdir></imgdir><imgdir name="1"><imgdir name="info"></imgdir><imgdir name="tile"></imgdir><imgdir name="obj"><imgdir name="0"><string name="oS" value="event"/><string name="l0" value="SportsDay"/><string name="l1" value="Npc"/><string name="l2" value="0"/><int name="x" value="-58"/><int name="y" value="-22"/><int name="z" value="12"/><int name="f" value="0"/><int name="zM" value="1"/><int name="r" value="0"/><int name="move" value="0"/><int name="dynamic" value="0"/><int name="piece" value="0"/></imgdir><imgdir name="1"><string name="oS" value="event"/><string name="l0" value="SportsDay"/><string name="l1" value="Npc"/><string name="l2" value="1"/><int name="x" value="-347"/><int name="y" value="-17"/><int name="z" value="11"/><int name="f" value="0"/><int name="zM" value="8"/><int name="r" value="0"/><int name="move" value="0"/><int name="dynamic" value="0"/><int name="piece" value="1"/></imgdir><imgdir name="2"><string name="oS" value="event"/><string name="l0" value="SportsDay"/><string name="l1" value="Npc"/><string name="l2" value="2"/><int name="x" value="-92"/><int name="y" value="2"/><int name="z" value="14"/><int name="f" value="0"/><int name="zM" value="1"/><int name="r" value="0"/><int name="move" value="0"/><int name="dynamic" value="0"/><int name="piece" value="2"/></imgdir><imgdir name="3"><string name="oS" value="event"/><string name="l0" value="SportsDay"/><string name="l1" value="Npc"/><string name="l2" value="3"/><int name="x" value="-213"/><int name="y" value="1"/><int name="z" value="14"/><int name="f" value="0"/><int name="zM" value="6"/><int name="r" value="0"/><int name="move" value="0"/><int name="dynamic" value="0"/><int name="piece" value="3"/></imgdir><imgdir name="4"><string name="oS" value="event"/><string name="l0" value="SportsDay"/><string name="l1" value="Npc"/><string name="l2" value="4"/><int name="x" value="-173"/><int name="y" value="-50"/><int name="z" value="9"/><int name="f" value="0"/><int name="zM" value="1"/><int name="r" value="0"/><int name="move" value="0"/><int name="dynamic" value="0"/><int name="piece" value="4"/></imgdir><imgdir name="5"><string name="oS" value="event"/><string name="l0" value="SportsDay"/><string name="l1" value="Npc"/><string name="l2" value="8"/><int name="x" value="-307"/><int name="y" value="-65"/><int name="z" value="6"/><int name="f" value="0"/><int name="zM" value="8"/><int name="r" value="0"/><int name="move" value="0"/><int name="dynamic" value="0"/><int name="piece" value="5"/></imgdir><imgdir name="6"><string name="oS" value="event"/><string name="l0" value="SportsDay"/><string name="l1" value="Npc"/><string name="l2" value="9"/><int name="x" value="-113"/><int name="y" value="-93"/><int name="z" value="4"/><int name="f" value="0"/><int name="zM" value="1"/><int name="r" value="0"/><int name="move" value="0"/><int name="dynamic" value="0"/><int name="piece" value="6"/></imgdir><imgdir name="7"><string name="oS" value="event"/><string name="l0" value="SportsDay"/><string name="l1" value="Npc"/><string name="l2" value="5"/><int name="x" value="-302"/><int name="y" value="-18"/><int name="z" value="10"/><int name="f" value="0"/><int name="zM" value="8"/><int name="r" value="0"/><int name="move" value="0"/><int name="dynamic" value="0"/><int name="piece" value="7"/></imgdir><imgdir name="8"><string name="oS" value="event"/><string name="l0" value="SportsDay"/><string name="l1" value="Npc"/><string name="l2" value="6"/><int name="x" value="-250"/><int name="y" value="-90"/><int name="z" value="5"/><int name="f" value="0"/><int name="zM" value="1"/><int name="r" value="0"/><int name="move" value="0"/><int name="dynamic" value="0"/><int name="piece" value="8"/></imgdir><imgdir name="9"><string name="oS" value="event"/><string name="l0" value="SportsDay"/><string name="l1" value="Npc"/><string name="l2" value="7"/><int name="x" value="-393"/><int name="y" value="-33"/><int name="z" value="8"/><int name="f" value="0"/><int name="zM" value="8"/><int name="r" value="0"/><int name="move" value="0"/><int name="dynamic" value="0"/><int name="piece" value="9"/></imgdir><imgdir name="10"><string name="oS" value="event"/><string name="l0" value="SportsDay"/><string name="l1" value="Npc"/><string name="l2" value="11"/><int name="x" value="-1022"/><int name="y" value="-34"/><int name="z" value="9"/><int name="f" value="0"/><int name="zM" value="7"/><int name="r" value="0"/><int name="move" value="0"/><int name="dynamic" value="0"/><int name="piece" value="10"/></imgdir><imgdir name="11"><string name="oS" value="event"/><string name="l0" value="SportsDay"/><string name="l1" value="Npc"/><string name="l2" value="10"/><int name="x" value="-685"/><int name="y" value="-33"/><int name="z" value="9"/><int name="f" value="0"/><int name="zM" value="9"/><int name="r" value="0"/><int name="move" value="0"/><int name="dynamic" value="0"/><int name="piece" value="11"/></imgdir><imgdir name="12"><string name="oS" value="event"/><string name="l0" value="SportsDay"/><string name="l1" value="Npc"/><string name="l2" value="12"/><int name="x" value="-709"/><int name="y" value="-88"/><int name="z" value="4"/><int name="f" value="0"/><int name="zM" value="9"/><int name="r" value="0"/><int name="move" value="0"/><int name="dynamic" value="0"/><int name="piece" value="12"/></imgdir><imgdir name="13"><string name="oS" value="event"/><string name="l0" value="SportsDay"/><string name="l1" value="Npc"/><string name="l2" value="13"/><int name="x" value="-966"/><int name="y" value="1"/><int name="z" value="12"/><int name="f" value="0"/><int name="zM" value="7"/><int name="r" value="0"/><int name="move" value="0"/><int name="dynamic" value="0"/><int name="piece" value="13"/></imgdir><imgdir name="14"><string name="oS" value="event"/><string name="l0" value="SportsDay"/><string name="l1" value="Npc"/><string name="l2" value="14"/><int name="x" value="-930"/><int name="y" value="-65"/><int name="z" value="4"/><int name="f" value="0"/><int name="zM" value="7"/><int name="r" value="0"/><int name="move" value="0"/><int name="dynamic" value="0"/><int name="piece" value="14"/></imgdir><imgdir name="15"><string name="oS" value="event"/><string name="l0" value="SportsDay"/><string name="l1" value="Npc"/><string name="l2" value="15"/><int name="x" value="-806"/><int name="y" value="-68"/><int name="z" value="4"/><int name="f" value="0"/><int name="zM" value="9"/><int name="r" value="0"/><int name="move" value="0"/><int name="dynamic" value="0"/><int name="piece" value="15"/></imgdir><imgdir name="16"><string name="oS" value="event"/><string name="l0" value="SportsDay"/><string name="l1" value="Npc"/><string name="l2" value="16"/><int name="x" value="-791"/><int name="y" value="0"/><int name="z" value="14"/><int name="f" value="0"/><int name="zM" value="7"/><int name="r" value="0"/><int name="move" value="0"/><int name="dynamic" value="0"/><int name="piece" value="16"/></imgdir><imgdir name="17"><string name="oS" value="event"/><string name="l0" value="SportsDay"/><string name="l1" value="Npc"/><string name="l2" value="17"/><int name="x" value="-931"/><int name="y" value="-32"/><int name="z" value="9"/><int name="f" value="0"/><int name="zM" value="7"/><int name="r" value="0"/><int name="move" value="0"/><int name="dynamic" value="0"/><int name="piece" value="17"/></imgdir><imgdir name="18"><string name="oS" value="event"/><string name="l0" value="SportsDay"/><string name="l1" value="Npc"/><string name="l2" value="5"/><int name="x" value="-276"/><int name="y" value="-18"/><int name="z" value="11"/><int name="f" value="0"/><int name="zM" value="1"/><int name="r" value="0"/><int name="move" value="0"/><int name="dynamic" value="0"/><int name="piece" value="18"/></imgdir><imgdir name="19"><string name="oS" value="event"/><string name="l0" value="SportsDay"/><string name="l1" value="Npc"/><string name="l2" value="18"/><int name="x" value="-541"/><int name="y" value="-123"/><int name="z" value="6"/><int name="f" value="0"/><int name="zM" value="11"/><int name="r" value="0"/><int name="move" value="0"/><int name="dynamic" value="0"/><int name="piece" value="19"/></imgdir></imgdir></imgdir><imgdir name="2"><imgdir name="info"></imgdir><imgdir name="tile"></imgdir><imgdir name="obj"><imgdir name="0"><string name="oS" value="event"/><string name="l0" value="SportsDay"/><string name="l1" value="Field"/><string name="l2" value="4"/><int name="x" value="-546"/><int name="y" value="-488"/><int name="z" value="9"/><int name="f" value="0"/><int name="zM" value="12"/><int name="r" value="0"/><int name="move" value="0"/><int name="dynamic" value="0"/><int name="piece" value="0"/></imgdir></imgdir></imgdir><imgdir name="3"><imgdir name="info"></imgdir><imgdir name="tile"></imgdir><imgdir name="obj"></imgdir></imgdir><imgdir name="4"><imgdir name="info"></imgdir><imgdir name="tile"></imgdir><imgdir name="obj"><imgdir name="0"><string name="oS" value="event"/><string name="l0" value="SportsDay"/><string name="l1" value="Field"/><string name="l2" value="5"/><int name="x" value="-550"/><int name="y" value="-120"/><int name="z" value="2"/><int name="f" value="0"/><int name="zM" value="10"/><int name="r" value="0"/><int name="move" value="0"/><int name="dynamic" value="0"/><int name="piece" value="0"/></imgdir></imgdir></imgdir><imgdir name="5"><imgdir name="info"></imgdir><imgdir name="tile"></imgdir><imgdir name="obj"></imgdir></imgdir><imgdir name="6"><imgdir name="info"><string name="tS" value="mureung"/><int name="tSMag" value="1"/></imgdir><imgdir name="tile"><imgdir name="4"><int name="x" value="-585"/><int name="y" value="30"/><string name="u" value="enH0"/><int name="no" value="0"/><int name="zM" value="0"/></imgdir><imgdir name="15"><int name="x" value="-135"/><int name="y" value="30"/><string name="u" value="enH0"/><int name="no" value="2"/><int name="zM" value="0"/></imgdir><imgdir name="13"><int name="x" value="-225"/><int name="y" value="30"/><string name="u" value="enH0"/><int name="no" value="1"/><int name="zM" value="0"/></imgdir><imgdir name="11"><int name="x" value="-315"/><int name="y" value="30"/><string name="u" value="enH0"/><int name="no" value="0"/><int name="zM" value="0"/></imgdir><imgdir name="9"><int name="x" value="-405"/><int name="y" value="30"/><string name="u" value="enH0"/><int name="no" value="2"/><int name="zM" value="0"/></imgdir><imgdir name="3"><int name="x" value="-495"/><int name="y" value="30"/><string name="u" value="enH0"/><int name="no" value="2"/><int name="zM" value="0"/></imgdir><imgdir name="7"><int name="x" value="-45"/><int name="y" value="30"/><string name="u" value="enH0"/><int name="no" value="0"/><int name="zM" value="0"/></imgdir><imgdir name="17"><int name="x" value="45"/><int name="y" value="30"/><string name="u" value="enH0"/><int name="no" value="1"/><int name="zM" value="0"/></imgdir><imgdir name="19"><int name="x" value="135"/><int name="y" value="30"/><string name="u" value="enH0"/><int name="no" value="2"/><int name="zM" value="0"/></imgdir><imgdir name="1"><int name="x" value="-675"/><int name="y" value="30"/><string name="u" value="enH0"/><int name="no" value="2"/><int name="zM" value="0"/></imgdir><imgdir name="39"><int name="x" value="-765"/><int name="y" value="30"/><string name="u" value="enH0"/><int name="no" value="1"/><int name="zM" value="0"/></imgdir><imgdir name="37"><int name="x" value="-855"/><int name="y" value="30"/><string name="u" value="enH0"/><int name="no" value="1"/><int name="zM" value="0"/></imgdir><imgdir name="45"><int name="x" value="-1035"/><int name="y" value="30"/><string name="u" value="enH0"/><int name="no" value="1"/><int name="zM" value="0"/></imgdir><imgdir name="43"><int name="x" value="-945"/><int name="y" value="30"/><string name="u" value="enH0"/><int name="no" value="1"/><int name="zM" value="0"/></imgdir><imgdir name="41"><int name="x" value="-1125"/><int name="y" value="30"/><string name="u" value="enH0"/><int name="no" value="2"/><int name="zM" value="0"/></imgdir><imgdir name="49"><int name="x" value="-1215"/><int name="y" value="30"/><string name="u" value="enH0"/><int name="no" value="2"/><int name="zM" value="0"/></imgdir><imgdir name="47"><int name="x" value="-1305"/><int name="y" value="30"/><string name="u" value="enH0"/><int name="no" value="0"/><int name="zM" value="0"/></imgdir><imgdir name="61"><int name="x" value="-675"/><int name="y" value="90"/><string name="u" value="bsc"/><int name="no" value="4"/><int name="zM" value="0"/></imgdir><imgdir name="0"><int name="x" value="-675"/><int name="y" value="30"/><string name="u" value="bsc"/><int name="no" value="3"/><int name="zM" value="0"/></imgdir><imgdir name="56"><int name="x" value="-675"/><int name="y" value="150"/><string name="u" value="enH1"/><int name="no" value="2"/><int name="zM" value="0"/></imgdir><imgdir name="64"><int name="x" value="-855"/><int name="y" value="150"/><string name="u" value="enH1"/><int name="no" value="1"/><int name="zM" value="0"/></imgdir><imgdir name="62"><int name="x" value="-765"/><int name="y" value="150"/><string name="u" value="enH1"/><int name="no" value="1"/><int name="zM" value="0"/></imgdir><imgdir name="60"><int name="x" value="-945"/><int name="y" value="150"/><string name="u" value="enH1"/><int name="no" value="0"/><int name="zM" value="0"/></imgdir><imgdir name="66"><int name="x" value="-1035"/><int name="y" value="150"/><string name="u" value="enH1"/><int name="no" value="2"/><int name="zM" value="0"/></imgdir><imgdir name="38"><int name="x" value="-765"/><int name="y" value="30"/><string name="u" value="bsc"/><int name="no" value="2"/><int name="zM" value="0"/></imgdir><imgdir name="36"><int name="x" value="-855"/><int name="y" value="30"/><string name="u" value="bsc"/><int name="no" value="2"/><int name="zM" value="0"/></imgdir><imgdir name="57"><int name="x" value="-765"/><int name="y" value="90"/><string name="u" value="bsc"/><int name="no" value="2"/><int name="zM" value="0"/></imgdir><imgdir name="59"><int name="x" value="-855"/><int name="y" value="90"/><string name="u" value="bsc"/><int name="no" value="4"/><int name="zM" value="0"/></imgdir><imgdir name="44"><int name="x" value="-1035"/><int name="y" value="30"/><string name="u" value="bsc"/><int name="no" value="3"/><int name="zM" value="0"/></imgdir><imgdir name="42"><int name="x" value="-945"/><int name="y" value="30"/><string name="u" value="bsc"/><int name="no" value="0"/><int name="zM" value="0"/></imgdir><imgdir name="46"><int name="x" value="-1305"/><int name="y" value="30"/><string name="u" value="bsc"/><int name="no" value="3"/><int name="zM" value="0"/></imgdir><imgdir name="48"><int name="x" value="-1215"/><int name="y" value="30"/><string name="u" value="bsc"/><int name="no" value="4"/><int name="zM" value="0"/></imgdir><imgdir name="40"><int name="x" value="-1125"/><int name="y" value="30"/><string name="u" value="bsc"/><int name="no" value="0"/><int name="zM" value="0"/></imgdir><imgdir name="53"><int name="x" value="-1305"/><int name="y" value="90"/><string name="u" value="bsc"/><int name="no" value="5"/><int name="zM" value="0"/></imgdir><imgdir name="67"><int name="x" value="-1305"/><int name="y" value="150"/><string name="u" value="enH1"/><int name="no" value="2"/><int name="zM" value="0"/></imgdir><imgdir name="58"><int name="x" value="-585"/><int name="y" value="150"/><string name="u" value="enH1"/><int name="no" value="0"/><int name="zM" value="0"/></imgdir><imgdir name="5"><int name="x" value="-585"/><int name="y" value="30"/><string name="u" value="bsc"/><int name="no" value="3"/><int name="zM" value="0"/></imgdir><imgdir name="8"><int name="x" value="-405"/><int name="y" value="30"/><string name="u" value="bsc"/><int name="no" value="0"/><int name="zM" value="0"/></imgdir><imgdir name="2"><int name="x" value="-495"/><int name="y" value="30"/><string name="u" value="bsc"/><int name="no" value="5"/><int name="zM" value="0"/></imgdir><imgdir name="12"><int name="x" value="-225"/><int name="y" value="30"/><string name="u" value="bsc"/><int name="no" value="1"/><int name="zM" value="0"/></imgdir><imgdir name="10"><int name="x" value="-315"/><int name="y" value="30"/><string name="u" value="bsc"/><int name="no" value="0"/><int name="zM" value="0"/></imgdir><imgdir name="14"><int name="x" value="-135"/><int name="y" value="30"/><string name="u" value="bsc"/><int name="no" value="3"/><int name="zM" value="0"/></imgdir><imgdir name="18"><int name="x" value="135"/><int name="y" value="30"/><string name="u" value="bsc"/><int name="no" value="2"/><int name="zM" value="0"/></imgdir><imgdir name="16"><int name="x" value="45"/><int name="y" value="30"/><string name="u" value="bsc"/><int name="no" value="5"/><int name="zM" value="0"/></imgdir><imgdir name="6"><int name="x" value="-45"/><int name="y" value="30"/><string name="u" value="bsc"/><int name="no" value="1"/><int name="zM" value="0"/></imgdir><imgdir name="55"><int name="x" value="135"/><int name="y" value="90"/><string name="u" value="bsc"/><int name="no" value="0"/><int name="zM" value="0"/></imgdir><imgdir name="28"><int name="x" value="-495"/><int name="y" value="90"/><string name="u" value="bsc"/><int name="no" value="0"/><int name="zM" value="0"/></imgdir><imgdir name="29"><int name="x" value="-225"/><int name="y" value="150"/><string name="u" value="enH1"/><int name="no" value="1"/><int name="zM" value="0"/></imgdir><imgdir name="31"><int name="x" value="45"/><int name="y" value="150"/><string name="u" value="enH1"/><int name="no" value="2"/><int name="zM" value="0"/></imgdir><imgdir name="22"><int name="x" value="-405"/><int name="y" value="90"/><string name="u" value="bsc"/><int name="no" value="0"/><int name="zM" value="0"/></imgdir><imgdir name="23"><int name="x" value="135"/><int name="y" value="150"/><string name="u" value="enH1"/><int name="no" value="2"/><int name="zM" value="0"/></imgdir><imgdir name="32"><int name="x" value="-585"/><int name="y" value="90"/><string name="u" value="bsc"/><int name="no" value="0"/><int name="zM" value="0"/></imgdir><imgdir name="33"><int name="x" value="-135"/><int name="y" value="90"/><string name="u" value="bsc"/><int name="no" value="5"/><int name="zM" value="0"/></imgdir><imgdir name="26"><int name="x" value="-45"/><int name="y" value="150"/><string name="u" value="enH1"/><int name="no" value="1"/><int name="zM" value="0"/></imgdir><imgdir name="27"><int name="x" value="-315"/><int name="y" value="90"/><string name="u" value="bsc"/><int name="no" value="4"/><int name="zM" value="0"/></imgdir><imgdir name="34"><int name="x" value="-135"/><int name="y" value="150"/><string name="u" value="enH1"/><int name="no" value="2"/><int name="zM" value="0"/></imgdir><imgdir name="30"><int name="x" value="-225"/><int name="y" value="90"/><string name="u" value="bsc"/><int name="no" value="5"/><int name="zM" value="0"/></imgdir><imgdir name="24"><int name="x" value="-315"/><int name="y" value="150"/><string name="u" value="enH1"/><int name="no" value="0"/><int name="zM" value="0"/></imgdir><imgdir name="25"><int name="x" value="-45"/><int name="y" value="90"/><string name="u" value="bsc"/><int name="no" value="5"/><int name="zM" value="0"/></imgdir><imgdir name="35"><int name="x" value="-405"/><int name="y" value="150"/><string name="u" value="enH1"/><int name="no" value="0"/><int name="zM" value="0"/></imgdir><imgdir name="54"><int name="x" value="45"/><int name="y" value="90"/><string name="u" value="bsc"/><int name="no" value="4"/><int name="zM" value="0"/></imgdir><imgdir name="20"><int name="x" value="-495"/><int name="y" value="150"/><string name="u" value="enH1"/><int name="no" value="2"/><int name="zM" value="0"/></imgdir><imgdir name="21"><int name="x" value="-1215"/><int name="y" value="90"/><string name="u" value="bsc"/><int name="no" value="2"/><int name="zM" value="0"/></imgdir><imgdir name="50"><int name="x" value="-1035"/><int name="y" value="90"/><string name="u" value="bsc"/><int name="no" value="3"/><int name="zM" value="0"/></imgdir><imgdir name="51"><int name="x" value="-945"/><int name="y" value="90"/><string name="u" value="bsc"/><int name="no" value="4"/><int name="zM" value="0"/></imgdir><imgdir name="65"><int name="x" value="-1125"/><int name="y" value="90"/><string name="u" value="bsc"/><int name="no" value="2"/><int name="zM" value="0"/></imgdir><imgdir name="63"><int name="x" value="-1215"/><int name="y" value="150"/><string name="u" value="enH1"/><int name="no" value="0"/><int name="zM" value="0"/></imgdir><imgdir name="52"><int name="x" value="-1125"/><int name="y" value="150"/><string name="u" value="enH1"/><int name="no" value="1"/><int name="zM" value="0"/></imgdir></imgdir><imgdir name="obj"></imgdir></imgdir><imgdir name="7"><imgdir name="info"></imgdir><imgdir name="tile"></imgdir><imgdir name="obj"><imgdir name="0"><string name="oS" value="battle"/><string name="l0" value="entrance"/><string name="l1" value="effect"/><string name="l2" value="5"/><int name="x" value="0"/><int name="y" value="-721"/><int name="z" value="9"/><int name="f" value="0"/><int name="zM" value="14"/><int name="r" value="0"/><int name="move" value="0"/><int name="dynamic" value="0"/><int name="piece" value="0"/></imgdir><imgdir name="1"><string name="oS" value="battle"/><string name="l0" value="entrance"/><string name="l1" value="effect"/><string name="l2" value="6"/><int name="x" value="-811"/><int name="y" value="-730"/><int name="z" value="9"/><int name="f" value="0"/><int name="zM" value="15"/><int name="r" value="0"/><int name="move" value="0"/><int name="dynamic" value="0"/><int name="piece" value="1"/></imgdir></imgdir></imgdir><imgdir name="foothold"><imgdir name="6"><imgdir name="0"><imgdir name="1"><int name="x1" value="-675"/><int name="y1" value="3"/><int name="x2" value="-585"/><int name="y2" value="3"/><int name="prev" value="12"/><int name="next" value="3"/><int name="piece" value="-1"/></imgdir><imgdir name="2"><int name="x1" value="-495"/><int name="y1" value="3"/><int name="x2" value="-405"/><int name="y2" value="3"/><int name="prev" value="3"/><int name="next" value="5"/><int name="piece" value="-1"/></imgdir><imgdir name="3"><int name="x1" value="-585"/><int name="y1" value="3"/><int name="x2" value="-495"/><int name="y2" value="3"/><int name="prev" value="1"/><int name="next" value="2"/><int name="piece" value="-1"/></imgdir><imgdir name="4"><int name="x1" value="-45"/><int name="y1" value="3"/><int name="x2" value="45"/><int name="y2" value="3"/><int name="prev" value="8"/><int name="next" value="9"/><int name="piece" value="-1"/></imgdir><imgdir name="5"><int name="x1" value="-405"/><int name="y1" value="3"/><int name="x2" value="-315"/><int name="y2" value="3"/><int name="prev" value="2"/><int name="next" value="6"/><int name="piece" value="-1"/></imgdir><imgdir name="6"><int name="x1" value="-315"/><int name="y1" value="3"/><int name="x2" value="-225"/><int name="y2" value="3"/><int name="prev" value="5"/><int name="next" value="7"/><int name="piece" value="-1"/></imgdir><imgdir name="7"><int name="x1" value="-225"/><int name="y1" value="3"/><int name="x2" value="-135"/><int name="y2" value="3"/><int name="prev" value="6"/><int name="next" value="8"/><int name="piece" value="-1"/></imgdir><imgdir name="8"><int name="x1" value="-135"/><int name="y1" value="3"/><int name="x2" value="-45"/><int name="y2" value="3"/><int name="prev" value="7"/><int name="next" value="4"/><int name="piece" value="-1"/></imgdir><imgdir name="9"><int name="x1" value="45"/><int name="y1" value="3"/><int name="x2" value="135"/><int name="y2" value="3"/><int name="prev" value="4"/><int name="next" value="10"/><int name="piece" value="-1"/></imgdir><imgdir name="10"><int name="x1" value="135"/><int name="y1" value="3"/><int name="x2" value="225"/><int name="y2" value="3"/><int name="prev" value="9"/><int name="next" value="0"/><int name="piece" value="-1"/></imgdir><imgdir name="11"><int name="x1" value="-855"/><int name="y1" value="3"/><int name="x2" value="-765"/><int name="y2" value="3"/><int name="prev" value="14"/><int name="next" value="12"/><int name="piece" value="-1"/></imgdir><imgdir name="12"><int name="x1" value="-765"/><int name="y1" value="3"/><int name="x2" value="-675"/><int name="y2" value="3"/><int name="prev" value="11"/><int name="next" value="1"/><int name="piece" value="-1"/></imgdir><imgdir name="13"><int name="x1" value="-1125"/><int name="y1" value="3"/><int name="x2" value="-1035"/><int name="y2" value="3"/><int name="prev" value="17"/><int name="next" value="15"/><int name="piece" value="-1"/></imgdir><imgdir name="14"><int name="x1" value="-945"/><int name="y1" value="3"/><int name="x2" value="-855"/><int name="y2" value="3"/><int name="prev" value="15"/><int name="next" value="11"/><int name="piece" value="-1"/></imgdir><imgdir name="15"><int name="x1" value="-1035"/><int name="y1" value="3"/><int name="x2" value="-945"/><int name="y2" value="3"/><int name="prev" value="13"/><int name="next" value="14"/><int name="piece" value="-1"/></imgdir><imgdir name="16"><int name="x1" value="-1305"/><int name="y1" value="3"/><int name="x2" value="-1215"/><int name="y2" value="3"/><int name="prev" value="0"/><int name="next" value="17"/><int name="piece" value="-1"/></imgdir><imgdir name="17"><int name="x1" value="-1215"/><int name="y1" value="3"/><int name="x2" value="-1125"/><int name="y2" value="3"/><int name="prev" value="16"/><int name="next" value="13"/><int name="piece" value="-1"/></imgdir></imgdir></imgdir></imgdir><imgdir name="ladderRope"></imgdir><imgdir name="miniMap"><canvas name="canvas" width="106" height="70"><string name="_hash" value="f9c4c1fc2e95037650d457088eb571748dbfadd3951eb155db5232f5d8c778eb"/></canvas><int name="width" value="1699"/><int name="height" value="1123"/><int name="centerX" value="1396"/><int name="centerY" value="880"/><int name="mag" value="4"/></imgdir><imgdir name="portal"><imgdir name="0"><string name="pn" value="sp"/><int name="pt" value="0"/><int name="x" value="0"/><int name="y" value="0"/><int name="tm" value="999999999"/><string name="tn" value=""/><int name="horizontalImpact" value="0"/></imgdir></imgdir></imgdir>