<?xml version="1.0" encoding="UTF-8" standalone="yes"?><imgdir name="910000012.img"><imgdir name="back"><imgdir name="0"><string name="bS" value="toyCastle"/><int name="front" value="0"/><int name="ani" value="0"/><int name="no" value="0"/><int name="f" value="0"/><int name="x" value="0"/><int name="y" value="0"/><int name="rx" value="0"/><int name="ry" value="0"/><int name="type" value="3"/><int name="cx" value="0"/><int name="cy" value="0"/><int name="a" value="255"/></imgdir><imgdir name="1"><string name="bS" value="toyCastle"/><int name="front" value="0"/><int name="ani" value="0"/><int name="no" value="1"/><int name="f" value="0"/><int name="x" value="9"/><int name="y" value="96"/><int name="rx" value="-2"/><int name="ry" value="-2"/><int name="type" value="1"/><int name="cx" value="0"/><int name="cy" value="0"/><int name="a" value="255"/></imgdir><imgdir name="2"><string name="bS" value="toyCastle"/><int name="front" value="0"/><int name="ani" value="0"/><int name="no" value="2"/><int name="f" value="0"/><int name="x" value="-59"/><int name="y" value="-15"/><int name="rx" value="1"/><int name="ry" value="-3"/><int name="type" value="4"/><int name="cx" value="1200"/><int name="cy" value="0"/><int name="a" value="255"/></imgdir><imgdir name="3"><string name="bS" value="toyCastle"/><int name="front" value="0"/><int name="ani" value="0"/><int name="no" value="5"/><int name="f" value="0"/><int name="x" value="361"/><int name="y" value="-273"/><int name="rx" value="2"/><int name="ry" value="-6"/><int name="type" value="4"/><int name="cx" value="1600"/><int name="cy" value="0"/><int name="a" value="255"/></imgdir><imgdir name="4"><string name="bS" value="toyCastle"/><int name="front" value="0"/><int name="ani" value="0"/><int name="no" value="6"/><int name="f" value="0"/><int name="x" value="-347"/><int name="y" value="-27"/><int name="rx" value="2"/><int name="ry" value="-7"/><int name="type" value="4"/><int name="cx" value="1800"/><int name="cy" value="0"/><int name="a" value="255"/></imgdir><imgdir name="5"><string name="bS" value="toyCastle"/><int name="front" value="0"/><int name="ani" value="0"/><int name="no" value="7"/><int name="f" value="0"/><int name="x" value="-62"/><int name="y" value="101"/><int name="rx" value="3"/><int name="ry" value="-8"/><int name="type" value="4"/><int name="cx" value="1000"/><int name="cy" value="0"/><int name="a" value="255"/></imgdir><imgdir name="6"><string name="bS" value="toyCastle"/><int name="front" value="0"/><int name="ani" value="0"/><int name="no" value="8"/><int name="f" value="0"/><int name="x" value="-235"/><int name="y" value="-65"/><int name="rx" value="3"/><int name="ry" value="-10"/><int name="type" value="4"/><int name="cx" value="1100"/><int name="cy" value="0"/><int name="a" value="255"/></imgdir><imgdir name="7"><string name="bS" value="toyCastle"/><int name="front" value="0"/><int name="ani" value="0"/><int name="no" value="9"/><int name="f" value="0"/><int name="x" value="703"/><int name="y" value="-82"/><int name="rx" value="4"/><int name="ry" value="-12"/><int name="type" value="4"/><int name="cx" value="1600"/><int name="cy" value="0"/><int name="a" value="255"/></imgdir><imgdir name="8"><string name="bS" value="toyCastle"/><int name="front" value="0"/><int name="ani" value="0"/><int name="no" value="10"/><int name="f" value="0"/><int name="x" value="-329"/><int name="y" value="-253"/><int name="rx" value="4"/><int name="ry" value="-13"/><int name="type" value="4"/><int name="cx" value="1000"/><int name="cy" value="0"/><int name="a" value="255"/></imgdir><imgdir name="9"><string name="bS" value="toyCastle"/><int name="front" value="0"/><int name="ani" value="0"/><int name="no" value="11"/><int name="f" value="0"/><int name="x" value="485"/><int name="y" value="-270"/><int name="rx" value="5"/><int name="ry" value="-15"/><int name="type" value="4"/><int name="cx" value="1300"/><int name="cy" value="0"/><int name="a" value="255"/></imgdir><imgdir name="10"><string name="bS" value="toyCastle"/><int name="front" value="0"/><int name="ani" value="0"/><int name="no" value="12"/><int name="f" value="0"/><int name="x" value="59"/><int name="y" value="54"/><int name="rx" value="5"/><int name="ry" value="-16"/><int name="type" value="4"/><int name="cx" value="1450"/><int name="cy" value="0"/><int name="a" value="255"/></imgdir><imgdir name="11"><string name="bS" value="toyCastle"/><int name="front" value="0"/><int name="ani" value="0"/><int name="no" value="13"/><int name="f" value="0"/><int name="x" value="-399"/><int name="y" value="-18"/><int name="rx" value="-20"/><int name="ry" value="-30"/><int name="type" value="0"/><int name="cx" value="0"/><int name="cy" value="0"/><int name="a" value="255"/></imgdir><imgdir name="12"><string name="bS" value="toyCastle"/><int name="front" value="0"/><int name="ani" value="0"/><int name="no" value="14"/><int name="f" value="0"/><int name="x" value="129"/><int name="y" value="-234"/><int name="rx" value="-45"/><int name="ry" value="-50"/><int name="type" value="2"/><int name="cx" value="0"/><int name="cy" value="0"/><int name="a" value="255"/></imgdir><imgdir name="13"><string name="bS" value="toyCastle"/><int name="front" value="0"/><int name="ani" value="0"/><int name="no" value="15"/><int name="f" value="0"/><int name="x" value="209"/><int name="y" value="64"/><int name="rx" value="-60"/><int name="ry" value="-90"/><int name="type" value="1"/><int name="cx" value="0"/><int name="cy" value="0"/><int name="a" value="255"/></imgdir><imgdir name="14"><string name="bS" value="toyCastle"/><int name="front" value="0"/><int name="ani" value="0"/><int name="no" value="17"/><int name="f" value="0"/><int name="x" value="188"/><int name="y" value="-123"/><int name="rx" value="-85"/><int name="ry" value="-100"/><int name="type" value="1"/><int name="cx" value="0"/><int name="cy" value="0"/><int name="a" value="255"/></imgdir></imgdir><imgdir name="life"></imgdir><imgdir name="0"><imgdir name="info"></imgdir><imgdir name="tile"></imgdir><imgdir name="obj"></imgdir></imgdir><imgdir name="1"><imgdir name="info"></imgdir><imgdir name="tile"></imgdir><imgdir name="obj"><imgdir name="0"><string name="oS" value="acc4"/><string name="l0" value="toyCastle"/><string name="l1" value="market"/><string name="l2" value="1"/><int name="x" value="-345"/><int name="y" value="14"/><int name="z" value="2"/><int name="f" value="0"/><int name="zM" value="1"/><int name="reactor" value="0"/></imgdir><imgdir name="2"><string name="oS" value="signboard"/><string name="l0" value="market"/><string name="l1" value="number"/><string name="l2" value="23"/><int name="x" value="-370"/><int name="y" value="-48"/><int name="z" value="3"/><int name="f" value="0"/><int name="zM" value="1"/></imgdir><imgdir name="1"><string name="oS" value="signboard"/><string name="l0" value="market"/><string name="l1" value="number"/><string name="l2" value="24"/><int name="x" value="-351"/><int name="y" value="-48"/><int name="z" value="3"/><int name="f" value="0"/><int name="zM" value="1"/></imgdir><imgdir name="3"><string name="oS" value="acc4"/><string name="l0" value="toyCastle"/><string name="l1" value="nature"/><string name="l2" value="18"/><int name="x" value="-236"/><int name="y" value="29"/><int name="z" value="4"/><int name="f" value="0"/><int name="zM" value="0"/></imgdir><imgdir name="4"><string name="oS" value="acc4"/><string name="l0" value="toyCastle"/><string name="l1" value="nature"/><string name="l2" value="17"/><int name="x" value="-191"/><int name="y" value="55"/><int name="z" value="3"/><int name="f" value="0"/><int name="zM" value="0"/></imgdir><imgdir name="5"><string name="oS" value="acc4"/><string name="l0" value="toyCastle"/><string name="l1" value="nature"/><string name="l2" value="18"/><int name="x" value="-447"/><int name="y" value="30"/><int name="z" value="1"/><int name="f" value="0"/><int name="zM" value="0"/></imgdir><imgdir name="6"><string name="oS" value="acc4"/><string name="l0" value="toyCastle"/><string name="l1" value="nature"/><string name="l2" value="17"/><int name="x" value="-492"/><int name="y" value="54"/><int name="z" value="3"/><int name="f" value="0"/><int name="zM" value="0"/></imgdir><imgdir name="7"><string name="oS" value="acc4"/><string name="l0" value="toyCastle"/><string name="l1" value="nature"/><string name="l2" value="17"/><int name="x" value="-531"/><int name="y" value="54"/><int name="z" value="2"/><int name="f" value="0"/><int name="zM" value="0"/></imgdir><imgdir name="8"><string name="oS" value="acc4"/><string name="l0" value="toyCastle"/><string name="l1" value="nature"/><string name="l2" value="6"/><int name="x" value="-596"/><int name="y" value="91"/><int name="z" value="3"/><int name="f" value="0"/><int name="zM" value="0"/></imgdir><imgdir name="9"><string name="oS" value="acc4"/><string name="l0" value="toyCastle"/><string name="l1" value="nature"/><string name="l2" value="7"/><int name="x" value="-612"/><int name="y" value="78"/><int name="z" value="2"/><int name="f" value="0"/><int name="zM" value="0"/></imgdir><imgdir name="10"><string name="oS" value="acc4"/><string name="l0" value="toyCastle"/><string name="l1" value="nature"/><string name="l2" value="10"/><int name="x" value="-639"/><int name="y" value="93"/><int name="z" value="4"/><int name="f" value="0"/><int name="zM" value="0"/></imgdir><imgdir name="11"><string name="oS" value="acc4"/><string name="l0" value="toyCastle"/><string name="l1" value="nature"/><string name="l2" value="9"/><int name="x" value="-658"/><int name="y" value="91"/><int name="z" value="3"/><int name="f" value="0"/><int name="zM" value="0"/></imgdir></imgdir></imgdir><imgdir name="2"><imgdir name="info"></imgdir><imgdir name="tile"></imgdir><imgdir name="obj"></imgdir></imgdir><imgdir name="3"><imgdir name="info"><string name="tS" value="yellowToyCastle"/><int name="tSMag" value="1"/></imgdir><imgdir name="tile"><imgdir name="0"><int name="x" value="-540"/><int name="y" value="-300"/><string name="u" value="edU"/><int name="no" value="0"/><int name="zM" value="27"/></imgdir><imgdir name="1"><int name="x" value="-540"/><int name="y" value="-300"/><string name="u" value="edD"/><int name="no" value="0"/><int name="zM" value="27"/></imgdir><imgdir name="2"><int name="x" value="-630"/><int name="y" value="-300"/><string name="u" value="edU"/><int name="no" value="0"/><int name="zM" value="27"/></imgdir><imgdir name="3"><int name="x" value="-630"/><int name="y" value="-300"/><string name="u" value="edD"/><int name="no" value="0"/><int name="zM" value="27"/></imgdir><imgdir name="4"><int name="x" value="-630"/><int name="y" value="-300"/><string name="u" value="enH0"/><int name="no" value="1"/><int name="zM" value="27"/></imgdir><imgdir name="5"><int name="x" value="-630"/><int name="y" value="-300"/><string name="u" value="enH1"/><int name="no" value="2"/><int name="zM" value="27"/></imgdir><imgdir name="6"><int name="x" value="-720"/><int name="y" value="-300"/><string name="u" value="edU"/><int name="no" value="0"/><int name="zM" value="28"/></imgdir><imgdir name="7"><int name="x" value="-720"/><int name="y" value="-300"/><string name="u" value="edD"/><int name="no" value="0"/><int name="zM" value="28"/></imgdir><imgdir name="8"><int name="x" value="-810"/><int name="y" value="-300"/><string name="u" value="edU"/><int name="no" value="0"/><int name="zM" value="28"/></imgdir><imgdir name="9"><int name="x" value="-810"/><int name="y" value="-300"/><string name="u" value="edD"/><int name="no" value="0"/><int name="zM" value="28"/></imgdir><imgdir name="10"><int name="x" value="-810"/><int name="y" value="-300"/><string name="u" value="enH0"/><int name="no" value="2"/><int name="zM" value="28"/></imgdir><imgdir name="11"><int name="x" value="-810"/><int name="y" value="-300"/><string name="u" value="enH1"/><int name="no" value="0"/><int name="zM" value="28"/></imgdir><imgdir name="12"><int name="x" value="-900"/><int name="y" value="-300"/><string name="u" value="edU"/><int name="no" value="0"/><int name="zM" value="29"/></imgdir><imgdir name="13"><int name="x" value="-900"/><int name="y" value="-300"/><string name="u" value="edD"/><int name="no" value="0"/><int name="zM" value="29"/></imgdir><imgdir name="14"><int name="x" value="-990"/><int name="y" value="-300"/><string name="u" value="edU"/><int name="no" value="0"/><int name="zM" value="29"/></imgdir><imgdir name="15"><int name="x" value="-990"/><int name="y" value="-300"/><string name="u" value="edD"/><int name="no" value="0"/><int name="zM" value="29"/></imgdir><imgdir name="16"><int name="x" value="-990"/><int name="y" value="-300"/><string name="u" value="enH0"/><int name="no" value="2"/><int name="zM" value="29"/></imgdir><imgdir name="17"><int name="x" value="-990"/><int name="y" value="-300"/><string name="u" value="enH1"/><int name="no" value="2"/><int name="zM" value="29"/></imgdir><imgdir name="18"><int name="x" value="-1080"/><int name="y" value="-300"/><string name="u" value="edU"/><int name="no" value="0"/><int name="zM" value="30"/></imgdir><imgdir name="19"><int name="x" value="-1080"/><int name="y" value="-300"/><string name="u" value="edD"/><int name="no" value="0"/><int name="zM" value="30"/></imgdir><imgdir name="20"><int name="x" value="-1170"/><int name="y" value="-300"/><string name="u" value="edU"/><int name="no" value="0"/><int name="zM" value="30"/></imgdir><imgdir name="21"><int name="x" value="-1170"/><int name="y" value="-300"/><string name="u" value="edD"/><int name="no" value="0"/><int name="zM" value="30"/></imgdir><imgdir name="22"><int name="x" value="-1170"/><int name="y" value="-300"/><string name="u" value="enH0"/><int name="no" value="1"/><int name="zM" value="30"/></imgdir><imgdir name="23"><int name="x" value="-1170"/><int name="y" value="-300"/><string name="u" value="enH1"/><int name="no" value="0"/><int name="zM" value="30"/></imgdir><imgdir name="24"><int name="x" value="-1350"/><int name="y" value="-300"/><string name="u" value="edU"/><int name="no" value="0"/><int name="zM" value="31"/></imgdir><imgdir name="25"><int name="x" value="-1350"/><int name="y" value="-300"/><string name="u" value="edD"/><int name="no" value="0"/><int name="zM" value="31"/></imgdir><imgdir name="26"><int name="x" value="-1260"/><int name="y" value="-300"/><string name="u" value="edU"/><int name="no" value="0"/><int name="zM" value="31"/></imgdir><imgdir name="27"><int name="x" value="-1260"/><int name="y" value="-300"/><string name="u" value="edD"/><int name="no" value="0"/><int name="zM" value="31"/></imgdir><imgdir name="28"><int name="x" value="-1350"/><int name="y" value="-300"/><string name="u" value="enH0"/><int name="no" value="2"/><int name="zM" value="31"/></imgdir><imgdir name="29"><int name="x" value="-1350"/><int name="y" value="-300"/><string name="u" value="enH1"/><int name="no" value="2"/><int name="zM" value="31"/></imgdir><imgdir name="30"><int name="x" value="-1530"/><int name="y" value="-300"/><string name="u" value="edU"/><int name="no" value="0"/><int name="zM" value="32"/></imgdir><imgdir name="31"><int name="x" value="-1530"/><int name="y" value="-300"/><string name="u" value="edD"/><int name="no" value="0"/><int name="zM" value="32"/></imgdir><imgdir name="32"><int name="x" value="-1440"/><int name="y" value="-300"/><string name="u" value="edU"/><int name="no" value="0"/><int name="zM" value="32"/></imgdir><imgdir name="33"><int name="x" value="-1440"/><int name="y" value="-300"/><string name="u" value="edD"/><int name="no" value="0"/><int name="zM" value="32"/></imgdir><imgdir name="34"><int name="x" value="-1530"/><int name="y" value="-300"/><string name="u" value="enH0"/><int name="no" value="1"/><int name="zM" value="32"/></imgdir><imgdir name="35"><int name="x" value="-1530"/><int name="y" value="-300"/><string name="u" value="enH1"/><int name="no" value="2"/><int name="zM" value="32"/></imgdir><imgdir name="36"><int name="x" value="-1710"/><int name="y" value="-300"/><string name="u" value="edU"/><int name="no" value="0"/><int name="zM" value="33"/></imgdir><imgdir name="37"><int name="x" value="-1710"/><int name="y" value="-300"/><string name="u" value="edD"/><int name="no" value="0"/><int name="zM" value="33"/></imgdir><imgdir name="38"><int name="x" value="-1620"/><int name="y" value="-300"/><string name="u" value="edU"/><int name="no" value="0"/><int name="zM" value="33"/></imgdir><imgdir name="39"><int name="x" value="-1620"/><int name="y" value="-300"/><string name="u" value="edD"/><int name="no" value="0"/><int name="zM" value="33"/></imgdir><imgdir name="40"><int name="x" value="-1710"/><int name="y" value="-300"/><string name="u" value="enH0"/><int name="no" value="0"/><int name="zM" value="33"/></imgdir><imgdir name="41"><int name="x" value="-1710"/><int name="y" value="-300"/><string name="u" value="enH1"/><int name="no" value="1"/><int name="zM" value="33"/></imgdir><imgdir name="42"><int name="x" value="-450"/><int name="y" value="-300"/><string name="u" value="edU"/><int name="no" value="0"/><int name="zM" value="25"/></imgdir><imgdir name="43"><int name="x" value="-450"/><int name="y" value="-300"/><string name="u" value="edD"/><int name="no" value="0"/><int name="zM" value="25"/></imgdir><imgdir name="44"><int name="x" value="-1800"/><int name="y" value="-300"/><string name="u" value="edU"/><int name="no" value="0"/><int name="zM" value="26"/></imgdir><imgdir name="45"><int name="x" value="-1800"/><int name="y" value="-300"/><string name="u" value="edD"/><int name="no" value="0"/><int name="zM" value="26"/></imgdir></imgdir><imgdir name="obj"></imgdir></imgdir><imgdir name="4"><imgdir name="info"><string name="tS" value="yellowToyCastle"/><int name="tSMag" value="1"/></imgdir><imgdir name="tile"><imgdir name="3"><int name="x" value="-855"/><int name="y" value="-90"/><string name="u" value="enH1"/><int name="no" value="1"/><int name="zM" value="13"/></imgdir><imgdir name="2"><int name="x" value="-855"/><int name="y" value="-90"/><string name="u" value="enH0"/><int name="no" value="2"/><int name="zM" value="13"/></imgdir><imgdir name="1"><int name="x" value="-945"/><int name="y" value="-90"/><string name="u" value="enH1"/><int name="no" value="0"/><int name="zM" value="13"/></imgdir><imgdir name="0"><int name="x" value="-945"/><int name="y" value="-90"/><string name="u" value="enH0"/><int name="no" value="0"/><int name="zM" value="13"/></imgdir><imgdir name="6"><int name="x" value="-1035"/><int name="y" value="-90"/><string name="u" value="enH1"/><int name="no" value="0"/><int name="zM" value="13"/></imgdir><imgdir name="7"><int name="x" value="-1035"/><int name="y" value="-90"/><string name="u" value="enH0"/><int name="no" value="2"/><int name="zM" value="13"/></imgdir><imgdir name="12"><int name="x" value="-1215"/><int name="y" value="-90"/><string name="u" value="enH1"/><int name="no" value="2"/><int name="zM" value="13"/></imgdir><imgdir name="13"><int name="x" value="-1215"/><int name="y" value="-90"/><string name="u" value="enH0"/><int name="no" value="2"/><int name="zM" value="13"/></imgdir><imgdir name="10"><int name="x" value="-1125"/><int name="y" value="-90"/><string name="u" value="enH1"/><int name="no" value="2"/><int name="zM" value="13"/></imgdir><imgdir name="11"><int name="x" value="-1125"/><int name="y" value="-90"/><string name="u" value="enH0"/><int name="no" value="1"/><int name="zM" value="13"/></imgdir><imgdir name="8"><int name="x" value="-1305"/><int name="y" value="-90"/><string name="u" value="enH1"/><int name="no" value="1"/><int name="zM" value="13"/></imgdir><imgdir name="9"><int name="x" value="-1305"/><int name="y" value="-90"/><string name="u" value="enH0"/><int name="no" value="2"/><int name="zM" value="13"/></imgdir><imgdir name="18"><int name="x" value="-1485"/><int name="y" value="-90"/><string name="u" value="enH1"/><int name="no" value="1"/><int name="zM" value="13"/></imgdir><imgdir name="19"><int name="x" value="-1485"/><int name="y" value="-90"/><string name="u" value="enH0"/><int name="no" value="0"/><int name="zM" value="13"/></imgdir><imgdir name="16"><int name="x" value="-1395"/><int name="y" value="-90"/><string name="u" value="enH1"/><int name="no" value="1"/><int name="zM" value="13"/></imgdir><imgdir name="17"><int name="x" value="-1395"/><int name="y" value="-90"/><string name="u" value="enH0"/><int name="no" value="1"/><int name="zM" value="13"/></imgdir><imgdir name="14"><int name="x" value="-1575"/><int name="y" value="-90"/><string name="u" value="enH1"/><int name="no" value="2"/><int name="zM" value="13"/></imgdir><imgdir name="15"><int name="x" value="-1575"/><int name="y" value="-90"/><string name="u" value="enH0"/><int name="no" value="1"/><int name="zM" value="13"/></imgdir><imgdir name="20"><int name="x" value="-1665"/><int name="y" value="-90"/><string name="u" value="enH1"/><int name="no" value="1"/><int name="zM" value="13"/></imgdir><imgdir name="21"><int name="x" value="-1665"/><int name="y" value="-90"/><string name="u" value="enH0"/><int name="no" value="0"/><int name="zM" value="13"/></imgdir><imgdir name="4"><int name="x" value="-765"/><int name="y" value="-90"/><string name="u" value="enH1"/><int name="no" value="0"/><int name="zM" value="13"/></imgdir><imgdir name="5"><int name="x" value="-765"/><int name="y" value="-90"/><string name="u" value="enH0"/><int name="no" value="2"/><int name="zM" value="13"/></imgdir><imgdir name="28"><int name="x" value="-585"/><int name="y" value="-90"/><string name="u" value="edU"/><int name="no" value="0"/><int name="zM" value="13"/></imgdir><imgdir name="29"><int name="x" value="-585"/><int name="y" value="-90"/><string name="u" value="edD"/><int name="no" value="0"/><int name="zM" value="13"/></imgdir><imgdir name="26"><int name="x" value="-675"/><int name="y" value="-90"/><string name="u" value="enH1"/><int name="no" value="2"/><int name="zM" value="13"/></imgdir><imgdir name="27"><int name="x" value="-675"/><int name="y" value="-90"/><string name="u" value="enH0"/><int name="no" value="1"/><int name="zM" value="13"/></imgdir><imgdir name="23"><int name="x" value="-495"/><int name="y" value="-90"/><string name="u" value="edD"/><int name="no" value="0"/><int name="zM" value="12"/></imgdir><imgdir name="22"><int name="x" value="-495"/><int name="y" value="-90"/><string name="u" value="edU"/><int name="no" value="0"/><int name="zM" value="12"/></imgdir><imgdir name="30"><int name="x" value="-1755"/><int name="y" value="-90"/><string name="u" value="edU"/><int name="no" value="0"/><int name="zM" value="11"/></imgdir><imgdir name="31"><int name="x" value="-1755"/><int name="y" value="-90"/><string name="u" value="edD"/><int name="no" value="0"/><int name="zM" value="11"/></imgdir><imgdir name="24"><int name="x" value="-1665"/><int name="y" value="-90"/><string name="u" value="edD"/><int name="no" value="0"/><int name="zM" value="13"/></imgdir><imgdir name="25"><int name="x" value="-1665"/><int name="y" value="-90"/><string name="u" value="edU"/><int name="no" value="0"/><int name="zM" value="13"/></imgdir></imgdir><imgdir name="obj"><imgdir name="0"><string name="oS" value="connect"/><string name="l0" value="ladder"/><string name="l1" value="20"/><string name="l2" value="0"/><int name="x" value="-1453"/><int name="y" value="-316"/><int name="z" value="3"/><int name="f" value="0"/><int name="zM" value="34"/><int name="reactor" value="0"/></imgdir><imgdir name="1"><string name="oS" value="connect"/><string name="l0" value="ladder"/><string name="l1" value="20"/><string name="l2" value="2"/><int name="x" value="-1453"/><int name="y" value="-266"/><int name="z" value="3"/><int name="f" value="0"/><int name="zM" value="24"/><int name="reactor" value="0"/></imgdir><imgdir name="2"><string name="oS" value="connect"/><string name="l0" value="ladder"/><string name="l1" value="20"/><string name="l2" value="1"/><int name="x" value="-1453"/><int name="y" value="-209"/><int name="z" value="3"/><int name="f" value="0"/><int name="zM" value="21"/><int name="reactor" value="0"/></imgdir><imgdir name="3"><string name="oS" value="connect"/><string name="l0" value="ladder"/><string name="l1" value="20"/><string name="l2" value="3"/><int name="x" value="-1453"/><int name="y" value="-172"/><int name="z" value="3"/><int name="f" value="0"/><int name="zM" value="20"/><int name="reactor" value="0"/></imgdir><imgdir name="4"><string name="oS" value="connect"/><string name="l0" value="ladder"/><string name="l1" value="20"/><string name="l2" value="0"/><int name="x" value="-913"/><int name="y" value="-316"/><int name="z" value="3"/><int name="f" value="0"/><int name="zM" value="35"/><int name="reactor" value="0"/></imgdir><imgdir name="5"><string name="oS" value="connect"/><string name="l0" value="ladder"/><string name="l1" value="20"/><string name="l2" value="2"/><int name="x" value="-913"/><int name="y" value="-266"/><int name="z" value="3"/><int name="f" value="0"/><int name="zM" value="23"/><int name="reactor" value="0"/></imgdir><imgdir name="6"><string name="oS" value="connect"/><string name="l0" value="ladder"/><string name="l1" value="20"/><string name="l2" value="1"/><int name="x" value="-913"/><int name="y" value="-209"/><int name="z" value="3"/><int name="f" value="0"/><int name="zM" value="22"/><int name="reactor" value="0"/></imgdir><imgdir name="7"><string name="oS" value="connect"/><string name="l0" value="ladder"/><string name="l1" value="20"/><string name="l2" value="3"/><int name="x" value="-913"/><int name="y" value="-172"/><int name="z" value="3"/><int name="f" value="0"/><int name="zM" value="19"/><int name="reactor" value="0"/></imgdir></imgdir></imgdir><imgdir name="5"><imgdir name="info"><string name="tS" value="yellowToyCastle"/><int name="tSMag" value="1"/></imgdir><imgdir name="tile"><imgdir name="1"><int name="x" value="-270"/><int name="y" value="120"/><string name="u" value="enH0"/><int name="no" value="2"/><int name="zM" value="0"/></imgdir><imgdir name="11"><int name="x" value="-450"/><int name="y" value="120"/><string name="u" value="enH0"/><int name="no" value="1"/><int name="zM" value="0"/></imgdir><imgdir name="13"><int name="x" value="-360"/><int name="y" value="120"/><string name="u" value="enH0"/><int name="no" value="2"/><int name="zM" value="0"/></imgdir><imgdir name="9"><int name="x" value="-540"/><int name="y" value="120"/><string name="u" value="enH0"/><int name="no" value="1"/><int name="zM" value="0"/></imgdir><imgdir name="19"><int name="x" value="-720"/><int name="y" value="120"/><string name="u" value="enH0"/><int name="no" value="2"/><int name="zM" value="0"/></imgdir><imgdir name="17"><int name="x" value="-630"/><int name="y" value="120"/><string name="u" value="enH0"/><int name="no" value="2"/><int name="zM" value="0"/></imgdir><imgdir name="15"><int name="x" value="-810"/><int name="y" value="120"/><string name="u" value="enH0"/><int name="no" value="0"/><int name="zM" value="0"/></imgdir><imgdir name="14"><int name="x" value="-810"/><int name="y" value="120"/><string name="u" value="bsc"/><int name="no" value="2"/><int name="zM" value="0"/></imgdir><imgdir name="18"><int name="x" value="-720"/><int name="y" value="120"/><string name="u" value="bsc"/><int name="no" value="1"/><int name="zM" value="0"/></imgdir><imgdir name="8"><int name="x" value="-540"/><int name="y" value="120"/><string name="u" value="bsc"/><int name="no" value="0"/><int name="zM" value="0"/></imgdir><imgdir name="16"><int name="x" value="-630"/><int name="y" value="120"/><string name="u" value="bsc"/><int name="no" value="0"/><int name="zM" value="0"/></imgdir><imgdir name="21"><int name="x" value="-810"/><int name="y" value="180"/><string name="u" value="bsc"/><int name="no" value="0"/><int name="zM" value="0"/></imgdir><imgdir name="25"><int name="x" value="-720"/><int name="y" value="180"/><string name="u" value="bsc"/><int name="no" value="5"/><int name="zM" value="0"/></imgdir><imgdir name="22"><int name="x" value="-540"/><int name="y" value="180"/><string name="u" value="bsc"/><int name="no" value="3"/><int name="zM" value="0"/></imgdir><imgdir name="24"><int name="x" value="-630"/><int name="y" value="180"/><string name="u" value="bsc"/><int name="no" value="5"/><int name="zM" value="0"/></imgdir><imgdir name="31"><int name="x" value="-810"/><int name="y" value="240"/><string name="u" value="bsc"/><int name="no" value="4"/><int name="zM" value="0"/></imgdir><imgdir name="27"><int name="x" value="-810"/><int name="y" value="300"/><string name="u" value="enH1"/><int name="no" value="1"/><int name="zM" value="0"/></imgdir><imgdir name="32"><int name="x" value="-720"/><int name="y" value="240"/><string name="u" value="bsc"/><int name="no" value="0"/><int name="zM" value="0"/></imgdir><imgdir name="37"><int name="x" value="-630"/><int name="y" value="300"/><string name="u" value="enH1"/><int name="no" value="0"/><int name="zM" value="0"/></imgdir><imgdir name="38"><int name="x" value="-720"/><int name="y" value="300"/><string name="u" value="enH1"/><int name="no" value="2"/><int name="zM" value="0"/></imgdir><imgdir name="26"><int name="x" value="-630"/><int name="y" value="240"/><string name="u" value="bsc"/><int name="no" value="1"/><int name="zM" value="0"/></imgdir><imgdir name="34"><int name="x" value="-540"/><int name="y" value="240"/><string name="u" value="bsc"/><int name="no" value="3"/><int name="zM" value="0"/></imgdir><imgdir name="40"><int name="x" value="-540"/><int name="y" value="300"/><string name="u" value="enH1"/><int name="no" value="0"/><int name="zM" value="0"/></imgdir><imgdir name="10"><int name="x" value="-450"/><int name="y" value="120"/><string name="u" value="bsc"/><int name="no" value="0"/><int name="zM" value="0"/></imgdir><imgdir name="20"><int name="x" value="-450"/><int name="y" value="180"/><string name="u" value="bsc"/><int name="no" value="0"/><int name="zM" value="0"/></imgdir><imgdir name="23"><int name="x" value="-450"/><int name="y" value="240"/><string name="u" value="bsc"/><int name="no" value="3"/><int name="zM" value="0"/></imgdir><imgdir name="39"><int name="x" value="-450"/><int name="y" value="300"/><string name="u" value="enH1"/><int name="no" value="0"/><int name="zM" value="0"/></imgdir><imgdir name="12"><int name="x" value="-360"/><int name="y" value="120"/><string name="u" value="bsc"/><int name="no" value="5"/><int name="zM" value="0"/></imgdir><imgdir name="42"><int name="x" value="-360"/><int name="y" value="240"/><string name="u" value="bsc"/><int name="no" value="2"/><int name="zM" value="0"/></imgdir><imgdir name="0"><int name="x" value="-270"/><int name="y" value="120"/><string name="u" value="bsc"/><int name="no" value="3"/><int name="zM" value="0"/></imgdir><imgdir name="46"><int name="x" value="-360"/><int name="y" value="180"/><string name="u" value="bsc"/><int name="no" value="0"/><int name="zM" value="0"/></imgdir><imgdir name="47"><int name="x" value="-360"/><int name="y" value="300"/><string name="u" value="enH1"/><int name="no" value="1"/><int name="zM" value="0"/></imgdir><imgdir name="41"><int name="x" value="-270"/><int name="y" value="180"/><string name="u" value="bsc"/><int name="no" value="3"/><int name="zM" value="0"/></imgdir><imgdir name="49"><int name="x" value="-270"/><int name="y" value="240"/><string name="u" value="bsc"/><int name="no" value="5"/><int name="zM" value="0"/></imgdir><imgdir name="48"><int name="x" value="-270"/><int name="y" value="300"/><string name="u" value="enH1"/><int name="no" value="2"/><int name="zM" value="0"/></imgdir><imgdir name="36"><int name="x" value="-900"/><int name="y" value="300"/><string name="u" value="enH1"/><int name="no" value="1"/><int name="zM" value="0"/></imgdir><imgdir name="29"><int name="x" value="-900"/><int name="y" value="120"/><string name="u" value="bsc"/><int name="no" value="2"/><int name="zM" value="0"/></imgdir><imgdir name="30"><int name="x" value="-900"/><int name="y" value="240"/><string name="u" value="bsc"/><int name="no" value="5"/><int name="zM" value="0"/></imgdir><imgdir name="35"><int name="x" value="-990"/><int name="y" value="120"/><string name="u" value="bsc"/><int name="no" value="2"/><int name="zM" value="0"/></imgdir><imgdir name="6"><int name="x" value="-990"/><int name="y" value="240"/><string name="u" value="bsc"/><int name="no" value="2"/><int name="zM" value="0"/></imgdir><imgdir name="44"><int name="x" value="-990"/><int name="y" value="180"/><string name="u" value="bsc"/><int name="no" value="1"/><int name="zM" value="0"/></imgdir><imgdir name="4"><int name="x" value="-900"/><int name="y" value="120"/><string name="u" value="enH0"/><int name="no" value="0"/><int name="zM" value="0"/></imgdir><imgdir name="5"><int name="x" value="-990"/><int name="y" value="300"/><string name="u" value="enH1"/><int name="no" value="0"/><int name="zM" value="0"/></imgdir><imgdir name="45"><int name="x" value="-900"/><int name="y" value="180"/><string name="u" value="bsc"/><int name="no" value="0"/><int name="zM" value="0"/></imgdir><imgdir name="33"><int name="x" value="-990"/><int name="y" value="120"/><string name="u" value="enH0"/><int name="no" value="1"/><int name="zM" value="0"/></imgdir><imgdir name="50"><int name="x" value="-180"/><int name="y" value="120"/><string name="u" value="edU"/><int name="no" value="0"/><int name="zM" value="0"/></imgdir><imgdir name="53"><int name="x" value="-180"/><int name="y" value="180"/><string name="u" value="enV1"/><int name="no" value="0"/><int name="zM" value="0"/></imgdir><imgdir name="54"><int name="x" value="-180"/><int name="y" value="300"/><string name="u" value="edD"/><int name="no" value="0"/><int name="zM" value="0"/></imgdir><imgdir name="51"><int name="x" value="-180"/><int name="y" value="120"/><string name="u" value="enV1"/><int name="no" value="1"/><int name="zM" value="0"/></imgdir><imgdir name="52"><int name="x" value="-180"/><int name="y" value="240"/><string name="u" value="enV1"/><int name="no" value="0"/><int name="zM" value="0"/></imgdir><imgdir name="71"><int name="x" value="-1530"/><int name="y" value="120"/><string name="u" value="enH0"/><int name="no" value="2"/><int name="zM" value="0"/></imgdir><imgdir name="64"><int name="x" value="-1440"/><int name="y" value="120"/><string name="u" value="enH0"/><int name="no" value="2"/><int name="zM" value="0"/></imgdir><imgdir name="62"><int name="x" value="-1350"/><int name="y" value="120"/><string name="u" value="enH0"/><int name="no" value="0"/><int name="zM" value="0"/></imgdir><imgdir name="60"><int name="x" value="-1260"/><int name="y" value="120"/><string name="u" value="enH0"/><int name="no" value="0"/><int name="zM" value="0"/></imgdir><imgdir name="58"><int name="x" value="-1170"/><int name="y" value="120"/><string name="u" value="enH0"/><int name="no" value="1"/><int name="zM" value="0"/></imgdir><imgdir name="56"><int name="x" value="-1080"/><int name="y" value="120"/><string name="u" value="enH0"/><int name="no" value="1"/><int name="zM" value="0"/></imgdir><imgdir name="70"><int name="x" value="-1620"/><int name="y" value="120"/><string name="u" value="enH0"/><int name="no" value="0"/><int name="zM" value="0"/></imgdir><imgdir name="68"><int name="x" value="-1710"/><int name="y" value="120"/><string name="u" value="enH0"/><int name="no" value="0"/><int name="zM" value="0"/></imgdir><imgdir name="69"><int name="x" value="-1620"/><int name="y" value="120"/><string name="u" value="bsc"/><int name="no" value="3"/><int name="zM" value="0"/></imgdir><imgdir name="67"><int name="x" value="-1710"/><int name="y" value="120"/><string name="u" value="bsc"/><int name="no" value="4"/><int name="zM" value="0"/></imgdir><imgdir name="66"><int name="x" value="-1710"/><int name="y" value="180"/><string name="u" value="bsc"/><int name="no" value="4"/><int name="zM" value="0"/></imgdir><imgdir name="80"><int name="x" value="-1620"/><int name="y" value="180"/><string name="u" value="bsc"/><int name="no" value="3"/><int name="zM" value="0"/></imgdir><imgdir name="75"><int name="x" value="-1620"/><int name="y" value="240"/><string name="u" value="bsc"/><int name="no" value="0"/><int name="zM" value="0"/></imgdir><imgdir name="84"><int name="x" value="-1620"/><int name="y" value="300"/><string name="u" value="enH1"/><int name="no" value="1"/><int name="zM" value="0"/></imgdir><imgdir name="82"><int name="x" value="-1710"/><int name="y" value="300"/><string name="u" value="enH1"/><int name="no" value="2"/><int name="zM" value="0"/></imgdir><imgdir name="73"><int name="x" value="-1710"/><int name="y" value="240"/><string name="u" value="bsc"/><int name="no" value="5"/><int name="zM" value="0"/></imgdir><imgdir name="61"><int name="x" value="-1350"/><int name="y" value="120"/><string name="u" value="bsc"/><int name="no" value="3"/><int name="zM" value="0"/></imgdir><imgdir name="63"><int name="x" value="-1440"/><int name="y" value="120"/><string name="u" value="bsc"/><int name="no" value="2"/><int name="zM" value="0"/></imgdir><imgdir name="43"><int name="x" value="-1530"/><int name="y" value="120"/><string name="u" value="bsc"/><int name="no" value="3"/><int name="zM" value="0"/></imgdir><imgdir name="79"><int name="x" value="-1530"/><int name="y" value="180"/><string name="u" value="bsc"/><int name="no" value="4"/><int name="zM" value="0"/></imgdir><imgdir name="78"><int name="x" value="-1440"/><int name="y" value="180"/><string name="u" value="bsc"/><int name="no" value="0"/><int name="zM" value="0"/></imgdir><imgdir name="86"><int name="x" value="-1350"/><int name="y" value="240"/><string name="u" value="bsc"/><int name="no" value="3"/><int name="zM" value="0"/></imgdir><imgdir name="85"><int name="x" value="-1530"/><int name="y" value="240"/><string name="u" value="bsc"/><int name="no" value="4"/><int name="zM" value="0"/></imgdir><imgdir name="81"><int name="x" value="-1530"/><int name="y" value="300"/><string name="u" value="enH1"/><int name="no" value="0"/><int name="zM" value="0"/></imgdir><imgdir name="90"><int name="x" value="-1440"/><int name="y" value="300"/><string name="u" value="enH1"/><int name="no" value="1"/><int name="zM" value="0"/></imgdir><imgdir name="77"><int name="x" value="-1350"/><int name="y" value="300"/><string name="u" value="enH1"/><int name="no" value="1"/><int name="zM" value="0"/></imgdir><imgdir name="87"><int name="x" value="-1350"/><int name="y" value="180"/><string name="u" value="bsc"/><int name="no" value="3"/><int name="zM" value="0"/></imgdir><imgdir name="91"><int name="x" value="-1440"/><int name="y" value="240"/><string name="u" value="bsc"/><int name="no" value="3"/><int name="zM" value="0"/></imgdir><imgdir name="55"><int name="x" value="-1080"/><int name="y" value="120"/><string name="u" value="bsc"/><int name="no" value="4"/><int name="zM" value="0"/></imgdir><imgdir name="57"><int name="x" value="-1170"/><int name="y" value="120"/><string name="u" value="bsc"/><int name="no" value="2"/><int name="zM" value="0"/></imgdir><imgdir name="59"><int name="x" value="-1260"/><int name="y" value="120"/><string name="u" value="bsc"/><int name="no" value="5"/><int name="zM" value="0"/></imgdir><imgdir name="3"><int name="x" value="-1170"/><int name="y" value="180"/><string name="u" value="bsc"/><int name="no" value="2"/><int name="zM" value="0"/></imgdir><imgdir name="94"><int name="x" value="-1260"/><int name="y" value="180"/><string name="u" value="bsc"/><int name="no" value="3"/><int name="zM" value="0"/></imgdir><imgdir name="93"><int name="x" value="-1080"/><int name="y" value="180"/><string name="u" value="bsc"/><int name="no" value="2"/><int name="zM" value="0"/></imgdir><imgdir name="2"><int name="x" value="-1170"/><int name="y" value="300"/><string name="u" value="enH1"/><int name="no" value="0"/><int name="zM" value="0"/></imgdir><imgdir name="88"><int name="x" value="-1080"/><int name="y" value="240"/><string name="u" value="bsc"/><int name="no" value="4"/><int name="zM" value="0"/></imgdir><imgdir name="7"><int name="x" value="-1260"/><int name="y" value="240"/><string name="u" value="bsc"/><int name="no" value="1"/><int name="zM" value="0"/></imgdir><imgdir name="28"><int name="x" value="-1080"/><int name="y" value="300"/><string name="u" value="enH1"/><int name="no" value="0"/><int name="zM" value="0"/></imgdir><imgdir name="89"><int name="x" value="-1260"/><int name="y" value="300"/><string name="u" value="enH1"/><int name="no" value="0"/><int name="zM" value="0"/></imgdir><imgdir name="92"><int name="x" value="-1170"/><int name="y" value="240"/><string name="u" value="bsc"/><int name="no" value="0"/><int name="zM" value="0"/></imgdir><imgdir name="65"><int name="x" value="-1800"/><int name="y" value="120"/><string name="u" value="bsc"/><int name="no" value="2"/><int name="zM" value="0"/></imgdir><imgdir name="72"><int name="x" value="-1800"/><int name="y" value="180"/><string name="u" value="bsc"/><int name="no" value="2"/><int name="zM" value="0"/></imgdir><imgdir name="83"><int name="x" value="-1800"/><int name="y" value="300"/><string name="u" value="enH1"/><int name="no" value="1"/><int name="zM" value="0"/></imgdir><imgdir name="76"><int name="x" value="-1800"/><int name="y" value="240"/><string name="u" value="bsc"/><int name="no" value="1"/><int name="zM" value="0"/></imgdir><imgdir name="74"><int name="x" value="-1800"/><int name="y" value="120"/><string name="u" value="enH0"/><int name="no" value="0"/><int name="zM" value="0"/></imgdir><imgdir name="100"><int name="x" value="-1890"/><int name="y" value="120"/><string name="u" value="edU"/><int name="no" value="0"/><int name="zM" value="0"/></imgdir><imgdir name="95"><int name="x" value="-1890"/><int name="y" value="120"/><string name="u" value="bsc"/><int name="no" value="4"/><int name="zM" value="0"/></imgdir><imgdir name="96"><int name="x" value="-1890"/><int name="y" value="120"/><string name="u" value="enH0"/><int name="no" value="2"/><int name="zM" value="0"/></imgdir><imgdir name="102"><int name="x" value="-1890"/><int name="y" value="120"/><string name="u" value="enV0"/><int name="no" value="0"/><int name="zM" value="0"/></imgdir><imgdir name="101"><int name="x" value="-1890"/><int name="y" value="180"/><string name="u" value="bsc"/><int name="no" value="4"/><int name="zM" value="0"/></imgdir><imgdir name="97"><int name="x" value="-1890"/><int name="y" value="180"/><string name="u" value="enV0"/><int name="no" value="0"/><int name="zM" value="0"/></imgdir><imgdir name="99"><int name="x" value="-1890"/><int name="y" value="300"/><string name="u" value="enH1"/><int name="no" value="2"/><int name="zM" value="0"/></imgdir><imgdir name="104"><int name="x" value="-1890"/><int name="y" value="240"/><string name="u" value="bsc"/><int name="no" value="4"/><int name="zM" value="0"/></imgdir><imgdir name="98"><int name="x" value="-1890"/><int name="y" value="300"/><string name="u" value="edD"/><int name="no" value="0"/><int name="zM" value="0"/></imgdir><imgdir name="103"><int name="x" value="-1890"/><int name="y" value="240"/><string name="u" value="enV0"/><int name="no" value="0"/><int name="zM" value="0"/></imgdir></imgdir><imgdir name="obj"><imgdir name="0"><string name="oS" value="connect"/><string name="l0" value="ladder"/><string name="l1" value="20"/><string name="l2" value="0"/><int name="x" value="-769"/><int name="y" value="-106"/><int name="z" value="3"/><int name="f" value="0"/><int name="zM" value="14"/><int name="reactor" value="0"/></imgdir><imgdir name="1"><string name="oS" value="connect"/><string name="l0" value="ladder"/><string name="l1" value="20"/><string name="l2" value="2"/><int name="x" value="-769"/><int name="y" value="-56"/><int name="z" value="3"/><int name="f" value="0"/><int name="zM" value="10"/><int name="reactor" value="0"/></imgdir><imgdir name="2"><string name="oS" value="connect"/><string name="l0" value="ladder"/><string name="l1" value="20"/><string name="l2" value="1"/><int name="x" value="-769"/><int name="y" value="1"/><int name="z" value="3"/><int name="f" value="0"/><int name="zM" value="7"/><int name="reactor" value="0"/></imgdir><imgdir name="3"><string name="oS" value="connect"/><string name="l0" value="ladder"/><string name="l1" value="20"/><string name="l2" value="3"/><int name="x" value="-769"/><int name="y" value="38"/><int name="z" value="3"/><int name="f" value="0"/><int name="zM" value="6"/><int name="reactor" value="0"/></imgdir><imgdir name="4"><string name="oS" value="connect"/><string name="l0" value="ladder"/><string name="l1" value="20"/><string name="l2" value="0"/><int name="x" value="-1559"/><int name="y" value="-106"/><int name="z" value="3"/><int name="f" value="0"/><int name="zM" value="15"/><int name="reactor" value="0"/></imgdir><imgdir name="5"><string name="oS" value="connect"/><string name="l0" value="ladder"/><string name="l1" value="20"/><string name="l2" value="2"/><int name="x" value="-1559"/><int name="y" value="-56"/><int name="z" value="3"/><int name="f" value="0"/><int name="zM" value="9"/><int name="reactor" value="0"/></imgdir><imgdir name="6"><string name="oS" value="connect"/><string name="l0" value="ladder"/><string name="l1" value="20"/><string name="l2" value="1"/><int name="x" value="-1559"/><int name="y" value="1"/><int name="z" value="3"/><int name="f" value="0"/><int name="zM" value="8"/><int name="reactor" value="0"/></imgdir><imgdir name="7"><string name="oS" value="connect"/><string name="l0" value="ladder"/><string name="l1" value="20"/><string name="l2" value="3"/><int name="x" value="-1559"/><int name="y" value="38"/><int name="z" value="3"/><int name="f" value="0"/><int name="zM" value="5"/><int name="reactor" value="0"/></imgdir></imgdir></imgdir><imgdir name="6"><imgdir name="info"></imgdir><imgdir name="tile"></imgdir><imgdir name="obj"><imgdir name="0"><string name="oS" value="signboard"/><string name="l0" value="market"/><string name="l1" value="arrow"/><string name="l2" value="0"/><int name="x" value="-1751"/><int name="y" value="-152"/><int name="z" value="3"/><int name="f" value="0"/><int name="zM" value="17"/></imgdir><imgdir name="1"><string name="oS" value="signboard"/><string name="l0" value="market"/><string name="l1" value="arrow"/><string name="l2" value="0"/><int name="x" value="-1757"/><int name="y" value="49"/><int name="z" value="3"/><int name="f" value="0"/><int name="zM" value="4"/></imgdir><imgdir name="3"><string name="oS" value="signboard"/><string name="l0" value="market"/><string name="l1" value="arrow"/><string name="l2" value="1"/><int name="x" value="-492"/><int name="y" value="-165"/><int name="z" value="3"/><int name="f" value="0"/><int name="zM" value="18"/></imgdir><imgdir name="2"><string name="oS" value="signboard"/><string name="l0" value="market"/><string name="l1" value="arrow"/><string name="l2" value="1"/><int name="x" value="-447"/><int name="y" value="-371"/><int name="z" value="3"/><int name="f" value="0"/><int name="zM" value="38"/></imgdir></imgdir></imgdir><imgdir name="7"><imgdir name="info"></imgdir><imgdir name="tile"></imgdir><imgdir name="obj"></imgdir></imgdir><imgdir name="reactor"></imgdir><imgdir name="info"><int name="version" value="10"/><int name="cloud" value="0"/><int name="town" value="0"/><int name="returnMap" value="910000000"/><int name="forcedReturn" value="999999999"/><float name="mobRate" value="1.0"/><string name="bgm" value="Bgm06/FantasticThinking"/><string name="mapMark" value="FreeMarket"/><int name="hideMinimap" value="0"/><int name="VRTop" value="-1300"/><int name="VRLeft" value="-1903"/><int name="VRBottom" value="255"/><int name="VRRight" value="-158"/><int name="personalShop" value="1"/><int name="entrustedShop" value="1"/><int name="fieldLimit" value="272703724"/><int name="swim" value="0"/><int name="fly" value="0"/><string name="onFirstUserEnter" value=""/><string name="onUserEnter" value="freeMarket_Enter"/><int name="noMapCmd" value="0"/><int name="standAlone" value="0"/><int name="partyStandAlone" value="0"/><int name="miniMapOnOff" value="1"/><string name="fieldScript" value=""/></imgdir><imgdir name="foothold"><imgdir name="3"><imgdir name="27"><imgdir name="1"><int name="x1" value="-573"/><int name="y1" value="-318"/><int name="x2" value="-507"/><int name="y2" value="-318"/><int name="prev" value="5"/><int name="next" value="2"/><int name="piece" value="0"/></imgdir><imgdir name="2"><int name="x1" value="-507"/><int name="y1" value="-318"/><int name="x2" value="-507"/><int name="y2" value="-300"/><int name="prev" value="1"/><int name="next" value="0"/><int name="piece" value="0"/></imgdir><imgdir name="3"><int name="x1" value="-663"/><int name="y1" value="-300"/><int name="x2" value="-663"/><int name="y2" value="-318"/><int name="prev" value="0"/><int name="next" value="4"/><int name="piece" value="0"/></imgdir><imgdir name="4"><int name="x1" value="-663"/><int name="y1" value="-318"/><int name="x2" value="-597"/><int name="y2" value="-318"/><int name="prev" value="3"/><int name="next" value="5"/><int name="piece" value="0"/></imgdir><imgdir name="5"><int name="x1" value="-597"/><int name="y1" value="-318"/><int name="x2" value="-573"/><int name="y2" value="-318"/><int name="prev" value="4"/><int name="next" value="1"/><int name="piece" value="0"/></imgdir></imgdir><imgdir name="28"><imgdir name="6"><int name="x1" value="-753"/><int name="y1" value="-318"/><int name="x2" value="-687"/><int name="y2" value="-318"/><int name="prev" value="10"/><int name="next" value="7"/><int name="piece" value="0"/></imgdir><imgdir name="7"><int name="x1" value="-687"/><int name="y1" value="-318"/><int name="x2" value="-687"/><int name="y2" value="-300"/><int name="prev" value="6"/><int name="next" value="0"/><int name="piece" value="0"/></imgdir><imgdir name="8"><int name="x1" value="-843"/><int name="y1" value="-300"/><int name="x2" value="-843"/><int name="y2" value="-318"/><int name="prev" value="0"/><int name="next" value="9"/><int name="piece" value="0"/></imgdir><imgdir name="9"><int name="x1" value="-843"/><int name="y1" value="-318"/><int name="x2" value="-777"/><int name="y2" value="-318"/><int name="prev" value="8"/><int name="next" value="10"/><int name="piece" value="0"/></imgdir><imgdir name="10"><int name="x1" value="-777"/><int name="y1" value="-318"/><int name="x2" value="-753"/><int name="y2" value="-318"/><int name="prev" value="9"/><int name="next" value="6"/><int name="piece" value="0"/></imgdir></imgdir><imgdir name="29"><imgdir name="11"><int name="x1" value="-933"/><int name="y1" value="-318"/><int name="x2" value="-867"/><int name="y2" value="-318"/><int name="prev" value="15"/><int name="next" value="12"/><int name="piece" value="0"/></imgdir><imgdir name="12"><int name="x1" value="-867"/><int name="y1" value="-318"/><int name="x2" value="-867"/><int name="y2" value="-300"/><int name="prev" value="11"/><int name="next" value="0"/><int name="piece" value="0"/></imgdir><imgdir name="13"><int name="x1" value="-1023"/><int name="y1" value="-300"/><int name="x2" value="-1023"/><int name="y2" value="-318"/><int name="prev" value="0"/><int name="next" value="14"/><int name="piece" value="0"/></imgdir><imgdir name="14"><int name="x1" value="-1023"/><int name="y1" value="-318"/><int name="x2" value="-957"/><int name="y2" value="-318"/><int name="prev" value="13"/><int name="next" value="15"/><int name="piece" value="0"/></imgdir><imgdir name="15"><int name="x1" value="-957"/><int name="y1" value="-318"/><int name="x2" value="-933"/><int name="y2" value="-318"/><int name="prev" value="14"/><int name="next" value="11"/><int name="piece" value="0"/></imgdir></imgdir><imgdir name="30"><imgdir name="16"><int name="x1" value="-1113"/><int name="y1" value="-318"/><int name="x2" value="-1047"/><int name="y2" value="-318"/><int name="prev" value="20"/><int name="next" value="17"/><int name="piece" value="0"/></imgdir><imgdir name="17"><int name="x1" value="-1047"/><int name="y1" value="-318"/><int name="x2" value="-1047"/><int name="y2" value="-300"/><int name="prev" value="16"/><int name="next" value="0"/><int name="piece" value="0"/></imgdir><imgdir name="18"><int name="x1" value="-1203"/><int name="y1" value="-300"/><int name="x2" value="-1203"/><int name="y2" value="-318"/><int name="prev" value="0"/><int name="next" value="19"/><int name="piece" value="0"/></imgdir><imgdir name="19"><int name="x1" value="-1203"/><int name="y1" value="-318"/><int name="x2" value="-1137"/><int name="y2" value="-318"/><int name="prev" value="18"/><int name="next" value="20"/><int name="piece" value="0"/></imgdir><imgdir name="20"><int name="x1" value="-1137"/><int name="y1" value="-318"/><int name="x2" value="-1113"/><int name="y2" value="-318"/><int name="prev" value="19"/><int name="next" value="16"/><int name="piece" value="0"/></imgdir></imgdir><imgdir name="31"><imgdir name="21"><int name="x1" value="-1383"/><int name="y1" value="-300"/><int name="x2" value="-1383"/><int name="y2" value="-318"/><int name="prev" value="0"/><int name="next" value="22"/><int name="piece" value="0"/></imgdir><imgdir name="22"><int name="x1" value="-1383"/><int name="y1" value="-318"/><int name="x2" value="-1317"/><int name="y2" value="-318"/><int name="prev" value="21"/><int name="next" value="25"/><int name="piece" value="0"/></imgdir><imgdir name="23"><int name="x1" value="-1293"/><int name="y1" value="-318"/><int name="x2" value="-1227"/><int name="y2" value="-318"/><int name="prev" value="25"/><int name="next" value="24"/><int name="piece" value="0"/></imgdir><imgdir name="24"><int name="x1" value="-1227"/><int name="y1" value="-318"/><int name="x2" value="-1227"/><int name="y2" value="-300"/><int name="prev" value="23"/><int name="next" value="0"/><int name="piece" value="0"/></imgdir><imgdir name="25"><int name="x1" value="-1317"/><int name="y1" value="-318"/><int name="x2" value="-1293"/><int name="y2" value="-318"/><int name="prev" value="22"/><int name="next" value="23"/><int name="piece" value="0"/></imgdir></imgdir><imgdir name="32"><imgdir name="26"><int name="x1" value="-1563"/><int name="y1" value="-300"/><int name="x2" value="-1563"/><int name="y2" value="-318"/><int name="prev" value="0"/><int name="next" value="27"/><int name="piece" value="0"/></imgdir><imgdir name="27"><int name="x1" value="-1563"/><int name="y1" value="-318"/><int name="x2" value="-1497"/><int name="y2" value="-318"/><int name="prev" value="26"/><int name="next" value="30"/><int name="piece" value="0"/></imgdir><imgdir name="28"><int name="x1" value="-1473"/><int name="y1" value="-318"/><int name="x2" value="-1407"/><int name="y2" value="-318"/><int name="prev" value="30"/><int name="next" value="29"/><int name="piece" value="0"/></imgdir><imgdir name="29"><int name="x1" value="-1407"/><int name="y1" value="-318"/><int name="x2" value="-1407"/><int name="y2" value="-300"/><int name="prev" value="28"/><int name="next" value="0"/><int name="piece" value="0"/></imgdir><imgdir name="30"><int name="x1" value="-1497"/><int name="y1" value="-318"/><int name="x2" value="-1473"/><int name="y2" value="-318"/><int name="prev" value="27"/><int name="next" value="28"/><int name="piece" value="0"/></imgdir></imgdir><imgdir name="33"><imgdir name="31"><int name="x1" value="-1743"/><int name="y1" value="-300"/><int name="x2" value="-1743"/><int name="y2" value="-318"/><int name="prev" value="0"/><int name="next" value="32"/><int name="piece" value="0"/></imgdir><imgdir name="32"><int name="x1" value="-1743"/><int name="y1" value="-318"/><int name="x2" value="-1677"/><int name="y2" value="-318"/><int name="prev" value="31"/><int name="next" value="35"/><int name="piece" value="0"/></imgdir><imgdir name="33"><int name="x1" value="-1653"/><int name="y1" value="-318"/><int name="x2" value="-1587"/><int name="y2" value="-318"/><int name="prev" value="35"/><int name="next" value="34"/><int name="piece" value="0"/></imgdir><imgdir name="34"><int name="x1" value="-1587"/><int name="y1" value="-318"/><int name="x2" value="-1587"/><int name="y2" value="-300"/><int name="prev" value="33"/><int name="next" value="0"/><int name="piece" value="0"/></imgdir><imgdir name="35"><int name="x1" value="-1677"/><int name="y1" value="-318"/><int name="x2" value="-1653"/><int name="y2" value="-318"/><int name="prev" value="32"/><int name="next" value="33"/><int name="piece" value="0"/></imgdir></imgdir><imgdir name="25"><imgdir name="36"><int name="x1" value="-483"/><int name="y1" value="-300"/><int name="x2" value="-483"/><int name="y2" value="-318"/><int name="prev" value="0"/><int name="next" value="37"/><int name="piece" value="0"/></imgdir><imgdir name="37"><int name="x1" value="-483"/><int name="y1" value="-318"/><int name="x2" value="-417"/><int name="y2" value="-318"/><int name="prev" value="36"/><int name="next" value="38"/><int name="piece" value="0"/></imgdir><imgdir name="38"><int name="x1" value="-417"/><int name="y1" value="-318"/><int name="x2" value="-417"/><int name="y2" value="-300"/><int name="prev" value="37"/><int name="next" value="0"/><int name="piece" value="0"/></imgdir></imgdir><imgdir name="26"><imgdir name="39"><int name="x1" value="-1833"/><int name="y1" value="-300"/><int name="x2" value="-1833"/><int name="y2" value="-318"/><int name="prev" value="0"/><int name="next" value="40"/><int name="piece" value="0"/></imgdir><imgdir name="40"><int name="x1" value="-1833"/><int name="y1" value="-318"/><int name="x2" value="-1767"/><int name="y2" value="-318"/><int name="prev" value="39"/><int name="next" value="41"/><int name="piece" value="0"/></imgdir><imgdir name="41"><int name="x1" value="-1767"/><int name="y1" value="-318"/><int name="x2" value="-1767"/><int name="y2" value="-300"/><int name="prev" value="40"/><int name="next" value="0"/><int name="piece" value="0"/></imgdir></imgdir></imgdir><imgdir name="4"><imgdir name="13"><imgdir name="42"><int name="x1" value="-945"/><int name="y1" value="-108"/><int name="x2" value="-855"/><int name="y2" value="-108"/><int name="prev" value="45"/><int name="next" value="43"/><int name="piece" value="0"/></imgdir><imgdir name="43"><int name="x1" value="-855"/><int name="y1" value="-108"/><int name="x2" value="-765"/><int name="y2" value="-108"/><int name="prev" value="42"/><int name="next" value="44"/><int name="piece" value="0"/></imgdir><imgdir name="44"><int name="x1" value="-765"/><int name="y1" value="-108"/><int name="x2" value="-675"/><int name="y2" value="-108"/><int name="prev" value="43"/><int name="next" value="56"/><int name="piece" value="0"/></imgdir><imgdir name="45"><int name="x1" value="-1035"/><int name="y1" value="-108"/><int name="x2" value="-945"/><int name="y2" value="-108"/><int name="prev" value="47"/><int name="next" value="42"/><int name="piece" value="0"/></imgdir><imgdir name="46"><int name="x1" value="-1305"/><int name="y1" value="-108"/><int name="x2" value="-1215"/><int name="y2" value="-108"/><int name="prev" value="50"/><int name="next" value="48"/><int name="piece" value="0"/></imgdir><imgdir name="47"><int name="x1" value="-1125"/><int name="y1" value="-108"/><int name="x2" value="-1035"/><int name="y2" value="-108"/><int name="prev" value="48"/><int name="next" value="45"/><int name="piece" value="0"/></imgdir><imgdir name="48"><int name="x1" value="-1215"/><int name="y1" value="-108"/><int name="x2" value="-1125"/><int name="y2" value="-108"/><int name="prev" value="46"/><int name="next" value="47"/><int name="piece" value="0"/></imgdir><imgdir name="49"><int name="x1" value="-1575"/><int name="y1" value="-108"/><int name="x2" value="-1485"/><int name="y2" value="-108"/><int name="prev" value="55"/><int name="next" value="51"/><int name="piece" value="0"/></imgdir><imgdir name="50"><int name="x1" value="-1395"/><int name="y1" value="-108"/><int name="x2" value="-1305"/><int name="y2" value="-108"/><int name="prev" value="51"/><int name="next" value="46"/><int name="piece" value="0"/></imgdir><imgdir name="51"><int name="x1" value="-1485"/><int name="y1" value="-108"/><int name="x2" value="-1395"/><int name="y2" value="-108"/><int name="prev" value="49"/><int name="next" value="50"/><int name="piece" value="0"/></imgdir><imgdir name="52"><int name="x1" value="-1665"/><int name="y1" value="-108"/><int name="x2" value="-1632"/><int name="y2" value="-108"/><int name="prev" value="54"/><int name="next" value="55"/><int name="piece" value="0"/></imgdir><imgdir name="53"><int name="x1" value="-1698"/><int name="y1" value="-90"/><int name="x2" value="-1698"/><int name="y2" value="-108"/><int name="prev" value="0"/><int name="next" value="54"/><int name="piece" value="0"/></imgdir><imgdir name="54"><int name="x1" value="-1698"/><int name="y1" value="-108"/><int name="x2" value="-1665"/><int name="y2" value="-108"/><int name="prev" value="53"/><int name="next" value="52"/><int name="piece" value="0"/></imgdir><imgdir name="55"><int name="x1" value="-1632"/><int name="y1" value="-108"/><int name="x2" value="-1575"/><int name="y2" value="-108"/><int name="prev" value="52"/><int name="next" value="49"/><int name="piece" value="0"/></imgdir><imgdir name="56"><int name="x1" value="-675"/><int name="y1" value="-108"/><int name="x2" value="-618"/><int name="y2" value="-108"/><int name="prev" value="44"/><int name="next" value="57"/><int name="piece" value="0"/></imgdir><imgdir name="57"><int name="x1" value="-618"/><int name="y1" value="-108"/><int name="x2" value="-585"/><int name="y2" value="-108"/><int name="prev" value="56"/><int name="next" value="58"/><int name="piece" value="0"/></imgdir><imgdir name="58"><int name="x1" value="-585"/><int name="y1" value="-108"/><int name="x2" value="-552"/><int name="y2" value="-108"/><int name="prev" value="57"/><int name="next" value="59"/><int name="piece" value="0"/></imgdir><imgdir name="59"><int name="x1" value="-552"/><int name="y1" value="-108"/><int name="x2" value="-552"/><int name="y2" value="-90"/><int name="prev" value="58"/><int name="next" value="0"/><int name="piece" value="0"/></imgdir></imgdir><imgdir name="12"><imgdir name="60"><int name="x1" value="-528"/><int name="y1" value="-90"/><int name="x2" value="-528"/><int name="y2" value="-108"/><int name="prev" value="0"/><int name="next" value="61"/><int name="piece" value="0"/></imgdir><imgdir name="61"><int name="x1" value="-528"/><int name="y1" value="-108"/><int name="x2" value="-462"/><int name="y2" value="-108"/><int name="prev" value="60"/><int name="next" value="62"/><int name="piece" value="0"/></imgdir><imgdir name="62"><int name="x1" value="-462"/><int name="y1" value="-108"/><int name="x2" value="-462"/><int name="y2" value="-90"/><int name="prev" value="61"/><int name="next" value="0"/><int name="piece" value="0"/></imgdir></imgdir><imgdir name="11"><imgdir name="63"><int name="x1" value="-1788"/><int name="y1" value="-90"/><int name="x2" value="-1788"/><int name="y2" value="-108"/><int name="prev" value="0"/><int name="next" value="64"/><int name="piece" value="0"/></imgdir><imgdir name="64"><int name="x1" value="-1788"/><int name="y1" value="-108"/><int name="x2" value="-1722"/><int name="y2" value="-108"/><int name="prev" value="63"/><int name="next" value="65"/><int name="piece" value="0"/></imgdir><imgdir name="65"><int name="x1" value="-1722"/><int name="y1" value="-108"/><int name="x2" value="-1722"/><int name="y2" value="-90"/><int name="prev" value="64"/><int name="next" value="0"/><int name="piece" value="0"/></imgdir></imgdir></imgdir><imgdir name="5"><imgdir name="0"><imgdir name="66"><int name="x1" value="-270"/><int name="y1" value="102"/><int name="x2" value="-213"/><int name="y2" value="102"/><int name="prev" value="70"/><int name="next" value="75"/><int name="piece" value="0"/></imgdir><imgdir name="67"><int name="x1" value="-900"/><int name="y1" value="102"/><int name="x2" value="-810"/><int name="y2" value="102"/><int name="prev" value="74"/><int name="next" value="71"/><int name="piece" value="0"/></imgdir><imgdir name="68"><int name="x1" value="-540"/><int name="y1" value="102"/><int name="x2" value="-450"/><int name="y2" value="102"/><int name="prev" value="72"/><int name="next" value="69"/><int name="piece" value="0"/></imgdir><imgdir name="69"><int name="x1" value="-450"/><int name="y1" value="102"/><int name="x2" value="-360"/><int name="y2" value="102"/><int name="prev" value="68"/><int name="next" value="70"/><int name="piece" value="0"/></imgdir><imgdir name="70"><int name="x1" value="-360"/><int name="y1" value="102"/><int name="x2" value="-270"/><int name="y2" value="102"/><int name="prev" value="69"/><int name="next" value="66"/><int name="piece" value="0"/></imgdir><imgdir name="71"><int name="x1" value="-810"/><int name="y1" value="102"/><int name="x2" value="-720"/><int name="y2" value="102"/><int name="prev" value="67"/><int name="next" value="73"/><int name="piece" value="0"/></imgdir><imgdir name="72"><int name="x1" value="-630"/><int name="y1" value="102"/><int name="x2" value="-540"/><int name="y2" value="102"/><int name="prev" value="73"/><int name="next" value="68"/><int name="piece" value="0"/></imgdir><imgdir name="73"><int name="x1" value="-720"/><int name="y1" value="102"/><int name="x2" value="-630"/><int name="y2" value="102"/><int name="prev" value="71"/><int name="next" value="72"/><int name="piece" value="0"/></imgdir><imgdir name="74"><int name="x1" value="-990"/><int name="y1" value="102"/><int name="x2" value="-900"/><int name="y2" value="102"/><int name="prev" value="81"/><int name="next" value="67"/><int name="piece" value="0"/></imgdir><imgdir name="75"><int name="x1" value="-213"/><int name="y1" value="102"/><int name="x2" value="-180"/><int name="y2" value="102"/><int name="prev" value="66"/><int name="next" value="76"/><int name="piece" value="0"/></imgdir><imgdir name="76"><int name="x1" value="-180"/><int name="y1" value="102"/><int name="x2" value="-147"/><int name="y2" value="102"/><int name="prev" value="75"/><int name="next" value="77"/><int name="piece" value="0"/></imgdir><imgdir name="77"><int name="x1" value="-147"/><int name="y1" value="102"/><int name="x2" value="-147"/><int name="y2" value="120"/><int name="prev" value="76"/><int name="next" value="78"/><int name="piece" value="0"/></imgdir><imgdir name="78"><int name="x1" value="-147"/><int name="y1" value="120"/><int name="x2" value="-147"/><int name="y2" value="180"/><int name="prev" value="77"/><int name="next" value="80"/><int name="piece" value="0"/></imgdir><imgdir name="79"><int name="x1" value="-147"/><int name="y1" value="240"/><int name="x2" value="-147"/><int name="y2" value="300"/><int name="prev" value="80"/><int name="next" value="0"/><int name="piece" value="0"/></imgdir><imgdir name="80"><int name="x1" value="-147"/><int name="y1" value="180"/><int name="x2" value="-147"/><int name="y2" value="240"/><int name="prev" value="78"/><int name="next" value="79"/><int name="piece" value="0"/></imgdir><imgdir name="81"><int name="x1" value="-1080"/><int name="y1" value="102"/><int name="x2" value="-990"/><int name="y2" value="102"/><int name="prev" value="82"/><int name="next" value="74"/><int name="piece" value="0"/></imgdir><imgdir name="82"><int name="x1" value="-1170"/><int name="y1" value="102"/><int name="x2" value="-1080"/><int name="y2" value="102"/><int name="prev" value="83"/><int name="next" value="81"/><int name="piece" value="0"/></imgdir><imgdir name="83"><int name="x1" value="-1260"/><int name="y1" value="102"/><int name="x2" value="-1170"/><int name="y2" value="102"/><int name="prev" value="84"/><int name="next" value="82"/><int name="piece" value="0"/></imgdir><imgdir name="84"><int name="x1" value="-1350"/><int name="y1" value="102"/><int name="x2" value="-1260"/><int name="y2" value="102"/><int name="prev" value="85"/><int name="next" value="83"/><int name="piece" value="0"/></imgdir><imgdir name="85"><int name="x1" value="-1440"/><int name="y1" value="102"/><int name="x2" value="-1350"/><int name="y2" value="102"/><int name="prev" value="88"/><int name="next" value="84"/><int name="piece" value="0"/></imgdir><imgdir name="86"><int name="x1" value="-1710"/><int name="y1" value="102"/><int name="x2" value="-1620"/><int name="y2" value="102"/><int name="prev" value="89"/><int name="next" value="87"/><int name="piece" value="0"/></imgdir><imgdir name="87"><int name="x1" value="-1620"/><int name="y1" value="102"/><int name="x2" value="-1530"/><int name="y2" value="102"/><int name="prev" value="86"/><int name="next" value="88"/><int name="piece" value="0"/></imgdir><imgdir name="88"><int name="x1" value="-1530"/><int name="y1" value="102"/><int name="x2" value="-1440"/><int name="y2" value="102"/><int name="prev" value="87"/><int name="next" value="85"/><int name="piece" value="0"/></imgdir><imgdir name="89"><int name="x1" value="-1800"/><int name="y1" value="102"/><int name="x2" value="-1710"/><int name="y2" value="102"/><int name="prev" value="94"/><int name="next" value="86"/><int name="piece" value="0"/></imgdir><imgdir name="90"><int name="x1" value="-1890"/><int name="y1" value="102"/><int name="x2" value="-1857"/><int name="y2" value="102"/><int name="prev" value="93"/><int name="next" value="94"/><int name="piece" value="0"/></imgdir><imgdir name="91"><int name="x1" value="-1923"/><int name="y1" value="240"/><int name="x2" value="-1923"/><int name="y2" value="180"/><int name="prev" value="96"/><int name="next" value="95"/><int name="piece" value="0"/></imgdir><imgdir name="92"><int name="x1" value="-1923"/><int name="y1" value="120"/><int name="x2" value="-1923"/><int name="y2" value="102"/><int name="prev" value="95"/><int name="next" value="93"/><int name="piece" value="0"/></imgdir><imgdir name="93"><int name="x1" value="-1923"/><int name="y1" value="102"/><int name="x2" value="-1890"/><int name="y2" value="102"/><int name="prev" value="92"/><int name="next" value="90"/><int name="piece" value="0"/></imgdir><imgdir name="94"><int name="x1" value="-1857"/><int name="y1" value="102"/><int name="x2" value="-1800"/><int name="y2" value="102"/><int name="prev" value="90"/><int name="next" value="89"/><int name="piece" value="0"/></imgdir><imgdir name="95"><int name="x1" value="-1923"/><int name="y1" value="180"/><int name="x2" value="-1923"/><int name="y2" value="120"/><int name="prev" value="91"/><int name="next" value="92"/><int name="piece" value="0"/></imgdir><imgdir name="96"><int name="x1" value="-1923"/><int name="y1" value="300"/><int name="x2" value="-1923"/><int name="y2" value="240"/><int name="prev" value="0"/><int name="next" value="91"/><int name="piece" value="0"/></imgdir></imgdir></imgdir></imgdir><imgdir name="ladderRope"><imgdir name="1"><int name="l" value="1"/><int name="uf" value="1"/><int name="x" value="-1453"/><int name="y1" value="-316"/><int name="y2" value="-128"/><int name="page" value="4"/></imgdir><imgdir name="2"><int name="l" value="1"/><int name="uf" value="1"/><int name="x" value="-913"/><int name="y1" value="-316"/><int name="y2" value="-128"/><int name="page" value="4"/></imgdir><imgdir name="3"><int name="l" value="1"/><int name="uf" value="1"/><int name="x" value="-769"/><int name="y1" value="-106"/><int name="y2" value="82"/><int name="page" value="5"/></imgdir><imgdir name="4"><int name="l" value="1"/><int name="uf" value="1"/><int name="x" value="-1559"/><int name="y1" value="-106"/><int name="y2" value="82"/><int name="page" value="5"/></imgdir></imgdir><imgdir name="miniMap"><canvas name="canvas" width="116" height="57"><string name="_hash" value="054f7186a510bbcb2a30dd938abb63ca980fbbd1a18e5c6032e9cc81f5fbc118"/></canvas><int name="width" value="1862"/><int name="height" value="914"/><int name="centerX" value="1960"/><int name="centerY" value="550"/><int name="mag" value="4"/></imgdir><imgdir name="portal"><imgdir name="0"><string name="pn" value="sp"/><int name="pt" value="0"/><int name="x" value="-1812"/><int name="y" value="27"/><int name="tm" value="999999999"/><string name="tn" value=""/></imgdir><imgdir name="1"><string name="pn" value="sp"/><int name="pt" value="0"/><int name="x" value="-465"/><int name="y" value="-18"/><int name="tm" value="999999999"/><string name="tn" value=""/></imgdir><imgdir name="2"><string name="pn" value="sp"/><int name="pt" value="0"/><int name="x" value="-1674"/><int name="y" value="-392"/><int name="tm" value="999999999"/><string name="tn" value=""/></imgdir><imgdir name="3"><string name="pn" value="sp"/><int name="pt" value="0"/><int name="x" value="-573"/><int name="y" value="-407"/><int name="tm" value="999999999"/><string name="tn" value=""/></imgdir><imgdir name="4"><string name="pn" value="up00"/><int name="pt" value="1"/><int name="x" value="-1756"/><int name="y" value="100"/><int name="tm" value="910000012"/><string name="tn" value="up01"/><string name="script" value=""/></imgdir><imgdir name="5"><string name="pn" value="up01"/><int name="pt" value="1"/><int name="x" value="-1752"/><int name="y" value="-109"/><int name="tm" value="910000012"/><string name="tn" value="up02"/><string name="script" value=""/></imgdir><imgdir name="6"><string name="pn" value="up02"/><int name="pt" value="1"/><int name="x" value="-1798"/><int name="y" value="-319"/><int name="tm" value="999999999"/><string name="tn" value=""/><string name="script" value=""/></imgdir><imgdir name="7"><string name="pn" value="dn00"/><int name="pt" value="1"/><int name="x" value="-446"/><int name="y" value="-317"/><int name="tm" value="910000012"/><string name="tn" value="dn01"/><string name="script" value=""/></imgdir><imgdir name="8"><string name="pn" value="dn01"/><int name="pt" value="1"/><int name="x" value="-491"/><int name="y" value="-108"/><int name="tm" value="910000012"/><string name="tn" value="dn02"/><string name="script" value=""/></imgdir><imgdir name="9"><string name="pn" value="dn02"/><int name="pt" value="1"/><int name="x" value="-516"/><int name="y" value="101"/><int name="tm" value="999999999"/><string name="tn" value=""/><string name="script" value=""/></imgdir><imgdir name="10"><string name="pn" value="out00"/><int name="pt" value="2"/><int name="x" value="-355"/><int name="y" value="102"/><int name="tm" value="910000000"/><string name="tn" value="in12"/><string name="script" value=""/></imgdir></imgdir></imgdir>