<?xml version="1.0" encoding="UTF-8" standalone="yes"?><imgdir name="910070001.img"><imgdir name="info"><int name="version" value="10"/><int name="cloud" value="0"/><int name="town" value="0"/><int name="returnMap" value="100000000"/><float name="mobRate" value="1.599998"/><string name="bgm" value="Bgm00/RestNPeace"/><string name="mapDesc" value=""/><int name="forcedReturn" value="100000000"/><string name="mapMark" value="Henesys"/><int name="hideMinimap" value="0"/><int name="fieldLimit" value="8920"/><int name="swim" value="0"/><string name="link" value="910070000"/></imgdir></imgdir>