<?xml version="1.0" encoding="UTF-8" standalone="yes"?><imgdir name="910090210.img"><imgdir name="info"><int name="version" value="10"/><int name="cloud" value="0"/><int name="town" value="0"/><int name="returnMap" value="910090210"/><float name="mobRate" value="0.9999982"/><string name="bgm" value="Bgm00/RestNPeace"/><string name="mapDesc" value=""/><int name="forcedReturn" value="999999999"/><int name="hideMinimap" value="0"/><int name="moveLimit" value="0"/><string name="mapMark" value="Henesys"/><int name="swim" value="0"/><int name="fly" value="0"/><int name="noMapCmd" value="0"/><int name="fieldLimit" value="33825528"/><string name="onFirstUserEnter" value=""/><string name="onUserEnter" value="enter_910090210"/><int name="standAlone" value="1"/><int name="partyStandAlone" value="0"/><string name="fieldScript" value=""/><int name="noChair" value="1"/></imgdir><imgdir name="back"><imgdir name="0"><int name="no" value="0"/><int name="x" value="-48"/><int name="y" value="-154"/><int name="rx" value="0"/><int name="ry" value="0"/><int name="type" value="1"/><int name="cx" value="0"/><int name="cy" value="0"/><string name="bS" value="grassySoil_new"/><int name="a" value="255"/><int name="front" value="0"/><int name="ani" value="0"/><int name="f" value="0"/></imgdir><imgdir name="1"><string name="bS" value="grassySoil_new"/><int name="front" value="0"/><int name="ani" value="0"/><int name="no" value="3"/><int name="f" value="0"/><int name="x" value="-255"/><int name="y" value="-234"/><int name="rx" value="-1"/><int name="ry" value="-2"/><int name="type" value="4"/><int name="cx" value="0"/><int name="cy" value="0"/><int name="a" value="255"/></imgdir><imgdir name="2"><string name="bS" value="grassySoil_new"/><int name="front" value="0"/><int name="ani" value="0"/><int name="no" value="5"/><int name="f" value="0"/><int name="x" value="-12"/><int name="y" value="-180"/><int name="rx" value="-2"/><int name="ry" value="-5"/><int name="type" value="1"/><int name="cx" value="0"/><int name="cy" value="0"/><int name="a" value="255"/></imgdir><imgdir name="3"><string name="bS" value="grassySoil_new"/><int name="front" value="0"/><int name="ani" value="0"/><int name="no" value="6"/><int name="f" value="0"/><int name="x" value="-64"/><int name="y" value="-206"/><int name="rx" value="-4"/><int name="ry" value="-12"/><int name="type" value="1"/><int name="cx" value="0"/><int name="cy" value="0"/><int name="a" value="255"/></imgdir><imgdir name="4"><string name="bS" value="grassySoil_new"/><int name="front" value="0"/><int name="ani" value="0"/><int name="no" value="7"/><int name="f" value="0"/><int name="x" value="-288"/><int name="y" value="-82"/><int name="rx" value="-10"/><int name="ry" value="-12"/><int name="type" value="1"/><int name="cx" value="0"/><int name="cy" value="0"/><int name="a" value="255"/></imgdir><imgdir name="5"><string name="bS" value="grassySoil_new"/><int name="front" value="0"/><int name="ani" value="0"/><int name="no" value="7"/><int name="f" value="0"/><int name="x" value="0"/><int name="y" value="-71"/><int name="rx" value="-10"/><int name="ry" value="-12"/><int name="type" value="1"/><int name="cx" value="0"/><int name="cy" value="0"/><int name="a" value="255"/></imgdir><imgdir name="6"><string name="bS" value="grassySoil_new"/><int name="front" value="0"/><int name="ani" value="0"/><int name="no" value="8"/><int name="f" value="0"/><int name="x" value="-68"/><int name="y" value="-170"/><int name="rx" value="-2"/><int name="ry" value="-10"/><int name="type" value="4"/><int name="cx" value="0"/><int name="cy" value="0"/><int name="a" value="255"/></imgdir><imgdir name="7"><string name="bS" value="grassySoil_new"/><int name="front" value="0"/><int name="ani" value="0"/><int name="no" value="9"/><int name="f" value="0"/><int name="x" value="-341"/><int name="y" value="-173"/><int name="rx" value="-8"/><int name="ry" value="-15"/><int name="type" value="1"/><int name="cx" value="1200"/><int name="cy" value="0"/><int name="a" value="255"/></imgdir><imgdir name="8"><string name="bS" value="grassySoil_new"/><int name="front" value="0"/><int name="ani" value="0"/><int name="no" value="10"/><int name="f" value="0"/><int name="x" value="130"/><int name="y" value="-237"/><int name="rx" value="-8"/><int name="ry" value="-15"/><int name="type" value="1"/><int name="cx" value="1200"/><int name="cy" value="0"/><int name="a" value="255"/></imgdir><imgdir name="9"><string name="bS" value="grassySoil_new"/><int name="front" value="0"/><int name="ani" value="0"/><int name="no" value="12"/><int name="f" value="0"/><int name="x" value="-9"/><int name="y" value="72"/><int name="rx" value="-15"/><int name="ry" value="-15"/><int name="type" value="1"/><int name="cx" value="0"/><int name="cy" value="0"/><int name="a" value="255"/></imgdir><imgdir name="10"><string name="bS" value="grassySoil_new"/><int name="front" value="0"/><int name="ani" value="0"/><int name="no" value="15"/><int name="f" value="0"/><int name="x" value="-654"/><int name="y" value="8"/><int name="rx" value="-15"/><int name="ry" value="-15"/><int name="type" value="1"/><int name="cx" value="2000"/><int name="cy" value="0"/><int name="a" value="255"/></imgdir><imgdir name="11"><string name="bS" value="grassySoil_new"/><int name="front" value="0"/><int name="ani" value="0"/><int name="no" value="16"/><int name="f" value="0"/><int name="x" value="14"/><int name="y" value="-59"/><int name="rx" value="-15"/><int name="ry" value="-15"/><int name="type" value="1"/><int name="cx" value="2000"/><int name="cy" value="0"/><int name="a" value="255"/></imgdir><imgdir name="12"><string name="bS" value="grassySoil_new"/><int name="front" value="0"/><int name="ani" value="0"/><int name="no" value="17"/><int name="f" value="0"/><int name="x" value="514"/><int name="y" value="-95"/><int name="rx" value="-15"/><int name="ry" value="-15"/><int name="type" value="1"/><int name="cx" value="2000"/><int name="cy" value="0"/><int name="a" value="255"/></imgdir><imgdir name="13"><string name="bS" value="grassySoil_new"/><int name="front" value="0"/><int name="ani" value="0"/><int name="no" value="18"/><int name="f" value="0"/><int name="x" value="1014"/><int name="y" value="-68"/><int name="rx" value="-15"/><int name="ry" value="-15"/><int name="type" value="1"/><int name="cx" value="2000"/><int name="cy" value="0"/><int name="a" value="255"/></imgdir><imgdir name="14"><string name="bS" value="grassySoil_new"/><int name="front" value="0"/><int name="ani" value="0"/><int name="no" value="21"/><int name="f" value="0"/><int name="x" value="4"/><int name="y" value="-373"/><int name="rx" value="-25"/><int name="ry" value="-60"/><int name="type" value="1"/><int name="cx" value="0"/><int name="cy" value="0"/><int name="a" value="255"/></imgdir><imgdir name="15"><string name="bS" value="grassySoil_new"/><int name="front" value="0"/><int name="ani" value="0"/><int name="no" value="22"/><int name="f" value="0"/><int name="x" value="-35"/><int name="y" value="-491"/><int name="rx" value="-35"/><int name="ry" value="-65"/><int name="type" value="1"/><int name="cx" value="1000"/><int name="cy" value="0"/><int name="a" value="255"/></imgdir><imgdir name="16"><string name="bS" value="grassySoil_new"/><int name="front" value="0"/><int name="ani" value="0"/><int name="no" value="23"/><int name="f" value="0"/><int name="x" value="465"/><int name="y" value="-486"/><int name="rx" value="-35"/><int name="ry" value="-65"/><int name="type" value="1"/><int name="cx" value="1000"/><int name="cy" value="0"/><int name="a" value="255"/></imgdir></imgdir><imgdir name="life"></imgdir><imgdir name="0"><imgdir name="info"></imgdir><imgdir name="tile"></imgdir><imgdir name="obj"><imgdir name="2"><string name="oS" value="acc1"/><string name="l0" value="grassySoil_new"/><string name="l1" value="nature"/><string name="l2" value="2"/><int name="x" value="-307"/><int name="y" value="-832"/><int name="z" value="9"/><int name="f" value="0"/><int name="zM" value="2"/><int name="r" value="0"/><int name="move" value="0"/><int name="dynamic" value="0"/><int name="piece" value="2"/></imgdir><imgdir name="3"><string name="oS" value="acc1"/><string name="l0" value="grassySoil_new"/><string name="l1" value="nature"/><string name="l2" value="3"/><int name="x" value="653"/><int name="y" value="-820"/><int name="z" value="9"/><int name="f" value="0"/><int name="zM" value="3"/><int name="r" value="0"/><int name="move" value="0"/><int name="dynamic" value="0"/><int name="piece" value="3"/></imgdir><imgdir name="0"><string name="oS" value="acc1"/><string name="l0" value="grassySoil_new"/><string name="l1" value="nature"/><string name="l2" value="1"/><int name="x" value="0"/><int name="y" value="-781"/><int name="z" value="9"/><int name="f" value="0"/><int name="zM" value="2"/><int name="r" value="0"/><int name="move" value="0"/><int name="dynamic" value="0"/><int name="piece" value="0"/></imgdir><imgdir name="1"><string name="oS" value="acc1"/><string name="l0" value="grassySoil_new"/><string name="l1" value="nature"/><string name="l2" value="0"/><int name="x" value="195"/><int name="y" value="-783"/><int name="z" value="9"/><int name="f" value="0"/><int name="zM" value="2"/><int name="r" value="0"/><int name="move" value="0"/><int name="dynamic" value="0"/><int name="piece" value="1"/></imgdir></imgdir></imgdir><imgdir name="1"><imgdir name="info"><string name="tS" value="grassySoil"/></imgdir><imgdir name="tile"><imgdir name="11"><int name="x" value="-180"/><int name="y" value="-600"/><string name="u" value="enH0"/><int name="no" value="0"/><int name="zM" value="0"/></imgdir><imgdir name="13"><int name="x" value="-270"/><int name="y" value="-600"/><string name="u" value="enH0"/><int name="no" value="2"/><int name="zM" value="0"/></imgdir><imgdir name="10"><int name="x" value="-180"/><int name="y" value="-600"/><string name="u" value="bsc"/><int name="no" value="3"/><int name="zM" value="0"/></imgdir><imgdir name="12"><int name="x" value="-270"/><int name="y" value="-600"/><string name="u" value="bsc"/><int name="no" value="3"/><int name="zM" value="0"/></imgdir><imgdir name="9"><int name="x" value="-270"/><int name="y" value="-540"/><string name="u" value="bsc"/><int name="no" value="0"/><int name="zM" value="0"/></imgdir><imgdir name="26"><int name="x" value="450"/><int name="y" value="-600"/><string name="u" value="enH0"/><int name="no" value="1"/><int name="zM" value="0"/></imgdir><imgdir name="27"><int name="x" value="540"/><int name="y" value="-600"/><string name="u" value="enH0"/><int name="no" value="0"/><int name="zM" value="0"/></imgdir><imgdir name="32"><int name="x" value="630"/><int name="y" value="-600"/><string name="u" value="enH0"/><int name="no" value="3"/><int name="zM" value="0"/></imgdir><imgdir name="46"><int name="x" value="540"/><int name="y" value="-420"/><string name="u" value="enH1"/><int name="no" value="2"/><int name="zM" value="0"/></imgdir><imgdir name="41"><int name="x" value="630"/><int name="y" value="-420"/><string name="u" value="enH1"/><int name="no" value="0"/><int name="zM" value="0"/></imgdir><imgdir name="18"><int name="x" value="-270"/><int name="y" value="-480"/><string name="u" value="bsc"/><int name="no" value="2"/><int name="zM" value="0"/></imgdir><imgdir name="17"><int name="x" value="-180"/><int name="y" value="-480"/><string name="u" value="bsc"/><int name="no" value="2"/><int name="zM" value="0"/></imgdir><imgdir name="20"><int name="x" value="-180"/><int name="y" value="-540"/><string name="u" value="bsc"/><int name="no" value="0"/><int name="zM" value="0"/></imgdir><imgdir name="19"><int name="x" value="-90"/><int name="y" value="-540"/><string name="u" value="bsc"/><int name="no" value="2"/><int name="zM" value="0"/></imgdir><imgdir name="15"><int name="x" value="-90"/><int name="y" value="-420"/><string name="u" value="enH1"/><int name="no" value="2"/><int name="zM" value="0"/></imgdir><imgdir name="47"><int name="x" value="450"/><int name="y" value="-420"/><string name="u" value="enH1"/><int name="no" value="0"/><int name="zM" value="0"/></imgdir><imgdir name="44"><int name="x" value="270"/><int name="y" value="-420"/><string name="u" value="enH1"/><int name="no" value="3"/><int name="zM" value="0"/></imgdir><imgdir name="49"><int name="x" value="-90"/><int name="y" value="-480"/><string name="u" value="bsc"/><int name="no" value="1"/><int name="zM" value="0"/></imgdir><imgdir name="43"><int name="x" value="360"/><int name="y" value="-480"/><string name="u" value="bsc"/><int name="no" value="4"/><int name="zM" value="0"/></imgdir><imgdir name="31"><int name="x" value="630"/><int name="y" value="-600"/><string name="u" value="bsc"/><int name="no" value="1"/><int name="zM" value="0"/></imgdir><imgdir name="45"><int name="x" value="540"/><int name="y" value="-480"/><string name="u" value="bsc"/><int name="no" value="1"/><int name="zM" value="0"/></imgdir><imgdir name="35"><int name="x" value="450"/><int name="y" value="-480"/><string name="u" value="bsc"/><int name="no" value="0"/><int name="zM" value="0"/></imgdir><imgdir name="25"><int name="x" value="450"/><int name="y" value="-600"/><string name="u" value="bsc"/><int name="no" value="0"/><int name="zM" value="0"/></imgdir><imgdir name="28"><int name="x" value="540"/><int name="y" value="-600"/><string name="u" value="bsc"/><int name="no" value="4"/><int name="zM" value="0"/></imgdir><imgdir name="39"><int name="x" value="360"/><int name="y" value="-540"/><string name="u" value="bsc"/><int name="no" value="3"/><int name="zM" value="0"/></imgdir><imgdir name="42"><int name="x" value="270"/><int name="y" value="-480"/><string name="u" value="bsc"/><int name="no" value="4"/><int name="zM" value="0"/></imgdir><imgdir name="48"><int name="x" value="630"/><int name="y" value="-540"/><string name="u" value="bsc"/><int name="no" value="4"/><int name="zM" value="0"/></imgdir><imgdir name="37"><int name="x" value="540"/><int name="y" value="-540"/><string name="u" value="bsc"/><int name="no" value="1"/><int name="zM" value="0"/></imgdir><imgdir name="34"><int name="x" value="270"/><int name="y" value="-540"/><string name="u" value="bsc"/><int name="no" value="0"/><int name="zM" value="0"/></imgdir><imgdir name="33"><int name="x" value="450"/><int name="y" value="-540"/><string name="u" value="bsc"/><int name="no" value="0"/><int name="zM" value="0"/></imgdir><imgdir name="36"><int name="x" value="0"/><int name="y" value="-420"/><string name="u" value="enH1"/><int name="no" value="3"/><int name="zM" value="0"/></imgdir><imgdir name="38"><int name="x" value="0"/><int name="y" value="-540"/><string name="u" value="bsc"/><int name="no" value="2"/><int name="zM" value="0"/></imgdir><imgdir name="40"><int name="x" value="90"/><int name="y" value="-540"/><string name="u" value="bsc"/><int name="no" value="0"/><int name="zM" value="0"/></imgdir><imgdir name="21"><int name="x" value="-360"/><int name="y" value="-600"/><string name="u" value="bsc"/><int name="no" value="1"/><int name="zM" value="0"/></imgdir><imgdir name="22"><int name="x" value="-360"/><int name="y" value="-480"/><string name="u" value="bsc"/><int name="no" value="2"/><int name="zM" value="0"/></imgdir><imgdir name="8"><int name="x" value="-360"/><int name="y" value="-420"/><string name="u" value="enH1"/><int name="no" value="1"/><int name="zM" value="0"/></imgdir><imgdir name="16"><int name="x" value="-360"/><int name="y" value="-600"/><string name="u" value="enH0"/><int name="no" value="2"/><int name="zM" value="0"/></imgdir><imgdir name="14"><int name="x" value="-360"/><int name="y" value="-540"/><string name="u" value="bsc"/><int name="no" value="0"/><int name="zM" value="0"/></imgdir><imgdir name="0"><int name="x" value="-270"/><int name="y" value="-420"/><string name="u" value="enH1"/><int name="no" value="2"/><int name="zM" value="0"/></imgdir><imgdir name="5"><int name="x" value="180"/><int name="y" value="-540"/><string name="u" value="bsc"/><int name="no" value="0"/><int name="zM" value="0"/></imgdir><imgdir name="2"><int name="x" value="0"/><int name="y" value="-480"/><string name="u" value="bsc"/><int name="no" value="3"/><int name="zM" value="0"/></imgdir><imgdir name="23"><int name="x" value="-180"/><int name="y" value="-420"/><string name="u" value="enH1"/><int name="no" value="0"/><int name="zM" value="0"/></imgdir><imgdir name="30"><int name="x" value="630"/><int name="y" value="-480"/><string name="u" value="bsc"/><int name="no" value="3"/><int name="zM" value="0"/></imgdir><imgdir name="29"><int name="x" value="180"/><int name="y" value="-480"/><string name="u" value="bsc"/><int name="no" value="3"/><int name="zM" value="0"/></imgdir><imgdir name="24"><int name="x" value="180"/><int name="y" value="-420"/><string name="u" value="enH1"/><int name="no" value="3"/><int name="zM" value="0"/></imgdir><imgdir name="3"><int name="x" value="360"/><int name="y" value="-420"/><string name="u" value="enH1"/><int name="no" value="2"/><int name="zM" value="0"/></imgdir><imgdir name="1"><int name="x" value="90"/><int name="y" value="-420"/><string name="u" value="enH1"/><int name="no" value="1"/><int name="zM" value="0"/></imgdir><imgdir name="7"><int name="x" value="90"/><int name="y" value="-480"/><string name="u" value="bsc"/><int name="no" value="2"/><int name="zM" value="0"/></imgdir><imgdir name="51"><int name="x" value="-90"/><int name="y" value="-600"/><string name="u" value="enH0"/><int name="no" value="3"/><int name="zM" value="0"/></imgdir><imgdir name="4"><int name="x" value="0"/><int name="y" value="-600"/><string name="u" value="enH0"/><int name="no" value="3"/><int name="zM" value="0"/></imgdir><imgdir name="53"><int name="x" value="180"/><int name="y" value="-600"/><string name="u" value="enH0"/><int name="no" value="2"/><int name="zM" value="0"/></imgdir><imgdir name="52"><int name="x" value="90"/><int name="y" value="-600"/><string name="u" value="enH0"/><int name="no" value="2"/><int name="zM" value="0"/></imgdir><imgdir name="50"><int name="x" value="-90"/><int name="y" value="-600"/><string name="u" value="bsc"/><int name="no" value="2"/><int name="zM" value="0"/></imgdir><imgdir name="6"><int name="x" value="0"/><int name="y" value="-600"/><string name="u" value="bsc"/><int name="no" value="2"/><int name="zM" value="0"/></imgdir><imgdir name="55"><int name="x" value="90"/><int name="y" value="-600"/><string name="u" value="bsc"/><int name="no" value="2"/><int name="zM" value="0"/></imgdir><imgdir name="54"><int name="x" value="180"/><int name="y" value="-600"/><string name="u" value="bsc"/><int name="no" value="1"/><int name="zM" value="0"/></imgdir><imgdir name="58"><int name="x" value="360"/><int name="y" value="-600"/><string name="u" value="bsc"/><int name="no" value="1"/><int name="zM" value="0"/></imgdir><imgdir name="57"><int name="x" value="270"/><int name="y" value="-600"/><string name="u" value="bsc"/><int name="no" value="2"/><int name="zM" value="0"/></imgdir><imgdir name="59"><int name="x" value="360"/><int name="y" value="-600"/><string name="u" value="enH0"/><int name="no" value="1"/><int name="zM" value="0"/></imgdir><imgdir name="56"><int name="x" value="270"/><int name="y" value="-600"/><string name="u" value="enH0"/><int name="no" value="3"/><int name="zM" value="0"/></imgdir><imgdir name="76"><int name="x" value="-180"/><int name="y" value="-960"/><string name="u" value="enH0"/><int name="no" value="2"/><int name="zM" value="6"/></imgdir><imgdir name="77"><int name="x" value="-180"/><int name="y" value="-960"/><string name="u" value="enH1"/><int name="no" value="0"/><int name="zM" value="6"/></imgdir><imgdir name="72"><int name="x" value="-270"/><int name="y" value="-960"/><string name="u" value="enH1"/><int name="no" value="0"/><int name="zM" value="6"/></imgdir><imgdir name="73"><int name="x" value="-270"/><int name="y" value="-960"/><string name="u" value="enH0"/><int name="no" value="2"/><int name="zM" value="6"/></imgdir><imgdir name="70"><int name="x" value="-360"/><int name="y" value="-960"/><string name="u" value="enH1"/><int name="no" value="2"/><int name="zM" value="6"/></imgdir><imgdir name="71"><int name="x" value="-360"/><int name="y" value="-960"/><string name="u" value="enH0"/><int name="no" value="1"/><int name="zM" value="6"/></imgdir><imgdir name="102"><int name="x" value="450"/><int name="y" value="-960"/><string name="u" value="enH1"/><int name="no" value="3"/><int name="zM" value="5"/></imgdir><imgdir name="103"><int name="x" value="450"/><int name="y" value="-960"/><string name="u" value="enH0"/><int name="no" value="2"/><int name="zM" value="5"/></imgdir><imgdir name="106"><int name="x" value="540"/><int name="y" value="-960"/><string name="u" value="enH1"/><int name="no" value="3"/><int name="zM" value="5"/></imgdir><imgdir name="107"><int name="x" value="540"/><int name="y" value="-960"/><string name="u" value="enH0"/><int name="no" value="3"/><int name="zM" value="5"/></imgdir><imgdir name="108"><int name="x" value="630"/><int name="y" value="-960"/><string name="u" value="enH1"/><int name="no" value="2"/><int name="zM" value="5"/></imgdir><imgdir name="109"><int name="x" value="630"/><int name="y" value="-960"/><string name="u" value="enH0"/><int name="no" value="0"/><int name="zM" value="5"/></imgdir><imgdir name="120"><int name="x" value="90"/><int name="y" value="-1080"/><string name="u" value="edU"/><int name="no" value="1"/><int name="zM" value="9"/></imgdir><imgdir name="121"><int name="x" value="90"/><int name="y" value="-1080"/><string name="u" value="edD"/><int name="no" value="0"/><int name="zM" value="9"/></imgdir><imgdir name="66"><int name="x" value="270"/><int name="y" value="-1020"/><string name="u" value="edD"/><int name="no" value="0"/><int name="zM" value="7"/></imgdir><imgdir name="67"><int name="x" value="270"/><int name="y" value="-1020"/><string name="u" value="edU"/><int name="no" value="1"/><int name="zM" value="7"/></imgdir><imgdir name="99"><int name="x" value="270"/><int name="y" value="-1080"/><string name="u" value="edD"/><int name="no" value="1"/><int name="zM" value="9"/></imgdir><imgdir name="98"><int name="x" value="270"/><int name="y" value="-1080"/><string name="u" value="edU"/><int name="no" value="0"/><int name="zM" value="9"/></imgdir><imgdir name="94"><int name="x" value="90"/><int name="y" value="-1020"/><string name="u" value="edD"/><int name="no" value="0"/><int name="zM" value="8"/></imgdir><imgdir name="95"><int name="x" value="90"/><int name="y" value="-1020"/><string name="u" value="edU"/><int name="no" value="0"/><int name="zM" value="8"/></imgdir><imgdir name="104"><int name="x" value="-90"/><int name="y" value="-960"/><string name="u" value="edD"/><int name="no" value="1"/><int name="zM" value="6"/></imgdir><imgdir name="105"><int name="x" value="-90"/><int name="y" value="-960"/><string name="u" value="edU"/><int name="no" value="0"/><int name="zM" value="6"/></imgdir><imgdir name="64"><int name="x" value="0"/><int name="y" value="-1020"/><string name="u" value="enH1"/><int name="no" value="2"/><int name="zM" value="8"/></imgdir><imgdir name="65"><int name="x" value="0"/><int name="y" value="-1020"/><string name="u" value="enH0"/><int name="no" value="1"/><int name="zM" value="8"/></imgdir><imgdir name="69"><int name="x" value="180"/><int name="y" value="-1080"/><string name="u" value="enH1"/><int name="no" value="1"/><int name="zM" value="9"/></imgdir><imgdir name="68"><int name="x" value="180"/><int name="y" value="-1080"/><string name="u" value="enH0"/><int name="no" value="0"/><int name="zM" value="9"/></imgdir><imgdir name="93"><int name="x" value="90"/><int name="y" value="-1080"/><string name="u" value="enH1"/><int name="no" value="1"/><int name="zM" value="9"/></imgdir><imgdir name="92"><int name="x" value="90"/><int name="y" value="-1080"/><string name="u" value="enH0"/><int name="no" value="1"/><int name="zM" value="9"/></imgdir><imgdir name="122"><int name="x" value="0"/><int name="y" value="-1020"/><string name="u" value="edD"/><int name="no" value="0"/><int name="zM" value="8"/></imgdir><imgdir name="123"><int name="x" value="0"/><int name="y" value="-1020"/><string name="u" value="edU"/><int name="no" value="0"/><int name="zM" value="8"/></imgdir><imgdir name="96"><int name="x" value="270"/><int name="y" value="-1020"/><string name="u" value="enH1"/><int name="no" value="1"/><int name="zM" value="7"/></imgdir><imgdir name="97"><int name="x" value="270"/><int name="y" value="-1020"/><string name="u" value="enH0"/><int name="no" value="1"/><int name="zM" value="7"/></imgdir><imgdir name="85"><int name="x" value="-540"/><int name="y" value="-960"/><string name="u" value="enH0"/><int name="no" value="1"/><int name="zM" value="6"/></imgdir><imgdir name="84"><int name="x" value="-540"/><int name="y" value="-960"/><string name="u" value="enH1"/><int name="no" value="0"/><int name="zM" value="6"/></imgdir><imgdir name="88"><int name="x" value="-450"/><int name="y" value="-960"/><string name="u" value="enH0"/><int name="no" value="1"/><int name="zM" value="6"/></imgdir><imgdir name="89"><int name="x" value="-450"/><int name="y" value="-960"/><string name="u" value="enH1"/><int name="no" value="3"/><int name="zM" value="6"/></imgdir><imgdir name="83"><int name="x" value="-450"/><int name="y" value="-420"/><string name="u" value="enH1"/><int name="no" value="3"/><int name="zM" value="0"/></imgdir><imgdir name="82"><int name="x" value="-450"/><int name="y" value="-540"/><string name="u" value="bsc"/><int name="no" value="0"/><int name="zM" value="0"/></imgdir><imgdir name="86"><int name="x" value="-540"/><int name="y" value="-420"/><string name="u" value="enH1"/><int name="no" value="2"/><int name="zM" value="0"/></imgdir><imgdir name="87"><int name="x" value="-540"/><int name="y" value="-480"/><string name="u" value="bsc"/><int name="no" value="2"/><int name="zM" value="0"/></imgdir><imgdir name="78"><int name="x" value="720"/><int name="y" value="-960"/><string name="u" value="enH0"/><int name="no" value="0"/><int name="zM" value="5"/></imgdir><imgdir name="79"><int name="x" value="720"/><int name="y" value="-960"/><string name="u" value="enH1"/><int name="no" value="2"/><int name="zM" value="5"/></imgdir><imgdir name="100"><int name="x" value="810"/><int name="y" value="-960"/><string name="u" value="enH0"/><int name="no" value="3"/><int name="zM" value="5"/></imgdir><imgdir name="101"><int name="x" value="810"/><int name="y" value="-960"/><string name="u" value="enH1"/><int name="no" value="1"/><int name="zM" value="5"/></imgdir><imgdir name="74"><int name="x" value="810"/><int name="y" value="-420"/><string name="u" value="enH1"/><int name="no" value="2"/><int name="zM" value="0"/></imgdir><imgdir name="75"><int name="x" value="720"/><int name="y" value="-420"/><string name="u" value="enH1"/><int name="no" value="0"/><int name="zM" value="0"/></imgdir><imgdir name="110"><int name="x" value="810"/><int name="y" value="-540"/><string name="u" value="bsc"/><int name="no" value="3"/><int name="zM" value="0"/></imgdir><imgdir name="111"><int name="x" value="810"/><int name="y" value="-480"/><string name="u" value="bsc"/><int name="no" value="1"/><int name="zM" value="0"/></imgdir><imgdir name="116"><int name="x" value="720"/><int name="y" value="-480"/><string name="u" value="bsc"/><int name="no" value="3"/><int name="zM" value="0"/></imgdir><imgdir name="117"><int name="x" value="720"/><int name="y" value="-540"/><string name="u" value="bsc"/><int name="no" value="0"/><int name="zM" value="0"/></imgdir><imgdir name="114"><int name="x" value="720"/><int name="y" value="-600"/><string name="u" value="enH0"/><int name="no" value="1"/><int name="zM" value="0"/></imgdir><imgdir name="115"><int name="x" value="720"/><int name="y" value="-600"/><string name="u" value="bsc"/><int name="no" value="4"/><int name="zM" value="0"/></imgdir><imgdir name="113"><int name="x" value="810"/><int name="y" value="-600"/><string name="u" value="enH0"/><int name="no" value="3"/><int name="zM" value="0"/></imgdir><imgdir name="112"><int name="x" value="810"/><int name="y" value="-600"/><string name="u" value="bsc"/><int name="no" value="2"/><int name="zM" value="0"/></imgdir><imgdir name="119"><int name="x" value="-450"/><int name="y" value="-600"/><string name="u" value="enH0"/><int name="no" value="1"/><int name="zM" value="0"/></imgdir><imgdir name="118"><int name="x" value="-540"/><int name="y" value="-540"/><string name="u" value="bsc"/><int name="no" value="4"/><int name="zM" value="0"/></imgdir><imgdir name="80"><int name="x" value="-540"/><int name="y" value="-600"/><string name="u" value="bsc"/><int name="no" value="4"/><int name="zM" value="0"/></imgdir><imgdir name="81"><int name="x" value="-450"/><int name="y" value="-600"/><string name="u" value="bsc"/><int name="no" value="0"/><int name="zM" value="0"/></imgdir><imgdir name="91"><int name="x" value="-540"/><int name="y" value="-600"/><string name="u" value="enH0"/><int name="no" value="1"/><int name="zM" value="0"/></imgdir><imgdir name="90"><int name="x" value="-450"/><int name="y" value="-480"/><string name="u" value="bsc"/><int name="no" value="1"/><int name="zM" value="0"/></imgdir><imgdir name="62"><int name="x" value="360"/><int name="y" value="-1020"/><string name="u" value="edD"/><int name="no" value="0"/><int name="zM" value="7"/></imgdir><imgdir name="63"><int name="x" value="360"/><int name="y" value="-1020"/><string name="u" value="edU"/><int name="no" value="0"/><int name="zM" value="7"/></imgdir><imgdir name="60"><int name="x" value="450"/><int name="y" value="-960"/><string name="u" value="edD"/><int name="no" value="1"/><int name="zM" value="5"/></imgdir><imgdir name="61"><int name="x" value="450"/><int name="y" value="-960"/><string name="u" value="edU"/><int name="no" value="0"/><int name="zM" value="5"/></imgdir></imgdir><imgdir name="obj"><imgdir name="0"><string name="oS" value="acc1"/><string name="l0" value="grassySoil"/><string name="l1" value="nature"/><string name="l2" value="11"/><int name="x" value="-290"/><int name="y" value="-771"/><int name="z" value="9"/><int name="f" value="0"/><int name="zM" value="0"/><int name="r" value="0"/><int name="move" value="0"/><int name="dynamic" value="0"/><int name="piece" value="0"/></imgdir><imgdir name="3"><string name="oS" value="acc1"/><string name="l0" value="grassySoil"/><string name="l1" value="nature"/><string name="l2" value="25"/><int name="x" value="-290"/><int name="y" value="-828"/><int name="z" value="10"/><int name="f" value="0"/><int name="zM" value="0"/><int name="r" value="0"/><int name="move" value="0"/><int name="dynamic" value="0"/><int name="piece" value="3"/></imgdir><imgdir name="8"><string name="oS" value="acc1"/><string name="l0" value="grassySoil"/><string name="l1" value="nature"/><string name="l2" value="3"/><int name="x" value="240"/><int name="y" value="-1123"/><int name="z" value="9"/><int name="f" value="0"/><int name="zM" value="9"/><int name="r" value="0"/><int name="move" value="0"/><int name="dynamic" value="0"/><int name="piece" value="8"/></imgdir><imgdir name="1"><string name="oS" value="acc1"/><string name="l0" value="grassySoil"/><string name="l1" value="nature"/><string name="l2" value="5"/><int name="x" value="161"/><int name="y" value="-1141"/><int name="z" value="9"/><int name="f" value="0"/><int name="zM" value="9"/><int name="r" value="0"/><int name="move" value="0"/><int name="dynamic" value="0"/><int name="piece" value="1"/></imgdir><imgdir name="2"><string name="oS" value="acc1"/><string name="l0" value="grassySoil"/><string name="l1" value="nature"/><string name="l2" value="0"/><int name="x" value="587"/><int name="y" value="-1006"/><int name="z" value="11"/><int name="f" value="0"/><int name="zM" value="5"/><int name="r" value="0"/><int name="move" value="0"/><int name="dynamic" value="0"/><int name="piece" value="2"/></imgdir><imgdir name="5"><string name="oS" value="acc1"/><string name="l0" value="grassySoil"/><string name="l1" value="nature"/><string name="l2" value="6"/><int name="x" value="131"/><int name="y" value="-1130"/><int name="z" value="9"/><int name="f" value="0"/><int name="zM" value="9"/><int name="r" value="0"/><int name="move" value="0"/><int name="dynamic" value="0"/><int name="piece" value="5"/></imgdir><imgdir name="4"><string name="oS" value="acc1"/><string name="l0" value="grassySoil"/><string name="l1" value="nature"/><string name="l2" value="13"/><int name="x" value="-218"/><int name="y" value="-679"/><int name="z" value="6"/><int name="f" value="0"/><int name="zM" value="0"/><int name="r" value="0"/><int name="move" value="0"/><int name="dynamic" value="0"/><int name="piece" value="4"/></imgdir><imgdir name="7"><string name="oS" value="acc1"/><string name="l0" value="grassySoil"/><string name="l1" value="nature"/><string name="l2" value="4"/><int name="x" value="202"/><int name="y" value="-1127"/><int name="z" value="9"/><int name="f" value="0"/><int name="zM" value="9"/><int name="r" value="0"/><int name="move" value="0"/><int name="dynamic" value="0"/><int name="piece" value="7"/></imgdir><imgdir name="6"><string name="oS" value="acc1"/><string name="l0" value="grassySoil_new"/><string name="l1" value="nature"/><string name="l2" value="4"/><int name="x" value="598"/><int name="y" value="-1063"/><int name="z" value="9"/><int name="f" value="0"/><int name="zM" value="5"/><int name="r" value="0"/><int name="move" value="0"/><int name="dynamic" value="0"/><int name="piece" value="6"/></imgdir></imgdir></imgdir><imgdir name="2"><imgdir name="info"></imgdir><imgdir name="tile"></imgdir><imgdir name="obj"><imgdir name="0"><string name="oS" value="acc1"/><string name="l0" value="grassySoil"/><string name="l1" value="nature"/><string name="l2" value="12"/><int name="x" value="660"/><int name="y" value="-769"/><int name="z" value="9"/><int name="f" value="0"/><int name="zM" value="4"/><int name="r" value="0"/><int name="move" value="0"/><int name="dynamic" value="0"/><int name="piece" value="0"/></imgdir></imgdir></imgdir><imgdir name="3"><imgdir name="info"></imgdir><imgdir name="tile"></imgdir><imgdir name="obj"></imgdir></imgdir><imgdir name="4"><imgdir name="info"></imgdir><imgdir name="tile"></imgdir><imgdir name="obj"></imgdir></imgdir><imgdir name="5"><imgdir name="info"></imgdir><imgdir name="tile"></imgdir><imgdir name="obj"></imgdir></imgdir><imgdir name="6"><imgdir name="info"></imgdir><imgdir name="tile"></imgdir><imgdir name="obj"></imgdir></imgdir><imgdir name="7"><imgdir name="info"></imgdir><imgdir name="tile"></imgdir><imgdir name="obj"></imgdir></imgdir><imgdir name="reactor"></imgdir><imgdir name="foothold"><imgdir name="1"><imgdir name="0"><imgdir name="1"><int name="x1" value="0"/><int name="y1" value="-625"/><int name="x2" value="90"/><int name="y2" value="-625"/><int name="prev" value="8"/><int name="next" value="9"/><int name="piece" value="-1"/></imgdir><imgdir name="2"><int name="x1" value="-180"/><int name="y1" value="-625"/><int name="x2" value="-90"/><int name="y2" value="-625"/><int name="prev" value="3"/><int name="next" value="8"/><int name="piece" value="-1"/></imgdir><imgdir name="3"><int name="x1" value="-270"/><int name="y1" value="-625"/><int name="x2" value="-180"/><int name="y2" value="-625"/><int name="prev" value="4"/><int name="next" value="2"/><int name="piece" value="-1"/></imgdir><imgdir name="4"><int name="x1" value="-360"/><int name="y1" value="-625"/><int name="x2" value="-270"/><int name="y2" value="-625"/><int name="prev" value="16"/><int name="next" value="3"/><int name="piece" value="-1"/></imgdir><imgdir name="5"><int name="x1" value="450"/><int name="y1" value="-625"/><int name="x2" value="540"/><int name="y2" value="-625"/><int name="prev" value="12"/><int name="next" value="6"/><int name="piece" value="-1"/></imgdir><imgdir name="6"><int name="x1" value="540"/><int name="y1" value="-625"/><int name="x2" value="630"/><int name="y2" value="-625"/><int name="prev" value="5"/><int name="next" value="7"/><int name="piece" value="-1"/></imgdir><imgdir name="7"><int name="x1" value="630"/><int name="y1" value="-625"/><int name="x2" value="720"/><int name="y2" value="-625"/><int name="prev" value="6"/><int name="next" value="15"/><int name="piece" value="-1"/></imgdir><imgdir name="8"><int name="x1" value="-90"/><int name="y1" value="-625"/><int name="x2" value="0"/><int name="y2" value="-625"/><int name="prev" value="2"/><int name="next" value="1"/><int name="piece" value="-1"/></imgdir><imgdir name="9"><int name="x1" value="90"/><int name="y1" value="-625"/><int name="x2" value="180"/><int name="y2" value="-625"/><int name="prev" value="1"/><int name="next" value="10"/><int name="piece" value="-1"/></imgdir><imgdir name="10"><int name="x1" value="180"/><int name="y1" value="-625"/><int name="x2" value="270"/><int name="y2" value="-625"/><int name="prev" value="9"/><int name="next" value="11"/><int name="piece" value="-1"/></imgdir><imgdir name="11"><int name="x1" value="270"/><int name="y1" value="-625"/><int name="x2" value="360"/><int name="y2" value="-625"/><int name="prev" value="10"/><int name="next" value="12"/><int name="piece" value="-1"/></imgdir><imgdir name="12"><int name="x1" value="360"/><int name="y1" value="-625"/><int name="x2" value="450"/><int name="y2" value="-625"/><int name="prev" value="11"/><int name="next" value="5"/><int name="piece" value="-1"/></imgdir><imgdir name="13"><int name="x1" value="-540"/><int name="y1" value="-625"/><int name="x2" value="-450"/><int name="y2" value="-625"/><int name="prev" value="0"/><int name="next" value="16"/><int name="piece" value="-1"/></imgdir><imgdir name="14"><int name="x1" value="810"/><int name="y1" value="-625"/><int name="x2" value="900"/><int name="y2" value="-625"/><int name="prev" value="15"/><int name="next" value="0"/><int name="piece" value="-1"/></imgdir><imgdir name="15"><int name="x1" value="720"/><int name="y1" value="-625"/><int name="x2" value="810"/><int name="y2" value="-625"/><int name="prev" value="7"/><int name="next" value="14"/><int name="piece" value="-1"/></imgdir><imgdir name="16"><int name="x1" value="-450"/><int name="y1" value="-625"/><int name="x2" value="-360"/><int name="y2" value="-625"/><int name="prev" value="13"/><int name="next" value="4"/><int name="piece" value="-1"/></imgdir></imgdir><imgdir name="5"><imgdir name="17"><int name="x1" value="411"/><int name="y1" value="-960"/><int name="x2" value="411"/><int name="y2" value="-985"/><int name="prev" value="0"/><int name="next" value="18"/><int name="piece" value="-1"/></imgdir><imgdir name="18"><int name="x1" value="411"/><int name="y1" value="-985"/><int name="x2" value="489"/><int name="y2" value="-985"/><int name="prev" value="17"/><int name="next" value="21"/><int name="piece" value="-1"/></imgdir><imgdir name="19"><int name="x1" value="720"/><int name="y1" value="-985"/><int name="x2" value="810"/><int name="y2" value="-985"/><int name="prev" value="23"/><int name="next" value="20"/><int name="piece" value="-1"/></imgdir><imgdir name="20"><int name="x1" value="810"/><int name="y1" value="-985"/><int name="x2" value="900"/><int name="y2" value="-985"/><int name="prev" value="19"/><int name="next" value="0"/><int name="piece" value="-1"/></imgdir><imgdir name="21"><int name="x1" value="489"/><int name="y1" value="-985"/><int name="x2" value="540"/><int name="y2" value="-985"/><int name="prev" value="18"/><int name="next" value="22"/><int name="piece" value="-1"/></imgdir><imgdir name="22"><int name="x1" value="540"/><int name="y1" value="-985"/><int name="x2" value="630"/><int name="y2" value="-985"/><int name="prev" value="21"/><int name="next" value="23"/><int name="piece" value="-1"/></imgdir><imgdir name="23"><int name="x1" value="630"/><int name="y1" value="-985"/><int name="x2" value="720"/><int name="y2" value="-985"/><int name="prev" value="22"/><int name="next" value="19"/><int name="piece" value="-1"/></imgdir></imgdir><imgdir name="7"><imgdir name="24"><int name="x1" value="321"/><int name="y1" value="-1045"/><int name="x2" value="399"/><int name="y2" value="-1045"/><int name="prev" value="28"/><int name="next" value="25"/><int name="piece" value="-1"/></imgdir><imgdir name="25"><int name="x1" value="399"/><int name="y1" value="-1045"/><int name="x2" value="399"/><int name="y2" value="-1020"/><int name="prev" value="24"/><int name="next" value="0"/><int name="piece" value="-1"/></imgdir><imgdir name="26"><int name="x1" value="231"/><int name="y1" value="-1020"/><int name="x2" value="231"/><int name="y2" value="-1045"/><int name="prev" value="0"/><int name="next" value="27"/><int name="piece" value="-1"/></imgdir><imgdir name="27"><int name="x1" value="231"/><int name="y1" value="-1045"/><int name="x2" value="309"/><int name="y2" value="-1045"/><int name="prev" value="26"/><int name="next" value="28"/><int name="piece" value="-1"/></imgdir><imgdir name="28"><int name="x1" value="309"/><int name="y1" value="-1045"/><int name="x2" value="321"/><int name="y2" value="-1045"/><int name="prev" value="27"/><int name="next" value="24"/><int name="piece" value="-1"/></imgdir></imgdir><imgdir name="8"><imgdir name="29"><int name="x1" value="0"/><int name="y1" value="-1045"/><int name="x2" value="39"/><int name="y2" value="-1045"/><int name="prev" value="34"/><int name="next" value="35"/><int name="piece" value="-1"/></imgdir><imgdir name="30"><int name="x1" value="51"/><int name="y1" value="-1045"/><int name="x2" value="90"/><int name="y2" value="-1045"/><int name="prev" value="35"/><int name="next" value="31"/><int name="piece" value="-1"/></imgdir><imgdir name="31"><int name="x1" value="90"/><int name="y1" value="-1045"/><int name="x2" value="129"/><int name="y2" value="-1045"/><int name="prev" value="30"/><int name="next" value="32"/><int name="piece" value="-1"/></imgdir><imgdir name="32"><int name="x1" value="129"/><int name="y1" value="-1045"/><int name="x2" value="129"/><int name="y2" value="-1020"/><int name="prev" value="31"/><int name="next" value="0"/><int name="piece" value="-1"/></imgdir><imgdir name="33"><int name="x1" value="-39"/><int name="y1" value="-1020"/><int name="x2" value="-39"/><int name="y2" value="-1045"/><int name="prev" value="0"/><int name="next" value="34"/><int name="piece" value="-1"/></imgdir><imgdir name="34"><int name="x1" value="-39"/><int name="y1" value="-1045"/><int name="x2" value="0"/><int name="y2" value="-1045"/><int name="prev" value="33"/><int name="next" value="29"/><int name="piece" value="-1"/></imgdir><imgdir name="35"><int name="x1" value="39"/><int name="y1" value="-1045"/><int name="x2" value="51"/><int name="y2" value="-1045"/><int name="prev" value="29"/><int name="next" value="30"/><int name="piece" value="-1"/></imgdir></imgdir><imgdir name="9"><imgdir name="36"><int name="x1" value="180"/><int name="y1" value="-1105"/><int name="x2" value="231"/><int name="y2" value="-1105"/><int name="prev" value="43"/><int name="next" value="38"/><int name="piece" value="-1"/></imgdir><imgdir name="37"><int name="x1" value="90"/><int name="y1" value="-1105"/><int name="x2" value="129"/><int name="y2" value="-1105"/><int name="prev" value="42"/><int name="next" value="43"/><int name="piece" value="-1"/></imgdir><imgdir name="38"><int name="x1" value="231"/><int name="y1" value="-1105"/><int name="x2" value="270"/><int name="y2" value="-1105"/><int name="prev" value="36"/><int name="next" value="39"/><int name="piece" value="-1"/></imgdir><imgdir name="39"><int name="x1" value="270"/><int name="y1" value="-1105"/><int name="x2" value="309"/><int name="y2" value="-1105"/><int name="prev" value="38"/><int name="next" value="40"/><int name="piece" value="-1"/></imgdir><imgdir name="40"><int name="x1" value="309"/><int name="y1" value="-1105"/><int name="x2" value="309"/><int name="y2" value="-1080"/><int name="prev" value="39"/><int name="next" value="0"/><int name="piece" value="-1"/></imgdir><imgdir name="41"><int name="x1" value="51"/><int name="y1" value="-1080"/><int name="x2" value="51"/><int name="y2" value="-1105"/><int name="prev" value="0"/><int name="next" value="42"/><int name="piece" value="-1"/></imgdir><imgdir name="42"><int name="x1" value="51"/><int name="y1" value="-1105"/><int name="x2" value="90"/><int name="y2" value="-1105"/><int name="prev" value="41"/><int name="next" value="37"/><int name="piece" value="-1"/></imgdir><imgdir name="43"><int name="x1" value="129"/><int name="y1" value="-1105"/><int name="x2" value="180"/><int name="y2" value="-1105"/><int name="prev" value="37"/><int name="next" value="36"/><int name="piece" value="-1"/></imgdir></imgdir><imgdir name="6"><imgdir name="44"><int name="x1" value="-360"/><int name="y1" value="-985"/><int name="x2" value="-270"/><int name="y2" value="-985"/><int name="prev" value="48"/><int name="next" value="45"/><int name="piece" value="-1"/></imgdir><imgdir name="45"><int name="x1" value="-270"/><int name="y1" value="-985"/><int name="x2" value="-180"/><int name="y2" value="-985"/><int name="prev" value="44"/><int name="next" value="46"/><int name="piece" value="-1"/></imgdir><imgdir name="46"><int name="x1" value="-180"/><int name="y1" value="-985"/><int name="x2" value="-129"/><int name="y2" value="-985"/><int name="prev" value="45"/><int name="next" value="49"/><int name="piece" value="-1"/></imgdir><imgdir name="47"><int name="x1" value="-540"/><int name="y1" value="-985"/><int name="x2" value="-450"/><int name="y2" value="-985"/><int name="prev" value="0"/><int name="next" value="48"/><int name="piece" value="-1"/></imgdir><imgdir name="48"><int name="x1" value="-450"/><int name="y1" value="-985"/><int name="x2" value="-360"/><int name="y2" value="-985"/><int name="prev" value="47"/><int name="next" value="44"/><int name="piece" value="-1"/></imgdir><imgdir name="49"><int name="x1" value="-129"/><int name="y1" value="-985"/><int name="x2" value="-90"/><int name="y2" value="-985"/><int name="prev" value="46"/><int name="next" value="50"/><int name="piece" value="-1"/></imgdir><imgdir name="50"><int name="x1" value="-90"/><int name="y1" value="-985"/><int name="x2" value="-51"/><int name="y2" value="-985"/><int name="prev" value="49"/><int name="next" value="51"/><int name="piece" value="-1"/></imgdir><imgdir name="51"><int name="x1" value="-51"/><int name="y1" value="-985"/><int name="x2" value="-51"/><int name="y2" value="-960"/><int name="prev" value="50"/><int name="next" value="0"/><int name="piece" value="-1"/></imgdir></imgdir></imgdir></imgdir><imgdir name="ladderRope"></imgdir><imgdir name="miniMap"><canvas name="canvas" width="96" height="61"><string name="_hash" value="ae9aebddc2fd372892381dcdb71e7f1ce512402556aec9ee708435edf0d38c7b"/></canvas><int name="width" value="1536"/><int name="height" value="979"/><int name="centerX" value="588"/><int name="centerY" value="1324"/><int name="mag" value="4"/></imgdir><imgdir name="portal"><imgdir name="0"><string name="pn" value="sp"/><int name="pt" value="0"/><int name="x" value="-242"/><int name="y" value="-662"/><int name="tm" value="999999999"/><string name="tn" value=""/></imgdir></imgdir></imgdir>