<?xml version="1.0" encoding="UTF-8" standalone="yes"?><imgdir name="910090303.img"><imgdir name="info"><int name="version" value="10"/><int name="cloud" value="0"/><int name="town" value="0"/><int name="swim" value="0"/><int name="returnMap" value="910090302"/><int name="forcedReturn" value="910090302"/><float name="mobRate" value="2.5"/><string name="bgm" value="Bgm51/ThePartemRuins"/><string name="mapMark" value="Partem"/><int name="fly" value="0"/><int name="standAlone" value="0"/><int name="partyStandAlone" value="0"/><int name="quarterView" value="0"/><int name="noMapCmd" value="0"/><int name="hideMinimap" value="0"/><int name="fieldLimit" value="271096"/><string name="AmbientBGM" value=""/><int name="AmbientBGMv" value="100"/><int name="VRTop" value="-775"/><int name="VRLeft" value="-1674"/><int name="VRBottom" value="252"/><int name="VRRight" value="0"/><int name="MRLeft" value="-1674"/><int name="MRTop" value="-775"/><int name="MRBottom" value="252"/><string name="fieldScript" value=""/><string name="onFirstUserEnter" value=""/><string name="onUserEnter" value="enter_910090303"/><int name="noChair" value="1"/><int name="qrLimit" value="35900"/></imgdir><imgdir name="back"><imgdir name="0"><string name="bS" value="partem2"/><int name="front" value="0"/><int name="ani" value="0"/><int name="no" value="1"/><int name="f" value="0"/><int name="w" value="0"/><int name="x" value="464"/><int name="y" value="-318"/><int name="rx" value="0"/><int name="ry" value="0"/><int name="wx" value="0"/><int name="wy" value="0"/><int name="type" value="3"/><int name="cx" value="0"/><int name="cy" value="0"/><int name="a" value="255"/><string name="backTags" value=""/></imgdir><imgdir name="1"><string name="bS" value="partem2"/><int name="front" value="0"/><int name="ani" value="0"/><int name="no" value="2"/><int name="f" value="0"/><int name="w" value="0"/><int name="x" value="23"/><int name="y" value="-209"/><int name="rx" value="-1"/><int name="ry" value="-65"/><int name="wx" value="0"/><int name="wy" value="0"/><int name="type" value="1"/><int name="cx" value="300"/><int name="cy" value="0"/><int name="a" value="255"/><string name="backTags" value=""/></imgdir><imgdir name="2"><string name="bS" value="partem2"/><int name="front" value="0"/><int name="ani" value="0"/><int name="no" value="3"/><int name="f" value="0"/><int name="w" value="0"/><int name="x" value="63"/><int name="y" value="-494"/><int name="rx" value="-3"/><int name="ry" value="-67"/><int name="wx" value="0"/><int name="wy" value="0"/><int name="type" value="1"/><int name="cx" value="0"/><int name="cy" value="0"/><int name="a" value="255"/><string name="backTags" value=""/></imgdir><imgdir name="3"><string name="bS" value="partem2"/><int name="front" value="0"/><int name="ani" value="0"/><int name="no" value="4"/><int name="f" value="0"/><int name="w" value="0"/><int name="x" value="-78"/><int name="y" value="-160"/><int name="rx" value="-3"/><int name="ry" value="-67"/><int name="wx" value="0"/><int name="wy" value="0"/><int name="type" value="0"/><int name="cx" value="0"/><int name="cy" value="0"/><int name="a" value="255"/><string name="backTags" value=""/></imgdir><imgdir name="4"><string name="bS" value="partem2"/><int name="front" value="0"/><int name="ani" value="0"/><int name="no" value="5"/><int name="f" value="0"/><int name="w" value="0"/><int name="x" value="-565"/><int name="y" value="-120"/><int name="rx" value="-3"/><int name="ry" value="-67"/><int name="wx" value="0"/><int name="wy" value="0"/><int name="type" value="0"/><int name="cx" value="0"/><int name="cy" value="0"/><int name="a" value="255"/><string name="backTags" value=""/></imgdir><imgdir name="5"><string name="bS" value="partem2"/><int name="front" value="0"/><int name="ani" value="0"/><int name="no" value="6"/><int name="f" value="0"/><int name="w" value="0"/><int name="x" value="577"/><int name="y" value="-169"/><int name="rx" value="-3"/><int name="ry" value="-67"/><int name="wx" value="0"/><int name="wy" value="0"/><int name="type" value="0"/><int name="cx" value="0"/><int name="cy" value="0"/><int name="a" value="255"/><string name="backTags" value=""/></imgdir><imgdir name="6"><string name="bS" value="partem2"/><int name="front" value="0"/><int name="ani" value="0"/><int name="no" value="7"/><int name="f" value="0"/><int name="w" value="0"/><int name="x" value="81"/><int name="y" value="239"/><int name="rx" value="-10"/><int name="ry" value="-69"/><int name="wx" value="0"/><int name="wy" value="0"/><int name="type" value="1"/><int name="cx" value="0"/><int name="cy" value="0"/><int name="a" value="255"/><string name="backTags" value=""/></imgdir><imgdir name="7"><string name="bS" value="partem2"/><int name="front" value="0"/><int name="ani" value="0"/><int name="no" value="8"/><int name="f" value="0"/><int name="w" value="0"/><int name="x" value="102"/><int name="y" value="-478"/><int name="rx" value="-10"/><int name="ry" value="-69"/><int name="wx" value="0"/><int name="wy" value="0"/><int name="type" value="1"/><int name="cx" value="0"/><int name="cy" value="0"/><int name="a" value="255"/><string name="backTags" value=""/></imgdir><imgdir name="8"><string name="bS" value="partem2"/><int name="front" value="0"/><int name="ani" value="0"/><int name="no" value="9"/><int name="f" value="0"/><int name="w" value="0"/><int name="x" value="-767"/><int name="y" value="-254"/><int name="rx" value="-20"/><int name="ry" value="-70"/><int name="wx" value="0"/><int name="wy" value="0"/><int name="type" value="0"/><int name="cx" value="0"/><int name="cy" value="0"/><int name="a" value="255"/><string name="backTags" value=""/></imgdir><imgdir name="9"><string name="bS" value="partem2"/><int name="front" value="0"/><int name="ani" value="0"/><int name="no" value="10"/><int name="f" value="0"/><int name="w" value="0"/><int name="x" value="-190"/><int name="y" value="-218"/><int name="rx" value="-20"/><int name="ry" value="-70"/><int name="wx" value="0"/><int name="wy" value="0"/><int name="type" value="0"/><int name="cx" value="0"/><int name="cy" value="0"/><int name="a" value="255"/><string name="backTags" value=""/></imgdir><imgdir name="10"><string name="bS" value="partem2"/><int name="front" value="0"/><int name="ani" value="0"/><int name="no" value="11"/><int name="f" value="0"/><int name="w" value="0"/><int name="x" value="343"/><int name="y" value="-203"/><int name="rx" value="-20"/><int name="ry" value="-70"/><int name="wx" value="0"/><int name="wy" value="0"/><int name="type" value="0"/><int name="cx" value="0"/><int name="cy" value="0"/><int name="a" value="255"/><string name="backTags" value=""/></imgdir><imgdir name="11"><string name="bS" value="partem2"/><int name="front" value="0"/><int name="ani" value="0"/><int name="no" value="12"/><int name="f" value="0"/><int name="w" value="0"/><int name="x" value="851"/><int name="y" value="-209"/><int name="rx" value="-20"/><int name="ry" value="-70"/><int name="wx" value="0"/><int name="wy" value="0"/><int name="type" value="0"/><int name="cx" value="0"/><int name="cy" value="0"/><int name="a" value="255"/><string name="backTags" value=""/></imgdir><imgdir name="12"><string name="bS" value="partem2"/><int name="front" value="0"/><int name="ani" value="0"/><int name="no" value="13"/><int name="f" value="0"/><int name="w" value="0"/><int name="x" value="-801"/><int name="y" value="105"/><int name="rx" value="-40"/><int name="ry" value="-80"/><int name="wx" value="0"/><int name="wy" value="0"/><int name="type" value="0"/><int name="cx" value="0"/><int name="cy" value="0"/><int name="a" value="255"/><string name="backTags" value=""/></imgdir><imgdir name="13"><string name="bS" value="partem2"/><int name="front" value="0"/><int name="ani" value="0"/><int name="no" value="14"/><int name="f" value="0"/><int name="w" value="0"/><int name="x" value="220"/><int name="y" value="120"/><int name="rx" value="-40"/><int name="ry" value="-80"/><int name="wx" value="0"/><int name="wy" value="0"/><int name="type" value="0"/><int name="cx" value="0"/><int name="cy" value="0"/><int name="a" value="255"/><string name="backTags" value=""/></imgdir><imgdir name="14"><string name="bS" value="partem2"/><int name="front" value="0"/><int name="ani" value="0"/><int name="no" value="15"/><int name="f" value="0"/><int name="w" value="0"/><int name="x" value="1140"/><int name="y" value="137"/><int name="rx" value="-40"/><int name="ry" value="-80"/><int name="wx" value="0"/><int name="wy" value="0"/><int name="type" value="0"/><int name="cx" value="0"/><int name="cy" value="0"/><int name="a" value="255"/><string name="backTags" value=""/></imgdir><imgdir name="15"><string name="bS" value="partem2"/><int name="front" value="0"/><int name="ani" value="0"/><int name="no" value="16"/><int name="f" value="0"/><int name="w" value="0"/><int name="x" value="-50"/><int name="y" value="-551"/><int name="rx" value="-40"/><int name="ry" value="-80"/><int name="wx" value="0"/><int name="wy" value="0"/><int name="type" value="1"/><int name="cx" value="0"/><int name="cy" value="0"/><int name="a" value="255"/><string name="backTags" value=""/></imgdir><imgdir name="16"><string name="bS" value="partem2"/><int name="front" value="0"/><int name="ani" value="0"/><int name="no" value="17"/><int name="f" value="0"/><int name="w" value="0"/><int name="x" value="-1183"/><int name="y" value="-232"/><int name="rx" value="-50"/><int name="ry" value="-85"/><int name="wx" value="0"/><int name="wy" value="0"/><int name="type" value="1"/><int name="cx" value="3000"/><int name="cy" value="0"/><int name="a" value="255"/><string name="backTags" value=""/></imgdir><imgdir name="17"><string name="bS" value="partem2"/><int name="front" value="0"/><int name="ani" value="0"/><int name="no" value="18"/><int name="f" value="0"/><int name="w" value="0"/><int name="x" value="-325"/><int name="y" value="-219"/><int name="rx" value="-50"/><int name="ry" value="-80"/><int name="wx" value="0"/><int name="wy" value="0"/><int name="type" value="1"/><int name="cx" value="3000"/><int name="cy" value="0"/><int name="a" value="255"/><string name="backTags" value=""/></imgdir><imgdir name="18"><string name="bS" value="partem2"/><int name="front" value="0"/><int name="ani" value="0"/><int name="no" value="19"/><int name="f" value="0"/><int name="w" value="0"/><int name="x" value="512"/><int name="y" value="-218"/><int name="rx" value="-50"/><int name="ry" value="-80"/><int name="wx" value="0"/><int name="wy" value="0"/><int name="type" value="1"/><int name="cx" value="3000"/><int name="cy" value="0"/><int name="a" value="255"/><string name="backTags" value=""/></imgdir><imgdir name="19"><string name="bS" value="partem2"/><int name="front" value="0"/><int name="ani" value="0"/><int name="no" value="20"/><int name="f" value="0"/><int name="w" value="0"/><int name="x" value="1267"/><int name="y" value="-206"/><int name="rx" value="-50"/><int name="ry" value="-80"/><int name="wx" value="0"/><int name="wy" value="0"/><int name="type" value="0"/><int name="cx" value="3000"/><int name="cy" value="0"/><int name="a" value="255"/><string name="backTags" value=""/></imgdir><imgdir name="20"><string name="bS" value="partem2"/><int name="front" value="0"/><int name="ani" value="0"/><int name="no" value="21"/><int name="f" value="0"/><int name="w" value="0"/><int name="x" value="-315"/><int name="y" value="-611"/><int name="rx" value="-50"/><int name="ry" value="-80"/><int name="wx" value="0"/><int name="wy" value="0"/><int name="type" value="0"/><int name="cx" value="800"/><int name="cy" value="0"/><int name="a" value="255"/><string name="backTags" value=""/></imgdir><imgdir name="21"><string name="bS" value="partem2"/><int name="front" value="0"/><int name="ani" value="0"/><int name="no" value="22"/><int name="f" value="0"/><int name="w" value="0"/><int name="x" value="-1139"/><int name="y" value="-603"/><int name="rx" value="-50"/><int name="ry" value="-80"/><int name="wx" value="0"/><int name="wy" value="0"/><int name="type" value="0"/><int name="cx" value="2000"/><int name="cy" value="0"/><int name="a" value="255"/><string name="backTags" value=""/></imgdir><imgdir name="22"><string name="bS" value="partem2"/><int name="front" value="0"/><int name="ani" value="0"/><int name="no" value="23"/><int name="f" value="0"/><int name="w" value="0"/><int name="x" value="357"/><int name="y" value="-585"/><int name="rx" value="-50"/><int name="ry" value="-80"/><int name="wx" value="0"/><int name="wy" value="0"/><int name="type" value="0"/><int name="cx" value="0"/><int name="cy" value="0"/><int name="a" value="255"/><string name="backTags" value=""/></imgdir><imgdir name="23"><string name="bS" value="partem2"/><int name="front" value="0"/><int name="ani" value="0"/><int name="no" value="22"/><int name="f" value="0"/><int name="w" value="0"/><int name="x" value="1051"/><int name="y" value="-606"/><int name="rx" value="-50"/><int name="ry" value="-80"/><int name="wx" value="0"/><int name="wy" value="0"/><int name="type" value="0"/><int name="cx" value="0"/><int name="cy" value="0"/><int name="a" value="255"/><string name="backTags" value=""/></imgdir><imgdir name="24"><string name="bS" value="partem2"/><int name="front" value="0"/><int name="ani" value="0"/><int name="no" value="25"/><int name="f" value="0"/><int name="w" value="0"/><int name="x" value="1725"/><int name="y" value="-609"/><int name="rx" value="-50"/><int name="ry" value="-80"/><int name="wx" value="0"/><int name="wy" value="0"/><int name="type" value="0"/><int name="cx" value="0"/><int name="cy" value="0"/><int name="a" value="255"/><string name="backTags" value=""/></imgdir><imgdir name="25"><string name="bS" value="partem2"/><int name="front" value="0"/><int name="ani" value="0"/><int name="no" value="26"/><int name="f" value="0"/><int name="w" value="0"/><int name="x" value="-957"/><int name="y" value="-258"/><int name="rx" value="-90"/><int name="ry" value="-90"/><int name="wx" value="0"/><int name="wy" value="0"/><int name="type" value="0"/><int name="cx" value="0"/><int name="cy" value="0"/><int name="a" value="255"/><string name="backTags" value=""/></imgdir><imgdir name="26"><string name="bS" value="partem2"/><int name="front" value="0"/><int name="ani" value="0"/><int name="no" value="27"/><int name="f" value="0"/><int name="w" value="0"/><int name="x" value="1388"/><int name="y" value="-269"/><int name="rx" value="-90"/><int name="ry" value="-90"/><int name="wx" value="0"/><int name="wy" value="0"/><int name="type" value="0"/><int name="cx" value="0"/><int name="cy" value="0"/><int name="a" value="255"/><string name="backTags" value=""/></imgdir><imgdir name="27"><string name="bS" value="partem2"/><int name="front" value="0"/><int name="ani" value="0"/><int name="no" value="28"/><int name="f" value="0"/><int name="w" value="0"/><int name="x" value="258"/><int name="y" value="-247"/><int name="rx" value="-90"/><int name="ry" value="-90"/><int name="wx" value="0"/><int name="wy" value="0"/><int name="type" value="0"/><int name="cx" value="0"/><int name="cy" value="0"/><int name="a" value="255"/><string name="backTags" value=""/></imgdir><imgdir name="28"><string name="bS" value="partem2"/><int name="front" value="0"/><int name="ani" value="0"/><int name="no" value="29"/><int name="f" value="0"/><int name="w" value="0"/><int name="x" value="2345"/><int name="y" value="-228"/><int name="rx" value="-90"/><int name="ry" value="-90"/><int name="wx" value="0"/><int name="wy" value="0"/><int name="type" value="0"/><int name="cx" value="0"/><int name="cy" value="0"/><int name="a" value="255"/><string name="backTags" value=""/></imgdir></imgdir><imgdir name="life"><imgdir name="0"><string name="type" value="m"/><string name="id" value="2300200"/><int name="x" value="-1219"/><int name="y" value="44"/><int name="mobTime" value="0"/><int name="f" value="0"/><int name="hide" value="0"/><int name="fh" value="3"/><int name="cy" value="62"/><int name="rx0" value="-1664"/><int name="rx1" value="-1142"/></imgdir><imgdir name="1"><string name="type" value="m"/><string name="id" value="2300200"/><int name="x" value="-966"/><int name="y" value="53"/><int name="mobTime" value="0"/><int name="f" value="0"/><int name="hide" value="0"/><int name="fh" value="4"/><int name="cy" value="62"/><int name="rx0" value="-1102"/><int name="rx1" value="-580"/></imgdir><imgdir name="2"><string name="type" value="m"/><string name="id" value="2300200"/><int name="x" value="-706"/><int name="y" value="51"/><int name="mobTime" value="0"/><int name="f" value="0"/><int name="hide" value="0"/><int name="fh" value="4"/><int name="cy" value="62"/><int name="rx0" value="-1102"/><int name="rx1" value="-580"/></imgdir><imgdir name="3"><string name="type" value="m"/><string name="id" value="2300200"/><int name="x" value="-477"/><int name="y" value="40"/><int name="mobTime" value="0"/><int name="f" value="0"/><int name="hide" value="0"/><int name="fh" value="1"/><int name="cy" value="62"/><int name="rx0" value="-540"/><int name="rx1" value="-18"/></imgdir><imgdir name="4"><string name="type" value="m"/><string name="id" value="2300200"/><int name="x" value="-200"/><int name="y" value="45"/><int name="mobTime" value="0"/><int name="f" value="0"/><int name="hide" value="0"/><int name="fh" value="1"/><int name="cy" value="62"/><int name="rx0" value="-540"/><int name="rx1" value="-18"/></imgdir><imgdir name="7"><string name="type" value="m"/><string name="id" value="2300200"/><int name="x" value="-893"/><int name="y" value="-417"/><int name="mobTime" value="0"/><int name="f" value="0"/><int name="hide" value="0"/><int name="fh" value="7"/><int name="cy" value="-372"/><int name="rx0" value="-974"/><int name="rx1" value="-879"/></imgdir><imgdir name="10"><string name="type" value="m"/><string name="id" value="2300200"/><int name="x" value="-347"/><int name="y" value="-434"/><int name="mobTime" value="0"/><int name="f" value="0"/><int name="hide" value="0"/><int name="fh" value="5"/><int name="cy" value="-372"/><int name="rx0" value="-396"/><int name="rx1" value="-250"/></imgdir><imgdir name="9"><string name="type" value="m"/><string name="id" value="2300200"/><int name="x" value="-813"/><int name="y" value="-241"/><int name="mobTime" value="0"/><int name="f" value="0"/><int name="hide" value="0"/><int name="fh" value="8"/><int name="cy" value="-150"/><int name="rx0" value="-841"/><int name="rx1" value="-658"/></imgdir><imgdir name="8"><string name="type" value="m"/><string name="id" value="2300200"/><int name="x" value="-615"/><int name="y" value="-215"/><int name="mobTime" value="0"/><int name="f" value="0"/><int name="hide" value="0"/><int name="fh" value="10"/><int name="cy" value="-150"/><int name="rx0" value="-618"/><int name="rx1" value="-438"/></imgdir><imgdir name="5"><string name="type" value="m"/><string name="id" value="2300200"/><int name="x" value="-362"/><int name="y" value="-222"/><int name="mobTime" value="0"/><int name="f" value="0"/><int name="hide" value="0"/><int name="fh" value="9"/><int name="cy" value="-150"/><int name="rx0" value="-398"/><int name="rx1" value="-252"/></imgdir><imgdir name="6"><string name="type" value="m"/><string name="id" value="2300200"/><int name="x" value="-610"/><int name="y" value="-429"/><int name="mobTime" value="0"/><int name="f" value="0"/><int name="hide" value="0"/><int name="fh" value="6"/><int name="cy" value="-372"/><int name="rx0" value="-616"/><int name="rx1" value="-436"/></imgdir><imgdir name="11"><string name="type" value="m"/><string name="id" value="2300200"/><int name="x" value="-725"/><int name="y" value="-436"/><int name="mobTime" value="0"/><int name="f" value="0"/><int name="hide" value="0"/><int name="fh" value="2"/><int name="cy" value="-372"/><int name="rx0" value="-839"/><int name="rx1" value="-656"/></imgdir><imgdir name="12"><string name="type" value="m"/><string name="id" value="2300200"/><int name="x" value="-502"/><int name="y" value="-420"/><int name="mobTime" value="0"/><int name="f" value="0"/><int name="hide" value="0"/><int name="fh" value="6"/><int name="cy" value="-372"/><int name="rx0" value="-616"/><int name="rx1" value="-436"/></imgdir><imgdir name="13"><string name="type" value="m"/><string name="id" value="2300200"/><int name="x" value="-716"/><int name="y" value="-231"/><int name="mobTime" value="0"/><int name="f" value="0"/><int name="hide" value="0"/><int name="fh" value="8"/><int name="cy" value="-150"/><int name="rx0" value="-841"/><int name="rx1" value="-658"/></imgdir><imgdir name="14"><string name="type" value="m"/><string name="id" value="2300200"/><int name="x" value="-504"/><int name="y" value="-230"/><int name="mobTime" value="0"/><int name="f" value="0"/><int name="hide" value="0"/><int name="fh" value="10"/><int name="cy" value="-150"/><int name="rx0" value="-618"/><int name="rx1" value="-438"/></imgdir><imgdir name="15"><string name="type" value="m"/><string name="id" value="2300200"/><int name="x" value="-1082"/><int name="y" value="49"/><int name="mobTime" value="0"/><int name="f" value="0"/><int name="hide" value="0"/><int name="fh" value="4"/><int name="cy" value="62"/><int name="rx0" value="-1102"/><int name="rx1" value="-580"/></imgdir><imgdir name="16"><string name="type" value="m"/><string name="id" value="2300200"/><int name="x" value="-589"/><int name="y" value="47"/><int name="mobTime" value="0"/><int name="f" value="0"/><int name="hide" value="0"/><int name="fh" value="4"/><int name="cy" value="62"/><int name="rx0" value="-1102"/><int name="rx1" value="-580"/></imgdir><imgdir name="17"><string name="type" value="m"/><string name="id" value="2300200"/><int name="x" value="-360"/><int name="y" value="39"/><int name="mobTime" value="0"/><int name="f" value="0"/><int name="hide" value="0"/><int name="fh" value="1"/><int name="cy" value="62"/><int name="rx0" value="-540"/><int name="rx1" value="-18"/></imgdir><imgdir name="18"><string name="type" value="m"/><string name="id" value="2300200"/><int name="x" value="-57"/><int name="y" value="50"/><int name="mobTime" value="0"/><int name="f" value="0"/><int name="hide" value="0"/><int name="fh" value="1"/><int name="cy" value="62"/><int name="rx0" value="-540"/><int name="rx1" value="-18"/></imgdir><imgdir name="19"><string name="type" value="m"/><string name="id" value="2300200"/><int name="x" value="-922"/><int name="y" value="-236"/><int name="mobTime" value="0"/><int name="f" value="0"/><int name="hide" value="0"/><int name="fh" value="11"/><int name="cy" value="-150"/><int name="rx0" value="-976"/><int name="rx1" value="-881"/></imgdir></imgdir><imgdir name="reactor"></imgdir><imgdir name="0"><imgdir name="info"></imgdir><imgdir name="tile"></imgdir><imgdir name="obj"></imgdir></imgdir><imgdir name="1"><imgdir name="info"></imgdir><imgdir name="tile"></imgdir><imgdir name="obj"><imgdir name="0"><string name="oS" value="partem"/><string name="l0" value="ruin"/><string name="l1" value="stone"/><string name="l2" value="0"/><int name="x" value="-247"/><int name="y" value="7"/><int name="z" value="9"/><int name="f" value="0"/><int name="zM" value="0"/><int name="r" value="0"/><int name="move" value="0"/><int name="dynamic" value="0"/><int name="piece" value="0"/></imgdir><imgdir name="1"><string name="oS" value="partem"/><string name="l0" value="ruin"/><string name="l1" value="stone"/><string name="l2" value="2"/><int name="x" value="-818"/><int name="y" value="-391"/><int name="z" value="9"/><int name="f" value="0"/><int name="zM" value="0"/><int name="r" value="0"/><int name="move" value="0"/><int name="dynamic" value="0"/><int name="piece" value="1"/></imgdir><imgdir name="2"><string name="oS" value="partem"/><string name="l0" value="ruin"/><string name="l1" value="stone"/><string name="l2" value="1"/><int name="x" value="-1574"/><int name="y" value="-5"/><int name="z" value="9"/><int name="f" value="0"/><int name="zM" value="0"/><int name="r" value="0"/><int name="move" value="0"/><int name="dynamic" value="0"/><int name="piece" value="2"/></imgdir></imgdir></imgdir><imgdir name="2"><imgdir name="info"></imgdir><imgdir name="tile"></imgdir><imgdir name="obj"></imgdir></imgdir><imgdir name="3"><imgdir name="info"></imgdir><imgdir name="tile"></imgdir><imgdir name="obj"><imgdir name="0"><string name="oS" value="partem"/><string name="l0" value="ruin"/><string name="l1" value="foothold"/><string name="l2" value="0"/><int name="x" value="-273"/><int name="y" value="160"/><int name="z" value="9"/><int name="f" value="0"/><int name="zM" value="0"/><int name="r" value="0"/><int name="move" value="0"/><int name="dynamic" value="0"/><int name="piece" value="0"/></imgdir><imgdir name="2"><string name="oS" value="partem"/><string name="l0" value="ruin"/><string name="l1" value="foothold"/><string name="l2" value="0"/><int name="x" value="-1397"/><int name="y" value="160"/><int name="z" value="9"/><int name="f" value="0"/><int name="zM" value="1"/><int name="r" value="0"/><int name="move" value="0"/><int name="dynamic" value="0"/><int name="piece" value="2"/></imgdir><imgdir name="3"><string name="oS" value="partem"/><string name="l0" value="ruin"/><string name="l1" value="foothold"/><string name="l2" value="0"/><int name="x" value="-835"/><int name="y" value="160"/><int name="z" value="9"/><int name="f" value="0"/><int name="zM" value="2"/><int name="r" value="0"/><int name="move" value="0"/><int name="dynamic" value="0"/><int name="piece" value="3"/></imgdir><imgdir name="6"><string name="oS" value="partem"/><string name="l0" value="ruin"/><string name="l1" value="foothold"/><string name="l2" value="1"/><int name="x" value="-926"/><int name="y" value="-353"/><int name="z" value="9"/><int name="f" value="0"/><int name="zM" value="20"/><int name="r" value="0"/><int name="move" value="0"/><int name="dynamic" value="0"/><int name="piece" value="6"/></imgdir><imgdir name="1"><string name="oS" value="partem"/><string name="l0" value="ruin"/><string name="l1" value="foothold"/><string name="l2" value="3"/><int name="x" value="-791"/><int name="y" value="-353"/><int name="z" value="9"/><int name="f" value="0"/><int name="zM" value="21"/><int name="r" value="0"/><int name="move" value="0"/><int name="dynamic" value="0"/><int name="piece" value="1"/></imgdir><imgdir name="5"><string name="oS" value="partem"/><string name="l0" value="ruin"/><string name="l1" value="foothold"/><string name="l2" value="3"/><int name="x" value="-570"/><int name="y" value="-353"/><int name="z" value="9"/><int name="f" value="0"/><int name="zM" value="19"/><int name="r" value="0"/><int name="move" value="0"/><int name="dynamic" value="0"/><int name="piece" value="5"/></imgdir><imgdir name="4"><string name="oS" value="partem"/><string name="l0" value="ruin"/><string name="l1" value="foothold"/><string name="l2" value="4"/><int name="x" value="-349"/><int name="y" value="-353"/><int name="z" value="9"/><int name="f" value="0"/><int name="zM" value="22"/><int name="r" value="0"/><int name="move" value="0"/><int name="dynamic" value="0"/><int name="piece" value="4"/></imgdir><imgdir name="7"><string name="oS" value="partem"/><string name="l0" value="ruin"/><string name="l1" value="foothold"/><string name="l2" value="3"/><int name="x" value="-793"/><int name="y" value="-131"/><int name="z" value="9"/><int name="f" value="0"/><int name="zM" value="9"/><int name="r" value="0"/><int name="move" value="0"/><int name="dynamic" value="0"/><int name="piece" value="7"/></imgdir><imgdir name="8"><string name="oS" value="partem"/><string name="l0" value="ruin"/><string name="l1" value="foothold"/><string name="l2" value="4"/><int name="x" value="-351"/><int name="y" value="-131"/><int name="z" value="9"/><int name="f" value="0"/><int name="zM" value="11"/><int name="r" value="0"/><int name="move" value="0"/><int name="dynamic" value="0"/><int name="piece" value="8"/></imgdir><imgdir name="9"><string name="oS" value="partem"/><string name="l0" value="ruin"/><string name="l1" value="foothold"/><string name="l2" value="3"/><int name="x" value="-572"/><int name="y" value="-131"/><int name="z" value="9"/><int name="f" value="0"/><int name="zM" value="10"/><int name="r" value="0"/><int name="move" value="0"/><int name="dynamic" value="0"/><int name="piece" value="9"/></imgdir><imgdir name="10"><string name="oS" value="partem"/><string name="l0" value="ruin"/><string name="l1" value="foothold"/><string name="l2" value="1"/><int name="x" value="-928"/><int name="y" value="-131"/><int name="z" value="9"/><int name="f" value="0"/><int name="zM" value="8"/><int name="r" value="0"/><int name="move" value="0"/><int name="dynamic" value="0"/><int name="piece" value="10"/></imgdir></imgdir></imgdir><imgdir name="4"><imgdir name="info"></imgdir><imgdir name="tile"></imgdir><imgdir name="obj"><imgdir name="4"><string name="oS" value="connect"/><string name="l0" value="rope"/><string name="l1" value="122"/><string name="l2" value="1"/><int name="x" value="-430"/><int name="y" value="-185"/><int name="z" value="9"/><int name="f" value="0"/><int name="zM" value="15"/><int name="r" value="0"/><int name="move" value="0"/><int name="dynamic" value="0"/><int name="piece" value="4"/></imgdir><imgdir name="3"><string name="oS" value="connect"/><string name="l0" value="rope"/><string name="l1" value="122"/><string name="l2" value="1"/><int name="x" value="-430"/><int name="y" value="-170"/><int name="z" value="9"/><int name="f" value="0"/><int name="zM" value="14"/><int name="r" value="0"/><int name="move" value="0"/><int name="dynamic" value="0"/><int name="piece" value="3"/></imgdir><imgdir name="2"><string name="oS" value="connect"/><string name="l0" value="rope"/><string name="l1" value="122"/><string name="l2" value="1"/><int name="x" value="-430"/><int name="y" value="-215"/><int name="z" value="9"/><int name="f" value="0"/><int name="zM" value="17"/><int name="r" value="0"/><int name="move" value="0"/><int name="dynamic" value="0"/><int name="piece" value="2"/></imgdir><imgdir name="1"><string name="oS" value="connect"/><string name="l0" value="rope"/><string name="l1" value="122"/><string name="l2" value="1"/><int name="x" value="-430"/><int name="y" value="-200"/><int name="z" value="9"/><int name="f" value="0"/><int name="zM" value="16"/><int name="r" value="0"/><int name="move" value="0"/><int name="dynamic" value="0"/><int name="piece" value="1"/></imgdir><imgdir name="0"><string name="oS" value="connect"/><string name="l0" value="rope"/><string name="l1" value="122"/><string name="l2" value="4"/><int name="x" value="-431"/><int name="y" value="-159"/><int name="z" value="9"/><int name="f" value="0"/><int name="zM" value="13"/><int name="r" value="0"/><int name="move" value="0"/><int name="dynamic" value="0"/><int name="piece" value="0"/></imgdir><imgdir name="6"><string name="oS" value="connect"/><string name="l0" value="rope"/><string name="l1" value="122"/><string name="l2" value="0"/><int name="x" value="-424"/><int name="y" value="-371"/><int name="z" value="9"/><int name="f" value="0"/><int name="zM" value="23"/><int name="r" value="0"/><int name="move" value="0"/><int name="dynamic" value="0"/><int name="piece" value="6"/></imgdir><imgdir name="5"><string name="oS" value="connect"/><string name="l0" value="rope"/><string name="l1" value="122"/><string name="l2" value="3"/><int name="x" value="-431"/><int name="y" value="-305"/><int name="z" value="9"/><int name="f" value="0"/><int name="zM" value="18"/><int name="r" value="0"/><int name="move" value="0"/><int name="dynamic" value="0"/><int name="piece" value="5"/></imgdir><imgdir name="7"><string name="oS" value="connect"/><string name="l0" value="rope"/><string name="l1" value="122"/><string name="l2" value="4"/><int name="x" value="-823"/><int name="y" value="49"/><int name="z" value="9"/><int name="f" value="0"/><int name="zM" value="3"/><int name="r" value="0"/><int name="move" value="0"/><int name="dynamic" value="0"/><int name="piece" value="7"/></imgdir><imgdir name="8"><string name="oS" value="connect"/><string name="l0" value="rope"/><string name="l1" value="122"/><string name="l2" value="1"/><int name="x" value="-822"/><int name="y" value="23"/><int name="z" value="9"/><int name="f" value="0"/><int name="zM" value="5"/><int name="r" value="0"/><int name="move" value="0"/><int name="dynamic" value="0"/><int name="piece" value="8"/></imgdir><imgdir name="9"><string name="oS" value="connect"/><string name="l0" value="rope"/><string name="l1" value="122"/><string name="l2" value="1"/><int name="x" value="-822"/><int name="y" value="8"/><int name="z" value="9"/><int name="f" value="0"/><int name="zM" value="6"/><int name="r" value="0"/><int name="move" value="0"/><int name="dynamic" value="0"/><int name="piece" value="9"/></imgdir><imgdir name="10"><string name="oS" value="connect"/><string name="l0" value="rope"/><string name="l1" value="122"/><string name="l2" value="1"/><int name="x" value="-822"/><int name="y" value="38"/><int name="z" value="9"/><int name="f" value="0"/><int name="zM" value="4"/><int name="r" value="0"/><int name="move" value="0"/><int name="dynamic" value="0"/><int name="piece" value="10"/></imgdir><imgdir name="12"><string name="oS" value="connect"/><string name="l0" value="rope"/><string name="l1" value="122"/><string name="l2" value="3"/><int name="x" value="-823"/><int name="y" value="-82"/><int name="z" value="9"/><int name="f" value="0"/><int name="zM" value="7"/><int name="r" value="0"/><int name="move" value="0"/><int name="dynamic" value="0"/><int name="piece" value="12"/></imgdir><imgdir name="11"><string name="oS" value="connect"/><string name="l0" value="rope"/><string name="l1" value="122"/><string name="l2" value="0"/><int name="x" value="-816"/><int name="y" value="-148"/><int name="z" value="9"/><int name="f" value="0"/><int name="zM" value="12"/><int name="r" value="0"/><int name="move" value="0"/><int name="dynamic" value="0"/><int name="piece" value="11"/></imgdir></imgdir></imgdir><imgdir name="5"><imgdir name="info"></imgdir><imgdir name="tile"></imgdir><imgdir name="obj"></imgdir></imgdir><imgdir name="6"><imgdir name="info"></imgdir><imgdir name="tile"></imgdir><imgdir name="obj"></imgdir></imgdir><imgdir name="7"><imgdir name="info"></imgdir><imgdir name="tile"></imgdir><imgdir name="obj"></imgdir></imgdir><imgdir name="foothold"><imgdir name="3"><imgdir name="0"><imgdir name="1"><int name="x1" value="-560"/><int name="y1" value="62"/><int name="x2" value="2"/><int name="y2" value="62"/><int name="prev" value="4"/><int name="next" value="0"/><int name="piece" value="0"/></imgdir></imgdir><imgdir name="21"><imgdir name="2"><int name="x1" value="-859"/><int name="y1" value="-372"/><int name="x2" value="-636"/><int name="y2" value="-372"/><int name="prev" value="7"/><int name="next" value="6"/><int name="piece" value="1"/></imgdir></imgdir><imgdir name="1"><imgdir name="3"><int name="x1" value="-1684"/><int name="y1" value="62"/><int name="x2" value="-1122"/><int name="y2" value="62"/><int name="prev" value="0"/><int name="next" value="4"/><int name="piece" value="2"/></imgdir></imgdir><imgdir name="2"><imgdir name="4"><int name="x1" value="-1122"/><int name="y1" value="62"/><int name="x2" value="-560"/><int name="y2" value="62"/><int name="prev" value="3"/><int name="next" value="1"/><int name="piece" value="3"/></imgdir></imgdir><imgdir name="22"><imgdir name="5"><int name="x1" value="-416"/><int name="y1" value="-372"/><int name="x2" value="-230"/><int name="y2" value="-372"/><int name="prev" value="6"/><int name="next" value="0"/><int name="piece" value="4"/></imgdir></imgdir><imgdir name="19"><imgdir name="6"><int name="x1" value="-636"/><int name="y1" value="-372"/><int name="x2" value="-416"/><int name="y2" value="-372"/><int name="prev" value="2"/><int name="next" value="5"/><int name="piece" value="5"/></imgdir></imgdir><imgdir name="20"><imgdir name="7"><int name="x1" value="-994"/><int name="y1" value="-372"/><int name="x2" value="-859"/><int name="y2" value="-372"/><int name="prev" value="0"/><int name="next" value="2"/><int name="piece" value="6"/></imgdir></imgdir><imgdir name="9"><imgdir name="8"><int name="x1" value="-861"/><int name="y1" value="-150"/><int name="x2" value="-638"/><int name="y2" value="-150"/><int name="prev" value="11"/><int name="next" value="10"/><int name="piece" value="7"/></imgdir></imgdir><imgdir name="11"><imgdir name="9"><int name="x1" value="-418"/><int name="y1" value="-150"/><int name="x2" value="-232"/><int name="y2" value="-150"/><int name="prev" value="10"/><int name="next" value="0"/><int name="piece" value="8"/></imgdir></imgdir><imgdir name="10"><imgdir name="10"><int name="x1" value="-638"/><int name="y1" value="-150"/><int name="x2" value="-418"/><int name="y2" value="-150"/><int name="prev" value="8"/><int name="next" value="9"/><int name="piece" value="9"/></imgdir></imgdir><imgdir name="8"><imgdir name="11"><int name="x1" value="-996"/><int name="y1" value="-150"/><int name="x2" value="-861"/><int name="y2" value="-150"/><int name="prev" value="0"/><int name="next" value="8"/><int name="piece" value="10"/></imgdir></imgdir></imgdir></imgdir><imgdir name="ladderRope"><imgdir name="1"><int name="l" value="0"/><int name="uf" value="1"/><int name="x" value="-430"/><int name="y1" value="-370"/><int name="y2" value="-152"/><int name="page" value="4"/><int name="piece" value="6"/></imgdir><imgdir name="2"><int name="l" value="0"/><int name="uf" value="1"/><int name="x" value="-822"/><int name="y1" value="-148"/><int name="y2" value="60"/><int name="page" value="4"/><int name="piece" value="12"/></imgdir></imgdir><imgdir name="miniMap"><canvas name="canvas" width="106" height="64"><string name="_hash" value="a808fa275fca6ebd39f8102530716db0c4e6759f8d9337959997220a47be63e6"/></canvas><int name="width" value="1703"/><int name="height" value="1027"/><int name="centerX" value="1674"/><int name="centerY" value="775"/><int name="mag" value="4"/></imgdir><imgdir name="portal"><imgdir name="0"><string name="pn" value="sp"/><int name="pt" value="0"/><int name="x" value="-1509"/><int name="y" value="53"/><int name="tm" value="999999999"/><string name="tn" value=""/><int name="horizontalImpact" value="0"/></imgdir><imgdir name="1"><string name="pn" value="west00"/><int name="pt" value="2"/><int name="x" value="-1394"/><int name="y" value="60"/><int name="tm" value="910090302"/><string name="tn" value="east00"/><int name="horizontalImpact" value="0"/><string name="script" value=""/><int name="hideTooltip" value="0"/><int name="onlyOnce" value="0"/><int name="delay" value="0"/></imgdir></imgdir><imgdir name="particle"><imgdir name="partem_Ruin_Light1"><imgdir name="0"><int name="x" value="-1377"/><int name="y" value="-416"/><int name="z" value="-1073845824"/><int name="rx" value="-50"/><int name="ry" value="-80"/></imgdir><imgdir name="1"><int name="x" value="-1355"/><int name="y" value="-258"/><int name="z" value="-1073845824"/><int name="rx" value="-50"/><int name="ry" value="-80"/></imgdir><imgdir name="2"><int name="x" value="-495"/><int name="y" value="-424"/><int name="z" value="-1073845824"/><int name="rx" value="-50"/><int name="ry" value="-80"/></imgdir></imgdir><imgdir name="partem_Ruin_Light2"><imgdir name="0"><int name="x" value="-1109"/><int name="y" value="-1067"/><int name="z" value="-1073845824"/><int name="rx" value="-50"/><int name="ry" value="-80"/></imgdir></imgdir></imgdir></imgdir>