<?xml version="1.0" encoding="UTF-8" standalone="yes"?><imgdir name="910080000.img"><imgdir name="info"><int name="version" value="10"/><int name="cloud" value="0"/><int name="town" value="1"/><int name="returnMap" value="100000000"/><float name="mobRate" value="1.0"/><string name="bgm" value="Bgm00/FloralLife"/><int name="VRTop" value="-425"/><int name="VRLeft" value="-400"/><int name="VRBottom" value="310"/><int name="VRRight" value="400"/><string name="mapDesc" value=""/><int name="forcedReturn" value="999999999"/><int name="hideMinimap" value="0"/><int name="moveLimit" value="0"/><string name="mapMark" value="Henesys"/><int name="swim" value="0"/><int name="fly" value="0"/><int name="noMapCmd" value="0"/><int name="fieldLimit" value="0"/><int name="LBSide" value="112"/><string name="onFirstUserEnter" value=""/><string name="onUserEnter" value="henesys_first"/><int name="LBTop" value="20"/><int name="LBBottom" value="20"/><string name="fieldScript" value=""/></imgdir><imgdir name="back"><imgdir name="0"><string name="bS" value=""/><int name="no" value="0"/><int name="x" value="0"/><int name="y" value="0"/><int name="rx" value="0"/><int name="ry" value="0"/><int name="type" value="0"/><int name="cx" value="0"/><int name="cy" value="0"/><int name="a" value="255"/><int name="front" value="0"/><int name="ani" value="0"/><int name="f" value="0"/></imgdir></imgdir><imgdir name="life"><imgdir name="0"><string name="type" value="n"/><string name="id" value="1012100"/><int name="x" value="102"/><int name="y" value="-64"/><int name="fh" value="2"/><int name="cy" value="-62"/><int name="rx0" value="52"/><int name="rx1" value="152"/><int name="f" value="0"/><int name="hide" value="0"/><int name="mobTime" value="0"/></imgdir></imgdir><imgdir name="0"><imgdir name="info"></imgdir><imgdir name="tile"></imgdir><imgdir name="obj"><imgdir name="0"><string name="oS" value="insideGS"/><string name="l0" value="house3"/><string name="l1" value="basic"/><string name="l2" value="0"/><int name="x" value="0"/><int name="y" value="-122"/><int name="z" value="0"/><int name="f" value="0"/><int name="zM" value="0"/></imgdir><imgdir name="1"><string name="oS" value="job"/><string name="l0" value="job"/><string name="l1" value="bowman"/><string name="l2" value="7"/><int name="x" value="110"/><int name="y" value="-118"/><int name="z" value="3"/><int name="f" value="0"/><int name="zM" value="0"/></imgdir><imgdir name="2"><string name="oS" value="job"/><string name="l0" value="job"/><string name="l1" value="bowman"/><string name="l2" value="4"/><int name="x" value="-154"/><int name="y" value="-121"/><int name="z" value="1"/><int name="f" value="0"/><int name="zM" value="0"/></imgdir></imgdir></imgdir><imgdir name="1"><imgdir name="info"></imgdir><imgdir name="tile"></imgdir><imgdir name="obj"><imgdir name="3"><string name="oS" value="job"/><string name="l0" value="job"/><string name="l1" value="bowman"/><string name="l2" value="5"/><int name="x" value="26"/><int name="y" value="-379"/><int name="z" value="3"/><int name="f" value="0"/><int name="zM" value="1"/></imgdir><imgdir name="4"><string name="oS" value="job"/><string name="l0" value="job"/><string name="l1" value="bowman"/><string name="l2" value="6"/><int name="x" value="272"/><int name="y" value="120"/><int name="z" value="1"/><int name="f" value="0"/><int name="zM" value="1"/></imgdir><imgdir name="5"><string name="oS" value="job"/><string name="l0" value="job"/><string name="l1" value="bowman"/><string name="l2" value="8"/><int name="x" value="96"/><int name="y" value="-118"/><int name="z" value="3"/><int name="f" value="0"/><int name="zM" value="1"/></imgdir><imgdir name="0"><string name="oS" value="job"/><string name="l0" value="job"/><string name="l1" value="bowman"/><string name="l2" value="9"/><int name="x" value="243"/><int name="y" value="-103"/><int name="z" value="3"/><int name="f" value="0"/><int name="zM" value="1"/></imgdir><imgdir name="1"><string name="oS" value="job"/><string name="l0" value="job"/><string name="l1" value="bowman"/><string name="l2" value="0"/><int name="x" value="-87"/><int name="y" value="80"/><int name="z" value="5"/><int name="f" value="0"/><int name="zM" value="1"/></imgdir><imgdir name="2"><string name="oS" value="shop"/><string name="l0" value="shop"/><string name="l1" value="weapon"/><string name="l2" value="1"/><int name="x" value="123"/><int name="y" value="169"/><int name="z" value="6"/><int name="f" value="0"/><int name="zM" value="1"/></imgdir></imgdir></imgdir><imgdir name="2"><imgdir name="info"></imgdir><imgdir name="tile"></imgdir><imgdir name="obj"><imgdir name="0"><string name="oS" value="job"/><string name="l0" value="job"/><string name="l1" value="bowman"/><string name="l2" value="1"/><int name="x" value="-90"/><int name="y" value="80"/><int name="z" value="3"/><int name="f" value="0"/><int name="zM" value="2"/></imgdir><imgdir name="1"><string name="oS" value="job"/><string name="l0" value="job"/><string name="l1" value="bowman"/><string name="l2" value="3"/><int name="x" value="31"/><int name="y" value="-34"/><int name="z" value="3"/><int name="f" value="0"/><int name="zM" value="2"/></imgdir></imgdir></imgdir><imgdir name="3"><imgdir name="info"></imgdir><imgdir name="tile"></imgdir><imgdir name="obj"><imgdir name="0"><string name="oS" value="insideGS"/><string name="l0" value="house3"/><string name="l1" value="basic"/><string name="l2" value="1"/><int name="x" value="0"/><int name="y" value="-182"/><int name="z" value="3"/><int name="f" value="0"/><int name="zM" value="3"/></imgdir><imgdir name="1"><string name="oS" value="insideGS"/><string name="l0" value="house3"/><string name="l1" value="basic"/><string name="l2" value="2"/><int name="x" value="0"/><int name="y" value="192"/><int name="z" value="15"/><int name="f" value="0"/><int name="zM" value="3"/></imgdir><imgdir name="2"><string name="oS" value="job"/><string name="l0" value="job"/><string name="l1" value="bowman"/><string name="l2" value="2"/><int name="x" value="-263"/><int name="y" value="89"/><int name="z" value="2"/><int name="f" value="0"/><int name="zM" value="3"/></imgdir></imgdir></imgdir><imgdir name="4"><imgdir name="info"></imgdir><imgdir name="tile"></imgdir><imgdir name="obj"></imgdir></imgdir><imgdir name="5"><imgdir name="info"></imgdir><imgdir name="tile"></imgdir><imgdir name="obj"></imgdir></imgdir><imgdir name="6"><imgdir name="info"></imgdir><imgdir name="tile"></imgdir><imgdir name="obj"></imgdir></imgdir><imgdir name="7"><imgdir name="info"></imgdir><imgdir name="tile"></imgdir><imgdir name="obj"></imgdir></imgdir><imgdir name="reactor"></imgdir><imgdir name="foothold"><imgdir name="0"><imgdir name="0"><imgdir name="1"><int name="x1" value="-400"/><int name="y1" value="183"/><int name="x2" value="400"/><int name="y2" value="183"/><int name="prev" value="0"/><int name="next" value="0"/><int name="piece" value="0"/></imgdir><imgdir name="2"><int name="x1" value="47"/><int name="y1" value="-62"/><int name="x2" value="143"/><int name="y2" value="-62"/><int name="prev" value="5"/><int name="next" value="3"/><int name="piece" value="0"/></imgdir><imgdir name="3"><int name="x1" value="143"/><int name="y1" value="-62"/><int name="x2" value="143"/><int name="y2" value="-158"/><int name="prev" value="2"/><int name="next" value="4"/><int name="piece" value="0"/></imgdir><imgdir name="4"><int name="x1" value="143"/><int name="y1" value="-158"/><int name="x2" value="47"/><int name="y2" value="-158"/><int name="prev" value="3"/><int name="next" value="5"/><int name="piece" value="0"/></imgdir><imgdir name="5"><int name="x1" value="47"/><int name="y1" value="-158"/><int name="x2" value="47"/><int name="y2" value="-62"/><int name="prev" value="4"/><int name="next" value="2"/><int name="piece" value="0"/></imgdir></imgdir></imgdir><imgdir name="1"><imgdir name="1"><imgdir name="6"><int name="x1" value="-307"/><int name="y1" value="7"/><int name="x2" value="-275"/><int name="y2" value="7"/><int name="prev" value="0"/><int name="next" value="7"/><int name="piece" value="0"/></imgdir><imgdir name="7"><int name="x1" value="-275"/><int name="y1" value="7"/><int name="x2" value="-275"/><int name="y2" value="-18"/><int name="prev" value="6"/><int name="next" value="8"/><int name="piece" value="0"/></imgdir><imgdir name="8"><int name="x1" value="-275"/><int name="y1" value="-18"/><int name="x2" value="172"/><int name="y2" value="-18"/><int name="prev" value="7"/><int name="next" value="9"/><int name="piece" value="0"/></imgdir><imgdir name="9"><int name="x1" value="172"/><int name="y1" value="-18"/><int name="x2" value="172"/><int name="y2" value="-291"/><int name="prev" value="8"/><int name="next" value="0"/><int name="piece" value="0"/></imgdir><imgdir name="10"><int name="x1" value="-338"/><int name="y1" value="-108"/><int name="x2" value="-338"/><int name="y2" value="7"/><int name="prev" value="0"/><int name="next" value="11"/><int name="piece" value="0"/></imgdir><imgdir name="11"><int name="x1" value="-338"/><int name="y1" value="7"/><int name="x2" value="-309"/><int name="y2" value="7"/><int name="prev" value="10"/><int name="next" value="0"/><int name="piece" value="0"/></imgdir><imgdir name="12"><int name="x1" value="26"/><int name="y1" value="-52"/><int name="x2" value="26"/><int name="y2" value="-171"/><int name="prev" value="15"/><int name="next" value="13"/><int name="piece" value="0"/></imgdir><imgdir name="13"><int name="x1" value="26"/><int name="y1" value="-171"/><int name="x2" value="150"/><int name="y2" value="-171"/><int name="prev" value="12"/><int name="next" value="14"/><int name="piece" value="0"/></imgdir><imgdir name="14"><int name="x1" value="150"/><int name="y1" value="-171"/><int name="x2" value="150"/><int name="y2" value="-52"/><int name="prev" value="13"/><int name="next" value="15"/><int name="piece" value="0"/></imgdir><imgdir name="15"><int name="x1" value="150"/><int name="y1" value="-52"/><int name="x2" value="26"/><int name="y2" value="-52"/><int name="prev" value="14"/><int name="next" value="12"/><int name="piece" value="0"/></imgdir></imgdir></imgdir><imgdir name="2"><imgdir name="2"><imgdir name="16"><int name="x1" value="-341"/><int name="y1" value="-107"/><int name="x2" value="-341"/><int name="y2" value="31"/><int name="prev" value="0"/><int name="next" value="17"/><int name="piece" value="0"/></imgdir><imgdir name="17"><int name="x1" value="-341"/><int name="y1" value="31"/><int name="x2" value="-319"/><int name="y2" value="31"/><int name="prev" value="16"/><int name="next" value="28"/><int name="piece" value="0"/></imgdir><imgdir name="18"><int name="x1" value="-319"/><int name="y1" value="31"/><int name="x2" value="-319"/><int name="y2" value="57"/><int name="prev" value="17"/><int name="next" value="19"/><int name="piece" value="0"/></imgdir><imgdir name="19"><int name="x1" value="-319"/><int name="y1" value="57"/><int name="x2" value="-297"/><int name="y2" value="57"/><int name="prev" value="18"/><int name="next" value="29"/><int name="piece" value="0"/></imgdir><imgdir name="20"><int name="x1" value="-297"/><int name="y1" value="57"/><int name="x2" value="-297"/><int name="y2" value="81"/><int name="prev" value="19"/><int name="next" value="21"/><int name="piece" value="0"/></imgdir><imgdir name="21"><int name="x1" value="-297"/><int name="y1" value="81"/><int name="x2" value="-274"/><int name="y2" value="81"/><int name="prev" value="20"/><int name="next" value="30"/><int name="piece" value="0"/></imgdir><imgdir name="22"><int name="x1" value="-274"/><int name="y1" value="81"/><int name="x2" value="-274"/><int name="y2" value="106"/><int name="prev" value="21"/><int name="next" value="23"/><int name="piece" value="0"/></imgdir><imgdir name="23"><int name="x1" value="-274"/><int name="y1" value="106"/><int name="x2" value="-251"/><int name="y2" value="106"/><int name="prev" value="22"/><int name="next" value="31"/><int name="piece" value="0"/></imgdir><imgdir name="24"><int name="x1" value="-251"/><int name="y1" value="106"/><int name="x2" value="-251"/><int name="y2" value="131"/><int name="prev" value="23"/><int name="next" value="25"/><int name="piece" value="0"/></imgdir><imgdir name="25"><int name="x1" value="-251"/><int name="y1" value="131"/><int name="x2" value="-229"/><int name="y2" value="131"/><int name="prev" value="24"/><int name="next" value="32"/><int name="piece" value="0"/></imgdir><imgdir name="26"><int name="x1" value="-229"/><int name="y1" value="131"/><int name="x2" value="-229"/><int name="y2" value="156"/><int name="prev" value="25"/><int name="next" value="27"/><int name="piece" value="0"/></imgdir><imgdir name="27"><int name="x1" value="-229"/><int name="y1" value="156"/><int name="x2" value="-138"/><int name="y2" value="156"/><int name="prev" value="26"/><int name="next" value="0"/><int name="piece" value="0"/></imgdir><imgdir name="28"><int name="x1" value="-319"/><int name="y1" value="31"/><int name="x2" value="-245"/><int name="y2" value="31"/><int name="prev" value="17"/><int name="next" value="0"/><int name="piece" value="0"/></imgdir><imgdir name="29"><int name="x1" value="-297"/><int name="y1" value="57"/><int name="x2" value="-223"/><int name="y2" value="57"/><int name="prev" value="19"/><int name="next" value="0"/><int name="piece" value="0"/></imgdir><imgdir name="30"><int name="x1" value="-274"/><int name="y1" value="81"/><int name="x2" value="-199"/><int name="y2" value="81"/><int name="prev" value="21"/><int name="next" value="0"/><int name="piece" value="0"/></imgdir><imgdir name="31"><int name="x1" value="-251"/><int name="y1" value="106"/><int name="x2" value="-179"/><int name="y2" value="106"/><int name="prev" value="23"/><int name="next" value="0"/><int name="piece" value="0"/></imgdir><imgdir name="32"><int name="x1" value="-229"/><int name="y1" value="131"/><int name="x2" value="-154"/><int name="y2" value="131"/><int name="prev" value="25"/><int name="next" value="0"/><int name="piece" value="0"/></imgdir></imgdir></imgdir><imgdir name="3"><imgdir name="3"><imgdir name="33"><int name="x1" value="-400"/><int name="y1" value="181"/><int name="x2" value="400"/><int name="y2" value="181"/><int name="prev" value="0"/><int name="next" value="0"/><int name="piece" value="0"/></imgdir></imgdir></imgdir></imgdir><imgdir name="ladderRope"></imgdir><imgdir name="portal"><imgdir name="0"><string name="pn" value="sp"/><int name="pt" value="0"/><int name="x" value="49"/><int name="y" value="112"/><int name="tm" value="999999999"/><string name="tn" value=""/></imgdir><imgdir name="1"><string name="pn" value="sp"/><int name="pt" value="0"/><int name="x" value="105"/><int name="y" value="118"/><int name="tm" value="999999999"/><string name="tn" value=""/></imgdir><imgdir name="2"><string name="pn" value="sp"/><int name="pt" value="0"/><int name="x" value="160"/><int name="y" value="117"/><int name="tm" value="999999999"/><string name="tn" value=""/></imgdir><imgdir name="3"><string name="pn" value="sp"/><int name="pt" value="0"/><int name="x" value="227"/><int name="y" value="115"/><int name="tm" value="999999999"/><string name="tn" value=""/></imgdir><imgdir name="4"><string name="pn" value="sp"/><int name="pt" value="0"/><int name="x" value="-11"/><int name="y" value="105"/><int name="tm" value="999999999"/><string name="tn" value=""/></imgdir><imgdir name="5"><string name="pn" value="sp"/><int name="pt" value="0"/><int name="x" value="-219"/><int name="y" value="-63"/><int name="tm" value="999999999"/><string name="tn" value=""/></imgdir><imgdir name="6"><string name="pn" value="sp"/><int name="pt" value="0"/><int name="x" value="-186"/><int name="y" value="-61"/><int name="tm" value="999999999"/><string name="tn" value=""/></imgdir><imgdir name="7"><string name="pn" value="sp"/><int name="pt" value="0"/><int name="x" value="-135"/><int name="y" value="-63"/><int name="tm" value="999999999"/><string name="tn" value=""/></imgdir><imgdir name="8"><string name="pn" value="sp"/><int name="pt" value="0"/><int name="x" value="-63"/><int name="y" value="-57"/><int name="tm" value="999999999"/><string name="tn" value=""/></imgdir><imgdir name="9"><string name="pn" value="out02"/><int name="pt" value="2"/><int name="x" value="269"/><int name="y" value="180"/><int name="tm" value="100000000"/><string name="tn" value="Achter00"/><string name="script" value=""/><int name="hideTooltip" value="0"/><int name="onlyOnce" value="0"/><int name="delay" value="0"/></imgdir><imgdir name="10"><string name="pn" value="rank00"/><int name="pt" value="7"/><int name="x" value="-323"/><int name="y" value="181"/><int name="tm" value="999999999"/><string name="tn" value=""/><int name="horizontalImpact" value="0"/><string name="script" value="rankRoom"/></imgdir></imgdir></imgdir>