<?xml version="1.0" encoding="UTF-8" standalone="yes"?><imgdir name="910090314.img"><imgdir name="info"><int name="version" value="10"/><int name="cloud" value="0"/><int name="town" value="0"/><int name="swim" value="0"/><int name="returnMap" value="100051040"/><int name="forcedReturn" value="100051040"/><float name="mobRate" value="1.0"/><string name="bgm" value="Bgm51.img/TheVillageOfKarupa"/><string name="mapMark" value="Partem"/><int name="fly" value="0"/><int name="standAlone" value="0"/><int name="partyStandAlone" value="0"/><int name="quarterView" value="0"/><int name="noMapCmd" value="0"/><int name="hideMinimap" value="0"/><int name="fieldLimit" value="271096"/><string name="AmbientBGM" value=""/><int name="AmbientBGMv" value="100"/><string name="fieldScript" value=""/><string name="onFirstUserEnter" value=""/><string name="onUserEnter" value="enter_910090314"/><int name="VRTop" value="-800"/><int name="VRLeft" value="-1270"/><int name="VRBottom" value="276"/><int name="VRRight" value="1451"/><int name="MRLeft" value="-1270"/><int name="MRTop" value="-800"/><int name="MRRight" value="1451"/><int name="MRBottom" value="276"/><int name="noChair" value="1"/><int name="qrLimit" value="35900"/></imgdir><imgdir name="back"><imgdir name="0"><string name="bS" value="partem1"/><int name="front" value="0"/><int name="ani" value="0"/><int name="no" value="1"/><int name="f" value="0"/><int name="w" value="0"/><int name="x" value="79"/><int name="y" value="-880"/><int name="rx" value="-1"/><int name="ry" value="-65"/><int name="wx" value="0"/><int name="wy" value="0"/><int name="type" value="1"/><int name="cx" value="250"/><int name="cy" value="0"/><int name="a" value="255"/><string name="backTags" value=""/></imgdir><imgdir name="1"><string name="bS" value="partem1"/><int name="front" value="0"/><int name="ani" value="0"/><int name="no" value="0"/><int name="f" value="0"/><int name="w" value="0"/><int name="x" value="59"/><int name="y" value="-246"/><int name="rx" value="-1"/><int name="ry" value="-65"/><int name="wx" value="0"/><int name="wy" value="0"/><int name="type" value="1"/><int name="cx" value="250"/><int name="cy" value="0"/><int name="a" value="255"/><string name="backTags" value=""/></imgdir><imgdir name="3"><string name="bS" value="partem1"/><int name="front" value="0"/><int name="ani" value="0"/><int name="no" value="5"/><int name="f" value="0"/><int name="w" value="0"/><int name="x" value="-185"/><int name="y" value="-359"/><int name="rx" value="-2"/><int name="ry" value="-65"/><int name="wx" value="0"/><int name="wy" value="0"/><int name="type" value="0"/><int name="cx" value="0"/><int name="cy" value="0"/><int name="a" value="255"/><string name="backTags" value=""/><int name="flowX" value="-1"/><int name="flowY" value="0"/></imgdir><imgdir name="2"><string name="bS" value="partem1"/><int name="front" value="0"/><int name="ani" value="0"/><int name="no" value="4"/><int name="f" value="0"/><int name="w" value="0"/><int name="x" value="-639"/><int name="y" value="-451"/><int name="rx" value="-2"/><int name="ry" value="-65"/><int name="wx" value="0"/><int name="wy" value="0"/><int name="type" value="0"/><int name="cx" value="0"/><int name="cy" value="0"/><int name="a" value="255"/><string name="backTags" value=""/><int name="flowX" value="-1"/><int name="flowY" value="0"/></imgdir><imgdir name="4"><string name="bS" value="partem1"/><int name="front" value="0"/><int name="ani" value="0"/><int name="no" value="6"/><int name="f" value="0"/><int name="w" value="0"/><int name="x" value="476"/><int name="y" value="-365"/><int name="rx" value="-2"/><int name="ry" value="-65"/><int name="wx" value="0"/><int name="wy" value="0"/><int name="type" value="0"/><int name="cx" value="0"/><int name="cy" value="0"/><int name="a" value="255"/><string name="backTags" value=""/><int name="flowX" value="-1"/><int name="flowY" value="0"/></imgdir><imgdir name="5"><string name="bS" value="partem1"/><int name="front" value="0"/><int name="ani" value="0"/><int name="no" value="7"/><int name="f" value="0"/><int name="w" value="0"/><int name="x" value="417"/><int name="y" value="-120"/><int name="rx" value="-3"/><int name="ry" value="-68"/><int name="wx" value="0"/><int name="wy" value="0"/><int name="type" value="1"/><int name="cx" value="850"/><int name="cy" value="0"/><int name="a" value="255"/><string name="backTags" value=""/></imgdir><imgdir name="6"><string name="bS" value="partem1"/><int name="front" value="0"/><int name="ani" value="0"/><int name="no" value="8"/><int name="f" value="0"/><int name="w" value="0"/><int name="x" value="329"/><int name="y" value="251"/><int name="rx" value="-3"/><int name="ry" value="-68"/><int name="wx" value="0"/><int name="wy" value="0"/><int name="type" value="1"/><int name="cx" value="0"/><int name="cy" value="0"/><int name="a" value="255"/><string name="backTags" value=""/></imgdir><imgdir name="7"><string name="bS" value="partem1"/><int name="front" value="0"/><int name="ani" value="0"/><int name="no" value="9"/><int name="f" value="0"/><int name="w" value="0"/><int name="x" value="-1087"/><int name="y" value="-88"/><int name="rx" value="-4"/><int name="ry" value="-69"/><int name="wx" value="0"/><int name="wy" value="0"/><int name="type" value="1"/><int name="cx" value="900"/><int name="cy" value="0"/><int name="a" value="255"/><string name="backTags" value=""/></imgdir><imgdir name="8"><string name="bS" value="partem1"/><int name="front" value="0"/><int name="ani" value="0"/><int name="no" value="11"/><int name="f" value="0"/><int name="w" value="0"/><int name="x" value="857"/><int name="y" value="-195"/><int name="rx" value="-4"/><int name="ry" value="-70"/><int name="wx" value="0"/><int name="wy" value="0"/><int name="type" value="1"/><int name="cx" value="2200"/><int name="cy" value="0"/><int name="a" value="255"/><string name="backTags" value=""/></imgdir><imgdir name="9"><string name="bS" value="partem1"/><int name="front" value="0"/><int name="ani" value="0"/><int name="no" value="12"/><int name="f" value="0"/><int name="w" value="0"/><int name="x" value="1656"/><int name="y" value="-197"/><int name="rx" value="-4"/><int name="ry" value="-70"/><int name="wx" value="0"/><int name="wy" value="0"/><int name="type" value="1"/><int name="cx" value="2200"/><int name="cy" value="0"/><int name="a" value="255"/><string name="backTags" value=""/></imgdir><imgdir name="10"><string name="bS" value="partem1"/><int name="front" value="0"/><int name="ani" value="0"/><int name="no" value="14"/><int name="f" value="0"/><int name="w" value="0"/><int name="x" value="-798"/><int name="y" value="-65"/><int name="rx" value="-10"/><int name="ry" value="-75"/><int name="wx" value="0"/><int name="wy" value="0"/><int name="type" value="0"/><int name="cx" value="0"/><int name="cy" value="0"/><int name="a" value="255"/><string name="backTags" value=""/></imgdir><imgdir name="11"><string name="bS" value="partem1"/><int name="front" value="0"/><int name="ani" value="0"/><int name="no" value="15"/><int name="f" value="0"/><int name="w" value="0"/><int name="x" value="625"/><int name="y" value="-95"/><int name="rx" value="-10"/><int name="ry" value="-75"/><int name="wx" value="0"/><int name="wy" value="0"/><int name="type" value="0"/><int name="cx" value="0"/><int name="cy" value="0"/><int name="a" value="255"/><string name="backTags" value=""/></imgdir><imgdir name="12"><string name="bS" value="partem1"/><int name="front" value="0"/><int name="ani" value="0"/><int name="no" value="20"/><int name="f" value="0"/><int name="w" value="0"/><int name="x" value="-502"/><int name="y" value="-286"/><int name="rx" value="-60"/><int name="ry" value="-80"/><int name="wx" value="0"/><int name="wy" value="0"/><int name="type" value="0"/><int name="cx" value="0"/><int name="cy" value="0"/><int name="a" value="255"/><string name="backTags" value=""/></imgdir><imgdir name="14"><string name="bS" value="partem1"/><int name="front" value="1"/><int name="ani" value="0"/><int name="no" value="24"/><int name="f" value="0"/><int name="w" value="0"/><int name="x" value="312"/><int name="y" value="-522"/><int name="rx" value="-200"/><int name="ry" value="-50"/><int name="wx" value="0"/><int name="wy" value="0"/><int name="type" value="0"/><int name="cx" value="0"/><int name="cy" value="0"/><int name="a" value="255"/><string name="backTags" value=""/></imgdir><imgdir name="15"><string name="bS" value="partem1"/><int name="front" value="1"/><int name="ani" value="0"/><int name="no" value="25"/><int name="f" value="0"/><int name="w" value="0"/><int name="x" value="1726"/><int name="y" value="-489"/><int name="rx" value="-200"/><int name="ry" value="-50"/><int name="wx" value="0"/><int name="wy" value="0"/><int name="type" value="0"/><int name="cx" value="0"/><int name="cy" value="0"/><int name="a" value="255"/><string name="backTags" value=""/></imgdir><imgdir name="16"><string name="bS" value="partem1"/><int name="front" value="1"/><int name="ani" value="0"/><int name="no" value="26"/><int name="f" value="0"/><int name="w" value="0"/><int name="x" value="-51"/><int name="y" value="222"/><int name="rx" value="-200"/><int name="ry" value="-45"/><int name="wx" value="0"/><int name="wy" value="0"/><int name="type" value="1"/><int name="cx" value="0"/><int name="cy" value="0"/><int name="a" value="255"/><string name="backTags" value=""/></imgdir><imgdir name="17"><string name="bS" value="partem1"/><int name="front" value="1"/><int name="ani" value="0"/><int name="no" value="27"/><int name="f" value="0"/><int name="w" value="0"/><int name="x" value="-690"/><int name="y" value="-73"/><int name="rx" value="-150"/><int name="ry" value="-90"/><int name="wx" value="0"/><int name="wy" value="0"/><int name="type" value="0"/><int name="cx" value="0"/><int name="cy" value="0"/><int name="a" value="255"/><string name="backTags" value=""/></imgdir><imgdir name="18"><string name="bS" value="partem1"/><int name="front" value="1"/><int name="ani" value="0"/><int name="no" value="27"/><int name="f" value="0"/><int name="w" value="0"/><int name="x" value="1452"/><int name="y" value="-131"/><int name="rx" value="-150"/><int name="ry" value="-90"/><int name="wx" value="0"/><int name="wy" value="0"/><int name="type" value="0"/><int name="cx" value="0"/><int name="cy" value="0"/><int name="a" value="255"/><string name="backTags" value=""/></imgdir><imgdir name="13"><string name="bS" value="partem1"/><int name="front" value="1"/><int name="ani" value="0"/><int name="no" value="23"/><int name="f" value="0"/><int name="w" value="0"/><int name="x" value="-1341"/><int name="y" value="-495"/><int name="rx" value="-200"/><int name="ry" value="-50"/><int name="wx" value="0"/><int name="wy" value="0"/><int name="type" value="0"/><int name="cx" value="0"/><int name="cy" value="0"/><int name="a" value="255"/><string name="backTags" value=""/></imgdir></imgdir><imgdir name="life"><imgdir name="3"><string name="type" value="n"/><string name="id" value="1013303"/><int name="x" value="665"/><int name="y" value="72"/><int name="mobTime" value="0"/><int name="f" value="0"/><int name="hide" value="0"/><int name="fh" value="16"/><int name="cy" value="86"/><int name="rx0" value="615"/><int name="rx1" value="715"/></imgdir><imgdir name="4"><string name="type" value="n"/><string name="id" value="1013304"/><int name="x" value="760"/><int name="y" value="71"/><int name="mobTime" value="0"/><int name="f" value="0"/><int name="hide" value="0"/><int name="fh" value="18"/><int name="cy" value="86"/><int name="rx0" value="710"/><int name="rx1" value="810"/></imgdir><imgdir name="5"><string name="type" value="n"/><string name="id" value="1013322"/><int name="x" value="-142"/><int name="y" value="-326"/><int name="mobTime" value="0"/><int name="f" value="0"/><int name="hide" value="0"/><int name="nofoothold" value="1"/><int name="fh" value="0"/><int name="cy" value="-326"/><int name="rx0" value="-192"/><int name="rx1" value="-92"/></imgdir><imgdir name="6"><string name="type" value="n"/><string name="id" value="1013323"/><int name="x" value="160"/><int name="y" value="-68"/><int name="mobTime" value="0"/><int name="f" value="0"/><int name="hide" value="0"/><int name="fh" value="50"/><int name="cy" value="-61"/><int name="rx0" value="110"/><int name="rx1" value="210"/></imgdir><imgdir name="0"><string name="type" value="n"/><string name="id" value="1013322"/><int name="x" value="198"/><int name="y" value="63"/><int name="mobTime" value="0"/><int name="f" value="0"/><int name="hide" value="0"/><int name="nofoothold" value="1"/><int name="fh" value="0"/><int name="cy" value="63"/><int name="rx0" value="148"/><int name="rx1" value="248"/></imgdir><imgdir name="1"><string name="type" value="n"/><string name="id" value="1013350"/><int name="x" value="81"/><int name="y" value="76"/><int name="mobTime" value="0"/><int name="f" value="0"/><int name="hide" value="0"/><int name="fh" value="7"/><int name="cy" value="86"/><int name="rx0" value="31"/><int name="rx1" value="131"/></imgdir><imgdir name="2"><string name="type" value="n"/><string name="id" value="1013352"/><int name="x" value="-148"/><int name="y" value="-85"/><int name="mobTime" value="0"/><int name="f" value="1"/><int name="hide" value="0"/><int name="fh" value="52"/><int name="cy" value="-76"/><int name="rx0" value="-198"/><int name="rx1" value="-98"/></imgdir><imgdir name="7"><string name="type" value="n"/><string name="id" value="1013353"/><int name="x" value="-270"/><int name="y" value="71"/><int name="mobTime" value="0"/><int name="f" value="1"/><int name="hide" value="0"/><int name="fh" value="4"/><int name="cy" value="86"/><int name="rx0" value="-320"/><int name="rx1" value="-220"/></imgdir></imgdir><imgdir name="reactor"></imgdir><imgdir name="0"><imgdir name="info"></imgdir><imgdir name="tile"></imgdir><imgdir name="obj"><imgdir name="0"><string name="oS" value="partem"/><string name="l0" value="town_Common"/><string name="l1" value="acc"/><string name="l2" value="0"/><int name="x" value="698"/><int name="y" value="-185"/><int name="z" value="6"/><int name="f" value="0"/><int name="zM" value="1"/><int name="r" value="0"/><int name="move" value="0"/><int name="dynamic" value="0"/><int name="piece" value="0"/></imgdir><imgdir name="2"><string name="oS" value="partem"/><string name="l0" value="town_Common"/><string name="l1" value="acc"/><string name="l2" value="2"/><int name="x" value="-1206"/><int name="y" value="-412"/><int name="z" value="9"/><int name="f" value="0"/><int name="zM" value="0"/><int name="r" value="0"/><int name="move" value="0"/><int name="dynamic" value="0"/><int name="piece" value="2"/></imgdir><imgdir name="3"><string name="oS" value="partem"/><string name="l0" value="town"/><string name="l1" value="acc"/><string name="l2" value="3"/><int name="x" value="498"/><int name="y" value="-312"/><int name="z" value="12"/><int name="f" value="0"/><int name="zM" value="0"/><int name="r" value="0"/><int name="move" value="0"/><int name="dynamic" value="0"/><int name="piece" value="3"/></imgdir><imgdir name="4"><string name="oS" value="partem"/><string name="l0" value="town"/><string name="l1" value="acc"/><string name="l2" value="4"/><int name="x" value="-922"/><int name="y" value="-462"/><int name="z" value="9"/><int name="f" value="0"/><int name="zM" value="0"/><int name="r" value="0"/><int name="move" value="0"/><int name="dynamic" value="0"/><int name="piece" value="4"/></imgdir><imgdir name="1"><string name="oS" value="partem"/><string name="l0" value="town"/><string name="l1" value="acc"/><string name="l2" value="5"/><int name="x" value="1280"/><int name="y" value="-239"/><int name="z" value="9"/><int name="f" value="0"/><int name="zM" value="0"/><int name="r" value="0"/><int name="move" value="0"/><int name="dynamic" value="0"/><int name="piece" value="1"/></imgdir></imgdir></imgdir><imgdir name="1"><imgdir name="info"><string name="tS" value="partem1"/><int name="tSMag" value="1"/></imgdir><imgdir name="tile"><imgdir name="26"><int name="x" value="360"/><int name="y" value="120"/><string name="u" value="enH0"/><int name="no" value="0"/><int name="zM" value="0"/></imgdir><imgdir name="23"><int name="x" value="270"/><int name="y" value="120"/><string name="u" value="enH0"/><int name="no" value="2"/><int name="zM" value="0"/></imgdir><imgdir name="21"><int name="x" value="180"/><int name="y" value="120"/><string name="u" value="enH0"/><int name="no" value="2"/><int name="zM" value="0"/></imgdir><imgdir name="19"><int name="x" value="90"/><int name="y" value="120"/><string name="u" value="enH0"/><int name="no" value="2"/><int name="zM" value="0"/></imgdir><imgdir name="28"><int name="x" value="-270"/><int name="y" value="120"/><string name="u" value="enH0"/><int name="no" value="0"/><int name="zM" value="0"/></imgdir><imgdir name="7"><int name="x" value="-540"/><int name="y" value="120"/><string name="u" value="enH0"/><int name="no" value="2"/><int name="zM" value="0"/></imgdir><imgdir name="5"><int name="x" value="-630"/><int name="y" value="120"/><string name="u" value="enH0"/><int name="no" value="2"/><int name="zM" value="0"/></imgdir><imgdir name="3"><int name="x" value="-720"/><int name="y" value="120"/><string name="u" value="enH0"/><int name="no" value="0"/><int name="zM" value="0"/></imgdir><imgdir name="15"><int name="x" value="0"/><int name="y" value="120"/><string name="u" value="enH0"/><int name="no" value="2"/><int name="zM" value="0"/></imgdir><imgdir name="17"><int name="x" value="-90"/><int name="y" value="120"/><string name="u" value="enH0"/><int name="no" value="0"/><int name="zM" value="0"/></imgdir><imgdir name="11"><int name="x" value="-180"/><int name="y" value="120"/><string name="u" value="enH0"/><int name="no" value="2"/><int name="zM" value="0"/></imgdir><imgdir name="13"><int name="x" value="-450"/><int name="y" value="120"/><string name="u" value="enH0"/><int name="no" value="1"/><int name="zM" value="0"/></imgdir><imgdir name="8"><int name="x" value="-360"/><int name="y" value="120"/><string name="u" value="enH0"/><int name="no" value="1"/><int name="zM" value="0"/></imgdir><imgdir name="25"><int name="x" value="450"/><int name="y" value="120"/><string name="u" value="enH0"/><int name="no" value="1"/><int name="zM" value="0"/></imgdir><imgdir name="31"><int name="x" value="540"/><int name="y" value="120"/><string name="u" value="enH0"/><int name="no" value="1"/><int name="zM" value="0"/></imgdir><imgdir name="33"><int name="x" value="630"/><int name="y" value="120"/><string name="u" value="enH0"/><int name="no" value="0"/><int name="zM" value="0"/></imgdir><imgdir name="2"><int name="x" value="-720"/><int name="y" value="120"/><string name="u" value="bsc"/><int name="no" value="1"/><int name="zM" value="0"/></imgdir><imgdir name="4"><int name="x" value="-630"/><int name="y" value="120"/><string name="u" value="bsc"/><int name="no" value="2"/><int name="zM" value="0"/></imgdir><imgdir name="6"><int name="x" value="-540"/><int name="y" value="120"/><string name="u" value="bsc"/><int name="no" value="3"/><int name="zM" value="0"/></imgdir><imgdir name="12"><int name="x" value="-450"/><int name="y" value="120"/><string name="u" value="bsc"/><int name="no" value="4"/><int name="zM" value="0"/></imgdir><imgdir name="9"><int name="x" value="-360"/><int name="y" value="120"/><string name="u" value="bsc"/><int name="no" value="0"/><int name="zM" value="0"/></imgdir><imgdir name="29"><int name="x" value="-270"/><int name="y" value="120"/><string name="u" value="bsc"/><int name="no" value="4"/><int name="zM" value="0"/></imgdir><imgdir name="10"><int name="x" value="-180"/><int name="y" value="120"/><string name="u" value="bsc"/><int name="no" value="4"/><int name="zM" value="0"/></imgdir><imgdir name="16"><int name="x" value="-90"/><int name="y" value="120"/><string name="u" value="bsc"/><int name="no" value="3"/><int name="zM" value="0"/></imgdir><imgdir name="14"><int name="x" value="0"/><int name="y" value="120"/><string name="u" value="bsc"/><int name="no" value="3"/><int name="zM" value="0"/></imgdir><imgdir name="18"><int name="x" value="90"/><int name="y" value="120"/><string name="u" value="bsc"/><int name="no" value="1"/><int name="zM" value="0"/></imgdir><imgdir name="20"><int name="x" value="180"/><int name="y" value="120"/><string name="u" value="bsc"/><int name="no" value="0"/><int name="zM" value="0"/></imgdir><imgdir name="22"><int name="x" value="270"/><int name="y" value="120"/><string name="u" value="bsc"/><int name="no" value="3"/><int name="zM" value="0"/></imgdir><imgdir name="27"><int name="x" value="360"/><int name="y" value="120"/><string name="u" value="bsc"/><int name="no" value="2"/><int name="zM" value="0"/></imgdir><imgdir name="24"><int name="x" value="450"/><int name="y" value="120"/><string name="u" value="bsc"/><int name="no" value="0"/><int name="zM" value="0"/></imgdir><imgdir name="30"><int name="x" value="540"/><int name="y" value="120"/><string name="u" value="bsc"/><int name="no" value="4"/><int name="zM" value="0"/></imgdir><imgdir name="32"><int name="x" value="630"/><int name="y" value="120"/><string name="u" value="bsc"/><int name="no" value="3"/><int name="zM" value="0"/></imgdir><imgdir name="40"><int name="x" value="-720"/><int name="y" value="180"/><string name="u" value="bsc"/><int name="no" value="4"/><int name="zM" value="0"/></imgdir><imgdir name="42"><int name="x" value="-630"/><int name="y" value="180"/><string name="u" value="bsc"/><int name="no" value="3"/><int name="zM" value="0"/></imgdir><imgdir name="1"><int name="x" value="-540"/><int name="y" value="180"/><string name="u" value="bsc"/><int name="no" value="4"/><int name="zM" value="0"/></imgdir><imgdir name="45"><int name="x" value="-450"/><int name="y" value="180"/><string name="u" value="bsc"/><int name="no" value="4"/><int name="zM" value="0"/></imgdir><imgdir name="46"><int name="x" value="-360"/><int name="y" value="180"/><string name="u" value="bsc"/><int name="no" value="4"/><int name="zM" value="0"/></imgdir><imgdir name="44"><int name="x" value="-270"/><int name="y" value="180"/><string name="u" value="bsc"/><int name="no" value="0"/><int name="zM" value="0"/></imgdir><imgdir name="43"><int name="x" value="-180"/><int name="y" value="180"/><string name="u" value="bsc"/><int name="no" value="3"/><int name="zM" value="0"/></imgdir><imgdir name="51"><int name="x" value="-90"/><int name="y" value="180"/><string name="u" value="bsc"/><int name="no" value="3"/><int name="zM" value="0"/></imgdir><imgdir name="53"><int name="x" value="0"/><int name="y" value="180"/><string name="u" value="bsc"/><int name="no" value="4"/><int name="zM" value="0"/></imgdir><imgdir name="55"><int name="x" value="90"/><int name="y" value="180"/><string name="u" value="bsc"/><int name="no" value="3"/><int name="zM" value="0"/></imgdir><imgdir name="47"><int name="x" value="180"/><int name="y" value="180"/><string name="u" value="bsc"/><int name="no" value="4"/><int name="zM" value="0"/></imgdir><imgdir name="50"><int name="x" value="270"/><int name="y" value="180"/><string name="u" value="bsc"/><int name="no" value="1"/><int name="zM" value="0"/></imgdir><imgdir name="49"><int name="x" value="630"/><int name="y" value="180"/><string name="u" value="bsc"/><int name="no" value="1"/><int name="zM" value="0"/></imgdir><imgdir name="48"><int name="x" value="360"/><int name="y" value="180"/><string name="u" value="bsc"/><int name="no" value="3"/><int name="zM" value="0"/></imgdir><imgdir name="52"><int name="x" value="450"/><int name="y" value="180"/><string name="u" value="bsc"/><int name="no" value="2"/><int name="zM" value="0"/></imgdir><imgdir name="41"><int name="x" value="540"/><int name="y" value="180"/><string name="u" value="bsc"/><int name="no" value="1"/><int name="zM" value="0"/></imgdir><imgdir name="74"><int name="x" value="-810"/><int name="y" value="120"/><string name="u" value="enH0"/><int name="no" value="2"/><int name="zM" value="0"/></imgdir><imgdir name="38"><int name="x" value="-810"/><int name="y" value="180"/><string name="u" value="bsc"/><int name="no" value="0"/><int name="zM" value="0"/></imgdir><imgdir name="0"><int name="x" value="-810"/><int name="y" value="120"/><string name="u" value="bsc"/><int name="no" value="0"/><int name="zM" value="0"/></imgdir><imgdir name="78"><int name="x" value="720"/><int name="y" value="120"/><string name="u" value="enH0"/><int name="no" value="0"/><int name="zM" value="0"/></imgdir><imgdir name="34"><int name="x" value="720"/><int name="y" value="120"/><string name="u" value="bsc"/><int name="no" value="0"/><int name="zM" value="0"/></imgdir><imgdir name="77"><int name="x" value="720"/><int name="y" value="180"/><string name="u" value="bsc"/><int name="no" value="2"/><int name="zM" value="0"/></imgdir><imgdir name="86"><int name="x" value="-900"/><int name="y" value="120"/><string name="u" value="enH0"/><int name="no" value="2"/><int name="zM" value="0"/></imgdir><imgdir name="85"><int name="x" value="-990"/><int name="y" value="120"/><string name="u" value="enH0"/><int name="no" value="1"/><int name="zM" value="0"/></imgdir><imgdir name="83"><int name="x" value="-1080"/><int name="y" value="120"/><string name="u" value="enH0"/><int name="no" value="1"/><int name="zM" value="0"/></imgdir><imgdir name="75"><int name="x" value="-900"/><int name="y" value="180"/><string name="u" value="bsc"/><int name="no" value="2"/><int name="zM" value="0"/></imgdir><imgdir name="82"><int name="x" value="-1080"/><int name="y" value="120"/><string name="u" value="bsc"/><int name="no" value="3"/><int name="zM" value="0"/></imgdir><imgdir name="84"><int name="x" value="-990"/><int name="y" value="120"/><string name="u" value="bsc"/><int name="no" value="4"/><int name="zM" value="0"/></imgdir><imgdir name="72"><int name="x" value="-900"/><int name="y" value="120"/><string name="u" value="bsc"/><int name="no" value="3"/><int name="zM" value="0"/></imgdir><imgdir name="81"><int name="x" value="-1080"/><int name="y" value="180"/><string name="u" value="bsc"/><int name="no" value="4"/><int name="zM" value="0"/></imgdir><imgdir name="73"><int name="x" value="-990"/><int name="y" value="180"/><string name="u" value="bsc"/><int name="no" value="2"/><int name="zM" value="0"/></imgdir><imgdir name="98"><int name="x" value="990"/><int name="y" value="120"/><string name="u" value="enH0"/><int name="no" value="1"/><int name="zM" value="0"/></imgdir><imgdir name="95"><int name="x" value="900"/><int name="y" value="120"/><string name="u" value="enH0"/><int name="no" value="2"/><int name="zM" value="0"/></imgdir><imgdir name="92"><int name="x" value="810"/><int name="y" value="120"/><string name="u" value="enH0"/><int name="no" value="0"/><int name="zM" value="0"/></imgdir><imgdir name="76"><int name="x" value="810"/><int name="y" value="120"/><string name="u" value="bsc"/><int name="no" value="3"/><int name="zM" value="0"/></imgdir><imgdir name="94"><int name="x" value="900"/><int name="y" value="120"/><string name="u" value="bsc"/><int name="no" value="3"/><int name="zM" value="0"/></imgdir><imgdir name="93"><int name="x" value="990"/><int name="y" value="120"/><string name="u" value="bsc"/><int name="no" value="2"/><int name="zM" value="0"/></imgdir><imgdir name="79"><int name="x" value="990"/><int name="y" value="180"/><string name="u" value="bsc"/><int name="no" value="4"/><int name="zM" value="0"/></imgdir><imgdir name="103"><int name="x" value="810"/><int name="y" value="180"/><string name="u" value="bsc"/><int name="no" value="4"/><int name="zM" value="0"/></imgdir><imgdir name="35"><int name="x" value="900"/><int name="y" value="180"/><string name="u" value="bsc"/><int name="no" value="3"/><int name="zM" value="0"/></imgdir><imgdir name="107"><int name="x" value="1170"/><int name="y" value="120"/><string name="u" value="enH0"/><int name="no" value="2"/><int name="zM" value="0"/></imgdir><imgdir name="104"><int name="x" value="1080"/><int name="y" value="120"/><string name="u" value="enH0"/><int name="no" value="1"/><int name="zM" value="0"/></imgdir><imgdir name="96"><int name="x" value="1080"/><int name="y" value="120"/><string name="u" value="bsc"/><int name="no" value="0"/><int name="zM" value="0"/></imgdir><imgdir name="100"><int name="x" value="1080"/><int name="y" value="180"/><string name="u" value="bsc"/><int name="no" value="4"/><int name="zM" value="0"/></imgdir><imgdir name="106"><int name="x" value="1170"/><int name="y" value="120"/><string name="u" value="bsc"/><int name="no" value="1"/><int name="zM" value="0"/></imgdir><imgdir name="114"><int name="x" value="1170"/><int name="y" value="180"/><string name="u" value="bsc"/><int name="no" value="2"/><int name="zM" value="0"/></imgdir><imgdir name="111"><int name="x" value="1260"/><int name="y" value="180"/><string name="u" value="bsc"/><int name="no" value="4"/><int name="zM" value="0"/></imgdir><imgdir name="80"><int name="x" value="-1170"/><int name="y" value="120"/><string name="u" value="bsc"/><int name="no" value="3"/><int name="zM" value="0"/></imgdir><imgdir name="88"><int name="x" value="-1260"/><int name="y" value="180"/><string name="u" value="bsc"/><int name="no" value="2"/><int name="zM" value="0"/></imgdir><imgdir name="89"><int name="x" value="-1170"/><int name="y" value="180"/><string name="u" value="bsc"/><int name="no" value="3"/><int name="zM" value="0"/></imgdir><imgdir name="116"><int name="x" value="-1260"/><int name="y" value="120"/><string name="u" value="bsc"/><int name="no" value="3"/><int name="zM" value="0"/></imgdir><imgdir name="105"><int name="x" value="-1170"/><int name="y" value="120"/><string name="u" value="enH0"/><int name="no" value="0"/><int name="zM" value="0"/></imgdir><imgdir name="110"><int name="x" value="-1260"/><int name="y" value="120"/><string name="u" value="enH0"/><int name="no" value="0"/><int name="zM" value="0"/></imgdir><imgdir name="119"><int name="x" value="1260"/><int name="y" value="120"/><string name="u" value="enH0"/><int name="no" value="2"/><int name="zM" value="0"/></imgdir><imgdir name="108"><int name="x" value="1350"/><int name="y" value="120"/><string name="u" value="bsc"/><int name="no" value="2"/><int name="zM" value="0"/></imgdir><imgdir name="118"><int name="x" value="1260"/><int name="y" value="120"/><string name="u" value="bsc"/><int name="no" value="3"/><int name="zM" value="0"/></imgdir><imgdir name="115"><int name="x" value="1350"/><int name="y" value="180"/><string name="u" value="bsc"/><int name="no" value="3"/><int name="zM" value="0"/></imgdir><imgdir name="109"><int name="x" value="1350"/><int name="y" value="120"/><string name="u" value="enH0"/><int name="no" value="0"/><int name="zM" value="0"/></imgdir><imgdir name="123"><int name="x" value="-1260"/><int name="y" value="300"/><string name="u" value="edD"/><int name="no" value="0"/><int name="zM" value="0"/></imgdir><imgdir name="125"><int name="x" value="-1260"/><int name="y" value="300"/><string name="u" value="enH1"/><int name="no" value="0"/><int name="zM" value="0"/></imgdir><imgdir name="120"><int name="x" value="-1170"/><int name="y" value="300"/><string name="u" value="enH1"/><int name="no" value="0"/><int name="zM" value="0"/></imgdir><imgdir name="117"><int name="x" value="-1260"/><int name="y" value="240"/><string name="u" value="bsc"/><int name="no" value="1"/><int name="zM" value="0"/></imgdir><imgdir name="129"><int name="x" value="-1260"/><int name="y" value="240"/><string name="u" value="enV0"/><int name="no" value="1"/><int name="zM" value="0"/></imgdir><imgdir name="122"><int name="x" value="-1260"/><int name="y" value="120"/><string name="u" value="edU"/><int name="no" value="0"/><int name="zM" value="0"/></imgdir><imgdir name="126"><int name="x" value="-1080"/><int name="y" value="300"/><string name="u" value="enH1"/><int name="no" value="2"/><int name="zM" value="0"/></imgdir><imgdir name="90"><int name="x" value="-1170"/><int name="y" value="240"/><string name="u" value="bsc"/><int name="no" value="1"/><int name="zM" value="0"/></imgdir><imgdir name="87"><int name="x" value="-1080"/><int name="y" value="240"/><string name="u" value="bsc"/><int name="no" value="4"/><int name="zM" value="0"/></imgdir><imgdir name="121"><int name="x" value="-1260"/><int name="y" value="180"/><string name="u" value="enV0"/><int name="no" value="0"/><int name="zM" value="0"/></imgdir><imgdir name="127"><int name="x" value="-1260"/><int name="y" value="120"/><string name="u" value="enV0"/><int name="no" value="1"/><int name="zM" value="0"/></imgdir><imgdir name="124"><int name="x" value="-990"/><int name="y" value="300"/><string name="u" value="enH1"/><int name="no" value="1"/><int name="zM" value="0"/></imgdir><imgdir name="134"><int name="x" value="-900"/><int name="y" value="300"/><string name="u" value="enH1"/><int name="no" value="0"/><int name="zM" value="0"/></imgdir><imgdir name="132"><int name="x" value="-810"/><int name="y" value="300"/><string name="u" value="enH1"/><int name="no" value="0"/><int name="zM" value="0"/></imgdir><imgdir name="36"><int name="x" value="-900"/><int name="y" value="240"/><string name="u" value="bsc"/><int name="no" value="0"/><int name="zM" value="0"/></imgdir><imgdir name="39"><int name="x" value="-810"/><int name="y" value="240"/><string name="u" value="bsc"/><int name="no" value="4"/><int name="zM" value="0"/></imgdir><imgdir name="133"><int name="x" value="-720"/><int name="y" value="300"/><string name="u" value="enH1"/><int name="no" value="0"/><int name="zM" value="0"/></imgdir><imgdir name="56"><int name="x" value="-720"/><int name="y" value="240"/><string name="u" value="bsc"/><int name="no" value="1"/><int name="zM" value="0"/></imgdir><imgdir name="58"><int name="x" value="-630"/><int name="y" value="240"/><string name="u" value="bsc"/><int name="no" value="0"/><int name="zM" value="0"/></imgdir><imgdir name="131"><int name="x" value="-630"/><int name="y" value="300"/><string name="u" value="enH1"/><int name="no" value="1"/><int name="zM" value="0"/></imgdir><imgdir name="91"><int name="x" value="-990"/><int name="y" value="240"/><string name="u" value="bsc"/><int name="no" value="3"/><int name="zM" value="0"/></imgdir><imgdir name="60"><int name="x" value="-540"/><int name="y" value="240"/><string name="u" value="bsc"/><int name="no" value="1"/><int name="zM" value="0"/></imgdir><imgdir name="128"><int name="x" value="-540"/><int name="y" value="300"/><string name="u" value="enH1"/><int name="no" value="1"/><int name="zM" value="0"/></imgdir><imgdir name="57"><int name="x" value="-90"/><int name="y" value="240"/><string name="u" value="bsc"/><int name="no" value="4"/><int name="zM" value="0"/></imgdir><imgdir name="139"><int name="x" value="-90"/><int name="y" value="300"/><string name="u" value="enH1"/><int name="no" value="2"/><int name="zM" value="0"/></imgdir><imgdir name="65"><int name="x" value="0"/><int name="y" value="240"/><string name="u" value="bsc"/><int name="no" value="1"/><int name="zM" value="0"/></imgdir><imgdir name="140"><int name="x" value="0"/><int name="y" value="300"/><string name="u" value="enH1"/><int name="no" value="2"/><int name="zM" value="0"/></imgdir><imgdir name="63"><int name="x" value="-180"/><int name="y" value="240"/><string name="u" value="bsc"/><int name="no" value="3"/><int name="zM" value="0"/></imgdir><imgdir name="137"><int name="x" value="-180"/><int name="y" value="300"/><string name="u" value="enH1"/><int name="no" value="0"/><int name="zM" value="0"/></imgdir><imgdir name="136"><int name="x" value="-450"/><int name="y" value="300"/><string name="u" value="enH1"/><int name="no" value="2"/><int name="zM" value="0"/></imgdir><imgdir name="66"><int name="x" value="-270"/><int name="y" value="240"/><string name="u" value="bsc"/><int name="no" value="1"/><int name="zM" value="0"/></imgdir><imgdir name="130"><int name="x" value="-270"/><int name="y" value="300"/><string name="u" value="enH1"/><int name="no" value="1"/><int name="zM" value="0"/></imgdir><imgdir name="138"><int name="x" value="-360"/><int name="y" value="300"/><string name="u" value="enH1"/><int name="no" value="2"/><int name="zM" value="0"/></imgdir><imgdir name="64"><int name="x" value="-360"/><int name="y" value="240"/><string name="u" value="bsc"/><int name="no" value="3"/><int name="zM" value="0"/></imgdir><imgdir name="62"><int name="x" value="-450"/><int name="y" value="240"/><string name="u" value="bsc"/><int name="no" value="2"/><int name="zM" value="0"/></imgdir><imgdir name="148"><int name="x" value="360"/><int name="y" value="300"/><string name="u" value="enH1"/><int name="no" value="2"/><int name="zM" value="0"/></imgdir><imgdir name="146"><int name="x" value="270"/><int name="y" value="300"/><string name="u" value="enH1"/><int name="no" value="2"/><int name="zM" value="0"/></imgdir><imgdir name="37"><int name="x" value="90"/><int name="y" value="240"/><string name="u" value="bsc"/><int name="no" value="2"/><int name="zM" value="0"/></imgdir><imgdir name="135"><int name="x" value="90"/><int name="y" value="300"/><string name="u" value="enH1"/><int name="no" value="1"/><int name="zM" value="0"/></imgdir><imgdir name="59"><int name="x" value="180"/><int name="y" value="240"/><string name="u" value="bsc"/><int name="no" value="2"/><int name="zM" value="0"/></imgdir><imgdir name="142"><int name="x" value="540"/><int name="y" value="300"/><string name="u" value="enH1"/><int name="no" value="0"/><int name="zM" value="0"/></imgdir><imgdir name="143"><int name="x" value="180"/><int name="y" value="300"/><string name="u" value="enH1"/><int name="no" value="1"/><int name="zM" value="0"/></imgdir><imgdir name="145"><int name="x" value="720"/><int name="y" value="300"/><string name="u" value="enH1"/><int name="no" value="2"/><int name="zM" value="0"/></imgdir><imgdir name="61"><int name="x" value="360"/><int name="y" value="240"/><string name="u" value="bsc"/><int name="no" value="4"/><int name="zM" value="0"/></imgdir><imgdir name="70"><int name="x" value="450"/><int name="y" value="240"/><string name="u" value="bsc"/><int name="no" value="4"/><int name="zM" value="0"/></imgdir><imgdir name="67"><int name="x" value="540"/><int name="y" value="240"/><string name="u" value="bsc"/><int name="no" value="4"/><int name="zM" value="0"/></imgdir><imgdir name="71"><int name="x" value="630"/><int name="y" value="240"/><string name="u" value="bsc"/><int name="no" value="0"/><int name="zM" value="0"/></imgdir><imgdir name="69"><int name="x" value="720"/><int name="y" value="240"/><string name="u" value="bsc"/><int name="no" value="3"/><int name="zM" value="0"/></imgdir><imgdir name="149"><int name="x" value="630"/><int name="y" value="300"/><string name="u" value="enH1"/><int name="no" value="1"/><int name="zM" value="0"/></imgdir><imgdir name="68"><int name="x" value="270"/><int name="y" value="240"/><string name="u" value="bsc"/><int name="no" value="3"/><int name="zM" value="0"/></imgdir><imgdir name="147"><int name="x" value="450"/><int name="y" value="300"/><string name="u" value="enH1"/><int name="no" value="0"/><int name="zM" value="0"/></imgdir><imgdir name="141"><int name="x" value="810"/><int name="y" value="300"/><string name="u" value="enH1"/><int name="no" value="0"/><int name="zM" value="0"/></imgdir><imgdir name="151"><int name="x" value="900"/><int name="y" value="300"/><string name="u" value="enH1"/><int name="no" value="1"/><int name="zM" value="0"/></imgdir><imgdir name="54"><int name="x" value="810"/><int name="y" value="240"/><string name="u" value="bsc"/><int name="no" value="3"/><int name="zM" value="0"/></imgdir><imgdir name="150"><int name="x" value="1260"/><int name="y" value="300"/><string name="u" value="enH1"/><int name="no" value="1"/><int name="zM" value="0"/></imgdir><imgdir name="101"><int name="x" value="990"/><int name="y" value="240"/><string name="u" value="bsc"/><int name="no" value="2"/><int name="zM" value="0"/></imgdir><imgdir name="153"><int name="x" value="990"/><int name="y" value="300"/><string name="u" value="enH1"/><int name="no" value="2"/><int name="zM" value="0"/></imgdir><imgdir name="102"><int name="x" value="1080"/><int name="y" value="240"/><string name="u" value="bsc"/><int name="no" value="4"/><int name="zM" value="0"/></imgdir><imgdir name="113"><int name="x" value="1170"/><int name="y" value="240"/><string name="u" value="bsc"/><int name="no" value="2"/><int name="zM" value="0"/></imgdir><imgdir name="99"><int name="x" value="900"/><int name="y" value="240"/><string name="u" value="bsc"/><int name="no" value="3"/><int name="zM" value="0"/></imgdir><imgdir name="144"><int name="x" value="1170"/><int name="y" value="300"/><string name="u" value="enH1"/><int name="no" value="1"/><int name="zM" value="0"/></imgdir><imgdir name="112"><int name="x" value="1260"/><int name="y" value="240"/><string name="u" value="bsc"/><int name="no" value="4"/><int name="zM" value="0"/></imgdir><imgdir name="154"><int name="x" value="1080"/><int name="y" value="300"/><string name="u" value="enH1"/><int name="no" value="2"/><int name="zM" value="0"/></imgdir><imgdir name="156"><int name="x" value="1440"/><int name="y" value="120"/><string name="u" value="edU"/><int name="no" value="0"/><int name="zM" value="0"/></imgdir><imgdir name="159"><int name="x" value="1440"/><int name="y" value="180"/><string name="u" value="enV1"/><int name="no" value="0"/><int name="zM" value="0"/></imgdir><imgdir name="157"><int name="x" value="1440"/><int name="y" value="120"/><string name="u" value="enV1"/><int name="no" value="1"/><int name="zM" value="0"/></imgdir><imgdir name="155"><int name="x" value="1350"/><int name="y" value="300"/><string name="u" value="enH1"/><int name="no" value="2"/><int name="zM" value="0"/></imgdir><imgdir name="97"><int name="x" value="1350"/><int name="y" value="240"/><string name="u" value="bsc"/><int name="no" value="0"/><int name="zM" value="0"/></imgdir><imgdir name="158"><int name="x" value="1440"/><int name="y" value="240"/><string name="u" value="enV1"/><int name="no" value="0"/><int name="zM" value="0"/></imgdir><imgdir name="152"><int name="x" value="1440"/><int name="y" value="300"/><string name="u" value="edD"/><int name="no" value="0"/><int name="zM" value="0"/></imgdir></imgdir><imgdir name="obj"><imgdir name="0"><string name="oS" value="partem"/><string name="l0" value="town"/><string name="l1" value="foothold"/><string name="l2" value="0"/><int name="x" value="30"/><int name="y" value="-122"/><int name="z" value="9"/><int name="f" value="0"/><int name="zM" value="0"/><int name="r" value="0"/><int name="move" value="0"/><int name="dynamic" value="0"/><int name="piece" value="0"/></imgdir><imgdir name="1"><string name="oS" value="partem"/><string name="l0" value="town"/><string name="l1" value="acc"/><string name="l2" value="2"/><int name="x" value="314"/><int name="y" value="13"/><int name="z" value="9"/><int name="f" value="0"/><int name="zM" value="0"/><int name="r" value="0"/><int name="move" value="0"/><int name="dynamic" value="0"/><int name="piece" value="1"/></imgdir><imgdir name="4"><string name="oS" value="partem"/><string name="l0" value="town_Field"/><string name="l1" value="tree"/><string name="l2" value="2"/><int name="x" value="-1255"/><int name="y" value="-148"/><int name="z" value="9"/><int name="f" value="0"/><int name="zM" value="0"/><int name="r" value="0"/><int name="move" value="0"/><int name="dynamic" value="0"/><int name="piece" value="4"/></imgdir><imgdir name="5"><string name="oS" value="partem"/><string name="l0" value="town_Common"/><string name="l1" value="acc"/><string name="l2" value="5"/><int name="x" value="-816"/><int name="y" value="52"/><int name="z" value="9"/><int name="f" value="0"/><int name="zM" value="0"/><int name="r" value="0"/><int name="move" value="0"/><int name="dynamic" value="0"/><int name="piece" value="5"/></imgdir><imgdir name="6"><string name="oS" value="partem"/><string name="l0" value="town_Common"/><string name="l1" value="acc"/><string name="l2" value="6"/><int name="x" value="-636"/><int name="y" value="39"/><int name="z" value="6"/><int name="f" value="0"/><int name="zM" value="0"/><int name="r" value="0"/><int name="move" value="0"/><int name="dynamic" value="0"/><int name="piece" value="6"/></imgdir><imgdir name="7"><string name="oS" value="partem"/><string name="l0" value="town_Common"/><string name="l1" value="acc"/><string name="l2" value="4"/><int name="x" value="839"/><int name="y" value="45"/><int name="z" value="0"/><int name="f" value="0"/><int name="zM" value="0"/><int name="r" value="0"/><int name="move" value="0"/><int name="dynamic" value="0"/><int name="piece" value="7"/></imgdir><imgdir name="8"><string name="oS" value="partem"/><string name="l0" value="town_Field"/><string name="l1" value="tree"/><string name="l2" value="1"/><int name="x" value="-1393"/><int name="y" value="-173"/><int name="z" value="8"/><int name="f" value="0"/><int name="zM" value="0"/><int name="r" value="0"/><int name="move" value="0"/><int name="dynamic" value="0"/><int name="piece" value="8"/></imgdir><imgdir name="9"><string name="oS" value="partem"/><string name="l0" value="town_Field"/><string name="l1" value="tree"/><string name="l2" value="0"/><int name="x" value="-883"/><int name="y" value="-144"/><int name="z" value="9"/><int name="f" value="0"/><int name="zM" value="0"/><int name="r" value="0"/><int name="move" value="0"/><int name="dynamic" value="0"/><int name="piece" value="9"/></imgdir><imgdir name="2"><string name="oS" value="partem"/><string name="l0" value="town_Field"/><string name="l1" value="bush"/><string name="l2" value="0"/><int name="x" value="-590"/><int name="y" value="-90"/><int name="z" value="2"/><int name="f" value="0"/><int name="zM" value="0"/><int name="r" value="0"/><int name="move" value="0"/><int name="dynamic" value="0"/><int name="piece" value="2"/></imgdir><imgdir name="3"><string name="oS" value="partem"/><string name="l0" value="town_Field"/><string name="l1" value="bush"/><string name="l2" value="1"/><int name="x" value="-1041"/><int name="y" value="-20"/><int name="z" value="5"/><int name="f" value="0"/><int name="zM" value="0"/><int name="r" value="0"/><int name="move" value="0"/><int name="dynamic" value="0"/><int name="piece" value="3"/></imgdir></imgdir></imgdir><imgdir name="2"><imgdir name="info"></imgdir><imgdir name="tile"></imgdir><imgdir name="obj"></imgdir></imgdir><imgdir name="3"><imgdir name="info"></imgdir><imgdir name="tile"></imgdir><imgdir name="obj"></imgdir></imgdir><imgdir name="4"><imgdir name="info"></imgdir><imgdir name="tile"></imgdir><imgdir name="obj"></imgdir></imgdir><imgdir name="5"><imgdir name="info"></imgdir><imgdir name="tile"></imgdir><imgdir name="obj"></imgdir></imgdir><imgdir name="6"><imgdir name="info"></imgdir><imgdir name="tile"></imgdir><imgdir name="obj"></imgdir></imgdir><imgdir name="7"><imgdir name="info"></imgdir><imgdir name="tile"></imgdir><imgdir name="obj"></imgdir></imgdir><imgdir name="foothold"><imgdir name="1"><imgdir name="0"><imgdir name="1"><int name="x1" value="-720"/><int name="y1" value="86"/><int name="x2" value="-630"/><int name="y2" value="86"/><int name="prev" value="17"/><int name="next" value="2"/><int name="piece" value="-1"/></imgdir><imgdir name="2"><int name="x1" value="-630"/><int name="y1" value="86"/><int name="x2" value="-540"/><int name="y2" value="86"/><int name="prev" value="1"/><int name="next" value="3"/><int name="piece" value="-1"/></imgdir><imgdir name="3"><int name="x1" value="-540"/><int name="y1" value="86"/><int name="x2" value="-450"/><int name="y2" value="86"/><int name="prev" value="2"/><int name="next" value="6"/><int name="piece" value="-1"/></imgdir><imgdir name="4"><int name="x1" value="-360"/><int name="y1" value="86"/><int name="x2" value="-270"/><int name="y2" value="86"/><int name="prev" value="6"/><int name="next" value="14"/><int name="piece" value="-1"/></imgdir><imgdir name="5"><int name="x1" value="-180"/><int name="y1" value="86"/><int name="x2" value="-90"/><int name="y2" value="86"/><int name="prev" value="14"/><int name="next" value="8"/><int name="piece" value="-1"/></imgdir><imgdir name="6"><int name="x1" value="-450"/><int name="y1" value="86"/><int name="x2" value="-360"/><int name="y2" value="86"/><int name="prev" value="3"/><int name="next" value="4"/><int name="piece" value="-1"/></imgdir><imgdir name="7"><int name="x1" value="0"/><int name="y1" value="86"/><int name="x2" value="90"/><int name="y2" value="86"/><int name="prev" value="8"/><int name="next" value="9"/><int name="piece" value="-1"/></imgdir><imgdir name="8"><int name="x1" value="-90"/><int name="y1" value="86"/><int name="x2" value="0"/><int name="y2" value="86"/><int name="prev" value="5"/><int name="next" value="7"/><int name="piece" value="-1"/></imgdir><imgdir name="9"><int name="x1" value="90"/><int name="y1" value="86"/><int name="x2" value="180"/><int name="y2" value="86"/><int name="prev" value="7"/><int name="next" value="10"/><int name="piece" value="-1"/></imgdir><imgdir name="10"><int name="x1" value="180"/><int name="y1" value="86"/><int name="x2" value="270"/><int name="y2" value="86"/><int name="prev" value="9"/><int name="next" value="11"/><int name="piece" value="-1"/></imgdir><imgdir name="11"><int name="x1" value="270"/><int name="y1" value="86"/><int name="x2" value="360"/><int name="y2" value="86"/><int name="prev" value="10"/><int name="next" value="13"/><int name="piece" value="-1"/></imgdir><imgdir name="12"><int name="x1" value="450"/><int name="y1" value="86"/><int name="x2" value="540"/><int name="y2" value="86"/><int name="prev" value="13"/><int name="next" value="15"/><int name="piece" value="-1"/></imgdir><imgdir name="13"><int name="x1" value="360"/><int name="y1" value="86"/><int name="x2" value="450"/><int name="y2" value="86"/><int name="prev" value="11"/><int name="next" value="12"/><int name="piece" value="-1"/></imgdir><imgdir name="14"><int name="x1" value="-270"/><int name="y1" value="86"/><int name="x2" value="-180"/><int name="y2" value="86"/><int name="prev" value="4"/><int name="next" value="5"/><int name="piece" value="-1"/></imgdir><imgdir name="15"><int name="x1" value="540"/><int name="y1" value="86"/><int name="x2" value="630"/><int name="y2" value="86"/><int name="prev" value="12"/><int name="next" value="16"/><int name="piece" value="-1"/></imgdir><imgdir name="16"><int name="x1" value="630"/><int name="y1" value="86"/><int name="x2" value="720"/><int name="y2" value="86"/><int name="prev" value="15"/><int name="next" value="18"/><int name="piece" value="-1"/></imgdir><imgdir name="17"><int name="x1" value="-810"/><int name="y1" value="86"/><int name="x2" value="-720"/><int name="y2" value="86"/><int name="prev" value="21"/><int name="next" value="1"/><int name="piece" value="-1"/></imgdir><imgdir name="18"><int name="x1" value="720"/><int name="y1" value="86"/><int name="x2" value="810"/><int name="y2" value="86"/><int name="prev" value="16"/><int name="next" value="22"/><int name="piece" value="-1"/></imgdir><imgdir name="19"><int name="x1" value="-1080"/><int name="y1" value="86"/><int name="x2" value="-990"/><int name="y2" value="86"/><int name="prev" value="26"/><int name="next" value="20"/><int name="piece" value="-1"/></imgdir><imgdir name="20"><int name="x1" value="-990"/><int name="y1" value="86"/><int name="x2" value="-900"/><int name="y2" value="86"/><int name="prev" value="19"/><int name="next" value="21"/><int name="piece" value="-1"/></imgdir><imgdir name="21"><int name="x1" value="-900"/><int name="y1" value="86"/><int name="x2" value="-810"/><int name="y2" value="86"/><int name="prev" value="20"/><int name="next" value="17"/><int name="piece" value="-1"/></imgdir><imgdir name="22"><int name="x1" value="810"/><int name="y1" value="86"/><int name="x2" value="900"/><int name="y2" value="86"/><int name="prev" value="18"/><int name="next" value="23"/><int name="piece" value="-1"/></imgdir><imgdir name="23"><int name="x1" value="900"/><int name="y1" value="86"/><int name="x2" value="990"/><int name="y2" value="86"/><int name="prev" value="22"/><int name="next" value="24"/><int name="piece" value="-1"/></imgdir><imgdir name="24"><int name="x1" value="990"/><int name="y1" value="86"/><int name="x2" value="1080"/><int name="y2" value="86"/><int name="prev" value="23"/><int name="next" value="25"/><int name="piece" value="-1"/></imgdir><imgdir name="25"><int name="x1" value="1080"/><int name="y1" value="86"/><int name="x2" value="1170"/><int name="y2" value="86"/><int name="prev" value="24"/><int name="next" value="27"/><int name="piece" value="-1"/></imgdir><imgdir name="26"><int name="x1" value="-1170"/><int name="y1" value="86"/><int name="x2" value="-1080"/><int name="y2" value="86"/><int name="prev" value="34"/><int name="next" value="19"/><int name="piece" value="-1"/></imgdir><imgdir name="27"><int name="x1" value="1170"/><int name="y1" value="86"/><int name="x2" value="1260"/><int name="y2" value="86"/><int name="prev" value="25"/><int name="next" value="30"/><int name="piece" value="-1"/></imgdir><imgdir name="28"><int name="x1" value="1350"/><int name="y1" value="86"/><int name="x2" value="1420"/><int name="y2" value="86"/><int name="prev" value="30"/><int name="next" value="37"/><int name="piece" value="-1"/></imgdir><imgdir name="29"><int name="x1" value="-1260"/><int name="y1" value="86"/><int name="x2" value="-1239"/><int name="y2" value="86"/><int name="prev" value="33"/><int name="next" value="34"/><int name="piece" value="-1"/></imgdir><imgdir name="30"><int name="x1" value="1260"/><int name="y1" value="86"/><int name="x2" value="1350"/><int name="y2" value="86"/><int name="prev" value="27"/><int name="next" value="28"/><int name="piece" value="-1"/></imgdir><imgdir name="31"><int name="x1" value="-1280"/><int name="y1" value="240"/><int name="x2" value="-1280"/><int name="y2" value="180"/><int name="prev" value="36"/><int name="next" value="35"/><int name="piece" value="-1"/></imgdir><imgdir name="32"><int name="x1" value="-1280"/><int name="y1" value="120"/><int name="x2" value="-1280"/><int name="y2" value="86"/><int name="prev" value="35"/><int name="next" value="33"/><int name="piece" value="-1"/></imgdir><imgdir name="33"><int name="x1" value="-1280"/><int name="y1" value="86"/><int name="x2" value="-1260"/><int name="y2" value="86"/><int name="prev" value="32"/><int name="next" value="29"/><int name="piece" value="-1"/></imgdir><imgdir name="34"><int name="x1" value="-1239"/><int name="y1" value="86"/><int name="x2" value="-1170"/><int name="y2" value="86"/><int name="prev" value="29"/><int name="next" value="26"/><int name="piece" value="-1"/></imgdir><imgdir name="35"><int name="x1" value="-1280"/><int name="y1" value="180"/><int name="x2" value="-1280"/><int name="y2" value="120"/><int name="prev" value="31"/><int name="next" value="32"/><int name="piece" value="-1"/></imgdir><imgdir name="36"><int name="x1" value="-1280"/><int name="y1" value="300"/><int name="x2" value="-1280"/><int name="y2" value="240"/><int name="prev" value="0"/><int name="next" value="31"/><int name="piece" value="-1"/></imgdir><imgdir name="37"><int name="x1" value="1420"/><int name="y1" value="86"/><int name="x2" value="1440"/><int name="y2" value="86"/><int name="prev" value="28"/><int name="next" value="38"/><int name="piece" value="-1"/></imgdir><imgdir name="38"><int name="x1" value="1440"/><int name="y1" value="86"/><int name="x2" value="1461"/><int name="y2" value="86"/><int name="prev" value="37"/><int name="next" value="39"/><int name="piece" value="-1"/></imgdir><imgdir name="39"><int name="x1" value="1461"/><int name="y1" value="86"/><int name="x2" value="1461"/><int name="y2" value="120"/><int name="prev" value="38"/><int name="next" value="40"/><int name="piece" value="-1"/></imgdir><imgdir name="40"><int name="x1" value="1461"/><int name="y1" value="120"/><int name="x2" value="1461"/><int name="y2" value="180"/><int name="prev" value="39"/><int name="next" value="42"/><int name="piece" value="-1"/></imgdir><imgdir name="41"><int name="x1" value="1461"/><int name="y1" value="240"/><int name="x2" value="1461"/><int name="y2" value="300"/><int name="prev" value="42"/><int name="next" value="0"/><int name="piece" value="-1"/></imgdir><imgdir name="42"><int name="x1" value="1461"/><int name="y1" value="180"/><int name="x2" value="1461"/><int name="y2" value="240"/><int name="prev" value="40"/><int name="next" value="41"/><int name="piece" value="-1"/></imgdir><imgdir name="43"><int name="x1" value="146"/><int name="y1" value="65"/><int name="x2" value="248"/><int name="y2" value="61"/><int name="prev" value="0"/><int name="next" value="0"/><int name="piece" value="0"/></imgdir><imgdir name="44"><int name="x1" value="-405"/><int name="y1" value="-64"/><int name="x2" value="-365"/><int name="y2" value="-105"/><int name="prev" value="0"/><int name="next" value="45"/><int name="piece" value="0"/></imgdir><imgdir name="45"><int name="x1" value="-365"/><int name="y1" value="-105"/><int name="x2" value="-333"/><int name="y2" value="-119"/><int name="prev" value="44"/><int name="next" value="46"/><int name="piece" value="0"/></imgdir><imgdir name="46"><int name="x1" value="-333"/><int name="y1" value="-119"/><int name="x2" value="-264"/><int name="y2" value="-180"/><int name="prev" value="45"/><int name="next" value="47"/><int name="piece" value="0"/></imgdir><imgdir name="47"><int name="x1" value="-264"/><int name="y1" value="-180"/><int name="x2" value="-170"/><int name="y2" value="-204"/><int name="prev" value="46"/><int name="next" value="48"/><int name="piece" value="0"/></imgdir><imgdir name="48"><int name="x1" value="-170"/><int name="y1" value="-204"/><int name="x2" value="-86"/><int name="y2" value="-196"/><int name="prev" value="47"/><int name="next" value="49"/><int name="piece" value="0"/></imgdir><imgdir name="49"><int name="x1" value="-86"/><int name="y1" value="-196"/><int name="x2" value="-35"/><int name="y2" value="-169"/><int name="prev" value="48"/><int name="next" value="0"/><int name="piece" value="0"/></imgdir><imgdir name="50"><int name="x1" value="112"/><int name="y1" value="-48"/><int name="x2" value="165"/><int name="y2" value="-63"/><int name="prev" value="0"/><int name="next" value="51"/><int name="piece" value="0"/></imgdir><imgdir name="51"><int name="x1" value="165"/><int name="y1" value="-63"/><int name="x2" value="231"/><int name="y2" value="-116"/><int name="prev" value="50"/><int name="next" value="0"/><int name="piece" value="0"/></imgdir><imgdir name="52"><int name="x1" value="-195"/><int name="y1" value="-63"/><int name="x2" value="-87"/><int name="y2" value="-95"/><int name="prev" value="0"/><int name="next" value="0"/><int name="piece" value="0"/></imgdir><imgdir name="53"><int name="x1" value="68"/><int name="y1" value="18"/><int name="x2" value="96"/><int name="y2" value="18"/><int name="prev" value="0"/><int name="next" value="0"/><int name="piece" value="0"/></imgdir><imgdir name="54"><int name="x1" value="-126"/><int name="y1" value="69"/><int name="x2" value="-84"/><int name="y2" value="68"/><int name="prev" value="0"/><int name="next" value="0"/><int name="piece" value="0"/></imgdir><imgdir name="55"><int name="x1" value="-77"/><int name="y1" value="36"/><int name="x2" value="-35"/><int name="y2" value="35"/><int name="prev" value="0"/><int name="next" value="0"/><int name="piece" value="0"/></imgdir><imgdir name="56"><int name="x1" value="-72"/><int name="y1" value="-3"/><int name="x2" value="-40"/><int name="y2" value="-1"/><int name="prev" value="0"/><int name="next" value="57"/><int name="piece" value="0"/></imgdir><imgdir name="57"><int name="x1" value="-40"/><int name="y1" value="-1"/><int name="x2" value="-30"/><int name="y2" value="-11"/><int name="prev" value="56"/><int name="next" value="0"/><int name="piece" value="0"/></imgdir><imgdir name="58"><int name="x1" value="-95"/><int name="y1" value="-37"/><int name="x2" value="-63"/><int name="y2" value="-35"/><int name="prev" value="0"/><int name="next" value="59"/><int name="piece" value="0"/></imgdir><imgdir name="59"><int name="x1" value="-63"/><int name="y1" value="-35"/><int name="x2" value="-42"/><int name="y2" value="-41"/><int name="prev" value="58"/><int name="next" value="0"/><int name="piece" value="0"/></imgdir></imgdir></imgdir></imgdir><imgdir name="ladderRope"></imgdir><imgdir name="miniMap"><canvas name="canvas" width="170" height="67"><string name="_hash" value="97b04c992a4be1f820f1f2843363f89a63ae5d693a30bb6b32f6fe92234d01f1"/></canvas><int name="width" value="2721"/><int name="height" value="1076"/><int name="centerX" value="1270"/><int name="centerY" value="800"/><int name="mag" value="4"/></imgdir><imgdir name="portal"><imgdir name="0"><string name="pn" value="sp"/><int name="pt" value="0"/><int name="x" value="0"/><int name="y" value="0"/><int name="tm" value="999999999"/><string name="tn" value=""/><int name="horizontalImpact" value="0"/></imgdir></imgdir><imgdir name="particle"><imgdir name="partem_Town_Leaf1"><imgdir name="0"><int name="x" value="-153"/><int name="y" value="-283"/><int name="z" value="-1073649824"/><int name="rx" value="-100"/><int name="ry" value="-100"/></imgdir><imgdir name="1"><int name="x" value="496"/><int name="y" value="-197"/><int name="z" value="-1073649824"/><int name="rx" value="-100"/><int name="ry" value="-100"/></imgdir></imgdir><imgdir name="partem_Town_Mushroom1"><imgdir name="0"><int name="x" value="-674"/><int name="y" value="-293"/><int name="z" value="-1073739813"/><int name="rx" value="-100"/><int name="ry" value="-100"/></imgdir></imgdir><imgdir name="partem_Town_Shine1"><imgdir name="0"><int name="x" value="1625"/><int name="y" value="-59"/><int name="z" value="-1073471624"/><int name="rx" value="-150"/><int name="ry" value="-90"/></imgdir><imgdir name="1"><int name="x" value="-320"/><int name="y" value="-152"/><int name="z" value="0"/><int name="rx" value="-150"/><int name="ry" value="-90"/></imgdir></imgdir></imgdir></imgdir>