<?xml version="1.0" encoding="UTF-8" standalone="yes"?><imgdir name="910140009.img"><imgdir name="info"><int name="version" value="10"/><int name="cloud" value="0"/><int name="town" value="0"/><int name="returnMap" value="101000000"/><float name="mobRate" value="1.599998"/><string name="bgm" value="Bgm01/MoonlightShadow"/><string name="mapDesc" value=""/><int name="forcedReturn" value="101000000"/><string name="mapMark" value="Ellinia"/><int name="hideMinimap" value="0"/><int name="fieldLimit" value="8920"/><int name="swim" value="0"/><int name="fly" value="0"/><int name="noMapCmd" value="0"/><string name="onFirstUserEnter" value=""/><string name="onUserEnter" value=""/><string name="link" value="910140000"/></imgdir></imgdir>