<?xml version="1.0" encoding="UTF-8" standalone="yes"?><imgdir name="910180001.img"><imgdir name="info"><int name="version" value="10"/><int name="cloud" value="0"/><int name="town" value="0"/><int name="swim" value="0"/><int name="returnMap" value="910180100"/><int name="forcedReturn" value="910180100"/><float name="mobRate" value="4.099998"/><string name="bgm" value="Bgm01/BadGuys"/><string name="mapMark" value="KerningCity"/><int name="fly" value="0"/><int name="standAlone" value="0"/><int name="partyStandAlone" value="0"/><int name="noMapCmd" value="1"/><int name="hideMinimap" value="0"/><int name="fieldLimit" value="2433788"/><string name="fieldScript" value=""/><string name="onFirstUserEnter" value=""/><string name="onUserEnter" value=""/><int name="VRTop" value="-420"/><int name="VRLeft" value="-1070"/><int name="VRBottom" value="526"/><int name="VRRight" value="260"/><int name="fieldType" value="41"/><int name="timeLimit" value="1800"/><int name="LBSide" value="-160"/><string name="link" value="910180000"/></imgdir></imgdir>