<?xml version="1.0" encoding="UTF-8" standalone="yes"?><imgdir name="910100100.img"><imgdir name="info"><int name="version" value="10"/><int name="cloud" value="0"/><int name="town" value="0"/><int name="returnMap" value="101000000"/><float name="mobRate" value="1.699998"/><string name="bgm" value="Bgm01/MoonlightShadow"/><string name="mapDesc" value=""/><int name="forcedReturn" value="101010000"/><int name="hideMinimap" value="1"/><int name="moveLimit" value="0"/><string name="mapMark" value="Ellinia"/><int name="swim" value="0"/><int name="fly" value="0"/><int name="noMapCmd" value="0"/><int name="fieldLimit" value="271096"/><string name="onFirstUserEnter" value=""/><string name="onUserEnter" value=""/><string name="fieldScript" value="elinia"/><int name="VRTop" value="1672"/><int name="VRLeft" value="-333"/><int name="VRBottom" value="2538"/><int name="VRRight" value="693"/><int name="standAlone" value="0"/><int name="partyStandAlone" value="0"/><int name="LBSide" value="0"/></imgdir><imgdir name="back"><imgdir name="0"><string name="bS" value="shineWood"/><int name="no" value="0"/><int name="x" value="-13"/><int name="y" value="3"/><int name="rx" value="-2"/><int name="ry" value="-10"/><int name="type" value="3"/><int name="cx" value="0"/><int name="cy" value="0"/><int name="a" value="255"/><int name="front" value="0"/><int name="ani" value="0"/><int name="f" value="0"/></imgdir><imgdir name="1"><string name="bS" value="shineWood"/><int name="no" value="1"/><int name="x" value="271"/><int name="y" value="-74"/><int name="rx" value="-3"/><int name="ry" value="-15"/><int name="type" value="2"/><int name="cx" value="0"/><int name="cy" value="0"/><int name="a" value="255"/><int name="front" value="0"/><int name="ani" value="0"/><int name="f" value="0"/></imgdir><imgdir name="2"><string name="bS" value="shineWood"/><int name="no" value="2"/><int name="x" value="-297"/><int name="y" value="-45"/><int name="rx" value="-3"/><int name="ry" value="-15"/><int name="type" value="2"/><int name="cx" value="0"/><int name="cy" value="0"/><int name="a" value="255"/><int name="front" value="0"/><int name="ani" value="0"/><int name="f" value="0"/></imgdir><imgdir name="5"><string name="bS" value="shineWood"/><int name="no" value="6"/><int name="x" value="23"/><int name="y" value="350"/><int name="rx" value="-20"/><int name="ry" value="-25"/><int name="type" value="2"/><int name="cx" value="500"/><int name="cy" value="0"/><int name="a" value="255"/><int name="front" value="0"/><int name="ani" value="0"/><int name="f" value="0"/></imgdir><imgdir name="4"><string name="bS" value="shineWood"/><int name="no" value="5"/><int name="x" value="-617"/><int name="y" value="-28"/><int name="rx" value="-18"/><int name="ry" value="-25"/><int name="type" value="3"/><int name="cx" value="500"/><int name="cy" value="0"/><int name="a" value="255"/><int name="front" value="0"/><int name="ani" value="0"/><int name="f" value="0"/></imgdir><imgdir name="6"><string name="bS" value="shineWood"/><int name="no" value="10"/><int name="x" value="243"/><int name="y" value="87"/><int name="rx" value="-25"/><int name="ry" value="-30"/><int name="type" value="3"/><int name="cx" value="400"/><int name="cy" value="0"/><int name="a" value="255"/><int name="front" value="0"/><int name="ani" value="0"/><int name="f" value="0"/></imgdir><imgdir name="7"><string name="bS" value="shineWood"/><int name="no" value="10"/><int name="x" value="-558"/><int name="y" value="-230"/><int name="rx" value="-23"/><int name="ry" value="-28"/><int name="type" value="3"/><int name="cx" value="300"/><int name="cy" value="0"/><int name="a" value="255"/><int name="front" value="0"/><int name="ani" value="0"/><int name="f" value="0"/></imgdir><imgdir name="3"><string name="bS" value="shineWood"/><int name="no" value="7"/><int name="x" value="236"/><int name="y" value="139"/><int name="rx" value="-15"/><int name="ry" value="-23"/><int name="type" value="3"/><int name="cx" value="600"/><int name="cy" value="0"/><int name="a" value="255"/><int name="front" value="0"/><int name="ani" value="0"/><int name="f" value="0"/></imgdir><imgdir name="13"><string name="bS" value="shineWood"/><int name="no" value="14"/><int name="x" value="-923"/><int name="y" value="-338"/><int name="rx" value="-100"/><int name="ry" value="-100"/><int name="type" value="2"/><int name="cx" value="0"/><int name="cy" value="0"/><int name="a" value="255"/><int name="front" value="0"/><int name="ani" value="0"/><int name="f" value="0"/></imgdir><imgdir name="12"><string name="bS" value="shineWood"/><int name="no" value="12"/><int name="x" value="-587"/><int name="y" value="-873"/><int name="rx" value="-35"/><int name="ry" value="-35"/><int name="type" value="2"/><int name="cx" value="0"/><int name="cy" value="0"/><int name="a" value="255"/><int name="front" value="0"/><int name="ani" value="0"/><int name="f" value="0"/></imgdir><imgdir name="11"><string name="bS" value="shineWood"/><int name="no" value="16"/><int name="x" value="274"/><int name="y" value="274"/><int name="rx" value="-31"/><int name="ry" value="-31"/><int name="type" value="3"/><int name="cx" value="548"/><int name="cy" value="548"/><int name="a" value="255"/><int name="front" value="0"/><int name="ani" value="0"/><int name="f" value="0"/></imgdir><imgdir name="10"><string name="bS" value="shineWood"/><int name="no" value="16"/><int name="x" value="-137"/><int name="y" value="-137"/><int name="rx" value="-31"/><int name="ry" value="-31"/><int name="type" value="3"/><int name="cx" value="548"/><int name="cy" value="548"/><int name="a" value="255"/><int name="front" value="0"/><int name="ani" value="0"/><int name="f" value="0"/></imgdir><imgdir name="9"><string name="bS" value="shineWood"/><int name="no" value="16"/><int name="x" value="137"/><int name="y" value="137"/><int name="rx" value="-31"/><int name="ry" value="-31"/><int name="type" value="3"/><int name="cx" value="548"/><int name="cy" value="548"/><int name="a" value="255"/><int name="front" value="0"/><int name="ani" value="0"/><int name="f" value="0"/></imgdir><imgdir name="8"><string name="bS" value="shineWood"/><int name="no" value="16"/><int name="x" value="0"/><int name="y" value="0"/><int name="rx" value="-31"/><int name="ry" value="-31"/><int name="type" value="3"/><int name="cx" value="548"/><int name="cy" value="548"/><int name="a" value="255"/><int name="front" value="0"/><int name="ani" value="0"/><int name="f" value="0"/></imgdir><imgdir name="14"><string name="bS" value="shineWood"/><int name="no" value="14"/><int name="x" value="-259"/><int name="y" value="-29"/><int name="rx" value="-100"/><int name="ry" value="-100"/><int name="type" value="2"/><int name="cx" value="0"/><int name="cy" value="0"/><int name="a" value="255"/><int name="front" value="0"/><int name="ani" value="0"/><int name="f" value="0"/></imgdir></imgdir><imgdir name="life"><imgdir name="0"><string name="type" value="m"/><string name="id" value="9100014"/><int name="x" value="82"/><int name="y" value="2266"/><int name="mobTime" value="0"/><int name="f" value="0"/><int name="hide" value="0"/><int name="fh" value="21"/><int name="cy" value="2281"/><int name="rx0" value="34"/><int name="rx1" value="668"/></imgdir><imgdir name="1"><string name="type" value="m"/><string name="id" value="9100014"/><int name="x" value="215"/><int name="y" value="2255"/><int name="mobTime" value="0"/><int name="f" value="0"/><int name="hide" value="0"/><int name="fh" value="26"/><int name="cy" value="2281"/><int name="rx0" value="34"/><int name="rx1" value="668"/></imgdir><imgdir name="2"><string name="type" value="m"/><string name="id" value="9100014"/><int name="x" value="324"/><int name="y" value="2235"/><int name="mobTime" value="0"/><int name="f" value="0"/><int name="hide" value="0"/><int name="fh" value="29"/><int name="cy" value="2258"/><int name="rx0" value="34"/><int name="rx1" value="668"/></imgdir><imgdir name="3"><string name="type" value="m"/><string name="id" value="9100014"/><int name="x" value="460"/><int name="y" value="2214"/><int name="mobTime" value="0"/><int name="f" value="0"/><int name="hide" value="0"/><int name="fh" value="33"/><int name="cy" value="2232"/><int name="rx0" value="34"/><int name="rx1" value="668"/></imgdir><imgdir name="4"><string name="type" value="m"/><string name="id" value="9100014"/><int name="x" value="570"/><int name="y" value="2073"/><int name="mobTime" value="0"/><int name="f" value="0"/><int name="hide" value="0"/><int name="fh" value="53"/><int name="cy" value="2097"/><int name="rx0" value="-125"/><int name="rx1" value="670"/></imgdir><imgdir name="5"><string name="type" value="m"/><string name="id" value="9100014"/><int name="x" value="456"/><int name="y" value="2079"/><int name="mobTime" value="0"/><int name="f" value="0"/><int name="hide" value="0"/><int name="fh" value="48"/><int name="cy" value="2104"/><int name="rx0" value="-125"/><int name="rx1" value="670"/></imgdir><imgdir name="6"><string name="type" value="m"/><string name="id" value="9100014"/><int name="x" value="297"/><int name="y" value="2058"/><int name="mobTime" value="0"/><int name="f" value="1"/><int name="hide" value="0"/><int name="fh" value="43"/><int name="cy" value="2088"/><int name="rx0" value="-125"/><int name="rx1" value="670"/></imgdir><imgdir name="7"><string name="type" value="m"/><string name="id" value="9100014"/><int name="x" value="153"/><int name="y" value="2031"/><int name="mobTime" value="0"/><int name="f" value="1"/><int name="hide" value="0"/><int name="fh" value="57"/><int name="cy" value="2052"/><int name="rx0" value="-125"/><int name="rx1" value="670"/></imgdir><imgdir name="8"><string name="type" value="m"/><string name="id" value="9100014"/><int name="x" value="-1"/><int name="y" value="2018"/><int name="mobTime" value="0"/><int name="f" value="0"/><int name="hide" value="0"/><int name="fh" value="63"/><int name="cy" value="2039"/><int name="rx0" value="-125"/><int name="rx1" value="670"/></imgdir><imgdir name="9"><string name="type" value="n"/><string name="id" value="1043004"/><int name="x" value="-75"/><int name="y" value="2229"/><int name="mobTime" value="0"/><int name="f" value="1"/><int name="hide" value="0"/><int name="fh" value="70"/><int name="cy" value="2238"/><int name="rx0" value="-125"/><int name="rx1" value="-27"/></imgdir></imgdir><imgdir name="0"><imgdir name="info"></imgdir><imgdir name="tile"></imgdir><imgdir name="obj"><imgdir name="1"><string name="oS" value="acc2"/><string name="l0" value="shineWood"/><string name="l1" value="artificiality"/><string name="l2" value="10"/><int name="x" value="-229"/><int name="y" value="1973"/><int name="z" value="8"/><int name="f" value="0"/><int name="zM" value="2"/><int name="r" value="0"/><int name="move" value="0"/><int name="dynamic" value="0"/><int name="piece" value="1"/></imgdir><imgdir name="2"><string name="oS" value="acc2"/><string name="l0" value="shineWood"/><string name="l1" value="artificiality"/><string name="l2" value="8"/><int name="x" value="-247"/><int name="y" value="2355"/><int name="z" value="5"/><int name="f" value="0"/><int name="zM" value="2"/><int name="r" value="0"/><int name="move" value="0"/><int name="dynamic" value="0"/><int name="piece" value="2"/></imgdir><imgdir name="0"><string name="oS" value="acc2"/><string name="l0" value="shineWood"/><string name="l1" value="artificiality"/><string name="l2" value="10"/><int name="x" value="-229"/><int name="y" value="2215"/><int name="z" value="7"/><int name="f" value="0"/><int name="zM" value="2"/><int name="r" value="0"/><int name="move" value="0"/><int name="dynamic" value="0"/><int name="piece" value="0"/></imgdir><imgdir name="3"><string name="oS" value="acc2"/><string name="l0" value="shineWood"/><string name="l1" value="artificiality"/><string name="l2" value="10"/><int name="x" value="-229"/><int name="y" value="1731"/><int name="z" value="9"/><int name="f" value="0"/><int name="zM" value="2"/><int name="r" value="0"/><int name="move" value="0"/><int name="dynamic" value="0"/><int name="piece" value="3"/></imgdir><imgdir name="4"><string name="oS" value="acc2"/><string name="l0" value="shineWood"/><string name="l1" value="nature"/><string name="l2" value="0"/><int name="x" value="528"/><int name="y" value="2113"/><int name="z" value="9"/><int name="f" value="0"/><int name="zM" value="4"/><int name="r" value="0"/><int name="move" value="0"/><int name="dynamic" value="0"/><int name="piece" value="4"/></imgdir><imgdir name="5"><string name="oS" value="acc2"/><string name="l0" value="shineWood"/><string name="l1" value="artificiality"/><string name="l2" value="1"/><int name="x" value="319"/><int name="y" value="2313"/><int name="z" value="9"/><int name="f" value="1"/><int name="zM" value="4"/><int name="r" value="0"/><int name="move" value="0"/><int name="dynamic" value="0"/><int name="piece" value="5"/></imgdir><imgdir name="6"><string name="oS" value="acc2"/><string name="l0" value="shineWood"/><string name="l1" value="flower"/><string name="l2" value="1"/><int name="x" value="66"/><int name="y" value="2231"/><int name="z" value="9"/><int name="f" value="0"/><int name="zM" value="5"/><int name="r" value="0"/><int name="move" value="0"/><int name="dynamic" value="0"/><int name="piece" value="6"/></imgdir><imgdir name="7"><string name="oS" value="acc2"/><string name="l0" value="shineWood"/><string name="l1" value="flower"/><string name="l2" value="0"/><int name="x" value="97"/><int name="y" value="1880"/><int name="z" value="9"/><int name="f" value="0"/><int name="zM" value="9"/><int name="r" value="0"/><int name="move" value="0"/><int name="dynamic" value="0"/><int name="piece" value="7"/></imgdir><imgdir name="8"><string name="oS" value="acc2"/><string name="l0" value="shineWood"/><string name="l1" value="flower"/><string name="l2" value="2"/><int name="x" value="71"/><int name="y" value="1986"/><int name="z" value="9"/><int name="f" value="0"/><int name="zM" value="9"/><int name="r" value="0"/><int name="move" value="0"/><int name="dynamic" value="0"/><int name="piece" value="8"/></imgdir><imgdir name="9"><string name="oS" value="acc2"/><string name="l0" value="shineWood"/><string name="l1" value="flower"/><string name="l2" value="1"/><int name="x" value="85"/><int name="y" value="2479"/><int name="z" value="9"/><int name="f" value="0"/><int name="zM" value="0"/><int name="r" value="0"/><int name="move" value="0"/><int name="dynamic" value="0"/><int name="piece" value="9"/></imgdir></imgdir></imgdir><imgdir name="1"><imgdir name="info"></imgdir><imgdir name="tile"></imgdir><imgdir name="obj"></imgdir></imgdir><imgdir name="2"><imgdir name="info"></imgdir><imgdir name="tile"></imgdir><imgdir name="obj"></imgdir></imgdir><imgdir name="3"><imgdir name="info"></imgdir><imgdir name="tile"></imgdir><imgdir name="obj"><imgdir name="0"><string name="oS" value="acc2"/><string name="l0" value="shineWood"/><string name="l1" value="foot"/><string name="l2" value="4"/><int name="x" value="87"/><int name="y" value="2312"/><int name="z" value="9"/><int name="f" value="0"/><int name="zM" value="6"/><int name="r" value="0"/><int name="move" value="0"/><int name="dynamic" value="0"/><int name="piece" value="0"/></imgdir><imgdir name="1"><string name="oS" value="acc2"/><string name="l0" value="shineWood"/><string name="l1" value="foot"/><string name="l2" value="25"/><int name="x" value="251"/><int name="y" value="2092"/><int name="z" value="9"/><int name="f" value="0"/><int name="zM" value="8"/><int name="r" value="0"/><int name="move" value="0"/><int name="dynamic" value="0"/><int name="piece" value="1"/></imgdir><imgdir name="2"><string name="oS" value="acc2"/><string name="l0" value="shineWood"/><string name="l1" value="foot"/><string name="l2" value="26"/><int name="x" value="299"/><int name="y" value="2269"/><int name="z" value="9"/><int name="f" value="0"/><int name="zM" value="6"/><int name="r" value="0"/><int name="move" value="0"/><int name="dynamic" value="0"/><int name="piece" value="2"/></imgdir><imgdir name="3"><string name="oS" value="acc2"/><string name="l0" value="shineWood"/><string name="l1" value="foot"/><string name="l2" value="21"/><int name="x" value="523"/><int name="y" value="2227"/><int name="z" value="9"/><int name="f" value="1"/><int name="zM" value="6"/><int name="r" value="0"/><int name="move" value="0"/><int name="dynamic" value="0"/><int name="piece" value="3"/></imgdir><imgdir name="4"><string name="oS" value="acc2"/><string name="l0" value="shineWood"/><string name="l1" value="foot"/><string name="l2" value="19"/><int name="x" value="546"/><int name="y" value="2130"/><int name="z" value="9"/><int name="f" value="0"/><int name="zM" value="8"/><int name="r" value="0"/><int name="move" value="0"/><int name="dynamic" value="0"/><int name="piece" value="4"/></imgdir><imgdir name="5"><string name="oS" value="acc2"/><string name="l0" value="shineWood"/><string name="l1" value="foot"/><string name="l2" value="5"/><int name="x" value="624"/><int name="y" value="2199"/><int name="z" value="9"/><int name="f" value="0"/><int name="zM" value="6"/><int name="r" value="0"/><int name="move" value="0"/><int name="dynamic" value="0"/><int name="piece" value="5"/></imgdir><imgdir name="6"><string name="oS" value="acc2"/><string name="l0" value="shineWood"/><string name="l1" value="foot"/><string name="l2" value="19"/><int name="x" value="-1"/><int name="y" value="2070"/><int name="z" value="9"/><int name="f" value="1"/><int name="zM" value="8"/><int name="r" value="0"/><int name="move" value="0"/><int name="dynamic" value="0"/><int name="piece" value="6"/></imgdir><imgdir name="7"><string name="oS" value="acc2"/><string name="l0" value="shineWood"/><string name="l1" value="foot"/><string name="l2" value="2"/><int name="x" value="-82"/><int name="y" value="2244"/><int name="z" value="9"/><int name="f" value="0"/><int name="zM" value="7"/><int name="r" value="0"/><int name="move" value="0"/><int name="dynamic" value="0"/><int name="piece" value="7"/></imgdir><imgdir name="8"><string name="oS" value="acc2"/><string name="l0" value="shineWood"/><string name="l1" value="flower"/><string name="l2" value="14"/><int name="x" value="170"/><int name="y" value="1734"/><int name="z" value="9"/><int name="f" value="0"/><int name="zM" value="11"/><int name="r" value="0"/><int name="move" value="0"/><int name="dynamic" value="0"/><int name="piece" value="8"/></imgdir><imgdir name="9"><string name="oS" value="acc2"/><string name="l0" value="shineWood"/><string name="l1" value="flower"/><string name="l2" value="15"/><int name="x" value="9"/><int name="y" value="1738"/><int name="z" value="9"/><int name="f" value="1"/><int name="zM" value="10"/><int name="r" value="0"/><int name="move" value="0"/><int name="dynamic" value="0"/><int name="piece" value="9"/></imgdir></imgdir></imgdir><imgdir name="4"><imgdir name="info"><string name="tS" value="woodBridge"/><int name="tSMag" value="1"/></imgdir><imgdir name="tile"><imgdir name="0"><int name="x" value="-315"/><int name="y" value="2370"/><string name="u" value="edU"/><int name="no" value="0"/><int name="zM" value="1"/></imgdir><imgdir name="1"><int name="x" value="-315"/><int name="y" value="2370"/><string name="u" value="edD"/><int name="no" value="0"/><int name="zM" value="1"/></imgdir><imgdir name="8"><int name="x" value="-135"/><int name="y" value="2370"/><string name="u" value="enH0"/><int name="no" value="2"/><int name="zM" value="1"/></imgdir><imgdir name="9"><int name="x" value="-135"/><int name="y" value="2370"/><string name="u" value="enH1"/><int name="no" value="2"/><int name="zM" value="1"/></imgdir><imgdir name="4"><int name="x" value="-225"/><int name="y" value="2370"/><string name="u" value="enH1"/><int name="no" value="0"/><int name="zM" value="1"/></imgdir><imgdir name="5"><int name="x" value="-225"/><int name="y" value="2370"/><string name="u" value="enH0"/><int name="no" value="1"/><int name="zM" value="1"/></imgdir><imgdir name="2"><int name="x" value="-315"/><int name="y" value="2370"/><string name="u" value="enH1"/><int name="no" value="2"/><int name="zM" value="1"/></imgdir><imgdir name="3"><int name="x" value="-315"/><int name="y" value="2370"/><string name="u" value="enH0"/><int name="no" value="1"/><int name="zM" value="1"/></imgdir><imgdir name="6"><int name="x" value="-45"/><int name="y" value="2370"/><string name="u" value="enH1"/><int name="no" value="0"/><int name="zM" value="1"/></imgdir><imgdir name="7"><int name="x" value="-45"/><int name="y" value="2370"/><string name="u" value="enH0"/><int name="no" value="0"/><int name="zM" value="1"/></imgdir><imgdir name="10"><int name="x" value="45"/><int name="y" value="2370"/><string name="u" value="enH1"/><int name="no" value="0"/><int name="zM" value="1"/></imgdir><imgdir name="11"><int name="x" value="45"/><int name="y" value="2370"/><string name="u" value="enH0"/><int name="no" value="2"/><int name="zM" value="1"/></imgdir><imgdir name="12"><int name="x" value="135"/><int name="y" value="2370"/><string name="u" value="enH1"/><int name="no" value="2"/><int name="zM" value="1"/></imgdir><imgdir name="13"><int name="x" value="135"/><int name="y" value="2370"/><string name="u" value="enH0"/><int name="no" value="0"/><int name="zM" value="1"/></imgdir><imgdir name="14"><int name="x" value="225"/><int name="y" value="2370"/><string name="u" value="enH1"/><int name="no" value="0"/><int name="zM" value="1"/></imgdir><imgdir name="15"><int name="x" value="225"/><int name="y" value="2370"/><string name="u" value="enH0"/><int name="no" value="2"/><int name="zM" value="1"/></imgdir><imgdir name="16"><int name="x" value="315"/><int name="y" value="2370"/><string name="u" value="enH1"/><int name="no" value="0"/><int name="zM" value="1"/></imgdir><imgdir name="17"><int name="x" value="315"/><int name="y" value="2370"/><string name="u" value="enH0"/><int name="no" value="1"/><int name="zM" value="1"/></imgdir></imgdir><imgdir name="obj"></imgdir></imgdir><imgdir name="5"><imgdir name="info"></imgdir><imgdir name="tile"></imgdir><imgdir name="obj"><imgdir name="0"><string name="oS" value="acc2"/><string name="l0" value="shineWood"/><string name="l1" value="foot"/><string name="l2" value="21"/><int name="x" value="645"/><int name="y" value="2362"/><int name="z" value="9"/><int name="f" value="1"/><int name="zM" value="3"/><int name="r" value="0"/><int name="move" value="0"/><int name="dynamic" value="0"/><int name="piece" value="0"/></imgdir><imgdir name="1"><string name="oS" value="acc2"/><string name="l0" value="shineWood"/><string name="l1" value="foot"/><string name="l2" value="19"/><int name="x" value="488"/><int name="y" value="2378"/><int name="z" value="9"/><int name="f" value="0"/><int name="zM" value="3"/><int name="r" value="0"/><int name="move" value="0"/><int name="dynamic" value="0"/><int name="piece" value="1"/></imgdir></imgdir></imgdir><imgdir name="6"><imgdir name="info"></imgdir><imgdir name="tile"></imgdir><imgdir name="obj"></imgdir></imgdir><imgdir name="7"><imgdir name="info"></imgdir><imgdir name="tile"></imgdir><imgdir name="obj"></imgdir></imgdir><imgdir name="reactor"></imgdir><imgdir name="foothold"><imgdir name="4"><imgdir name="1"><imgdir name="1"><int name="x1" value="-343"/><int name="y1" value="2370"/><int name="x2" value="-343"/><int name="y2" value="2348"/><int name="prev" value="0"/><int name="next" value="2"/><int name="piece" value="-1"/></imgdir><imgdir name="2"><int name="x1" value="-343"/><int name="y1" value="2348"/><int name="x2" value="-287"/><int name="y2" value="2348"/><int name="prev" value="1"/><int name="next" value="3"/><int name="piece" value="-1"/></imgdir><imgdir name="3"><int name="x1" value="-287"/><int name="y1" value="2348"/><int name="x2" value="-225"/><int name="y2" value="2348"/><int name="prev" value="2"/><int name="next" value="4"/><int name="piece" value="-1"/></imgdir><imgdir name="4"><int name="x1" value="-225"/><int name="y1" value="2348"/><int name="x2" value="-135"/><int name="y2" value="2348"/><int name="prev" value="3"/><int name="next" value="6"/><int name="piece" value="-1"/></imgdir><imgdir name="5"><int name="x1" value="-45"/><int name="y1" value="2348"/><int name="x2" value="45"/><int name="y2" value="2348"/><int name="prev" value="6"/><int name="next" value="7"/><int name="piece" value="-1"/></imgdir><imgdir name="6"><int name="x1" value="-135"/><int name="y1" value="2348"/><int name="x2" value="-45"/><int name="y2" value="2348"/><int name="prev" value="4"/><int name="next" value="5"/><int name="piece" value="-1"/></imgdir><imgdir name="7"><int name="x1" value="45"/><int name="y1" value="2348"/><int name="x2" value="135"/><int name="y2" value="2348"/><int name="prev" value="5"/><int name="next" value="8"/><int name="piece" value="-1"/></imgdir><imgdir name="8"><int name="x1" value="135"/><int name="y1" value="2348"/><int name="x2" value="225"/><int name="y2" value="2348"/><int name="prev" value="7"/><int name="next" value="9"/><int name="piece" value="-1"/></imgdir><imgdir name="9"><int name="x1" value="225"/><int name="y1" value="2348"/><int name="x2" value="315"/><int name="y2" value="2348"/><int name="prev" value="8"/><int name="next" value="10"/><int name="piece" value="-1"/></imgdir><imgdir name="10"><int name="x1" value="315"/><int name="y1" value="2348"/><int name="x2" value="405"/><int name="y2" value="2348"/><int name="prev" value="9"/><int name="next" value="11"/><int name="piece" value="-1"/></imgdir><imgdir name="11"><int name="x1" value="405"/><int name="y1" value="2348"/><int name="x2" value="495"/><int name="y2" value="2348"/><int name="prev" value="10"/><int name="next" value="12"/><int name="piece" value="-1"/></imgdir><imgdir name="12"><int name="x1" value="495"/><int name="y1" value="2348"/><int name="x2" value="585"/><int name="y2" value="2348"/><int name="prev" value="11"/><int name="next" value="13"/><int name="piece" value="-1"/></imgdir><imgdir name="13"><int name="x1" value="585"/><int name="y1" value="2348"/><int name="x2" value="647"/><int name="y2" value="2348"/><int name="prev" value="12"/><int name="next" value="14"/><int name="piece" value="-1"/></imgdir><imgdir name="14"><int name="x1" value="647"/><int name="y1" value="2348"/><int name="x2" value="675"/><int name="y2" value="2348"/><int name="prev" value="13"/><int name="next" value="15"/><int name="piece" value="-1"/></imgdir><imgdir name="15"><int name="x1" value="675"/><int name="y1" value="2348"/><int name="x2" value="703"/><int name="y2" value="2348"/><int name="prev" value="14"/><int name="next" value="16"/><int name="piece" value="-1"/></imgdir><imgdir name="16"><int name="x1" value="703"/><int name="y1" value="2348"/><int name="x2" value="703"/><int name="y2" value="2370"/><int name="prev" value="15"/><int name="next" value="0"/><int name="piece" value="-1"/></imgdir></imgdir></imgdir><imgdir name="3"><imgdir name="6"><imgdir name="17"><int name="x1" value="14"/><int name="y1" value="2296"/><int name="x2" value="26"/><int name="y2" value="2288"/><int name="prev" value="0"/><int name="next" value="18"/><int name="piece" value="0"/></imgdir><imgdir name="18"><int name="x1" value="26"/><int name="y1" value="2288"/><int name="x2" value="43"/><int name="y2" value="2288"/><int name="prev" value="17"/><int name="next" value="19"/><int name="piece" value="0"/></imgdir><imgdir name="19"><int name="x1" value="43"/><int name="y1" value="2288"/><int name="x2" value="50"/><int name="y2" value="2283"/><int name="prev" value="18"/><int name="next" value="20"/><int name="piece" value="0"/></imgdir><imgdir name="20"><int name="x1" value="50"/><int name="y1" value="2283"/><int name="x2" value="73"/><int name="y2" value="2284"/><int name="prev" value="19"/><int name="next" value="21"/><int name="piece" value="0"/></imgdir><imgdir name="21"><int name="x1" value="73"/><int name="y1" value="2284"/><int name="x2" value="82"/><int name="y2" value="2281"/><int name="prev" value="20"/><int name="next" value="22"/><int name="piece" value="0"/></imgdir><imgdir name="22"><int name="x1" value="82"/><int name="y1" value="2281"/><int name="x2" value="124"/><int name="y2" value="2283"/><int name="prev" value="21"/><int name="next" value="23"/><int name="piece" value="0"/></imgdir><imgdir name="23"><int name="x1" value="124"/><int name="y1" value="2283"/><int name="x2" value="132"/><int name="y2" value="2280"/><int name="prev" value="22"/><int name="next" value="24"/><int name="piece" value="0"/></imgdir><imgdir name="24"><int name="x1" value="132"/><int name="y1" value="2280"/><int name="x2" value="156"/><int name="y2" value="2284"/><int name="prev" value="23"/><int name="next" value="25"/><int name="piece" value="0"/></imgdir><imgdir name="25"><int name="x1" value="156"/><int name="y1" value="2284"/><int name="x2" value="164"/><int name="y2" value="2280"/><int name="prev" value="24"/><int name="next" value="26"/><int name="piece" value="2"/></imgdir><imgdir name="26"><int name="x1" value="164"/><int name="y1" value="2280"/><int name="x2" value="244"/><int name="y2" value="2283"/><int name="prev" value="25"/><int name="next" value="27"/><int name="piece" value="2"/></imgdir><imgdir name="27"><int name="x1" value="244"/><int name="y1" value="2283"/><int name="x2" value="286"/><int name="y2" value="2271"/><int name="prev" value="26"/><int name="next" value="28"/><int name="piece" value="2"/></imgdir><imgdir name="28"><int name="x1" value="286"/><int name="y1" value="2271"/><int name="x2" value="298"/><int name="y2" value="2261"/><int name="prev" value="27"/><int name="next" value="29"/><int name="piece" value="2"/></imgdir><imgdir name="29"><int name="x1" value="298"/><int name="y1" value="2261"/><int name="x2" value="331"/><int name="y2" value="2256"/><int name="prev" value="28"/><int name="next" value="30"/><int name="piece" value="2"/></imgdir><imgdir name="30"><int name="x1" value="331"/><int name="y1" value="2256"/><int name="x2" value="363"/><int name="y2" value="2256"/><int name="prev" value="29"/><int name="next" value="31"/><int name="piece" value="2"/></imgdir><imgdir name="31"><int name="x1" value="363"/><int name="y1" value="2256"/><int name="x2" value="389"/><int name="y2" value="2236"/><int name="prev" value="30"/><int name="next" value="32"/><int name="piece" value="2"/></imgdir><imgdir name="32"><int name="x1" value="389"/><int name="y1" value="2236"/><int name="x2" value="431"/><int name="y2" value="2242"/><int name="prev" value="31"/><int name="next" value="33"/><int name="piece" value="2"/></imgdir><imgdir name="33"><int name="x1" value="431"/><int name="y1" value="2242"/><int name="x2" value="463"/><int name="y2" value="2230"/><int name="prev" value="32"/><int name="next" value="34"/><int name="piece" value="2"/></imgdir><imgdir name="34"><int name="x1" value="463"/><int name="y1" value="2230"/><int name="x2" value="464"/><int name="y2" value="2230"/><int name="prev" value="33"/><int name="next" value="37"/><int name="piece" value="2"/></imgdir><imgdir name="35"><int name="x1" value="552"/><int name="y1" value="2208"/><int name="x2" value="585"/><int name="y2" value="2217"/><int name="prev" value="36"/><int name="next" value="0"/><int name="piece" value="3"/></imgdir><imgdir name="36"><int name="x1" value="498"/><int name="y1" value="2217"/><int name="x2" value="552"/><int name="y2" value="2208"/><int name="prev" value="37"/><int name="next" value="35"/><int name="piece" value="3"/></imgdir><imgdir name="37"><int name="x1" value="464"/><int name="y1" value="2230"/><int name="x2" value="498"/><int name="y2" value="2217"/><int name="prev" value="34"/><int name="next" value="36"/><int name="piece" value="3"/></imgdir><imgdir name="38"><int name="x1" value="563"/><int name="y1" value="2178"/><int name="x2" value="599"/><int name="y2" value="2165"/><int name="prev" value="0"/><int name="next" value="39"/><int name="piece" value="5"/></imgdir><imgdir name="39"><int name="x1" value="599"/><int name="y1" value="2165"/><int name="x2" value="643"/><int name="y2" value="2164"/><int name="prev" value="38"/><int name="next" value="40"/><int name="piece" value="5"/></imgdir><imgdir name="40"><int name="x1" value="643"/><int name="y1" value="2164"/><int name="x2" value="688"/><int name="y2" value="2174"/><int name="prev" value="39"/><int name="next" value="0"/><int name="piece" value="5"/></imgdir></imgdir><imgdir name="8"><imgdir name="41"><int name="x1" value="112"/><int name="y1" value="2042"/><int name="x2" value="121"/><int name="y2" value="2044"/><int name="prev" value="60"/><int name="next" value="59"/><int name="piece" value="1"/></imgdir><imgdir name="42"><int name="x1" value="214"/><int name="y1" value="2069"/><int name="x2" value="265"/><int name="y2" value="2071"/><int name="prev" value="57"/><int name="next" value="43"/><int name="piece" value="1"/></imgdir><imgdir name="43"><int name="x1" value="265"/><int name="y1" value="2071"/><int name="x2" value="299"/><int name="y2" value="2090"/><int name="prev" value="42"/><int name="next" value="44"/><int name="piece" value="1"/></imgdir><imgdir name="44"><int name="x1" value="299"/><int name="y1" value="2090"/><int name="x2" value="331"/><int name="y2" value="2098"/><int name="prev" value="43"/><int name="next" value="45"/><int name="piece" value="1"/></imgdir><imgdir name="45"><int name="x1" value="331"/><int name="y1" value="2098"/><int name="x2" value="379"/><int name="y2" value="2094"/><int name="prev" value="44"/><int name="next" value="46"/><int name="piece" value="1"/></imgdir><imgdir name="46"><int name="x1" value="379"/><int name="y1" value="2094"/><int name="x2" value="416"/><int name="y2" value="2105"/><int name="prev" value="45"/><int name="next" value="47"/><int name="piece" value="1"/></imgdir><imgdir name="47"><int name="x1" value="416"/><int name="y1" value="2105"/><int name="x2" value="419"/><int name="y2" value="2104"/><int name="prev" value="46"/><int name="next" value="48"/><int name="piece" value="4"/></imgdir><imgdir name="48"><int name="x1" value="419"/><int name="y1" value="2104"/><int name="x2" value="472"/><int name="y2" value="2105"/><int name="prev" value="47"/><int name="next" value="49"/><int name="piece" value="4"/></imgdir><imgdir name="49"><int name="x1" value="472"/><int name="y1" value="2105"/><int name="x2" value="509"/><int name="y2" value="2098"/><int name="prev" value="48"/><int name="next" value="50"/><int name="piece" value="4"/></imgdir><imgdir name="50"><int name="x1" value="509"/><int name="y1" value="2098"/><int name="x2" value="542"/><int name="y2" value="2100"/><int name="prev" value="49"/><int name="next" value="51"/><int name="piece" value="4"/></imgdir><imgdir name="51"><int name="x1" value="542"/><int name="y1" value="2100"/><int name="x2" value="554"/><int name="y2" value="2097"/><int name="prev" value="50"/><int name="next" value="52"/><int name="piece" value="4"/></imgdir><imgdir name="52"><int name="x1" value="554"/><int name="y1" value="2097"/><int name="x2" value="569"/><int name="y2" value="2097"/><int name="prev" value="51"/><int name="next" value="53"/><int name="piece" value="4"/></imgdir><imgdir name="53"><int name="x1" value="569"/><int name="y1" value="2097"/><int name="x2" value="590"/><int name="y2" value="2092"/><int name="prev" value="52"/><int name="next" value="54"/><int name="piece" value="4"/></imgdir><imgdir name="54"><int name="x1" value="590"/><int name="y1" value="2092"/><int name="x2" value="648"/><int name="y2" value="2096"/><int name="prev" value="53"/><int name="next" value="55"/><int name="piece" value="4"/></imgdir><imgdir name="55"><int name="x1" value="648"/><int name="y1" value="2096"/><int name="x2" value="690"/><int name="y2" value="2096"/><int name="prev" value="54"/><int name="next" value="0"/><int name="piece" value="4"/></imgdir><imgdir name="56"><int name="x1" value="126"/><int name="y1" value="2044"/><int name="x2" value="130"/><int name="y2" value="2046"/><int name="prev" value="59"/><int name="next" value="57"/><int name="piece" value="6"/></imgdir><imgdir name="57"><int name="x1" value="130"/><int name="y1" value="2046"/><int name="x2" value="214"/><int name="y2" value="2069"/><int name="prev" value="56"/><int name="next" value="42"/><int name="piece" value="1"/></imgdir><imgdir name="58"><int name="x1" value="73"/><int name="y1" value="2045"/><int name="x2" value="109"/><int name="y2" value="2045"/><int name="prev" value="61"/><int name="next" value="60"/><int name="piece" value="6"/></imgdir><imgdir name="59"><int name="x1" value="121"/><int name="y1" value="2044"/><int name="x2" value="126"/><int name="y2" value="2044"/><int name="prev" value="41"/><int name="next" value="56"/><int name="piece" value="6"/></imgdir><imgdir name="60"><int name="x1" value="109"/><int name="y1" value="2045"/><int name="x2" value="112"/><int name="y2" value="2042"/><int name="prev" value="58"/><int name="next" value="41"/><int name="piece" value="1"/></imgdir><imgdir name="61"><int name="x1" value="36"/><int name="y1" value="2038"/><int name="x2" value="73"/><int name="y2" value="2045"/><int name="prev" value="62"/><int name="next" value="58"/><int name="piece" value="6"/></imgdir><imgdir name="62"><int name="x1" value="3"/><int name="y1" value="2040"/><int name="x2" value="36"/><int name="y2" value="2038"/><int name="prev" value="63"/><int name="next" value="61"/><int name="piece" value="6"/></imgdir><imgdir name="63"><int name="x1" value="-9"/><int name="y1" value="2037"/><int name="x2" value="3"/><int name="y2" value="2040"/><int name="prev" value="64"/><int name="next" value="62"/><int name="piece" value="6"/></imgdir><imgdir name="64"><int name="x1" value="-24"/><int name="y1" value="2037"/><int name="x2" value="-9"/><int name="y2" value="2037"/><int name="prev" value="65"/><int name="next" value="63"/><int name="piece" value="6"/></imgdir><imgdir name="65"><int name="x1" value="-45"/><int name="y1" value="2032"/><int name="x2" value="-24"/><int name="y2" value="2037"/><int name="prev" value="66"/><int name="next" value="64"/><int name="piece" value="6"/></imgdir><imgdir name="66"><int name="x1" value="-103"/><int name="y1" value="2036"/><int name="x2" value="-45"/><int name="y2" value="2032"/><int name="prev" value="67"/><int name="next" value="65"/><int name="piece" value="6"/></imgdir><imgdir name="67"><int name="x1" value="-145"/><int name="y1" value="2036"/><int name="x2" value="-103"/><int name="y2" value="2036"/><int name="prev" value="0"/><int name="next" value="66"/><int name="piece" value="6"/></imgdir></imgdir><imgdir name="7"><imgdir name="68"><int name="x1" value="-145"/><int name="y1" value="2247"/><int name="x2" value="-109"/><int name="y2" value="2234"/><int name="prev" value="0"/><int name="next" value="69"/><int name="piece" value="7"/></imgdir><imgdir name="69"><int name="x1" value="-109"/><int name="y1" value="2234"/><int name="x2" value="-80"/><int name="y2" value="2238"/><int name="prev" value="68"/><int name="next" value="70"/><int name="piece" value="7"/></imgdir><imgdir name="70"><int name="x1" value="-80"/><int name="y1" value="2238"/><int name="x2" value="-50"/><int name="y2" value="2238"/><int name="prev" value="69"/><int name="next" value="71"/><int name="piece" value="7"/></imgdir><imgdir name="71"><int name="x1" value="-50"/><int name="y1" value="2238"/><int name="x2" value="-39"/><int name="y2" value="2236"/><int name="prev" value="70"/><int name="next" value="72"/><int name="piece" value="7"/></imgdir><imgdir name="72"><int name="x1" value="-39"/><int name="y1" value="2236"/><int name="x2" value="-7"/><int name="y2" value="2243"/><int name="prev" value="71"/><int name="next" value="0"/><int name="piece" value="7"/></imgdir></imgdir></imgdir></imgdir><imgdir name="ladderRope"></imgdir><imgdir name="miniMap"><canvas name="canvas" width="71" height="75"><string name="_hash" value="241d1930d199ff9979cc314635752d08fe0120b593f88cd5d38d4c12262ce9fb"/></canvas><int name="width" value="1147"/><int name="height" value="1214"/><int name="centerX" value="383"/><int name="centerY" value="-1437"/><int name="mag" value="4"/></imgdir><imgdir name="portal"><imgdir name="0"><string name="pn" value="sp"/><int name="pt" value="0"/><int name="x" value="-218"/><int name="y" value="2305"/><int name="tm" value="999999999"/><string name="tn" value=""/></imgdir></imgdir></imgdir>