<?xml version="1.0" encoding="UTF-8" standalone="yes"?><imgdir name="910142110.img"><imgdir name="info"><int name="version" value="10"/><int name="cloud" value="0"/><int name="town" value="0"/><int name="swim" value="0"/><int name="returnMap" value="910142110"/><int name="forcedReturn" value="910142110"/><float name="mobRate" value="1.0"/><string name="bgm" value="Bgm26/Serenity"/><string name="mapMark" value="Ellinia"/><int name="fly" value="0"/><int name="standAlone" value="1"/><int name="partyStandAlone" value="0"/><int name="noMapCmd" value="0"/><int name="hideMinimap" value="1"/><int name="fieldLimit" value="271096"/><string name="fieldScript" value=""/><string name="onFirstUserEnter" value=""/><string name="onUserEnter" value="continue_q25661"/><int name="VRTop" value="-600"/><int name="VRLeft" value="-946"/><int name="VRBottom" value="100"/><int name="VRRight" value="935"/></imgdir><imgdir name="back"><imgdir name="0"><string name="bS" value="darkForestHut"/><int name="front" value="0"/><int name="ani" value="0"/><int name="no" value="0"/><int name="f" value="0"/><int name="x" value="-1"/><int name="y" value="-344"/><int name="rx" value="-100"/><int name="ry" value="-100"/><int name="type" value="0"/><int name="cx" value="0"/><int name="cy" value="0"/><int name="a" value="255"/></imgdir><imgdir name="1"><string name="bS" value="darkForestHut"/><int name="front" value="0"/><int name="ani" value="0"/><int name="no" value="1"/><int name="f" value="0"/><int name="x" value="31"/><int name="y" value="-379"/><int name="rx" value="-70"/><int name="ry" value="-85"/><int name="type" value="1"/><int name="cx" value="0"/><int name="cy" value="0"/><int name="a" value="255"/></imgdir><imgdir name="2"><string name="bS" value="darkForestHut"/><int name="front" value="0"/><int name="ani" value="0"/><int name="no" value="6"/><int name="f" value="0"/><int name="x" value="-915"/><int name="y" value="-276"/><int name="rx" value="-75"/><int name="ry" value="-100"/><int name="type" value="1"/><int name="cx" value="1000"/><int name="cy" value="0"/><int name="a" value="255"/></imgdir><imgdir name="3"><string name="bS" value="darkForestHut"/><int name="front" value="0"/><int name="ani" value="0"/><int name="no" value="7"/><int name="f" value="0"/><int name="x" value="-598"/><int name="y" value="-276"/><int name="rx" value="-75"/><int name="ry" value="-100"/><int name="type" value="1"/><int name="cx" value="1000"/><int name="cy" value="0"/><int name="a" value="255"/></imgdir><imgdir name="4"><string name="bS" value="darkForestHut"/><int name="front" value="0"/><int name="ani" value="0"/><int name="no" value="8"/><int name="f" value="0"/><int name="x" value="-289"/><int name="y" value="-272"/><int name="rx" value="-75"/><int name="ry" value="-100"/><int name="type" value="1"/><int name="cx" value="1000"/><int name="cy" value="0"/><int name="a" value="255"/></imgdir><imgdir name="5"><string name="bS" value="darkForestHut"/><int name="front" value="0"/><int name="ani" value="0"/><int name="no" value="15"/><int name="f" value="0"/><int name="x" value="-973"/><int name="y" value="-163"/><int name="rx" value="-85"/><int name="ry" value="-100"/><int name="type" value="0"/><int name="cx" value="0"/><int name="cy" value="0"/><int name="a" value="255"/></imgdir><imgdir name="6"><string name="bS" value="darkForestHut"/><int name="front" value="0"/><int name="ani" value="0"/><int name="no" value="14"/><int name="f" value="0"/><int name="x" value="530"/><int name="y" value="-229"/><int name="rx" value="-85"/><int name="ry" value="-100"/><int name="type" value="0"/><int name="cx" value="0"/><int name="cy" value="0"/><int name="a" value="255"/></imgdir><imgdir name="7"><string name="bS" value="darkForestHut"/><int name="front" value="0"/><int name="ani" value="0"/><int name="no" value="16"/><int name="f" value="0"/><int name="x" value="-463"/><int name="y" value="-181"/><int name="rx" value="-85"/><int name="ry" value="-100"/><int name="type" value="0"/><int name="cx" value="0"/><int name="cy" value="0"/><int name="a" value="255"/></imgdir><imgdir name="9"><string name="bS" value="darkForestHut"/><int name="front" value="0"/><int name="ani" value="0"/><int name="no" value="13"/><int name="f" value="0"/><int name="x" value="-46"/><int name="y" value="-132"/><int name="rx" value="-85"/><int name="ry" value="-100"/><int name="type" value="0"/><int name="cx" value="0"/><int name="cy" value="0"/><int name="a" value="255"/></imgdir><imgdir name="10"><string name="bS" value="darkForestHut"/><int name="front" value="0"/><int name="ani" value="0"/><int name="no" value="13"/><int name="f" value="0"/><int name="x" value="346"/><int name="y" value="-135"/><int name="rx" value="-85"/><int name="ry" value="-100"/><int name="type" value="0"/><int name="cx" value="0"/><int name="cy" value="0"/><int name="a" value="255"/></imgdir><imgdir name="11"><string name="bS" value="darkForestHut"/><int name="front" value="0"/><int name="ani" value="0"/><int name="no" value="13"/><int name="f" value="0"/><int name="x" value="763"/><int name="y" value="-160"/><int name="rx" value="-85"/><int name="ry" value="-100"/><int name="type" value="0"/><int name="cx" value="0"/><int name="cy" value="0"/><int name="a" value="255"/></imgdir><imgdir name="12"><string name="bS" value="darkForestHut"/><int name="front" value="0"/><int name="ani" value="0"/><int name="no" value="20"/><int name="f" value="0"/><int name="x" value="356"/><int name="y" value="-348"/><int name="rx" value="-90"/><int name="ry" value="-100"/><int name="type" value="0"/><int name="cx" value="0"/><int name="cy" value="0"/><int name="a" value="255"/></imgdir><imgdir name="13"><string name="bS" value="darkForestHut"/><int name="front" value="0"/><int name="ani" value="0"/><int name="no" value="21"/><int name="f" value="0"/><int name="x" value="-182"/><int name="y" value="-347"/><int name="rx" value="-90"/><int name="ry" value="-100"/><int name="type" value="0"/><int name="cx" value="0"/><int name="cy" value="0"/><int name="a" value="255"/></imgdir><imgdir name="14"><string name="bS" value="darkForestHut"/><int name="front" value="0"/><int name="ani" value="0"/><int name="no" value="19"/><int name="f" value="0"/><int name="x" value="-897"/><int name="y" value="-344"/><int name="rx" value="-90"/><int name="ry" value="-100"/><int name="type" value="0"/><int name="cx" value="0"/><int name="cy" value="0"/><int name="a" value="255"/></imgdir><imgdir name="8"><string name="bS" value="darkForestHut"/><int name="front" value="0"/><int name="ani" value="0"/><int name="no" value="13"/><int name="f" value="0"/><int name="x" value="-261"/><int name="y" value="-162"/><int name="rx" value="-85"/><int name="ry" value="-100"/><int name="type" value="0"/><int name="cx" value="0"/><int name="cy" value="0"/><int name="a" value="255"/></imgdir><imgdir name="15"><string name="bS" value="darkForestHut"/><int name="front" value="0"/><int name="ani" value="0"/><int name="no" value="19"/><int name="f" value="0"/><int name="x" value="-373"/><int name="y" value="-266"/><int name="rx" value="-90"/><int name="ry" value="-100"/><int name="type" value="0"/><int name="cx" value="0"/><int name="cy" value="0"/><int name="a" value="255"/></imgdir><imgdir name="16"><string name="bS" value="darkForestHut"/><int name="front" value="0"/><int name="ani" value="1"/><int name="no" value="0"/><int name="f" value="0"/><int name="x" value="-550"/><int name="y" value="-138"/><int name="rx" value="-100"/><int name="ry" value="-100"/><int name="type" value="0"/><int name="cx" value="0"/><int name="cy" value="0"/><int name="a" value="255"/></imgdir><imgdir name="21"><string name="bS" value="darkForestHut"/><int name="front" value="0"/><int name="ani" value="0"/><int name="no" value="28"/><int name="f" value="0"/><int name="x" value="-575"/><int name="y" value="-325"/><int name="rx" value="-100"/><int name="ry" value="-100"/><int name="type" value="0"/><int name="cx" value="0"/><int name="cy" value="0"/><int name="a" value="255"/></imgdir><imgdir name="20"><string name="bS" value="darkForestHut"/><int name="front" value="0"/><int name="ani" value="0"/><int name="no" value="27"/><int name="f" value="0"/><int name="x" value="662"/><int name="y" value="-328"/><int name="rx" value="-100"/><int name="ry" value="-100"/><int name="type" value="0"/><int name="cx" value="0"/><int name="cy" value="0"/><int name="a" value="255"/></imgdir><imgdir name="19"><string name="bS" value="darkForestHut"/><int name="front" value="0"/><int name="ani" value="0"/><int name="no" value="26"/><int name="f" value="0"/><int name="x" value="67"/><int name="y" value="-327"/><int name="rx" value="-100"/><int name="ry" value="-100"/><int name="type" value="0"/><int name="cx" value="0"/><int name="cy" value="0"/><int name="a" value="255"/></imgdir><imgdir name="18"><string name="bS" value="darkForestHut"/><int name="front" value="0"/><int name="ani" value="1"/><int name="no" value="0"/><int name="f" value="0"/><int name="x" value="-402"/><int name="y" value="-135"/><int name="rx" value="-100"/><int name="ry" value="-100"/><int name="type" value="0"/><int name="cx" value="0"/><int name="cy" value="0"/><int name="a" value="255"/></imgdir><imgdir name="17"><string name="bS" value="darkForestHut"/><int name="front" value="0"/><int name="ani" value="1"/><int name="no" value="0"/><int name="f" value="0"/><int name="x" value="359"/><int name="y" value="-34"/><int name="rx" value="-100"/><int name="ry" value="-100"/><int name="type" value="0"/><int name="cx" value="0"/><int name="cy" value="0"/><int name="a" value="255"/></imgdir><imgdir name="22"><string name="bS" value="darkForestHut"/><int name="front" value="0"/><int name="ani" value="0"/><int name="no" value="23"/><int name="f" value="0"/><int name="x" value="-128"/><int name="y" value="-542"/><int name="rx" value="-100"/><int name="ry" value="-100"/><int name="type" value="1"/><int name="cx" value="1060"/><int name="cy" value="0"/><int name="a" value="255"/></imgdir><imgdir name="23"><string name="bS" value="darkForestHut"/><int name="front" value="0"/><int name="ani" value="0"/><int name="no" value="24"/><int name="f" value="0"/><int name="x" value="402"/><int name="y" value="-547"/><int name="rx" value="-100"/><int name="ry" value="-100"/><int name="type" value="1"/><int name="cx" value="1060"/><int name="cy" value="0"/><int name="a" value="255"/></imgdir><imgdir name="24"><string name="bS" value="darkForestHut"/><int name="front" value="0"/><int name="ani" value="0"/><int name="no" value="25"/><int name="f" value="0"/><int name="x" value="242"/><int name="y" value="-449"/><int name="rx" value="-100"/><int name="ry" value="-100"/><int name="type" value="0"/><int name="cx" value="0"/><int name="cy" value="0"/><int name="a" value="255"/></imgdir><imgdir name="25"><string name="bS" value="darkForestHut"/><int name="front" value="0"/><int name="ani" value="0"/><int name="no" value="25"/><int name="f" value="0"/><int name="x" value="-222"/><int name="y" value="-432"/><int name="rx" value="-100"/><int name="ry" value="-100"/><int name="type" value="0"/><int name="cx" value="0"/><int name="cy" value="0"/><int name="a" value="255"/></imgdir><imgdir name="26"><string name="bS" value="darkForestHut"/><int name="front" value="0"/><int name="ani" value="0"/><int name="no" value="23"/><int name="f" value="0"/><int name="x" value="-755"/><int name="y" value="-615"/><int name="rx" value="-100"/><int name="ry" value="-100"/><int name="type" value="1"/><int name="cx" value="1060"/><int name="cy" value="0"/><int name="a" value="255"/></imgdir><imgdir name="27"><string name="bS" value="darkForestHut"/><int name="front" value="0"/><int name="ani" value="0"/><int name="no" value="24"/><int name="f" value="0"/><int name="x" value="-1285"/><int name="y" value="-621"/><int name="rx" value="-100"/><int name="ry" value="-100"/><int name="type" value="1"/><int name="cx" value="1060"/><int name="cy" value="0"/><int name="a" value="255"/></imgdir><imgdir name="28"><string name="bS" value="darkForestHut"/><int name="front" value="0"/><int name="ani" value="1"/><int name="no" value="3"/><int name="f" value="0"/><int name="x" value="-449"/><int name="y" value="-69"/><int name="rx" value="-100"/><int name="ry" value="-100"/><int name="type" value="0"/><int name="cx" value="0"/><int name="cy" value="0"/><int name="a" value="255"/></imgdir><imgdir name="29"><string name="bS" value="darkForestHut"/><int name="front" value="0"/><int name="ani" value="0"/><int name="no" value="29"/><int name="f" value="0"/><int name="x" value="-451"/><int name="y" value="-65"/><int name="rx" value="-100"/><int name="ry" value="-100"/><int name="type" value="0"/><int name="cx" value="0"/><int name="cy" value="0"/><int name="a" value="255"/></imgdir><imgdir name="30"><string name="bS" value="darkForestHut"/><int name="front" value="0"/><int name="ani" value="1"/><int name="no" value="6"/><int name="f" value="0"/><int name="x" value="200"/><int name="y" value="-67"/><int name="rx" value="-100"/><int name="ry" value="-100"/><int name="type" value="0"/><int name="cx" value="0"/><int name="cy" value="0"/><int name="a" value="255"/></imgdir><imgdir name="31"><string name="bS" value="darkForestHut"/><int name="front" value="0"/><int name="ani" value="0"/><int name="no" value="32"/><int name="f" value="0"/><int name="x" value="201"/><int name="y" value="-67"/><int name="rx" value="-100"/><int name="ry" value="-100"/><int name="type" value="0"/><int name="cx" value="0"/><int name="cy" value="0"/><int name="a" value="255"/></imgdir><imgdir name="32"><string name="bS" value="darkForestHut"/><int name="front" value="0"/><int name="ani" value="1"/><int name="no" value="5"/><int name="f" value="0"/><int name="x" value="858"/><int name="y" value="-60"/><int name="rx" value="-100"/><int name="ry" value="-100"/><int name="type" value="0"/><int name="cx" value="0"/><int name="cy" value="0"/><int name="a" value="255"/></imgdir><imgdir name="33"><string name="bS" value="darkForestHut"/><int name="front" value="0"/><int name="ani" value="0"/><int name="no" value="31"/><int name="f" value="0"/><int name="x" value="892"/><int name="y" value="-63"/><int name="rx" value="-100"/><int name="ry" value="-100"/><int name="type" value="0"/><int name="cx" value="0"/><int name="cy" value="0"/><int name="a" value="255"/></imgdir><imgdir name="34"><string name="bS" value="darkForestHut"/><int name="front" value="0"/><int name="ani" value="0"/><int name="no" value="33"/><int name="f" value="0"/><int name="x" value="-758"/><int name="y" value="-165"/><int name="rx" value="-100"/><int name="ry" value="-100"/><int name="type" value="0"/><int name="cx" value="0"/><int name="cy" value="0"/><int name="a" value="255"/></imgdir><imgdir name="35"><string name="bS" value="darkForestHut"/><int name="front" value="0"/><int name="ani" value="0"/><int name="no" value="34"/><int name="f" value="0"/><int name="x" value="-276"/><int name="y" value="-52"/><int name="rx" value="-100"/><int name="ry" value="-100"/><int name="type" value="0"/><int name="cx" value="0"/><int name="cy" value="0"/><int name="a" value="255"/></imgdir><imgdir name="36"><string name="bS" value="darkForestHut"/><int name="front" value="0"/><int name="ani" value="0"/><int name="no" value="35"/><int name="f" value="0"/><int name="x" value="453"/><int name="y" value="-89"/><int name="rx" value="-100"/><int name="ry" value="-100"/><int name="type" value="0"/><int name="cx" value="0"/><int name="cy" value="0"/><int name="a" value="255"/></imgdir><imgdir name="37"><string name="bS" value="darkForestHut"/><int name="front" value="0"/><int name="ani" value="0"/><int name="no" value="36"/><int name="f" value="0"/><int name="x" value="-83"/><int name="y" value="-111"/><int name="rx" value="-100"/><int name="ry" value="-100"/><int name="type" value="0"/><int name="cx" value="0"/><int name="cy" value="0"/><int name="a" value="255"/></imgdir><imgdir name="38"><string name="bS" value="darkForestHut"/><int name="front" value="0"/><int name="ani" value="1"/><int name="no" value="1"/><int name="f" value="0"/><int name="x" value="-791"/><int name="y" value="-404"/><int name="rx" value="-100"/><int name="ry" value="-100"/><int name="type" value="0"/><int name="cx" value="0"/><int name="cy" value="0"/><int name="a" value="255"/></imgdir><imgdir name="39"><string name="bS" value="darkForestHut"/><int name="front" value="0"/><int name="ani" value="1"/><int name="no" value="1"/><int name="f" value="0"/><int name="x" value="773"/><int name="y" value="-377"/><int name="rx" value="-100"/><int name="ry" value="-100"/><int name="type" value="0"/><int name="cx" value="0"/><int name="cy" value="0"/><int name="a" value="255"/></imgdir><imgdir name="40"><string name="bS" value="darkForestHut"/><int name="front" value="0"/><int name="ani" value="1"/><int name="no" value="1"/><int name="f" value="0"/><int name="x" value="-4"/><int name="y" value="-318"/><int name="rx" value="-100"/><int name="ry" value="-100"/><int name="type" value="0"/><int name="cx" value="0"/><int name="cy" value="0"/><int name="a" value="255"/></imgdir></imgdir><imgdir name="life"></imgdir><imgdir name="reactor"></imgdir><imgdir name="0"><imgdir name="info"></imgdir><imgdir name="tile"></imgdir><imgdir name="obj"></imgdir></imgdir><imgdir name="1"><imgdir name="info"></imgdir><imgdir name="tile"></imgdir><imgdir name="obj"></imgdir></imgdir><imgdir name="2"><imgdir name="info"></imgdir><imgdir name="tile"></imgdir><imgdir name="obj"></imgdir></imgdir><imgdir name="3"><imgdir name="info"></imgdir><imgdir name="tile"></imgdir><imgdir name="obj"></imgdir></imgdir><imgdir name="4"><imgdir name="info"></imgdir><imgdir name="tile"></imgdir><imgdir name="obj"></imgdir></imgdir><imgdir name="5"><imgdir name="info"></imgdir><imgdir name="tile"></imgdir><imgdir name="obj"><imgdir name="0"><string name="oS" value="darkMage"/><string name="l0" value="girlHouse2"/><string name="l1" value="foot3"/><string name="l2" value="13"/><int name="x" value="-729"/><int name="y" value="90"/><int name="z" value="9"/><int name="f" value="0"/><int name="zM" value="42"/><int name="r" value="0"/><int name="move" value="0"/><int name="dynamic" value="0"/><int name="piece" value="0"/></imgdir><imgdir name="1"><string name="oS" value="darkMage"/><string name="l0" value="girlHouse2"/><string name="l1" value="foot3"/><string name="l2" value="12"/><int name="x" value="-819"/><int name="y" value="90"/><int name="z" value="9"/><int name="f" value="0"/><int name="zM" value="43"/><int name="r" value="0"/><int name="move" value="0"/><int name="dynamic" value="0"/><int name="piece" value="1"/></imgdir><imgdir name="2"><string name="oS" value="darkMage"/><string name="l0" value="girlHouse2"/><string name="l1" value="foot3"/><string name="l2" value="11"/><int name="x" value="-909"/><int name="y" value="90"/><int name="z" value="9"/><int name="f" value="0"/><int name="zM" value="44"/><int name="r" value="0"/><int name="move" value="0"/><int name="dynamic" value="0"/><int name="piece" value="2"/></imgdir><imgdir name="3"><string name="oS" value="darkMage"/><string name="l0" value="girlHouse2"/><string name="l1" value="foot3"/><string name="l2" value="10"/><int name="x" value="-729"/><int name="y" value="30"/><int name="z" value="9"/><int name="f" value="0"/><int name="zM" value="66"/><int name="r" value="0"/><int name="move" value="0"/><int name="dynamic" value="0"/><int name="piece" value="3"/></imgdir><imgdir name="4"><string name="oS" value="darkMage"/><string name="l0" value="girlHouse2"/><string name="l1" value="foot3"/><string name="l2" value="9"/><int name="x" value="-819"/><int name="y" value="30"/><int name="z" value="9"/><int name="f" value="0"/><int name="zM" value="67"/><int name="r" value="0"/><int name="move" value="0"/><int name="dynamic" value="0"/><int name="piece" value="4"/></imgdir><imgdir name="5"><string name="oS" value="darkMage"/><string name="l0" value="girlHouse2"/><string name="l1" value="foot3"/><string name="l2" value="9"/><int name="x" value="-909"/><int name="y" value="30"/><int name="z" value="9"/><int name="f" value="0"/><int name="zM" value="68"/><int name="r" value="0"/><int name="move" value="0"/><int name="dynamic" value="0"/><int name="piece" value="5"/></imgdir><imgdir name="6"><string name="oS" value="darkMage"/><string name="l0" value="girlHouse2"/><string name="l1" value="foot3"/><string name="l2" value="13"/><int name="x" value="-459"/><int name="y" value="90"/><int name="z" value="9"/><int name="f" value="0"/><int name="zM" value="45"/><int name="r" value="0"/><int name="move" value="0"/><int name="dynamic" value="0"/><int name="piece" value="6"/></imgdir><imgdir name="7"><string name="oS" value="darkMage"/><string name="l0" value="girlHouse2"/><string name="l1" value="foot3"/><string name="l2" value="12"/><int name="x" value="-549"/><int name="y" value="90"/><int name="z" value="9"/><int name="f" value="0"/><int name="zM" value="46"/><int name="r" value="0"/><int name="move" value="0"/><int name="dynamic" value="0"/><int name="piece" value="7"/></imgdir><imgdir name="8"><string name="oS" value="darkMage"/><string name="l0" value="girlHouse2"/><string name="l1" value="foot3"/><string name="l2" value="11"/><int name="x" value="-639"/><int name="y" value="90"/><int name="z" value="9"/><int name="f" value="0"/><int name="zM" value="47"/><int name="r" value="0"/><int name="move" value="0"/><int name="dynamic" value="0"/><int name="piece" value="8"/></imgdir><imgdir name="9"><string name="oS" value="darkMage"/><string name="l0" value="girlHouse2"/><string name="l1" value="foot3"/><string name="l2" value="10"/><int name="x" value="-459"/><int name="y" value="30"/><int name="z" value="9"/><int name="f" value="0"/><int name="zM" value="81"/><int name="r" value="0"/><int name="move" value="0"/><int name="dynamic" value="0"/><int name="piece" value="9"/></imgdir><imgdir name="10"><string name="oS" value="darkMage"/><string name="l0" value="girlHouse2"/><string name="l1" value="foot3"/><string name="l2" value="9"/><int name="x" value="-549"/><int name="y" value="30"/><int name="z" value="9"/><int name="f" value="0"/><int name="zM" value="82"/><int name="r" value="0"/><int name="move" value="0"/><int name="dynamic" value="0"/><int name="piece" value="10"/></imgdir><imgdir name="11"><string name="oS" value="darkMage"/><string name="l0" value="girlHouse2"/><string name="l1" value="foot3"/><string name="l2" value="9"/><int name="x" value="-639"/><int name="y" value="30"/><int name="z" value="9"/><int name="f" value="0"/><int name="zM" value="83"/><int name="r" value="0"/><int name="move" value="0"/><int name="dynamic" value="0"/><int name="piece" value="11"/></imgdir><imgdir name="12"><string name="oS" value="darkMage"/><string name="l0" value="girlHouse2"/><string name="l1" value="foot3"/><string name="l2" value="13"/><int name="x" value="-729"/><int name="y" value="210"/><int name="z" value="9"/><int name="f" value="0"/><int name="zM" value="0"/><int name="r" value="0"/><int name="move" value="0"/><int name="dynamic" value="0"/><int name="piece" value="12"/></imgdir><imgdir name="13"><string name="oS" value="darkMage"/><string name="l0" value="girlHouse2"/><string name="l1" value="foot3"/><string name="l2" value="12"/><int name="x" value="-819"/><int name="y" value="210"/><int name="z" value="9"/><int name="f" value="0"/><int name="zM" value="1"/><int name="r" value="0"/><int name="move" value="0"/><int name="dynamic" value="0"/><int name="piece" value="13"/></imgdir><imgdir name="14"><string name="oS" value="darkMage"/><string name="l0" value="girlHouse2"/><string name="l1" value="foot3"/><string name="l2" value="11"/><int name="x" value="-909"/><int name="y" value="210"/><int name="z" value="9"/><int name="f" value="0"/><int name="zM" value="2"/><int name="r" value="0"/><int name="move" value="0"/><int name="dynamic" value="0"/><int name="piece" value="14"/></imgdir><imgdir name="15"><string name="oS" value="darkMage"/><string name="l0" value="girlHouse2"/><string name="l1" value="foot3"/><string name="l2" value="10"/><int name="x" value="-729"/><int name="y" value="150"/><int name="z" value="9"/><int name="f" value="0"/><int name="zM" value="24"/><int name="r" value="0"/><int name="move" value="0"/><int name="dynamic" value="0"/><int name="piece" value="15"/></imgdir><imgdir name="16"><string name="oS" value="darkMage"/><string name="l0" value="girlHouse2"/><string name="l1" value="foot3"/><string name="l2" value="9"/><int name="x" value="-819"/><int name="y" value="150"/><int name="z" value="9"/><int name="f" value="0"/><int name="zM" value="25"/><int name="r" value="0"/><int name="move" value="0"/><int name="dynamic" value="0"/><int name="piece" value="16"/></imgdir><imgdir name="17"><string name="oS" value="darkMage"/><string name="l0" value="girlHouse2"/><string name="l1" value="foot3"/><string name="l2" value="9"/><int name="x" value="-909"/><int name="y" value="150"/><int name="z" value="9"/><int name="f" value="0"/><int name="zM" value="26"/><int name="r" value="0"/><int name="move" value="0"/><int name="dynamic" value="0"/><int name="piece" value="17"/></imgdir><imgdir name="18"><string name="oS" value="darkMage"/><string name="l0" value="girlHouse2"/><string name="l1" value="foot3"/><string name="l2" value="13"/><int name="x" value="-459"/><int name="y" value="210"/><int name="z" value="9"/><int name="f" value="0"/><int name="zM" value="3"/><int name="r" value="0"/><int name="move" value="0"/><int name="dynamic" value="0"/><int name="piece" value="18"/></imgdir><imgdir name="19"><string name="oS" value="darkMage"/><string name="l0" value="girlHouse2"/><string name="l1" value="foot3"/><string name="l2" value="12"/><int name="x" value="-549"/><int name="y" value="210"/><int name="z" value="9"/><int name="f" value="0"/><int name="zM" value="4"/><int name="r" value="0"/><int name="move" value="0"/><int name="dynamic" value="0"/><int name="piece" value="19"/></imgdir><imgdir name="20"><string name="oS" value="darkMage"/><string name="l0" value="girlHouse2"/><string name="l1" value="foot3"/><string name="l2" value="11"/><int name="x" value="-639"/><int name="y" value="210"/><int name="z" value="9"/><int name="f" value="0"/><int name="zM" value="5"/><int name="r" value="0"/><int name="move" value="0"/><int name="dynamic" value="0"/><int name="piece" value="20"/></imgdir><imgdir name="21"><string name="oS" value="darkMage"/><string name="l0" value="girlHouse2"/><string name="l1" value="foot3"/><string name="l2" value="10"/><int name="x" value="-459"/><int name="y" value="150"/><int name="z" value="9"/><int name="f" value="0"/><int name="zM" value="36"/><int name="r" value="0"/><int name="move" value="0"/><int name="dynamic" value="0"/><int name="piece" value="21"/></imgdir><imgdir name="22"><string name="oS" value="darkMage"/><string name="l0" value="girlHouse2"/><string name="l1" value="foot3"/><string name="l2" value="9"/><int name="x" value="-549"/><int name="y" value="150"/><int name="z" value="9"/><int name="f" value="0"/><int name="zM" value="37"/><int name="r" value="0"/><int name="move" value="0"/><int name="dynamic" value="0"/><int name="piece" value="22"/></imgdir><imgdir name="23"><string name="oS" value="darkMage"/><string name="l0" value="girlHouse2"/><string name="l1" value="foot3"/><string name="l2" value="9"/><int name="x" value="-639"/><int name="y" value="150"/><int name="z" value="9"/><int name="f" value="0"/><int name="zM" value="38"/><int name="r" value="0"/><int name="move" value="0"/><int name="dynamic" value="0"/><int name="piece" value="23"/></imgdir><imgdir name="24"><string name="oS" value="darkMage"/><string name="l0" value="girlHouse2"/><string name="l1" value="foot3"/><string name="l2" value="13"/><int name="x" value="-189"/><int name="y" value="90"/><int name="z" value="9"/><int name="f" value="0"/><int name="zM" value="48"/><int name="r" value="0"/><int name="move" value="0"/><int name="dynamic" value="0"/><int name="piece" value="24"/></imgdir><imgdir name="25"><string name="oS" value="darkMage"/><string name="l0" value="girlHouse2"/><string name="l1" value="foot3"/><string name="l2" value="12"/><int name="x" value="-279"/><int name="y" value="90"/><int name="z" value="9"/><int name="f" value="0"/><int name="zM" value="49"/><int name="r" value="0"/><int name="move" value="0"/><int name="dynamic" value="0"/><int name="piece" value="25"/></imgdir><imgdir name="26"><string name="oS" value="darkMage"/><string name="l0" value="girlHouse2"/><string name="l1" value="foot3"/><string name="l2" value="11"/><int name="x" value="-369"/><int name="y" value="90"/><int name="z" value="9"/><int name="f" value="0"/><int name="zM" value="50"/><int name="r" value="0"/><int name="move" value="0"/><int name="dynamic" value="0"/><int name="piece" value="26"/></imgdir><imgdir name="27"><string name="oS" value="darkMage"/><string name="l0" value="girlHouse2"/><string name="l1" value="foot3"/><string name="l2" value="10"/><int name="x" value="-189"/><int name="y" value="30"/><int name="z" value="9"/><int name="f" value="0"/><int name="zM" value="72"/><int name="r" value="0"/><int name="move" value="0"/><int name="dynamic" value="0"/><int name="piece" value="27"/></imgdir><imgdir name="28"><string name="oS" value="darkMage"/><string name="l0" value="girlHouse2"/><string name="l1" value="foot3"/><string name="l2" value="9"/><int name="x" value="-279"/><int name="y" value="30"/><int name="z" value="9"/><int name="f" value="0"/><int name="zM" value="73"/><int name="r" value="0"/><int name="move" value="0"/><int name="dynamic" value="0"/><int name="piece" value="28"/></imgdir><imgdir name="29"><string name="oS" value="darkMage"/><string name="l0" value="girlHouse2"/><string name="l1" value="foot3"/><string name="l2" value="9"/><int name="x" value="-369"/><int name="y" value="30"/><int name="z" value="9"/><int name="f" value="0"/><int name="zM" value="74"/><int name="r" value="0"/><int name="move" value="0"/><int name="dynamic" value="0"/><int name="piece" value="29"/></imgdir><imgdir name="30"><string name="oS" value="darkMage"/><string name="l0" value="girlHouse2"/><string name="l1" value="foot3"/><string name="l2" value="13"/><int name="x" value="81"/><int name="y" value="90"/><int name="z" value="9"/><int name="f" value="0"/><int name="zM" value="51"/><int name="r" value="0"/><int name="move" value="0"/><int name="dynamic" value="0"/><int name="piece" value="30"/></imgdir><imgdir name="31"><string name="oS" value="darkMage"/><string name="l0" value="girlHouse2"/><string name="l1" value="foot3"/><string name="l2" value="12"/><int name="x" value="-9"/><int name="y" value="90"/><int name="z" value="9"/><int name="f" value="0"/><int name="zM" value="52"/><int name="r" value="0"/><int name="move" value="0"/><int name="dynamic" value="0"/><int name="piece" value="31"/></imgdir><imgdir name="32"><string name="oS" value="darkMage"/><string name="l0" value="girlHouse2"/><string name="l1" value="foot3"/><string name="l2" value="11"/><int name="x" value="-99"/><int name="y" value="90"/><int name="z" value="9"/><int name="f" value="0"/><int name="zM" value="53"/><int name="r" value="0"/><int name="move" value="0"/><int name="dynamic" value="0"/><int name="piece" value="32"/></imgdir><imgdir name="33"><string name="oS" value="darkMage"/><string name="l0" value="girlHouse2"/><string name="l1" value="foot3"/><string name="l2" value="10"/><int name="x" value="81"/><int name="y" value="30"/><int name="z" value="9"/><int name="f" value="0"/><int name="zM" value="84"/><int name="r" value="0"/><int name="move" value="0"/><int name="dynamic" value="0"/><int name="piece" value="33"/></imgdir><imgdir name="34"><string name="oS" value="darkMage"/><string name="l0" value="girlHouse2"/><string name="l1" value="foot3"/><string name="l2" value="9"/><int name="x" value="-9"/><int name="y" value="30"/><int name="z" value="9"/><int name="f" value="0"/><int name="zM" value="85"/><int name="r" value="0"/><int name="move" value="0"/><int name="dynamic" value="0"/><int name="piece" value="34"/></imgdir><imgdir name="35"><string name="oS" value="darkMage"/><string name="l0" value="girlHouse2"/><string name="l1" value="foot3"/><string name="l2" value="9"/><int name="x" value="-99"/><int name="y" value="30"/><int name="z" value="9"/><int name="f" value="0"/><int name="zM" value="86"/><int name="r" value="0"/><int name="move" value="0"/><int name="dynamic" value="0"/><int name="piece" value="35"/></imgdir><imgdir name="36"><string name="oS" value="darkMage"/><string name="l0" value="girlHouse2"/><string name="l1" value="foot3"/><string name="l2" value="13"/><int name="x" value="-189"/><int name="y" value="210"/><int name="z" value="9"/><int name="f" value="0"/><int name="zM" value="6"/><int name="r" value="0"/><int name="move" value="0"/><int name="dynamic" value="0"/><int name="piece" value="36"/></imgdir><imgdir name="37"><string name="oS" value="darkMage"/><string name="l0" value="girlHouse2"/><string name="l1" value="foot3"/><string name="l2" value="12"/><int name="x" value="-279"/><int name="y" value="210"/><int name="z" value="9"/><int name="f" value="0"/><int name="zM" value="7"/><int name="r" value="0"/><int name="move" value="0"/><int name="dynamic" value="0"/><int name="piece" value="37"/></imgdir><imgdir name="38"><string name="oS" value="darkMage"/><string name="l0" value="girlHouse2"/><string name="l1" value="foot3"/><string name="l2" value="11"/><int name="x" value="-369"/><int name="y" value="210"/><int name="z" value="9"/><int name="f" value="0"/><int name="zM" value="8"/><int name="r" value="0"/><int name="move" value="0"/><int name="dynamic" value="0"/><int name="piece" value="38"/></imgdir><imgdir name="39"><string name="oS" value="darkMage"/><string name="l0" value="girlHouse2"/><string name="l1" value="foot3"/><string name="l2" value="10"/><int name="x" value="-189"/><int name="y" value="150"/><int name="z" value="9"/><int name="f" value="0"/><int name="zM" value="30"/><int name="r" value="0"/><int name="move" value="0"/><int name="dynamic" value="0"/><int name="piece" value="39"/></imgdir><imgdir name="40"><string name="oS" value="darkMage"/><string name="l0" value="girlHouse2"/><string name="l1" value="foot3"/><string name="l2" value="9"/><int name="x" value="-279"/><int name="y" value="150"/><int name="z" value="9"/><int name="f" value="0"/><int name="zM" value="31"/><int name="r" value="0"/><int name="move" value="0"/><int name="dynamic" value="0"/><int name="piece" value="40"/></imgdir><imgdir name="41"><string name="oS" value="darkMage"/><string name="l0" value="girlHouse2"/><string name="l1" value="foot3"/><string name="l2" value="9"/><int name="x" value="-369"/><int name="y" value="150"/><int name="z" value="9"/><int name="f" value="0"/><int name="zM" value="32"/><int name="r" value="0"/><int name="move" value="0"/><int name="dynamic" value="0"/><int name="piece" value="41"/></imgdir><imgdir name="42"><string name="oS" value="darkMage"/><string name="l0" value="girlHouse2"/><string name="l1" value="foot3"/><string name="l2" value="13"/><int name="x" value="81"/><int name="y" value="210"/><int name="z" value="9"/><int name="f" value="0"/><int name="zM" value="9"/><int name="r" value="0"/><int name="move" value="0"/><int name="dynamic" value="0"/><int name="piece" value="42"/></imgdir><imgdir name="43"><string name="oS" value="darkMage"/><string name="l0" value="girlHouse2"/><string name="l1" value="foot3"/><string name="l2" value="12"/><int name="x" value="-9"/><int name="y" value="210"/><int name="z" value="9"/><int name="f" value="0"/><int name="zM" value="10"/><int name="r" value="0"/><int name="move" value="0"/><int name="dynamic" value="0"/><int name="piece" value="43"/></imgdir><imgdir name="44"><string name="oS" value="darkMage"/><string name="l0" value="girlHouse2"/><string name="l1" value="foot3"/><string name="l2" value="11"/><int name="x" value="-99"/><int name="y" value="210"/><int name="z" value="9"/><int name="f" value="0"/><int name="zM" value="11"/><int name="r" value="0"/><int name="move" value="0"/><int name="dynamic" value="0"/><int name="piece" value="44"/></imgdir><imgdir name="45"><string name="oS" value="darkMage"/><string name="l0" value="girlHouse2"/><string name="l1" value="foot3"/><string name="l2" value="10"/><int name="x" value="81"/><int name="y" value="150"/><int name="z" value="9"/><int name="f" value="0"/><int name="zM" value="21"/><int name="r" value="0"/><int name="move" value="0"/><int name="dynamic" value="0"/><int name="piece" value="45"/></imgdir><imgdir name="46"><string name="oS" value="darkMage"/><string name="l0" value="girlHouse2"/><string name="l1" value="foot3"/><string name="l2" value="9"/><int name="x" value="-9"/><int name="y" value="150"/><int name="z" value="9"/><int name="f" value="0"/><int name="zM" value="22"/><int name="r" value="0"/><int name="move" value="0"/><int name="dynamic" value="0"/><int name="piece" value="46"/></imgdir><imgdir name="47"><string name="oS" value="darkMage"/><string name="l0" value="girlHouse2"/><string name="l1" value="foot3"/><string name="l2" value="9"/><int name="x" value="-99"/><int name="y" value="150"/><int name="z" value="9"/><int name="f" value="0"/><int name="zM" value="23"/><int name="r" value="0"/><int name="move" value="0"/><int name="dynamic" value="0"/><int name="piece" value="47"/></imgdir><imgdir name="48"><string name="oS" value="darkMage"/><string name="l0" value="girlHouse2"/><string name="l1" value="foot3"/><string name="l2" value="13"/><int name="x" value="351"/><int name="y" value="90"/><int name="z" value="9"/><int name="f" value="0"/><int name="zM" value="57"/><int name="r" value="0"/><int name="move" value="0"/><int name="dynamic" value="0"/><int name="piece" value="48"/></imgdir><imgdir name="49"><string name="oS" value="darkMage"/><string name="l0" value="girlHouse2"/><string name="l1" value="foot3"/><string name="l2" value="12"/><int name="x" value="261"/><int name="y" value="90"/><int name="z" value="9"/><int name="f" value="0"/><int name="zM" value="58"/><int name="r" value="0"/><int name="move" value="0"/><int name="dynamic" value="0"/><int name="piece" value="49"/></imgdir><imgdir name="50"><string name="oS" value="darkMage"/><string name="l0" value="girlHouse2"/><string name="l1" value="foot3"/><string name="l2" value="11"/><int name="x" value="171"/><int name="y" value="90"/><int name="z" value="9"/><int name="f" value="0"/><int name="zM" value="59"/><int name="r" value="0"/><int name="move" value="0"/><int name="dynamic" value="0"/><int name="piece" value="50"/></imgdir><imgdir name="51"><string name="oS" value="darkMage"/><string name="l0" value="girlHouse2"/><string name="l1" value="foot3"/><string name="l2" value="10"/><int name="x" value="351"/><int name="y" value="30"/><int name="z" value="9"/><int name="f" value="0"/><int name="zM" value="69"/><int name="r" value="0"/><int name="move" value="0"/><int name="dynamic" value="0"/><int name="piece" value="51"/></imgdir><imgdir name="52"><string name="oS" value="darkMage"/><string name="l0" value="girlHouse2"/><string name="l1" value="foot3"/><string name="l2" value="9"/><int name="x" value="261"/><int name="y" value="30"/><int name="z" value="9"/><int name="f" value="0"/><int name="zM" value="70"/><int name="r" value="0"/><int name="move" value="0"/><int name="dynamic" value="0"/><int name="piece" value="52"/></imgdir><imgdir name="53"><string name="oS" value="darkMage"/><string name="l0" value="girlHouse2"/><string name="l1" value="foot3"/><string name="l2" value="9"/><int name="x" value="171"/><int name="y" value="30"/><int name="z" value="9"/><int name="f" value="0"/><int name="zM" value="71"/><int name="r" value="0"/><int name="move" value="0"/><int name="dynamic" value="0"/><int name="piece" value="53"/></imgdir><imgdir name="54"><string name="oS" value="darkMage"/><string name="l0" value="girlHouse2"/><string name="l1" value="foot3"/><string name="l2" value="13"/><int name="x" value="621"/><int name="y" value="90"/><int name="z" value="9"/><int name="f" value="0"/><int name="zM" value="60"/><int name="r" value="0"/><int name="move" value="0"/><int name="dynamic" value="0"/><int name="piece" value="54"/></imgdir><imgdir name="55"><string name="oS" value="darkMage"/><string name="l0" value="girlHouse2"/><string name="l1" value="foot3"/><string name="l2" value="12"/><int name="x" value="531"/><int name="y" value="90"/><int name="z" value="9"/><int name="f" value="0"/><int name="zM" value="61"/><int name="r" value="0"/><int name="move" value="0"/><int name="dynamic" value="0"/><int name="piece" value="55"/></imgdir><imgdir name="56"><string name="oS" value="darkMage"/><string name="l0" value="girlHouse2"/><string name="l1" value="foot3"/><string name="l2" value="11"/><int name="x" value="441"/><int name="y" value="90"/><int name="z" value="9"/><int name="f" value="0"/><int name="zM" value="62"/><int name="r" value="0"/><int name="move" value="0"/><int name="dynamic" value="0"/><int name="piece" value="56"/></imgdir><imgdir name="57"><string name="oS" value="darkMage"/><string name="l0" value="girlHouse2"/><string name="l1" value="foot3"/><string name="l2" value="10"/><int name="x" value="621"/><int name="y" value="30"/><int name="z" value="9"/><int name="f" value="0"/><int name="zM" value="78"/><int name="r" value="0"/><int name="move" value="0"/><int name="dynamic" value="0"/><int name="piece" value="57"/></imgdir><imgdir name="58"><string name="oS" value="darkMage"/><string name="l0" value="girlHouse2"/><string name="l1" value="foot3"/><string name="l2" value="9"/><int name="x" value="531"/><int name="y" value="30"/><int name="z" value="9"/><int name="f" value="0"/><int name="zM" value="79"/><int name="r" value="0"/><int name="move" value="0"/><int name="dynamic" value="0"/><int name="piece" value="58"/></imgdir><imgdir name="59"><string name="oS" value="darkMage"/><string name="l0" value="girlHouse2"/><string name="l1" value="foot3"/><string name="l2" value="9"/><int name="x" value="441"/><int name="y" value="30"/><int name="z" value="9"/><int name="f" value="0"/><int name="zM" value="80"/><int name="r" value="0"/><int name="move" value="0"/><int name="dynamic" value="0"/><int name="piece" value="59"/></imgdir><imgdir name="60"><string name="oS" value="darkMage"/><string name="l0" value="girlHouse2"/><string name="l1" value="foot3"/><string name="l2" value="13"/><int name="x" value="351"/><int name="y" value="210"/><int name="z" value="9"/><int name="f" value="0"/><int name="zM" value="12"/><int name="r" value="0"/><int name="move" value="0"/><int name="dynamic" value="0"/><int name="piece" value="60"/></imgdir><imgdir name="61"><string name="oS" value="darkMage"/><string name="l0" value="girlHouse2"/><string name="l1" value="foot3"/><string name="l2" value="12"/><int name="x" value="261"/><int name="y" value="210"/><int name="z" value="9"/><int name="f" value="0"/><int name="zM" value="13"/><int name="r" value="0"/><int name="move" value="0"/><int name="dynamic" value="0"/><int name="piece" value="61"/></imgdir><imgdir name="62"><string name="oS" value="darkMage"/><string name="l0" value="girlHouse2"/><string name="l1" value="foot3"/><string name="l2" value="11"/><int name="x" value="171"/><int name="y" value="210"/><int name="z" value="9"/><int name="f" value="0"/><int name="zM" value="14"/><int name="r" value="0"/><int name="move" value="0"/><int name="dynamic" value="0"/><int name="piece" value="62"/></imgdir><imgdir name="63"><string name="oS" value="darkMage"/><string name="l0" value="girlHouse2"/><string name="l1" value="foot3"/><string name="l2" value="10"/><int name="x" value="351"/><int name="y" value="150"/><int name="z" value="9"/><int name="f" value="0"/><int name="zM" value="27"/><int name="r" value="0"/><int name="move" value="0"/><int name="dynamic" value="0"/><int name="piece" value="63"/></imgdir><imgdir name="64"><string name="oS" value="darkMage"/><string name="l0" value="girlHouse2"/><string name="l1" value="foot3"/><string name="l2" value="9"/><int name="x" value="261"/><int name="y" value="150"/><int name="z" value="9"/><int name="f" value="0"/><int name="zM" value="28"/><int name="r" value="0"/><int name="move" value="0"/><int name="dynamic" value="0"/><int name="piece" value="64"/></imgdir><imgdir name="65"><string name="oS" value="darkMage"/><string name="l0" value="girlHouse2"/><string name="l1" value="foot3"/><string name="l2" value="9"/><int name="x" value="171"/><int name="y" value="150"/><int name="z" value="9"/><int name="f" value="0"/><int name="zM" value="29"/><int name="r" value="0"/><int name="move" value="0"/><int name="dynamic" value="0"/><int name="piece" value="65"/></imgdir><imgdir name="66"><string name="oS" value="darkMage"/><string name="l0" value="girlHouse2"/><string name="l1" value="foot3"/><string name="l2" value="13"/><int name="x" value="621"/><int name="y" value="210"/><int name="z" value="9"/><int name="f" value="0"/><int name="zM" value="15"/><int name="r" value="0"/><int name="move" value="0"/><int name="dynamic" value="0"/><int name="piece" value="66"/></imgdir><imgdir name="67"><string name="oS" value="darkMage"/><string name="l0" value="girlHouse2"/><string name="l1" value="foot3"/><string name="l2" value="12"/><int name="x" value="531"/><int name="y" value="210"/><int name="z" value="9"/><int name="f" value="0"/><int name="zM" value="16"/><int name="r" value="0"/><int name="move" value="0"/><int name="dynamic" value="0"/><int name="piece" value="67"/></imgdir><imgdir name="68"><string name="oS" value="darkMage"/><string name="l0" value="girlHouse2"/><string name="l1" value="foot3"/><string name="l2" value="11"/><int name="x" value="441"/><int name="y" value="210"/><int name="z" value="9"/><int name="f" value="0"/><int name="zM" value="17"/><int name="r" value="0"/><int name="move" value="0"/><int name="dynamic" value="0"/><int name="piece" value="68"/></imgdir><imgdir name="69"><string name="oS" value="darkMage"/><string name="l0" value="girlHouse2"/><string name="l1" value="foot3"/><string name="l2" value="10"/><int name="x" value="621"/><int name="y" value="150"/><int name="z" value="9"/><int name="f" value="0"/><int name="zM" value="33"/><int name="r" value="0"/><int name="move" value="0"/><int name="dynamic" value="0"/><int name="piece" value="69"/></imgdir><imgdir name="70"><string name="oS" value="darkMage"/><string name="l0" value="girlHouse2"/><string name="l1" value="foot3"/><string name="l2" value="9"/><int name="x" value="531"/><int name="y" value="150"/><int name="z" value="9"/><int name="f" value="0"/><int name="zM" value="34"/><int name="r" value="0"/><int name="move" value="0"/><int name="dynamic" value="0"/><int name="piece" value="70"/></imgdir><imgdir name="71"><string name="oS" value="darkMage"/><string name="l0" value="girlHouse2"/><string name="l1" value="foot3"/><string name="l2" value="9"/><int name="x" value="441"/><int name="y" value="150"/><int name="z" value="9"/><int name="f" value="0"/><int name="zM" value="35"/><int name="r" value="0"/><int name="move" value="0"/><int name="dynamic" value="0"/><int name="piece" value="71"/></imgdir><imgdir name="72"><string name="oS" value="darkMage"/><string name="l0" value="girlHouse2"/><string name="l1" value="foot3"/><string name="l2" value="13"/><int name="x" value="891"/><int name="y" value="90"/><int name="z" value="9"/><int name="f" value="0"/><int name="zM" value="54"/><int name="r" value="0"/><int name="move" value="0"/><int name="dynamic" value="0"/><int name="piece" value="72"/></imgdir><imgdir name="73"><string name="oS" value="darkMage"/><string name="l0" value="girlHouse2"/><string name="l1" value="foot3"/><string name="l2" value="12"/><int name="x" value="801"/><int name="y" value="90"/><int name="z" value="9"/><int name="f" value="0"/><int name="zM" value="55"/><int name="r" value="0"/><int name="move" value="0"/><int name="dynamic" value="0"/><int name="piece" value="73"/></imgdir><imgdir name="74"><string name="oS" value="darkMage"/><string name="l0" value="girlHouse2"/><string name="l1" value="foot3"/><string name="l2" value="11"/><int name="x" value="711"/><int name="y" value="90"/><int name="z" value="9"/><int name="f" value="0"/><int name="zM" value="56"/><int name="r" value="0"/><int name="move" value="0"/><int name="dynamic" value="0"/><int name="piece" value="74"/></imgdir><imgdir name="75"><string name="oS" value="darkMage"/><string name="l0" value="girlHouse2"/><string name="l1" value="foot3"/><string name="l2" value="10"/><int name="x" value="891"/><int name="y" value="30"/><int name="z" value="9"/><int name="f" value="0"/><int name="zM" value="75"/><int name="r" value="0"/><int name="move" value="0"/><int name="dynamic" value="0"/><int name="piece" value="75"/></imgdir><imgdir name="76"><string name="oS" value="darkMage"/><string name="l0" value="girlHouse2"/><string name="l1" value="foot3"/><string name="l2" value="9"/><int name="x" value="801"/><int name="y" value="30"/><int name="z" value="9"/><int name="f" value="0"/><int name="zM" value="76"/><int name="r" value="0"/><int name="move" value="0"/><int name="dynamic" value="0"/><int name="piece" value="76"/></imgdir><imgdir name="77"><string name="oS" value="darkMage"/><string name="l0" value="girlHouse2"/><string name="l1" value="foot3"/><string name="l2" value="9"/><int name="x" value="711"/><int name="y" value="30"/><int name="z" value="9"/><int name="f" value="0"/><int name="zM" value="77"/><int name="r" value="0"/><int name="move" value="0"/><int name="dynamic" value="0"/><int name="piece" value="77"/></imgdir><imgdir name="83"><string name="oS" value="darkMage"/><string name="l0" value="girlHouse2"/><string name="l1" value="foot3"/><string name="l2" value="9"/><int name="x" value="711"/><int name="y" value="150"/><int name="z" value="9"/><int name="f" value="0"/><int name="zM" value="41"/><int name="r" value="0"/><int name="move" value="0"/><int name="dynamic" value="0"/><int name="piece" value="83"/></imgdir><imgdir name="82"><string name="oS" value="darkMage"/><string name="l0" value="girlHouse2"/><string name="l1" value="foot3"/><string name="l2" value="9"/><int name="x" value="801"/><int name="y" value="150"/><int name="z" value="9"/><int name="f" value="0"/><int name="zM" value="40"/><int name="r" value="0"/><int name="move" value="0"/><int name="dynamic" value="0"/><int name="piece" value="82"/></imgdir><imgdir name="81"><string name="oS" value="darkMage"/><string name="l0" value="girlHouse2"/><string name="l1" value="foot3"/><string name="l2" value="10"/><int name="x" value="891"/><int name="y" value="150"/><int name="z" value="9"/><int name="f" value="0"/><int name="zM" value="39"/><int name="r" value="0"/><int name="move" value="0"/><int name="dynamic" value="0"/><int name="piece" value="81"/></imgdir><imgdir name="80"><string name="oS" value="darkMage"/><string name="l0" value="girlHouse2"/><string name="l1" value="foot3"/><string name="l2" value="11"/><int name="x" value="711"/><int name="y" value="210"/><int name="z" value="9"/><int name="f" value="0"/><int name="zM" value="20"/><int name="r" value="0"/><int name="move" value="0"/><int name="dynamic" value="0"/><int name="piece" value="80"/></imgdir><imgdir name="79"><string name="oS" value="darkMage"/><string name="l0" value="girlHouse2"/><string name="l1" value="foot3"/><string name="l2" value="12"/><int name="x" value="801"/><int name="y" value="210"/><int name="z" value="9"/><int name="f" value="0"/><int name="zM" value="19"/><int name="r" value="0"/><int name="move" value="0"/><int name="dynamic" value="0"/><int name="piece" value="79"/></imgdir><imgdir name="78"><string name="oS" value="darkMage"/><string name="l0" value="girlHouse2"/><string name="l1" value="foot3"/><string name="l2" value="13"/><int name="x" value="891"/><int name="y" value="210"/><int name="z" value="9"/><int name="f" value="0"/><int name="zM" value="18"/><int name="r" value="0"/><int name="move" value="0"/><int name="dynamic" value="0"/><int name="piece" value="78"/></imgdir></imgdir></imgdir><imgdir name="6"><imgdir name="info"></imgdir><imgdir name="tile"></imgdir><imgdir name="obj"></imgdir></imgdir><imgdir name="7"><imgdir name="info"></imgdir><imgdir name="tile"></imgdir><imgdir name="obj"><imgdir name="2"><string name="oS" value="darkMage"/><string name="l0" value="girlHouse2"/><string name="l1" value="foot3"/><string name="l2" value="5"/><int name="x" value="-954"/><int name="y" value="-23"/><int name="z" value="9"/><int name="f" value="0"/><int name="zM" value="98"/><int name="r" value="0"/><int name="move" value="0"/><int name="dynamic" value="0"/><int name="piece" value="2"/></imgdir><imgdir name="0"><string name="oS" value="darkMage"/><string name="l0" value="girlHouse2"/><string name="l1" value="foot3"/><string name="l2" value="6"/><int name="x" value="-954"/><int name="y" value="-23"/><int name="z" value="9"/><int name="f" value="0"/><int name="zM" value="93"/><int name="r" value="0"/><int name="move" value="0"/><int name="dynamic" value="0"/><int name="piece" value="0"/></imgdir><imgdir name="7"><string name="oS" value="darkMage"/><string name="l0" value="girlHouse2"/><string name="l1" value="foot3"/><string name="l2" value="4"/><int name="x" value="-954"/><int name="y" value="-23"/><int name="z" value="9"/><int name="f" value="0"/><int name="zM" value="63"/><int name="r" value="0"/><int name="move" value="0"/><int name="dynamic" value="0"/><int name="piece" value="7"/></imgdir><imgdir name="5"><string name="oS" value="darkMage"/><string name="l0" value="girlHouse2"/><string name="l1" value="foot3"/><string name="l2" value="2"/><int name="x" value="-954"/><int name="y" value="-23"/><int name="z" value="9"/><int name="f" value="0"/><int name="zM" value="91"/><int name="r" value="0"/><int name="move" value="0"/><int name="dynamic" value="0"/><int name="piece" value="5"/></imgdir><imgdir name="4"><string name="oS" value="darkMage"/><string name="l0" value="girlHouse2"/><string name="l1" value="foot3"/><string name="l2" value="3"/><int name="x" value="-954"/><int name="y" value="-23"/><int name="z" value="9"/><int name="f" value="0"/><int name="zM" value="65"/><int name="r" value="0"/><int name="move" value="0"/><int name="dynamic" value="0"/><int name="piece" value="4"/></imgdir><imgdir name="3"><string name="oS" value="darkMage"/><string name="l0" value="girlHouse2"/><string name="l1" value="foot3"/><string name="l2" value="1"/><int name="x" value="-954"/><int name="y" value="-23"/><int name="z" value="9"/><int name="f" value="0"/><int name="zM" value="95"/><int name="r" value="0"/><int name="move" value="0"/><int name="dynamic" value="0"/><int name="piece" value="3"/></imgdir><imgdir name="1"><string name="oS" value="darkMage"/><string name="l0" value="girlHouse2"/><string name="l1" value="foot3"/><string name="l2" value="0"/><int name="x" value="-954"/><int name="y" value="-23"/><int name="z" value="9"/><int name="f" value="0"/><int name="zM" value="88"/><int name="r" value="0"/><int name="move" value="0"/><int name="dynamic" value="0"/><int name="piece" value="1"/></imgdir><imgdir name="8"><string name="oS" value="darkMage"/><string name="l0" value="girlHouse2"/><string name="l1" value="foot3"/><string name="l2" value="7"/><int name="x" value="-954"/><int name="y" value="-23"/><int name="z" value="9"/><int name="f" value="0"/><int name="zM" value="87"/><int name="r" value="0"/><int name="move" value="0"/><int name="dynamic" value="0"/><int name="piece" value="8"/></imgdir><imgdir name="9"><string name="oS" value="darkMage"/><string name="l0" value="girlHouse2"/><string name="l1" value="foot3"/><string name="l2" value="0"/><int name="x" value="-166"/><int name="y" value="-23"/><int name="z" value="9"/><int name="f" value="0"/><int name="zM" value="87"/><int name="r" value="0"/><int name="move" value="0"/><int name="dynamic" value="0"/><int name="piece" value="9"/></imgdir><imgdir name="10"><string name="oS" value="darkMage"/><string name="l0" value="girlHouse2"/><string name="l1" value="foot3"/><string name="l2" value="1"/><int name="x" value="-166"/><int name="y" value="-23"/><int name="z" value="9"/><int name="f" value="0"/><int name="zM" value="97"/><int name="r" value="0"/><int name="move" value="0"/><int name="dynamic" value="0"/><int name="piece" value="10"/></imgdir><imgdir name="11"><string name="oS" value="darkMage"/><string name="l0" value="girlHouse2"/><string name="l1" value="foot3"/><string name="l2" value="2"/><int name="x" value="-166"/><int name="y" value="-23"/><int name="z" value="9"/><int name="f" value="0"/><int name="zM" value="64"/><int name="r" value="0"/><int name="move" value="0"/><int name="dynamic" value="0"/><int name="piece" value="11"/></imgdir><imgdir name="12"><string name="oS" value="darkMage"/><string name="l0" value="girlHouse2"/><string name="l1" value="foot3"/><string name="l2" value="3"/><int name="x" value="-167"/><int name="y" value="-23"/><int name="z" value="9"/><int name="f" value="0"/><int name="zM" value="64"/><int name="r" value="0"/><int name="move" value="0"/><int name="dynamic" value="0"/><int name="piece" value="12"/></imgdir><imgdir name="13"><string name="oS" value="darkMage"/><string name="l0" value="girlHouse2"/><string name="l1" value="foot3"/><string name="l2" value="4"/><int name="x" value="-168"/><int name="y" value="-23"/><int name="z" value="9"/><int name="f" value="0"/><int name="zM" value="64"/><int name="r" value="0"/><int name="move" value="0"/><int name="dynamic" value="0"/><int name="piece" value="13"/></imgdir><imgdir name="14"><string name="oS" value="darkMage"/><string name="l0" value="girlHouse2"/><string name="l1" value="foot3"/><string name="l2" value="5"/><int name="x" value="-168"/><int name="y" value="-23"/><int name="z" value="9"/><int name="f" value="0"/><int name="zM" value="94"/><int name="r" value="0"/><int name="move" value="0"/><int name="dynamic" value="0"/><int name="piece" value="14"/></imgdir><imgdir name="15"><string name="oS" value="darkMage"/><string name="l0" value="girlHouse2"/><string name="l1" value="foot3"/><string name="l2" value="6"/><int name="x" value="-169"/><int name="y" value="-23"/><int name="z" value="9"/><int name="f" value="0"/><int name="zM" value="94"/><int name="r" value="0"/><int name="move" value="0"/><int name="dynamic" value="0"/><int name="piece" value="15"/></imgdir><imgdir name="6"><string name="oS" value="darkMage"/><string name="l0" value="girlHouse2"/><string name="l1" value="foot3"/><string name="l2" value="7"/><int name="x" value="-169"/><int name="y" value="-23"/><int name="z" value="9"/><int name="f" value="0"/><int name="zM" value="90"/><int name="r" value="0"/><int name="move" value="0"/><int name="dynamic" value="0"/><int name="piece" value="6"/></imgdir><imgdir name="16"><string name="oS" value="darkMage"/><string name="l0" value="girlHouse2"/><string name="l1" value="foot3"/><string name="l2" value="0"/><int name="x" value="620"/><int name="y" value="-23"/><int name="z" value="9"/><int name="f" value="0"/><int name="zM" value="89"/><int name="r" value="0"/><int name="move" value="0"/><int name="dynamic" value="0"/><int name="piece" value="16"/></imgdir><imgdir name="17"><string name="oS" value="darkMage"/><string name="l0" value="girlHouse2"/><string name="l1" value="foot3"/><string name="l2" value="1"/><int name="x" value="620"/><int name="y" value="-23"/><int name="z" value="9"/><int name="f" value="0"/><int name="zM" value="96"/><int name="r" value="0"/><int name="move" value="0"/><int name="dynamic" value="0"/><int name="piece" value="17"/></imgdir><imgdir name="18"><string name="oS" value="darkMage"/><string name="l0" value="girlHouse2"/><string name="l1" value="foot3"/><string name="l2" value="2"/><int name="x" value="620"/><int name="y" value="-23"/><int name="z" value="9"/><int name="f" value="0"/><int name="zM" value="92"/><int name="r" value="0"/><int name="move" value="0"/><int name="dynamic" value="0"/><int name="piece" value="18"/></imgdir></imgdir></imgdir><imgdir name="foothold"><imgdir name="7"><imgdir name="93"><imgdir name="1"><int name="x1" value="-338"/><int name="y1" value="-23"/><int name="x2" value="-231"/><int name="y2" value="-23"/><int name="prev" value="3"/><int name="next" value="9"/><int name="piece" value="0"/></imgdir></imgdir><imgdir name="88"><imgdir name="2"><int name="x1" value="-956"/><int name="y1" value="-23"/><int name="x2" value="-850"/><int name="y2" value="-23"/><int name="prev" value="0"/><int name="next" value="4"/><int name="piece" value="1"/></imgdir></imgdir><imgdir name="98"><imgdir name="3"><int name="x1" value="-427"/><int name="y1" value="-23"/><int name="x2" value="-338"/><int name="y2" value="-23"/><int name="prev" value="8"/><int name="next" value="1"/><int name="piece" value="2"/></imgdir></imgdir><imgdir name="95"><imgdir name="4"><int name="x1" value="-850"/><int name="y1" value="-23"/><int name="x2" value="-733"/><int name="y2" value="-23"/><int name="prev" value="2"/><int name="next" value="6"/><int name="piece" value="3"/></imgdir></imgdir><imgdir name="65"><imgdir name="5"><int name="x1" value="-630"/><int name="y1" value="-23"/><int name="x2" value="-520"/><int name="y2" value="-23"/><int name="prev" value="6"/><int name="next" value="8"/><int name="piece" value="4"/></imgdir></imgdir><imgdir name="91"><imgdir name="6"><int name="x1" value="-733"/><int name="y1" value="-23"/><int name="x2" value="-630"/><int name="y2" value="-23"/><int name="prev" value="4"/><int name="next" value="5"/><int name="piece" value="5"/></imgdir></imgdir><imgdir name="90"><imgdir name="7"><int name="x1" value="545"/><int name="y1" value="-23"/><int name="x2" value="624"/><int name="y2" value="-23"/><int name="prev" value="16"/><int name="next" value="17"/><int name="piece" value="6"/></imgdir></imgdir><imgdir name="63"><imgdir name="8"><int name="x1" value="-520"/><int name="y1" value="-23"/><int name="x2" value="-427"/><int name="y2" value="-23"/><int name="prev" value="5"/><int name="next" value="3"/><int name="piece" value="7"/></imgdir></imgdir><imgdir name="87"><imgdir name="9"><int name="x1" value="-231"/><int name="y1" value="-23"/><int name="x2" value="-161"/><int name="y2" value="-23"/><int name="prev" value="1"/><int name="next" value="10"/><int name="piece" value="8"/></imgdir><imgdir name="10"><int name="x1" value="-161"/><int name="y1" value="-23"/><int name="x2" value="-62"/><int name="y2" value="-23"/><int name="prev" value="9"/><int name="next" value="11"/><int name="piece" value="9"/></imgdir></imgdir><imgdir name="97"><imgdir name="11"><int name="x1" value="-62"/><int name="y1" value="-23"/><int name="x2" value="55"/><int name="y2" value="-23"/><int name="prev" value="10"/><int name="next" value="12"/><int name="piece" value="10"/></imgdir></imgdir><imgdir name="64"><imgdir name="12"><int name="x1" value="55"/><int name="y1" value="-23"/><int name="x2" value="169"/><int name="y2" value="-23"/><int name="prev" value="11"/><int name="next" value="13"/><int name="piece" value="11"/></imgdir><imgdir name="13"><int name="x1" value="169"/><int name="y1" value="-23"/><int name="x2" value="267"/><int name="y2" value="-23"/><int name="prev" value="12"/><int name="next" value="14"/><int name="piece" value="12"/></imgdir><imgdir name="14"><int name="x1" value="267"/><int name="y1" value="-23"/><int name="x2" value="369"/><int name="y2" value="-23"/><int name="prev" value="13"/><int name="next" value="15"/><int name="piece" value="13"/></imgdir></imgdir><imgdir name="94"><imgdir name="15"><int name="x1" value="369"/><int name="y1" value="-23"/><int name="x2" value="458"/><int name="y2" value="-23"/><int name="prev" value="14"/><int name="next" value="16"/><int name="piece" value="14"/></imgdir><imgdir name="16"><int name="x1" value="458"/><int name="y1" value="-23"/><int name="x2" value="545"/><int name="y2" value="-23"/><int name="prev" value="15"/><int name="next" value="7"/><int name="piece" value="15"/></imgdir></imgdir><imgdir name="89"><imgdir name="17"><int name="x1" value="624"/><int name="y1" value="-23"/><int name="x2" value="724"/><int name="y2" value="-23"/><int name="prev" value="7"/><int name="next" value="18"/><int name="piece" value="16"/></imgdir></imgdir><imgdir name="96"><imgdir name="18"><int name="x1" value="724"/><int name="y1" value="-23"/><int name="x2" value="841"/><int name="y2" value="-23"/><int name="prev" value="17"/><int name="next" value="19"/><int name="piece" value="17"/></imgdir></imgdir><imgdir name="92"><imgdir name="19"><int name="x1" value="841"/><int name="y1" value="-23"/><int name="x2" value="955"/><int name="y2" value="-23"/><int name="prev" value="18"/><int name="next" value="0"/><int name="piece" value="18"/></imgdir></imgdir></imgdir></imgdir><imgdir name="ladderRope"></imgdir><imgdir name="miniMap"><canvas name="canvas" width="1" height="1"><string name="_hash" value="6326d73fae720c4f9bd9ba251954fc0dbef5a73c06549eb2f312d81124bc10e8"/><string name="_outlink" value="Map/Map/Map9/910142080.img/miniMap/canvas"/></canvas><int name="width" value="1996"/><int name="height" value="506"/><int name="centerX" value="1002"/><int name="centerY" value="218"/><int name="mag" value="4"/></imgdir><imgdir name="portal"><imgdir name="0"><string name="pn" value="sp"/><int name="pt" value="0"/><int name="x" value="-3"/><int name="y" value="-41"/><int name="tm" value="999999999"/><string name="tn" value=""/><int name="horizontalImpact" value="0"/></imgdir></imgdir></imgdir>