<?xml version="1.0" encoding="UTF-8" standalone="yes"?><imgdir name="910150230.img"><imgdir name="info"><int name="version" value="10"/><int name="cloud" value="0"/><int name="town" value="0"/><int name="swim" value="0"/><int name="returnMap" value="101050020"/><int name="forcedReturn" value="101050020"/><float name="mobRate" value="2.0"/><string name="bgm" value="Bgm18/BlackWing"/><string name="mapMark" value="Eurel"/><int name="fly" value="0"/><int name="noMapCmd" value="0"/><int name="hideMinimap" value="0"/><int name="fieldLimit" value="0"/><int name="VRTop" value="-1336"/><int name="VRLeft" value="-1070"/><int name="VRBottom" value="-300"/><int name="VRRight" value="-100"/><string name="fieldScript" value=""/><string name="onFirstUserEnter" value=""/><string name="onUserEnter" value=""/></imgdir><imgdir name="back"><imgdir name="0"><string name="bS" value="eurel"/><int name="front" value="0"/><int name="ani" value="0"/><int name="no" value="0"/><int name="f" value="0"/><int name="x" value="0"/><int name="y" value="0"/><int name="rx" value="0"/><int name="ry" value="0"/><int name="type" value="3"/><int name="cx" value="0"/><int name="cy" value="0"/><int name="a" value="255"/></imgdir><imgdir name="1"><string name="bS" value="eurel"/><int name="front" value="0"/><int name="ani" value="0"/><int name="no" value="1"/><int name="f" value="0"/><int name="x" value="8"/><int name="y" value="-263"/><int name="rx" value="0"/><int name="ry" value="-100"/><int name="type" value="1"/><int name="cx" value="0"/><int name="cy" value="0"/><int name="a" value="255"/></imgdir><imgdir name="2"><string name="bS" value="eurel"/><int name="front" value="0"/><int name="ani" value="0"/><int name="no" value="2"/><int name="f" value="0"/><int name="x" value="-413"/><int name="y" value="-385"/><int name="rx" value="-3"/><int name="ry" value="-50"/><int name="type" value="4"/><int name="cx" value="0"/><int name="cy" value="0"/><int name="a" value="255"/></imgdir><imgdir name="3"><string name="bS" value="eurel"/><int name="front" value="0"/><int name="ani" value="0"/><int name="no" value="3"/><int name="f" value="0"/><int name="x" value="0"/><int name="y" value="-107"/><int name="rx" value="-15"/><int name="ry" value="-60"/><int name="type" value="1"/><int name="cx" value="0"/><int name="cy" value="0"/><int name="a" value="255"/></imgdir><imgdir name="4"><string name="bS" value="eurel"/><int name="front" value="0"/><int name="ani" value="0"/><int name="no" value="3"/><int name="f" value="0"/><int name="x" value="-111"/><int name="y" value="-77"/><int name="rx" value="-20"/><int name="ry" value="-80"/><int name="type" value="1"/><int name="cx" value="0"/><int name="cy" value="0"/><int name="a" value="255"/></imgdir><imgdir name="5"><string name="bS" value="eurel"/><int name="front" value="0"/><int name="ani" value="0"/><int name="no" value="4"/><int name="f" value="0"/><int name="x" value="12"/><int name="y" value="-103"/><int name="rx" value="-40"/><int name="ry" value="-100"/><int name="type" value="1"/><int name="cx" value="0"/><int name="cy" value="0"/><int name="a" value="255"/></imgdir><imgdir name="6"><string name="bS" value="eurel"/><int name="front" value="0"/><int name="ani" value="0"/><int name="no" value="5"/><int name="f" value="0"/><int name="x" value="1058"/><int name="y" value="-435"/><int name="rx" value="-50"/><int name="ry" value="-100"/><int name="type" value="0"/><int name="cx" value="0"/><int name="cy" value="0"/><int name="a" value="255"/></imgdir><imgdir name="7"><string name="bS" value="eurel"/><int name="front" value="0"/><int name="ani" value="0"/><int name="no" value="5"/><int name="f" value="1"/><int name="x" value="-1093"/><int name="y" value="-419"/><int name="rx" value="-50"/><int name="ry" value="-100"/><int name="type" value="0"/><int name="cx" value="0"/><int name="cy" value="0"/><int name="a" value="255"/></imgdir><imgdir name="8"><string name="bS" value="eurel"/><int name="front" value="0"/><int name="ani" value="0"/><int name="no" value="6"/><int name="f" value="0"/><int name="x" value="66"/><int name="y" value="-196"/><int name="rx" value="-60"/><int name="ry" value="-100"/><int name="type" value="1"/><int name="cx" value="0"/><int name="cy" value="0"/><int name="a" value="255"/></imgdir><imgdir name="9"><string name="bS" value="eurel"/><int name="front" value="0"/><int name="ani" value="0"/><int name="no" value="7"/><int name="f" value="0"/><int name="x" value="-72"/><int name="y" value="-47"/><int name="rx" value="-1"/><int name="ry" value="-100"/><int name="type" value="1"/><int name="cx" value="1200"/><int name="cy" value="0"/><int name="a" value="255"/></imgdir><imgdir name="10"><string name="bS" value="eurel"/><int name="front" value="0"/><int name="ani" value="0"/><int name="no" value="8"/><int name="f" value="0"/><int name="x" value="-411"/><int name="y" value="-51"/><int name="rx" value="-1"/><int name="ry" value="-100"/><int name="type" value="1"/><int name="cx" value="1200"/><int name="cy" value="0"/><int name="a" value="255"/></imgdir><imgdir name="11"><string name="bS" value="eurel"/><int name="front" value="0"/><int name="ani" value="0"/><int name="no" value="9"/><int name="f" value="0"/><int name="x" value="261"/><int name="y" value="-24"/><int name="rx" value="-1"/><int name="ry" value="-100"/><int name="type" value="1"/><int name="cx" value="1200"/><int name="cy" value="0"/><int name="a" value="255"/></imgdir><imgdir name="12"><string name="bS" value="eurel"/><int name="front" value="0"/><int name="ani" value="0"/><int name="no" value="10"/><int name="f" value="0"/><int name="x" value="-21"/><int name="y" value="-271"/><int name="rx" value="-70"/><int name="ry" value="-100"/><int name="type" value="1"/><int name="cx" value="0"/><int name="cy" value="0"/><int name="a" value="255"/></imgdir><imgdir name="13"><string name="bS" value="eurel"/><int name="front" value="0"/><int name="ani" value="1"/><int name="no" value="0"/><int name="f" value="0"/><int name="x" value="-183"/><int name="y" value="-94"/><int name="rx" value="-75"/><int name="ry" value="-100"/><int name="type" value="1"/><int name="cx" value="900"/><int name="cy" value="0"/><int name="a" value="255"/></imgdir><imgdir name="14"><string name="bS" value="eurel"/><int name="front" value="0"/><int name="ani" value="1"/><int name="no" value="1"/><int name="f" value="0"/><int name="x" value="487"/><int name="y" value="-71"/><int name="rx" value="-75"/><int name="ry" value="-100"/><int name="type" value="1"/><int name="cx" value="1200"/><int name="cy" value="0"/><int name="a" value="255"/></imgdir><imgdir name="15"><string name="bS" value="eurel"/><int name="front" value="0"/><int name="ani" value="1"/><int name="no" value="2"/><int name="f" value="0"/><int name="x" value="-365"/><int name="y" value="-64"/><int name="rx" value="-75"/><int name="ry" value="-100"/><int name="type" value="1"/><int name="cx" value="1500"/><int name="cy" value="0"/><int name="a" value="255"/></imgdir><imgdir name="16"><string name="bS" value="eurel"/><int name="front" value="0"/><int name="ani" value="1"/><int name="no" value="3"/><int name="f" value="0"/><int name="x" value="-1391"/><int name="y" value="-49"/><int name="rx" value="-75"/><int name="ry" value="-100"/><int name="type" value="1"/><int name="cx" value="2600"/><int name="cy" value="0"/><int name="a" value="255"/></imgdir><imgdir name="17"><string name="bS" value="eurel"/><int name="front" value="0"/><int name="ani" value="0"/><int name="no" value="11"/><int name="f" value="0"/><int name="x" value="-1835"/><int name="y" value="-265"/><int name="rx" value="-80"/><int name="ry" value="-100"/><int name="type" value="1"/><int name="cx" value="3500"/><int name="cy" value="0"/><int name="a" value="255"/></imgdir><imgdir name="18"><string name="bS" value="eurel"/><int name="front" value="0"/><int name="ani" value="0"/><int name="no" value="12"/><int name="f" value="0"/><int name="x" value="2339"/><int name="y" value="-227"/><int name="rx" value="-80"/><int name="ry" value="-100"/><int name="type" value="1"/><int name="cx" value="3500"/><int name="cy" value="0"/><int name="a" value="255"/></imgdir><imgdir name="19"><string name="bS" value="eurel"/><int name="front" value="0"/><int name="ani" value="0"/><int name="no" value="13"/><int name="f" value="0"/><int name="x" value="3022"/><int name="y" value="-252"/><int name="rx" value="-80"/><int name="ry" value="-100"/><int name="type" value="1"/><int name="cx" value="3500"/><int name="cy" value="0"/><int name="a" value="255"/></imgdir><imgdir name="20"><string name="bS" value="eurel"/><int name="front" value="0"/><int name="ani" value="0"/><int name="no" value="14"/><int name="f" value="0"/><int name="x" value="259"/><int name="y" value="-163"/><int name="rx" value="-80"/><int name="ry" value="-100"/><int name="type" value="1"/><int name="cx" value="3500"/><int name="cy" value="0"/><int name="a" value="255"/></imgdir><imgdir name="22"><string name="bS" value="minar"/><int name="front" value="0"/><int name="ani" value="1"/><int name="no" value="0"/><int name="f" value="0"/><int name="x" value="-155"/><int name="y" value="-524"/><int name="rx" value="-80"/><int name="ry" value="-50"/><int name="type" value="1"/><int name="cx" value="2800"/><int name="cy" value="0"/><int name="a" value="255"/></imgdir><imgdir name="23"><string name="bS" value="minar"/><int name="front" value="0"/><int name="ani" value="1"/><int name="no" value="1"/><int name="f" value="0"/><int name="x" value="332"/><int name="y" value="-596"/><int name="rx" value="-80"/><int name="ry" value="-50"/><int name="type" value="1"/><int name="cx" value="2700"/><int name="cy" value="0"/><int name="a" value="255"/></imgdir><imgdir name="24"><string name="bS" value="minar"/><int name="front" value="0"/><int name="ani" value="1"/><int name="no" value="2"/><int name="f" value="0"/><int name="x" value="-900"/><int name="y" value="-536"/><int name="rx" value="-80"/><int name="ry" value="-50"/><int name="type" value="1"/><int name="cx" value="2600"/><int name="cy" value="0"/><int name="a" value="255"/></imgdir><imgdir name="25"><string name="bS" value="minar"/><int name="front" value="0"/><int name="ani" value="1"/><int name="no" value="3"/><int name="f" value="0"/><int name="x" value="-1409"/><int name="y" value="-543"/><int name="rx" value="-80"/><int name="ry" value="-50"/><int name="type" value="1"/><int name="cx" value="2500"/><int name="cy" value="0"/><int name="a" value="255"/></imgdir><imgdir name="21"><string name="bS" value="eurel"/><int name="front" value="0"/><int name="ani" value="0"/><int name="no" value="15"/><int name="f" value="0"/><int name="x" value="4397"/><int name="y" value="-318"/><int name="rx" value="-80"/><int name="ry" value="-100"/><int name="type" value="1"/><int name="cx" value="3500"/><int name="cy" value="0"/><int name="a" value="255"/></imgdir><imgdir name="26"><string name="bS" value="minar"/><int name="front" value="0"/><int name="ani" value="1"/><int name="no" value="4"/><int name="f" value="0"/><int name="x" value="4724"/><int name="y" value="-589"/><int name="rx" value="-80"/><int name="ry" value="-50"/><int name="type" value="1"/><int name="cx" value="2400"/><int name="cy" value="0"/><int name="a" value="255"/></imgdir></imgdir><imgdir name="life"><imgdir name="0"><string name="type" value="m"/><string name="id" value="9300430"/><int name="x" value="-332"/><int name="y" value="-456"/><int name="mobTime" value="0"/><int name="f" value="0"/><int name="hide" value="0"/><int name="fh" value="23"/><int name="cy" value="-444"/><int name="rx0" value="-810"/><int name="rx1" value="-262"/></imgdir><imgdir name="1"><string name="type" value="m"/><string name="id" value="9300430"/><int name="x" value="-450"/><int name="y" value="-462"/><int name="mobTime" value="0"/><int name="f" value="0"/><int name="hide" value="0"/><int name="fh" value="20"/><int name="cy" value="-440"/><int name="rx0" value="-810"/><int name="rx1" value="-262"/></imgdir><imgdir name="4"><string name="type" value="m"/><string name="id" value="9300430"/><int name="x" value="-390"/><int name="y" value="-596"/><int name="mobTime" value="0"/><int name="f" value="0"/><int name="hide" value="0"/><int name="fh" value="31"/><int name="cy" value="-579"/><int name="rx0" value="-810"/><int name="rx1" value="-262"/></imgdir><imgdir name="5"><string name="type" value="m"/><string name="id" value="9300430"/><int name="x" value="-696"/><int name="y" value="-735"/><int name="mobTime" value="0"/><int name="f" value="1"/><int name="hide" value="0"/><int name="fh" value="39"/><int name="cy" value="-723"/><int name="rx0" value="-772"/><int name="rx1" value="-402"/></imgdir><imgdir name="3"><string name="type" value="m"/><string name="id" value="9300430"/><int name="x" value="-483"/><int name="y" value="-996"/><int name="mobTime" value="0"/><int name="f" value="0"/><int name="hide" value="0"/><int name="fh" value="59"/><int name="cy" value="-967"/><int name="rx0" value="-693"/><int name="rx1" value="-412"/></imgdir><imgdir name="2"><string name="type" value="m"/><string name="id" value="9300430"/><int name="x" value="-603"/><int name="y" value="-724"/><int name="mobTime" value="0"/><int name="f" value="1"/><int name="hide" value="0"/><int name="fh" value="42"/><int name="cy" value="-717"/><int name="rx0" value="-772"/><int name="rx1" value="-402"/></imgdir></imgdir><imgdir name="reactor"></imgdir><imgdir name="0"><imgdir name="info"></imgdir><imgdir name="tile"></imgdir><imgdir name="obj"></imgdir></imgdir><imgdir name="1"><imgdir name="info"></imgdir><imgdir name="tile"></imgdir><imgdir name="obj"></imgdir></imgdir><imgdir name="2"><imgdir name="info"></imgdir><imgdir name="tile"></imgdir><imgdir name="obj"><imgdir name="0"><string name="oS" value="acc2"/><string name="l0" value="elfFerest"/><string name="l1" value="water"/><string name="l2" value="3"/><int name="x" value="-538"/><int name="y" value="-925"/><int name="z" value="9"/><int name="f" value="0"/><int name="zM" value="10"/><int name="r" value="0"/><int name="move" value="0"/><int name="dynamic" value="0"/><int name="piece" value="0"/></imgdir><imgdir name="1"><string name="oS" value="acc2"/><string name="l0" value="elfFerest"/><string name="l1" value="water"/><string name="l2" value="4"/><int name="x" value="-813"/><int name="y" value="-487"/><int name="z" value="9"/><int name="f" value="0"/><int name="zM" value="2"/><int name="r" value="0"/><int name="move" value="0"/><int name="dynamic" value="0"/><int name="piece" value="1"/></imgdir><imgdir name="2"><string name="oS" value="acc2"/><string name="l0" value="elfFerest"/><string name="l1" value="water"/><string name="l2" value="5"/><int name="x" value="-848"/><int name="y" value="-507"/><int name="z" value="10"/><int name="f" value="0"/><int name="zM" value="2"/><int name="r" value="0"/><int name="move" value="0"/><int name="dynamic" value="0"/><int name="piece" value="2"/></imgdir><imgdir name="3"><string name="oS" value="acc2"/><string name="l0" value="elfFerest"/><string name="l1" value="water"/><string name="l2" value="6"/><int name="x" value="-587"/><int name="y" value="-744"/><int name="z" value="10"/><int name="f" value="0"/><int name="zM" value="10"/><int name="r" value="0"/><int name="move" value="0"/><int name="dynamic" value="0"/><int name="piece" value="3"/></imgdir><imgdir name="4"><string name="oS" value="acc2"/><string name="l0" value="elfFerest"/><string name="l1" value="water"/><string name="l2" value="7"/><int name="x" value="-554"/><int name="y" value="-982"/><int name="z" value="10"/><int name="f" value="0"/><int name="zM" value="10"/><int name="r" value="0"/><int name="move" value="0"/><int name="dynamic" value="0"/><int name="piece" value="4"/></imgdir><imgdir name="5"><string name="oS" value="acc2"/><string name="l0" value="elfFerest"/><string name="l1" value="water"/><string name="l2" value="8"/><int name="x" value="-553"/><int name="y" value="-1097"/><int name="z" value="10"/><int name="f" value="0"/><int name="zM" value="10"/><int name="r" value="0"/><int name="move" value="0"/><int name="dynamic" value="0"/><int name="piece" value="5"/></imgdir><imgdir name="6"><string name="oS" value="acc2"/><string name="l0" value="elfFerest"/><string name="l1" value="water"/><string name="l2" value="9"/><int name="x" value="-555"/><int name="y" value="-1099"/><int name="z" value="10"/><int name="f" value="0"/><int name="zM" value="10"/><int name="r" value="0"/><int name="move" value="0"/><int name="dynamic" value="0"/><int name="piece" value="6"/></imgdir><imgdir name="7"><string name="oS" value="acc2"/><string name="l0" value="elfFerest"/><string name="l1" value="water"/><string name="l2" value="10"/><int name="x" value="-552"/><int name="y" value="-982"/><int name="z" value="9"/><int name="f" value="0"/><int name="zM" value="10"/><int name="r" value="0"/><int name="move" value="0"/><int name="dynamic" value="0"/><int name="piece" value="7"/></imgdir></imgdir></imgdir><imgdir name="3"><imgdir name="info"></imgdir><imgdir name="tile"></imgdir><imgdir name="obj"><imgdir name="0"><string name="oS" value="acc2"/><string name="l0" value="elfFerest"/><string name="l1" value="water"/><string name="l2" value="0"/><int name="x" value="-525"/><int name="y" value="-484"/><int name="z" value="9"/><int name="f" value="0"/><int name="zM" value="4"/><int name="r" value="0"/><int name="move" value="0"/><int name="dynamic" value="0"/><int name="piece" value="0"/></imgdir><imgdir name="1"><string name="oS" value="acc2"/><string name="l0" value="elfFerest"/><string name="l1" value="water"/><string name="l2" value="1"/><int name="x" value="-578"/><int name="y" value="-731"/><int name="z" value="9"/><int name="f" value="0"/><int name="zM" value="9"/><int name="r" value="0"/><int name="move" value="0"/><int name="dynamic" value="0"/><int name="piece" value="1"/></imgdir><imgdir name="2"><string name="oS" value="acc2"/><string name="l0" value="elfFerest"/><string name="l1" value="water"/><string name="l2" value="2"/><int name="x" value="-555"/><int name="y" value="-891"/><int name="z" value="9"/><int name="f" value="0"/><int name="zM" value="11"/><int name="r" value="0"/><int name="move" value="0"/><int name="dynamic" value="0"/><int name="piece" value="2"/></imgdir><imgdir name="3"><string name="oS" value="acc2"/><string name="l0" value="elfFerest"/><string name="l1" value="water"/><string name="l2" value="11"/><int name="x" value="-529"/><int name="y" value="-776"/><int name="z" value="10"/><int name="f" value="0"/><int name="zM" value="9"/><int name="r" value="0"/><int name="move" value="0"/><int name="dynamic" value="0"/><int name="piece" value="3"/></imgdir><imgdir name="4"><string name="oS" value="acc2"/><string name="l0" value="elfFerest"/><string name="l1" value="water"/><string name="l2" value="12"/><int name="x" value="-368"/><int name="y" value="-475"/><int name="z" value="10"/><int name="f" value="0"/><int name="zM" value="4"/><int name="r" value="0"/><int name="move" value="0"/><int name="dynamic" value="0"/><int name="piece" value="4"/></imgdir><imgdir name="5"><string name="oS" value="acc2"/><string name="l0" value="elfFerest"/><string name="l1" value="water"/><string name="l2" value="14"/><int name="x" value="-597"/><int name="y" value="-510"/><int name="z" value="10"/><int name="f" value="0"/><int name="zM" value="9"/><int name="r" value="0"/><int name="move" value="0"/><int name="dynamic" value="0"/><int name="piece" value="5"/></imgdir><imgdir name="6"><string name="oS" value="connect"/><string name="l0" value="rope"/><string name="l1" value="51"/><string name="l2" value="6"/><int name="x" value="-616"/><int name="y" value="-613"/><int name="z" value="9"/><int name="f" value="0"/><int name="zM" value="4"/><int name="r" value="0"/><int name="move" value="0"/><int name="dynamic" value="0"/><int name="piece" value="6"/></imgdir><imgdir name="7"><string name="oS" value="connect"/><string name="l0" value="rope"/><string name="l1" value="50"/><string name="l2" value="6"/><int name="x" value="-513"/><int name="y" value="-866"/><int name="z" value="9"/><int name="f" value="0"/><int name="zM" value="9"/><int name="r" value="0"/><int name="move" value="0"/><int name="dynamic" value="0"/><int name="piece" value="7"/></imgdir></imgdir></imgdir><imgdir name="4"><imgdir name="info"></imgdir><imgdir name="tile"></imgdir><imgdir name="obj"><imgdir name="0"><string name="oS" value="acc2"/><string name="l0" value="elfFerest"/><string name="l1" value="water"/><string name="l2" value="13"/><int name="x" value="-697"/><int name="y" value="-472"/><int name="z" value="10"/><int name="f" value="0"/><int name="zM" value="3"/><int name="r" value="0"/><int name="move" value="0"/><int name="dynamic" value="0"/><int name="piece" value="0"/></imgdir></imgdir></imgdir><imgdir name="5"><imgdir name="info"><string name="tS" value="blackTile"/><int name="tSMag" value="1"/></imgdir><imgdir name="tile"><imgdir name="8"><int name="x" value="-900"/><int name="y" value="-180"/><string name="u" value="enH0"/><int name="no" value="0"/><int name="zM" value="0"/></imgdir><imgdir name="9"><int name="x" value="-900"/><int name="y" value="-180"/><string name="u" value="enH1"/><int name="no" value="0"/><int name="zM" value="0"/></imgdir><imgdir name="4"><int name="x" value="-810"/><int name="y" value="-180"/><string name="u" value="enH1"/><int name="no" value="0"/><int name="zM" value="0"/></imgdir><imgdir name="5"><int name="x" value="-810"/><int name="y" value="-180"/><string name="u" value="enH0"/><int name="no" value="0"/><int name="zM" value="0"/></imgdir><imgdir name="6"><int name="x" value="-720"/><int name="y" value="-180"/><string name="u" value="enH1"/><int name="no" value="0"/><int name="zM" value="0"/></imgdir><imgdir name="7"><int name="x" value="-720"/><int name="y" value="-180"/><string name="u" value="enH0"/><int name="no" value="0"/><int name="zM" value="0"/></imgdir><imgdir name="10"><int name="x" value="-630"/><int name="y" value="-180"/><string name="u" value="enH1"/><int name="no" value="0"/><int name="zM" value="0"/></imgdir><imgdir name="11"><int name="x" value="-630"/><int name="y" value="-180"/><string name="u" value="enH0"/><int name="no" value="0"/><int name="zM" value="0"/></imgdir><imgdir name="12"><int name="x" value="-540"/><int name="y" value="-180"/><string name="u" value="enH1"/><int name="no" value="0"/><int name="zM" value="0"/></imgdir><imgdir name="13"><int name="x" value="-540"/><int name="y" value="-180"/><string name="u" value="enH0"/><int name="no" value="0"/><int name="zM" value="0"/></imgdir><imgdir name="14"><int name="x" value="-450"/><int name="y" value="-180"/><string name="u" value="enH1"/><int name="no" value="0"/><int name="zM" value="0"/></imgdir><imgdir name="15"><int name="x" value="-450"/><int name="y" value="-180"/><string name="u" value="enH0"/><int name="no" value="0"/><int name="zM" value="0"/></imgdir><imgdir name="16"><int name="x" value="-360"/><int name="y" value="-180"/><string name="u" value="enH1"/><int name="no" value="0"/><int name="zM" value="0"/></imgdir><imgdir name="17"><int name="x" value="-360"/><int name="y" value="-180"/><string name="u" value="enH0"/><int name="no" value="0"/><int name="zM" value="0"/></imgdir><imgdir name="18"><int name="x" value="-270"/><int name="y" value="-180"/><string name="u" value="enH1"/><int name="no" value="0"/><int name="zM" value="0"/></imgdir><imgdir name="19"><int name="x" value="-270"/><int name="y" value="-180"/><string name="u" value="enH0"/><int name="no" value="0"/><int name="zM" value="0"/></imgdir><imgdir name="2"><int name="x" value="-990"/><int name="y" value="-180"/><string name="u" value="enH1"/><int name="no" value="0"/><int name="zM" value="0"/></imgdir><imgdir name="3"><int name="x" value="-990"/><int name="y" value="-180"/><string name="u" value="enH0"/><int name="no" value="0"/><int name="zM" value="0"/></imgdir><imgdir name="0"><int name="x" value="-180"/><int name="y" value="-180"/><string name="u" value="enH0"/><int name="no" value="0"/><int name="zM" value="0"/></imgdir><imgdir name="1"><int name="x" value="-180"/><int name="y" value="-180"/><string name="u" value="enH1"/><int name="no" value="0"/><int name="zM" value="0"/></imgdir><imgdir name="20"><int name="x" value="-1080"/><int name="y" value="-180"/><string name="u" value="enH1"/><int name="no" value="0"/><int name="zM" value="0"/></imgdir><imgdir name="21"><int name="x" value="-1080"/><int name="y" value="-180"/><string name="u" value="enH0"/><int name="no" value="0"/><int name="zM" value="0"/></imgdir></imgdir><imgdir name="obj"></imgdir></imgdir><imgdir name="6"><imgdir name="info"></imgdir><imgdir name="tile"></imgdir><imgdir name="obj"></imgdir></imgdir><imgdir name="7"><imgdir name="info"></imgdir><imgdir name="tile"></imgdir><imgdir name="obj"><imgdir name="0"><string name="oS" value="connect"/><string name="l0" value="rope"/><string name="l1" value="51"/><string name="l2" value="0"/><int name="x" value="-773"/><int name="y" value="-441"/><int name="z" value="9"/><int name="f" value="0"/><int name="zM" value="8"/><int name="r" value="0"/><int name="move" value="0"/><int name="dynamic" value="0"/><int name="piece" value="0"/></imgdir><imgdir name="1"><string name="oS" value="connect"/><string name="l0" value="rope"/><string name="l1" value="51"/><string name="l2" value="1"/><int name="x" value="-773"/><int name="y" value="-441"/><int name="z" value="9"/><int name="f" value="0"/><int name="zM" value="7"/><int name="r" value="0"/><int name="move" value="0"/><int name="dynamic" value="0"/><int name="piece" value="1"/></imgdir><imgdir name="2"><string name="oS" value="connect"/><string name="l0" value="rope"/><string name="l1" value="51"/><string name="l2" value="2"/><int name="x" value="-773"/><int name="y" value="-406"/><int name="z" value="9"/><int name="f" value="0"/><int name="zM" value="6"/><int name="r" value="0"/><int name="move" value="0"/><int name="dynamic" value="0"/><int name="piece" value="2"/></imgdir><imgdir name="3"><string name="oS" value="connect"/><string name="l0" value="rope"/><string name="l1" value="51"/><string name="l2" value="3"/><int name="x" value="-773"/><int name="y" value="-370"/><int name="z" value="9"/><int name="f" value="0"/><int name="zM" value="5"/><int name="r" value="0"/><int name="move" value="0"/><int name="dynamic" value="0"/><int name="piece" value="3"/></imgdir><imgdir name="4"><string name="oS" value="connect"/><string name="l0" value="rope"/><string name="l1" value="51"/><string name="l2" value="4"/><int name="x" value="-772"/><int name="y" value="-335"/><int name="z" value="9"/><int name="f" value="0"/><int name="zM" value="1"/><int name="r" value="0"/><int name="move" value="0"/><int name="dynamic" value="0"/><int name="piece" value="4"/></imgdir></imgdir></imgdir><imgdir name="foothold"><imgdir name="5"><imgdir name="0"><imgdir name="1"><int name="x1" value="-180"/><int name="y1" value="-205"/><int name="x2" value="-90"/><int name="y2" value="-205"/><int name="prev" value="10"/><int name="next" value="0"/><int name="piece" value="-1"/></imgdir><imgdir name="2"><int name="x1" value="-990"/><int name="y1" value="-205"/><int name="x2" value="-900"/><int name="y2" value="-205"/><int name="prev" value="11"/><int name="next" value="5"/><int name="piece" value="-1"/></imgdir><imgdir name="3"><int name="x1" value="-810"/><int name="y1" value="-205"/><int name="x2" value="-720"/><int name="y2" value="-205"/><int name="prev" value="5"/><int name="next" value="4"/><int name="piece" value="-1"/></imgdir><imgdir name="4"><int name="x1" value="-720"/><int name="y1" value="-205"/><int name="x2" value="-630"/><int name="y2" value="-205"/><int name="prev" value="3"/><int name="next" value="6"/><int name="piece" value="-1"/></imgdir><imgdir name="5"><int name="x1" value="-900"/><int name="y1" value="-205"/><int name="x2" value="-810"/><int name="y2" value="-205"/><int name="prev" value="2"/><int name="next" value="3"/><int name="piece" value="-1"/></imgdir><imgdir name="6"><int name="x1" value="-630"/><int name="y1" value="-205"/><int name="x2" value="-540"/><int name="y2" value="-205"/><int name="prev" value="4"/><int name="next" value="7"/><int name="piece" value="-1"/></imgdir><imgdir name="7"><int name="x1" value="-540"/><int name="y1" value="-205"/><int name="x2" value="-450"/><int name="y2" value="-205"/><int name="prev" value="6"/><int name="next" value="8"/><int name="piece" value="-1"/></imgdir><imgdir name="8"><int name="x1" value="-450"/><int name="y1" value="-205"/><int name="x2" value="-360"/><int name="y2" value="-205"/><int name="prev" value="7"/><int name="next" value="9"/><int name="piece" value="-1"/></imgdir><imgdir name="9"><int name="x1" value="-360"/><int name="y1" value="-205"/><int name="x2" value="-270"/><int name="y2" value="-205"/><int name="prev" value="8"/><int name="next" value="10"/><int name="piece" value="-1"/></imgdir><imgdir name="10"><int name="x1" value="-270"/><int name="y1" value="-205"/><int name="x2" value="-180"/><int name="y2" value="-205"/><int name="prev" value="9"/><int name="next" value="1"/><int name="piece" value="-1"/></imgdir><imgdir name="11"><int name="x1" value="-1080"/><int name="y1" value="-205"/><int name="x2" value="-990"/><int name="y2" value="-205"/><int name="prev" value="0"/><int name="next" value="2"/><int name="piece" value="-1"/></imgdir></imgdir></imgdir><imgdir name="3"><imgdir name="4"><imgdir name="12"><int name="x1" value="-830"/><int name="y1" value="-454"/><int name="x2" value="-733"/><int name="y2" value="-450"/><int name="prev" value="0"/><int name="next" value="13"/><int name="piece" value="0"/></imgdir><imgdir name="13"><int name="x1" value="-733"/><int name="y1" value="-450"/><int name="x2" value="-692"/><int name="y2" value="-451"/><int name="prev" value="12"/><int name="next" value="14"/><int name="piece" value="0"/></imgdir><imgdir name="14"><int name="x1" value="-692"/><int name="y1" value="-451"/><int name="x2" value="-613"/><int name="y2" value="-454"/><int name="prev" value="13"/><int name="next" value="15"/><int name="piece" value="0"/></imgdir><imgdir name="15"><int name="x1" value="-613"/><int name="y1" value="-454"/><int name="x2" value="-568"/><int name="y2" value="-454"/><int name="prev" value="14"/><int name="next" value="16"/><int name="piece" value="0"/></imgdir><imgdir name="16"><int name="x1" value="-568"/><int name="y1" value="-454"/><int name="x2" value="-548"/><int name="y2" value="-447"/><int name="prev" value="15"/><int name="next" value="17"/><int name="piece" value="0"/></imgdir><imgdir name="17"><int name="x1" value="-548"/><int name="y1" value="-447"/><int name="x2" value="-538"/><int name="y2" value="-440"/><int name="prev" value="16"/><int name="next" value="18"/><int name="piece" value="0"/></imgdir><imgdir name="18"><int name="x1" value="-538"/><int name="y1" value="-440"/><int name="x2" value="-525"/><int name="y2" value="-428"/><int name="prev" value="17"/><int name="next" value="19"/><int name="piece" value="0"/></imgdir><imgdir name="19"><int name="x1" value="-525"/><int name="y1" value="-428"/><int name="x2" value="-478"/><int name="y2" value="-421"/><int name="prev" value="18"/><int name="next" value="20"/><int name="piece" value="0"/></imgdir><imgdir name="20"><int name="x1" value="-478"/><int name="y1" value="-421"/><int name="x2" value="-447"/><int name="y2" value="-443"/><int name="prev" value="19"/><int name="next" value="21"/><int name="piece" value="0"/></imgdir><imgdir name="21"><int name="x1" value="-447"/><int name="y1" value="-443"/><int name="x2" value="-414"/><int name="y2" value="-449"/><int name="prev" value="20"/><int name="next" value="22"/><int name="piece" value="0"/></imgdir><imgdir name="22"><int name="x1" value="-414"/><int name="y1" value="-449"/><int name="x2" value="-363"/><int name="y2" value="-444"/><int name="prev" value="21"/><int name="next" value="23"/><int name="piece" value="0"/></imgdir><imgdir name="23"><int name="x1" value="-363"/><int name="y1" value="-444"/><int name="x2" value="-295"/><int name="y2" value="-443"/><int name="prev" value="22"/><int name="next" value="24"/><int name="piece" value="0"/></imgdir><imgdir name="24"><int name="x1" value="-295"/><int name="y1" value="-443"/><int name="x2" value="-265"/><int name="y2" value="-439"/><int name="prev" value="23"/><int name="next" value="25"/><int name="piece" value="0"/></imgdir><imgdir name="25"><int name="x1" value="-265"/><int name="y1" value="-439"/><int name="x2" value="-242"/><int name="y2" value="-433"/><int name="prev" value="24"/><int name="next" value="0"/><int name="piece" value="0"/></imgdir><imgdir name="26"><int name="x1" value="-598"/><int name="y1" value="-485"/><int name="x2" value="-528"/><int name="y2" value="-484"/><int name="prev" value="0"/><int name="next" value="0"/><int name="piece" value="0"/></imgdir><imgdir name="27"><int name="x1" value="-568"/><int name="y1" value="-510"/><int name="x2" value="-498"/><int name="y2" value="-509"/><int name="prev" value="0"/><int name="next" value="0"/><int name="piece" value="0"/></imgdir><imgdir name="28"><int name="x1" value="-539"/><int name="y1" value="-529"/><int name="x2" value="-475"/><int name="y2" value="-528"/><int name="prev" value="0"/><int name="next" value="0"/><int name="piece" value="0"/></imgdir><imgdir name="29"><int name="x1" value="-517"/><int name="y1" value="-553"/><int name="x2" value="-447"/><int name="y2" value="-552"/><int name="prev" value="0"/><int name="next" value="0"/><int name="piece" value="0"/></imgdir><imgdir name="30"><int name="x1" value="-491"/><int name="y1" value="-580"/><int name="x2" value="-421"/><int name="y2" value="-579"/><int name="prev" value="0"/><int name="next" value="31"/><int name="piece" value="0"/></imgdir><imgdir name="31"><int name="x1" value="-421"/><int name="y1" value="-579"/><int name="x2" value="-369"/><int name="y2" value="-580"/><int name="prev" value="30"/><int name="next" value="32"/><int name="piece" value="0"/></imgdir><imgdir name="32"><int name="x1" value="-369"/><int name="y1" value="-580"/><int name="x2" value="-331"/><int name="y2" value="-578"/><int name="prev" value="31"/><int name="next" value="33"/><int name="piece" value="0"/></imgdir><imgdir name="33"><int name="x1" value="-331"/><int name="y1" value="-578"/><int name="x2" value="-303"/><int name="y2" value="-578"/><int name="prev" value="32"/><int name="next" value="34"/><int name="piece" value="0"/></imgdir><imgdir name="34"><int name="x1" value="-303"/><int name="y1" value="-578"/><int name="x2" value="-277"/><int name="y2" value="-572"/><int name="prev" value="33"/><int name="next" value="0"/><int name="piece" value="0"/></imgdir><imgdir name="35"><int name="x1" value="-578"/><int name="y1" value="-623"/><int name="x2" value="-538"/><int name="y2" value="-623"/><int name="prev" value="0"/><int name="next" value="36"/><int name="piece" value="0"/></imgdir><imgdir name="36"><int name="x1" value="-538"/><int name="y1" value="-623"/><int name="x2" value="-513"/><int name="y2" value="-623"/><int name="prev" value="35"/><int name="next" value="0"/><int name="piece" value="0"/></imgdir></imgdir><imgdir name="9"><imgdir name="37"><int name="x1" value="-792"/><int name="y1" value="-725"/><int name="x2" value="-770"/><int name="y2" value="-731"/><int name="prev" value="0"/><int name="next" value="38"/><int name="piece" value="1"/></imgdir><imgdir name="38"><int name="x1" value="-770"/><int name="y1" value="-731"/><int name="x2" value="-716"/><int name="y2" value="-723"/><int name="prev" value="37"/><int name="next" value="39"/><int name="piece" value="1"/></imgdir><imgdir name="39"><int name="x1" value="-716"/><int name="y1" value="-723"/><int name="x2" value="-658"/><int name="y2" value="-721"/><int name="prev" value="38"/><int name="next" value="40"/><int name="piece" value="1"/></imgdir><imgdir name="40"><int name="x1" value="-658"/><int name="y1" value="-721"/><int name="x2" value="-650"/><int name="y2" value="-715"/><int name="prev" value="39"/><int name="next" value="41"/><int name="piece" value="1"/></imgdir><imgdir name="41"><int name="x1" value="-650"/><int name="y1" value="-715"/><int name="x2" value="-635"/><int name="y2" value="-715"/><int name="prev" value="40"/><int name="next" value="42"/><int name="piece" value="1"/></imgdir><imgdir name="42"><int name="x1" value="-635"/><int name="y1" value="-715"/><int name="x2" value="-602"/><int name="y2" value="-718"/><int name="prev" value="41"/><int name="next" value="43"/><int name="piece" value="1"/></imgdir><imgdir name="43"><int name="x1" value="-602"/><int name="y1" value="-718"/><int name="x2" value="-580"/><int name="y2" value="-713"/><int name="prev" value="42"/><int name="next" value="44"/><int name="piece" value="1"/></imgdir><imgdir name="44"><int name="x1" value="-580"/><int name="y1" value="-713"/><int name="x2" value="-566"/><int name="y2" value="-709"/><int name="prev" value="43"/><int name="next" value="45"/><int name="piece" value="1"/></imgdir><imgdir name="45"><int name="x1" value="-566"/><int name="y1" value="-709"/><int name="x2" value="-546"/><int name="y2" value="-712"/><int name="prev" value="44"/><int name="next" value="46"/><int name="piece" value="1"/></imgdir><imgdir name="46"><int name="x1" value="-546"/><int name="y1" value="-712"/><int name="x2" value="-516"/><int name="y2" value="-708"/><int name="prev" value="45"/><int name="next" value="47"/><int name="piece" value="1"/></imgdir><imgdir name="47"><int name="x1" value="-516"/><int name="y1" value="-708"/><int name="x2" value="-493"/><int name="y2" value="-707"/><int name="prev" value="46"/><int name="next" value="48"/><int name="piece" value="1"/></imgdir><imgdir name="48"><int name="x1" value="-493"/><int name="y1" value="-707"/><int name="x2" value="-479"/><int name="y2" value="-706"/><int name="prev" value="47"/><int name="next" value="49"/><int name="piece" value="1"/></imgdir><imgdir name="49"><int name="x1" value="-479"/><int name="y1" value="-706"/><int name="x2" value="-461"/><int name="y2" value="-699"/><int name="prev" value="48"/><int name="next" value="50"/><int name="piece" value="1"/></imgdir><imgdir name="50"><int name="x1" value="-461"/><int name="y1" value="-699"/><int name="x2" value="-382"/><int name="y2" value="-697"/><int name="prev" value="49"/><int name="next" value="0"/><int name="piece" value="1"/></imgdir></imgdir><imgdir name="11"><imgdir name="51"><int name="x1" value="-713"/><int name="y1" value="-976"/><int name="x2" value="-687"/><int name="y2" value="-975"/><int name="prev" value="0"/><int name="next" value="52"/><int name="piece" value="2"/></imgdir><imgdir name="52"><int name="x1" value="-687"/><int name="y1" value="-975"/><int name="x2" value="-674"/><int name="y2" value="-970"/><int name="prev" value="51"/><int name="next" value="53"/><int name="piece" value="2"/></imgdir><imgdir name="53"><int name="x1" value="-674"/><int name="y1" value="-970"/><int name="x2" value="-637"/><int name="y2" value="-972"/><int name="prev" value="52"/><int name="next" value="54"/><int name="piece" value="2"/></imgdir><imgdir name="54"><int name="x1" value="-637"/><int name="y1" value="-972"/><int name="x2" value="-567"/><int name="y2" value="-974"/><int name="prev" value="53"/><int name="next" value="55"/><int name="piece" value="2"/></imgdir><imgdir name="55"><int name="x1" value="-567"/><int name="y1" value="-974"/><int name="x2" value="-553"/><int name="y2" value="-970"/><int name="prev" value="54"/><int name="next" value="56"/><int name="piece" value="2"/></imgdir><imgdir name="56"><int name="x1" value="-553"/><int name="y1" value="-970"/><int name="x2" value="-523"/><int name="y2" value="-966"/><int name="prev" value="55"/><int name="next" value="57"/><int name="piece" value="2"/></imgdir><imgdir name="57"><int name="x1" value="-523"/><int name="y1" value="-966"/><int name="x2" value="-513"/><int name="y2" value="-973"/><int name="prev" value="56"/><int name="next" value="58"/><int name="piece" value="2"/></imgdir><imgdir name="58"><int name="x1" value="-513"/><int name="y1" value="-973"/><int name="x2" value="-487"/><int name="y2" value="-967"/><int name="prev" value="57"/><int name="next" value="59"/><int name="piece" value="2"/></imgdir><imgdir name="59"><int name="x1" value="-487"/><int name="y1" value="-967"/><int name="x2" value="-457"/><int name="y2" value="-963"/><int name="prev" value="58"/><int name="next" value="60"/><int name="piece" value="2"/></imgdir><imgdir name="60"><int name="x1" value="-457"/><int name="y1" value="-963"/><int name="x2" value="-449"/><int name="y2" value="-967"/><int name="prev" value="59"/><int name="next" value="61"/><int name="piece" value="2"/></imgdir><imgdir name="61"><int name="x1" value="-449"/><int name="y1" value="-967"/><int name="x2" value="-428"/><int name="y2" value="-957"/><int name="prev" value="60"/><int name="next" value="62"/><int name="piece" value="2"/></imgdir><imgdir name="62"><int name="x1" value="-428"/><int name="y1" value="-957"/><int name="x2" value="-392"/><int name="y2" value="-942"/><int name="prev" value="61"/><int name="next" value="0"/><int name="piece" value="2"/></imgdir></imgdir></imgdir></imgdir><imgdir name="ladderRope"><imgdir name="1"><int name="l" value="0"/><int name="uf" value="1"/><int name="x" value="-615"/><int name="y1" value="-714"/><int name="y2" value="-479"/><int name="page" value="3"/></imgdir><imgdir name="2"><int name="l" value="0"/><int name="uf" value="1"/><int name="x" value="-515"/><int name="y1" value="-969"/><int name="y2" value="-732"/><int name="page" value="3"/></imgdir><imgdir name="3"><int name="l" value="0"/><int name="uf" value="1"/><int name="x" value="-771"/><int name="y1" value="-449"/><int name="y2" value="-283"/><int name="page" value="7"/></imgdir><imgdir name="4"><int name="l" value="0"/><int name="uf" value="0"/><int name="x" value="-770"/><int name="y1" value="-276"/><int name="y2" value="-245"/><int name="page" value="7"/></imgdir></imgdir><imgdir name="miniMap"><canvas name="canvas" width="67" height="74"><string name="_hash" value="4d8bff0a910faa56bf1f15d590f46ef3c5a353abe5ec232242578a92c72a8580"/></canvas><int name="width" value="1086"/><int name="height" value="1186"/><int name="centerX" value="1128"/><int name="centerY" value="1293"/><int name="mag" value="4"/></imgdir><imgdir name="portal"><imgdir name="0"><string name="pn" value="sp"/><int name="pt" value="0"/><int name="x" value="-667"/><int name="y" value="-529"/><int name="tm" value="999999999"/><string name="tn" value=""/><int name="horizontalImpact" value="0"/></imgdir><imgdir name="1"><string name="pn" value="st00"/><int name="pt" value="1"/><int name="x" value="-771"/><int name="y" value="-457"/><int name="tm" value="999999999"/><string name="tn" value="st00"/><int name="horizontalImpact" value="0"/></imgdir><imgdir name="2"><string name="pn" value="out07"/><int name="pt" value="3"/><int name="x" value="-329"/><int name="y" value="-250"/><int name="tm" value="101050200"/><string name="tn" value="east00"/><int name="horizontalImpact" value="0"/><string name="script" value=""/><int name="hideTooltip" value="0"/><int name="onlyOnce" value="0"/><int name="delay" value="0"/></imgdir><imgdir name="3"><string name="pn" value="out08"/><int name="pt" value="3"/><int name="x" value="-229"/><int name="y" value="-250"/><int name="tm" value="101050200"/><string name="tn" value="east00"/><int name="horizontalImpact" value="0"/><string name="script" value=""/><int name="hideTooltip" value="0"/><int name="onlyOnce" value="0"/><int name="delay" value="0"/></imgdir><imgdir name="4"><string name="pn" value="out00"/><int name="pt" value="3"/><int name="x" value="-1029"/><int name="y" value="-251"/><int name="tm" value="101050200"/><string name="tn" value="east00"/><int name="horizontalImpact" value="0"/><string name="script" value=""/><int name="hideTooltip" value="0"/><int name="onlyOnce" value="0"/><int name="delay" value="0"/></imgdir><imgdir name="5"><string name="pn" value="out01"/><int name="pt" value="3"/><int name="x" value="-929"/><int name="y" value="-250"/><int name="tm" value="101050200"/><string name="tn" value="east00"/><int name="horizontalImpact" value="0"/><string name="script" value=""/><int name="hideTooltip" value="0"/><int name="onlyOnce" value="0"/><int name="delay" value="0"/></imgdir><imgdir name="6"><string name="pn" value="out02"/><int name="pt" value="3"/><int name="x" value="-829"/><int name="y" value="-250"/><int name="tm" value="101050200"/><string name="tn" value="east00"/><int name="horizontalImpact" value="0"/><string name="script" value=""/><int name="hideTooltip" value="0"/><int name="onlyOnce" value="0"/><int name="delay" value="0"/></imgdir><imgdir name="7"><string name="pn" value="out03"/><int name="pt" value="3"/><int name="x" value="-729"/><int name="y" value="-250"/><int name="tm" value="101050200"/><string name="tn" value="east00"/><int name="horizontalImpact" value="0"/><string name="script" value=""/><int name="hideTooltip" value="0"/><int name="onlyOnce" value="0"/><int name="delay" value="0"/></imgdir><imgdir name="8"><string name="pn" value="out04"/><int name="pt" value="3"/><int name="x" value="-629"/><int name="y" value="-250"/><int name="tm" value="101050200"/><string name="tn" value="east00"/><int name="horizontalImpact" value="0"/><string name="script" value=""/><int name="hideTooltip" value="0"/><int name="onlyOnce" value="0"/><int name="delay" value="0"/></imgdir><imgdir name="9"><string name="pn" value="out05"/><int name="pt" value="3"/><int name="x" value="-529"/><int name="y" value="-250"/><int name="tm" value="101050200"/><string name="tn" value="east00"/><int name="horizontalImpact" value="0"/><string name="script" value=""/><int name="hideTooltip" value="0"/><int name="onlyOnce" value="0"/><int name="delay" value="0"/></imgdir><imgdir name="10"><string name="pn" value="out06"/><int name="pt" value="3"/><int name="x" value="-429"/><int name="y" value="-250"/><int name="tm" value="101050200"/><string name="tn" value="east00"/><int name="horizontalImpact" value="0"/><string name="script" value=""/><int name="hideTooltip" value="0"/><int name="onlyOnce" value="0"/><int name="delay" value="0"/></imgdir></imgdir></imgdir>