<?xml version="1.0" encoding="UTF-8" standalone="yes"?><imgdir name="910150010.img"><imgdir name="info"><int name="version" value="10"/><int name="cloud" value="0"/><int name="town" value="0"/><int name="swim" value="0"/><int name="returnMap" value="910150003"/><int name="forcedReturn" value="910150003"/><float name="mobRate" value="2.5"/><string name="bgm" value="Bgm25/FlowerInBlue"/><string name="mapMark" value="SilentEurel"/><int name="fly" value="0"/><int name="noMapCmd" value="0"/><int name="hideMinimap" value="0"/><int name="fieldLimit" value="3009276"/><int name="VRTop" value="-870"/><int name="VRLeft" value="-3590"/><int name="VRBottom" value="191"/><int name="VRRight" value="-1208"/><string name="fieldScript" value=""/><string name="onFirstUserEnter" value=""/><string name="onUserEnter" value="merOutStandAlone"/><int name="fieldType" value="22"/><string name="link" value="910150003"/></imgdir></imgdir>