<?xml version="1.0" encoding="UTF-8" standalone="yes"?><imgdir name="910150003.img"><imgdir name="info"><int name="version" value="10"/><int name="cloud" value="0"/><int name="town" value="0"/><int name="swim" value="0"/><int name="returnMap" value="910150003"/><int name="forcedReturn" value="910150003"/><float name="mobRate" value="2.5"/><string name="bgm" value="Bgm25/FlowerInBlue"/><string name="mapMark" value="SilentEurel"/><int name="fly" value="0"/><int name="noMapCmd" value="0"/><int name="hideMinimap" value="0"/><int name="fieldLimit" value="3009276"/><int name="VRTop" value="-870"/><int name="VRLeft" value="-3590"/><int name="VRBottom" value="191"/><int name="VRRight" value="-1208"/><string name="fieldScript" value=""/><string name="onFirstUserEnter" value=""/><string name="onUserEnter" value="merOutStandAlone"/><int name="fieldType" value="22"/></imgdir><imgdir name="back"><imgdir name="0"><string name="bS" value="eurel"/><int name="front" value="0"/><int name="ani" value="0"/><int name="no" value="0"/><int name="f" value="0"/><int name="x" value="0"/><int name="y" value="0"/><int name="rx" value="0"/><int name="ry" value="0"/><int name="type" value="3"/><int name="cx" value="0"/><int name="cy" value="0"/><int name="a" value="255"/></imgdir><imgdir name="1"><string name="bS" value="eurel"/><int name="front" value="0"/><int name="ani" value="0"/><int name="no" value="1"/><int name="f" value="0"/><int name="x" value="8"/><int name="y" value="-263"/><int name="rx" value="0"/><int name="ry" value="-100"/><int name="type" value="1"/><int name="cx" value="0"/><int name="cy" value="0"/><int name="a" value="255"/></imgdir><imgdir name="2"><string name="bS" value="eurel"/><int name="front" value="0"/><int name="ani" value="0"/><int name="no" value="2"/><int name="f" value="0"/><int name="x" value="-413"/><int name="y" value="-385"/><int name="rx" value="-3"/><int name="ry" value="-50"/><int name="type" value="4"/><int name="cx" value="0"/><int name="cy" value="0"/><int name="a" value="255"/></imgdir><imgdir name="3"><string name="bS" value="eurel"/><int name="front" value="0"/><int name="ani" value="0"/><int name="no" value="3"/><int name="f" value="0"/><int name="x" value="0"/><int name="y" value="-107"/><int name="rx" value="-15"/><int name="ry" value="-60"/><int name="type" value="1"/><int name="cx" value="0"/><int name="cy" value="0"/><int name="a" value="255"/></imgdir><imgdir name="4"><string name="bS" value="eurel"/><int name="front" value="0"/><int name="ani" value="0"/><int name="no" value="3"/><int name="f" value="0"/><int name="x" value="-111"/><int name="y" value="-77"/><int name="rx" value="-20"/><int name="ry" value="-80"/><int name="type" value="1"/><int name="cx" value="0"/><int name="cy" value="0"/><int name="a" value="255"/></imgdir><imgdir name="5"><string name="bS" value="eurel"/><int name="front" value="0"/><int name="ani" value="0"/><int name="no" value="4"/><int name="f" value="0"/><int name="x" value="12"/><int name="y" value="-103"/><int name="rx" value="-40"/><int name="ry" value="-100"/><int name="type" value="1"/><int name="cx" value="0"/><int name="cy" value="0"/><int name="a" value="255"/></imgdir><imgdir name="6"><string name="bS" value="eurel"/><int name="front" value="0"/><int name="ani" value="0"/><int name="no" value="5"/><int name="f" value="0"/><int name="x" value="-673"/><int name="y" value="-428"/><int name="rx" value="-50"/><int name="ry" value="-100"/><int name="type" value="0"/><int name="cx" value="0"/><int name="cy" value="0"/><int name="a" value="255"/></imgdir><imgdir name="7"><string name="bS" value="eurel"/><int name="front" value="0"/><int name="ani" value="0"/><int name="no" value="5"/><int name="f" value="1"/><int name="x" value="-1700"/><int name="y" value="-419"/><int name="rx" value="-50"/><int name="ry" value="-100"/><int name="type" value="0"/><int name="cx" value="0"/><int name="cy" value="0"/><int name="a" value="255"/></imgdir><imgdir name="8"><string name="bS" value="eurel"/><int name="front" value="0"/><int name="ani" value="0"/><int name="no" value="6"/><int name="f" value="0"/><int name="x" value="66"/><int name="y" value="-196"/><int name="rx" value="-60"/><int name="ry" value="-100"/><int name="type" value="1"/><int name="cx" value="0"/><int name="cy" value="0"/><int name="a" value="255"/></imgdir><imgdir name="9"><string name="bS" value="eurel"/><int name="front" value="0"/><int name="ani" value="0"/><int name="no" value="7"/><int name="f" value="0"/><int name="x" value="-72"/><int name="y" value="-47"/><int name="rx" value="-1"/><int name="ry" value="-100"/><int name="type" value="4"/><int name="cx" value="1200"/><int name="cy" value="0"/><int name="a" value="255"/></imgdir><imgdir name="10"><string name="bS" value="eurel"/><int name="front" value="0"/><int name="ani" value="0"/><int name="no" value="8"/><int name="f" value="0"/><int name="x" value="-411"/><int name="y" value="-51"/><int name="rx" value="-1"/><int name="ry" value="-100"/><int name="type" value="4"/><int name="cx" value="1200"/><int name="cy" value="0"/><int name="a" value="255"/></imgdir><imgdir name="11"><string name="bS" value="eurel"/><int name="front" value="0"/><int name="ani" value="0"/><int name="no" value="9"/><int name="f" value="0"/><int name="x" value="261"/><int name="y" value="-24"/><int name="rx" value="-1"/><int name="ry" value="-100"/><int name="type" value="4"/><int name="cx" value="1200"/><int name="cy" value="0"/><int name="a" value="255"/></imgdir><imgdir name="12"><string name="bS" value="eurel"/><int name="front" value="0"/><int name="ani" value="0"/><int name="no" value="10"/><int name="f" value="0"/><int name="x" value="-21"/><int name="y" value="-271"/><int name="rx" value="-70"/><int name="ry" value="-100"/><int name="type" value="1"/><int name="cx" value="0"/><int name="cy" value="0"/><int name="a" value="255"/></imgdir><imgdir name="13"><string name="bS" value="eurel"/><int name="front" value="0"/><int name="ani" value="1"/><int name="no" value="0"/><int name="f" value="0"/><int name="x" value="-655"/><int name="y" value="-94"/><int name="rx" value="-75"/><int name="ry" value="-100"/><int name="type" value="1"/><int name="cx" value="900"/><int name="cy" value="0"/><int name="a" value="255"/></imgdir><imgdir name="14"><string name="bS" value="eurel"/><int name="front" value="0"/><int name="ani" value="1"/><int name="no" value="1"/><int name="f" value="0"/><int name="x" value="487"/><int name="y" value="-71"/><int name="rx" value="-75"/><int name="ry" value="-100"/><int name="type" value="1"/><int name="cx" value="1200"/><int name="cy" value="0"/><int name="a" value="255"/></imgdir><imgdir name="15"><string name="bS" value="eurel"/><int name="front" value="0"/><int name="ani" value="1"/><int name="no" value="2"/><int name="f" value="0"/><int name="x" value="-365"/><int name="y" value="-64"/><int name="rx" value="-75"/><int name="ry" value="-100"/><int name="type" value="1"/><int name="cx" value="1500"/><int name="cy" value="0"/><int name="a" value="255"/></imgdir><imgdir name="16"><string name="bS" value="eurel"/><int name="front" value="0"/><int name="ani" value="1"/><int name="no" value="3"/><int name="f" value="0"/><int name="x" value="-1391"/><int name="y" value="-49"/><int name="rx" value="-75"/><int name="ry" value="-100"/><int name="type" value="1"/><int name="cx" value="2600"/><int name="cy" value="0"/><int name="a" value="255"/></imgdir><imgdir name="17"><string name="bS" value="eurel"/><int name="front" value="0"/><int name="ani" value="0"/><int name="no" value="11"/><int name="f" value="0"/><int name="x" value="-1835"/><int name="y" value="-265"/><int name="rx" value="-80"/><int name="ry" value="-100"/><int name="type" value="1"/><int name="cx" value="3500"/><int name="cy" value="0"/><int name="a" value="255"/></imgdir><imgdir name="18"><string name="bS" value="eurel"/><int name="front" value="0"/><int name="ani" value="0"/><int name="no" value="12"/><int name="f" value="0"/><int name="x" value="2339"/><int name="y" value="-227"/><int name="rx" value="-80"/><int name="ry" value="-100"/><int name="type" value="1"/><int name="cx" value="3500"/><int name="cy" value="0"/><int name="a" value="255"/></imgdir><imgdir name="19"><string name="bS" value="eurel"/><int name="front" value="0"/><int name="ani" value="0"/><int name="no" value="13"/><int name="f" value="0"/><int name="x" value="3022"/><int name="y" value="-252"/><int name="rx" value="-80"/><int name="ry" value="-100"/><int name="type" value="1"/><int name="cx" value="3500"/><int name="cy" value="0"/><int name="a" value="255"/></imgdir><imgdir name="20"><string name="bS" value="eurel"/><int name="front" value="0"/><int name="ani" value="0"/><int name="no" value="14"/><int name="f" value="0"/><int name="x" value="259"/><int name="y" value="-163"/><int name="rx" value="-80"/><int name="ry" value="-100"/><int name="type" value="1"/><int name="cx" value="3500"/><int name="cy" value="0"/><int name="a" value="255"/></imgdir><imgdir name="22"><string name="bS" value="eurel"/><int name="front" value="0"/><int name="ani" value="0"/><int name="no" value="24"/><int name="f" value="1"/><int name="x" value="-1506"/><int name="y" value="-95"/><int name="rx" value="-95"/><int name="ry" value="-100"/><int name="type" value="0"/><int name="cx" value="0"/><int name="cy" value="0"/><int name="a" value="255"/></imgdir><imgdir name="23"><string name="bS" value="eurel"/><int name="front" value="0"/><int name="ani" value="0"/><int name="no" value="25"/><int name="f" value="1"/><int name="x" value="-1445"/><int name="y" value="-313"/><int name="rx" value="-95"/><int name="ry" value="-100"/><int name="type" value="0"/><int name="cx" value="0"/><int name="cy" value="0"/><int name="a" value="255"/></imgdir><imgdir name="24"><string name="bS" value="eurel"/><int name="front" value="0"/><int name="ani" value="1"/><int name="no" value="4"/><int name="f" value="1"/><int name="x" value="-1351"/><int name="y" value="-474"/><int name="rx" value="-95"/><int name="ry" value="-100"/><int name="type" value="0"/><int name="cx" value="0"/><int name="cy" value="0"/><int name="a" value="255"/></imgdir><imgdir name="21"><string name="bS" value="eurel"/><int name="front" value="0"/><int name="ani" value="0"/><int name="no" value="15"/><int name="f" value="0"/><int name="x" value="4397"/><int name="y" value="-318"/><int name="rx" value="-80"/><int name="ry" value="-100"/><int name="type" value="1"/><int name="cx" value="3500"/><int name="cy" value="0"/><int name="a" value="255"/></imgdir><imgdir name="26"><string name="bS" value="eurel"/><int name="front" value="0"/><int name="ani" value="1"/><int name="no" value="5"/><int name="f" value="1"/><int name="x" value="-1572"/><int name="y" value="-98"/><int name="rx" value="-95"/><int name="ry" value="-100"/><int name="type" value="0"/><int name="cx" value="0"/><int name="cy" value="0"/><int name="a" value="255"/></imgdir><imgdir name="29"><string name="bS" value="minar"/><int name="front" value="0"/><int name="ani" value="1"/><int name="no" value="0"/><int name="f" value="0"/><int name="x" value="-155"/><int name="y" value="-524"/><int name="rx" value="-80"/><int name="ry" value="-50"/><int name="type" value="1"/><int name="cx" value="2800"/><int name="cy" value="0"/><int name="a" value="255"/></imgdir><imgdir name="30"><string name="bS" value="minar"/><int name="front" value="0"/><int name="ani" value="1"/><int name="no" value="1"/><int name="f" value="0"/><int name="x" value="332"/><int name="y" value="-596"/><int name="rx" value="-80"/><int name="ry" value="-50"/><int name="type" value="1"/><int name="cx" value="2700"/><int name="cy" value="0"/><int name="a" value="255"/></imgdir><imgdir name="31"><string name="bS" value="minar"/><int name="front" value="0"/><int name="ani" value="1"/><int name="no" value="2"/><int name="f" value="0"/><int name="x" value="-900"/><int name="y" value="-536"/><int name="rx" value="-80"/><int name="ry" value="-50"/><int name="type" value="1"/><int name="cx" value="2600"/><int name="cy" value="0"/><int name="a" value="255"/></imgdir><imgdir name="32"><string name="bS" value="minar"/><int name="front" value="0"/><int name="ani" value="1"/><int name="no" value="3"/><int name="f" value="0"/><int name="x" value="-1409"/><int name="y" value="-543"/><int name="rx" value="-80"/><int name="ry" value="-50"/><int name="type" value="1"/><int name="cx" value="2500"/><int name="cy" value="0"/><int name="a" value="255"/></imgdir><imgdir name="33"><string name="bS" value="minar"/><int name="front" value="0"/><int name="ani" value="1"/><int name="no" value="4"/><int name="f" value="0"/><int name="x" value="4724"/><int name="y" value="-589"/><int name="rx" value="-80"/><int name="ry" value="-50"/><int name="type" value="1"/><int name="cx" value="2400"/><int name="cy" value="0"/><int name="a" value="255"/></imgdir><imgdir name="25"><string name="bS" value="eurel"/><int name="front" value="0"/><int name="ani" value="0"/><int name="no" value="26"/><int name="f" value="1"/><int name="x" value="-1329"/><int name="y" value="-589"/><int name="rx" value="-95"/><int name="ry" value="-100"/><int name="type" value="0"/><int name="cx" value="0"/><int name="cy" value="0"/><int name="a" value="255"/></imgdir><imgdir name="34"><string name="bS" value="dragonRoad"/><int name="front" value="1"/><int name="ani" value="0"/><int name="no" value="41"/><int name="f" value="0"/><int name="x" value="0"/><int name="y" value="0"/><int name="rx" value="0"/><int name="ry" value="0"/><int name="type" value="3"/><int name="cx" value="0"/><int name="cy" value="0"/><int name="a" value="255"/></imgdir><imgdir name="35"><string name="bS" value="dragonRoad"/><int name="front" value="1"/><int name="ani" value="1"/><int name="no" value="14"/><int name="f" value="0"/><int name="x" value="0"/><int name="y" value="0"/><int name="rx" value="0"/><int name="ry" value="0"/><int name="type" value="0"/><int name="cx" value="0"/><int name="cy" value="0"/><int name="a" value="255"/></imgdir><imgdir name="27"><string name="bS" value="eurel"/><int name="front" value="0"/><int name="ani" value="1"/><int name="no" value="6"/><int name="f" value="1"/><int name="x" value="-1408"/><int name="y" value="-118"/><int name="rx" value="-95"/><int name="ry" value="-100"/><int name="type" value="0"/><int name="cx" value="0"/><int name="cy" value="0"/><int name="a" value="255"/></imgdir><imgdir name="36"><string name="bS" value="dragonRoad"/><int name="front" value="1"/><int name="ani" value="1"/><int name="no" value="15"/><int name="f" value="0"/><int name="x" value="0"/><int name="y" value="0"/><int name="rx" value="0"/><int name="ry" value="0"/><int name="type" value="0"/><int name="cx" value="0"/><int name="cy" value="0"/><int name="a" value="255"/></imgdir><imgdir name="28"><string name="bS" value="eurel"/><int name="front" value="0"/><int name="ani" value="1"/><int name="no" value="7"/><int name="f" value="1"/><int name="x" value="-1402"/><int name="y" value="-123"/><int name="rx" value="-95"/><int name="ry" value="-100"/><int name="type" value="0"/><int name="cx" value="0"/><int name="cy" value="0"/><int name="a" value="255"/></imgdir><imgdir name="37"><string name="bS" value="dragonRoad"/><int name="front" value="1"/><int name="ani" value="1"/><int name="no" value="16"/><int name="f" value="0"/><int name="x" value="0"/><int name="y" value="0"/><int name="rx" value="0"/><int name="ry" value="0"/><int name="type" value="0"/><int name="cx" value="0"/><int name="cy" value="0"/><int name="a" value="255"/></imgdir></imgdir><imgdir name="life"></imgdir><imgdir name="reactor"></imgdir><imgdir name="0"><imgdir name="info"></imgdir><imgdir name="tile"></imgdir><imgdir name="obj"></imgdir></imgdir><imgdir name="1"><imgdir name="info"></imgdir><imgdir name="tile"></imgdir><imgdir name="obj"><imgdir name="0"><string name="oS" value="acc2"/><string name="l0" value="elfFerest"/><string name="l1" value="tree"/><string name="l2" value="0"/><int name="x" value="-1937"/><int name="y" value="-237"/><int name="z" value="9"/><int name="f" value="0"/><int name="zM" value="0"/><int name="r" value="0"/><int name="move" value="0"/><int name="dynamic" value="0"/><int name="piece" value="0"/></imgdir><imgdir name="1"><string name="oS" value="acc2"/><string name="l0" value="elfFerest"/><string name="l1" value="tree"/><string name="l2" value="10"/><int name="x" value="-2348"/><int name="y" value="-563"/><int name="z" value="9"/><int name="f" value="0"/><int name="zM" value="0"/><int name="r" value="0"/><int name="move" value="0"/><int name="dynamic" value="0"/><int name="piece" value="1"/></imgdir><imgdir name="2"><string name="oS" value="acc2"/><string name="l0" value="elfFerest"/><string name="l1" value="tree"/><string name="l2" value="8"/><int name="x" value="-3072"/><int name="y" value="-201"/><int name="z" value="9"/><int name="f" value="0"/><int name="zM" value="0"/><int name="r" value="0"/><int name="move" value="0"/><int name="dynamic" value="0"/><int name="piece" value="2"/></imgdir><imgdir name="3"><string name="oS" value="acc2"/><string name="l0" value="elfFerest"/><string name="l1" value="tree"/><string name="l2" value="9"/><int name="x" value="-3060"/><int name="y" value="-171"/><int name="z" value="8"/><int name="f" value="0"/><int name="zM" value="0"/><int name="r" value="0"/><int name="move" value="0"/><int name="dynamic" value="0"/><int name="piece" value="3"/></imgdir><imgdir name="4"><string name="oS" value="acc2"/><string name="l0" value="elfFerest"/><string name="l1" value="tree"/><string name="l2" value="11"/><int name="x" value="-2327"/><int name="y" value="-524"/><int name="z" value="8"/><int name="f" value="0"/><int name="zM" value="0"/><int name="r" value="0"/><int name="move" value="0"/><int name="dynamic" value="0"/><int name="piece" value="4"/></imgdir><imgdir name="5"><string name="oS" value="acc2"/><string name="l0" value="elfFerest"/><string name="l1" value="tree"/><string name="l2" value="1"/><int name="x" value="-1955"/><int name="y" value="-105"/><int name="z" value="8"/><int name="f" value="0"/><int name="zM" value="0"/><int name="r" value="0"/><int name="move" value="0"/><int name="dynamic" value="0"/><int name="piece" value="5"/></imgdir></imgdir></imgdir><imgdir name="2"><imgdir name="info"></imgdir><imgdir name="tile"></imgdir><imgdir name="obj"><imgdir name="0"><string name="oS" value="acc2"/><string name="l0" value="elfFerest"/><string name="l1" value="nature"/><string name="l2" value="0"/><int name="x" value="-3403"/><int name="y" value="-133"/><int name="z" value="9"/><int name="f" value="0"/><int name="zM" value="0"/><int name="r" value="0"/><int name="move" value="0"/><int name="dynamic" value="0"/><int name="piece" value="0"/></imgdir><imgdir name="1"><string name="oS" value="acc2"/><string name="l0" value="elfFerest"/><string name="l1" value="nature"/><string name="l2" value="1"/><int name="x" value="-3087"/><int name="y" value="-696"/><int name="z" value="9"/><int name="f" value="0"/><int name="zM" value="0"/><int name="r" value="0"/><int name="move" value="0"/><int name="dynamic" value="0"/><int name="piece" value="1"/></imgdir><imgdir name="2"><string name="oS" value="acc2"/><string name="l0" value="elfFerest"/><string name="l1" value="nature"/><string name="l2" value="2"/><int name="x" value="-3075"/><int name="y" value="-685"/><int name="z" value="9"/><int name="f" value="0"/><int name="zM" value="0"/><int name="r" value="0"/><int name="move" value="0"/><int name="dynamic" value="0"/><int name="piece" value="2"/></imgdir><imgdir name="3"><string name="oS" value="acc2"/><string name="l0" value="elfFerest"/><string name="l1" value="nature"/><string name="l2" value="11"/><int name="x" value="-2595"/><int name="y" value="-61"/><int name="z" value="9"/><int name="f" value="0"/><int name="zM" value="0"/><int name="r" value="0"/><int name="move" value="0"/><int name="dynamic" value="0"/><int name="piece" value="3"/></imgdir><imgdir name="4"><string name="oS" value="acc2"/><string name="l0" value="elfFerest"/><string name="l1" value="nature"/><string name="l2" value="10"/><int name="x" value="-2465"/><int name="y" value="-228"/><int name="z" value="9"/><int name="f" value="0"/><int name="zM" value="0"/><int name="r" value="0"/><int name="move" value="0"/><int name="dynamic" value="0"/><int name="piece" value="4"/></imgdir><imgdir name="5"><string name="oS" value="acc2"/><string name="l0" value="elfFerest"/><string name="l1" value="nature"/><string name="l2" value="12"/><int name="x" value="-2603"/><int name="y" value="-29"/><int name="z" value="10"/><int name="f" value="0"/><int name="zM" value="0"/><int name="r" value="0"/><int name="move" value="0"/><int name="dynamic" value="0"/><int name="piece" value="5"/></imgdir></imgdir></imgdir><imgdir name="3"><imgdir name="info"></imgdir><imgdir name="tile"></imgdir><imgdir name="obj"><imgdir name="0"><string name="oS" value="acc2"/><string name="l0" value="elfTW"/><string name="l1" value="door"/><string name="l2" value="4"/><int name="x" value="-1272"/><int name="y" value="-43"/><int name="z" value="9"/><int name="f" value="0"/><int name="zM" value="5"/><int name="r" value="0"/><int name="move" value="0"/><int name="dynamic" value="0"/><int name="piece" value="0"/></imgdir><imgdir name="1"><string name="oS" value="acc2"/><string name="l0" value="elfTW"/><string name="l1" value="door"/><string name="l2" value="5"/><int name="x" value="-1302"/><int name="y" value="-282"/><int name="z" value="9"/><int name="f" value="0"/><int name="zM" value="5"/><int name="r" value="0"/><int name="move" value="0"/><int name="dynamic" value="0"/><int name="piece" value="1"/></imgdir><imgdir name="2"><string name="oS" value="acc2"/><string name="l0" value="elfTW"/><string name="l1" value="door"/><string name="l2" value="6"/><int name="x" value="-1298"/><int name="y" value="-683"/><int name="z" value="9"/><int name="f" value="0"/><int name="zM" value="44"/><int name="r" value="0"/><int name="move" value="0"/><int name="dynamic" value="0"/><int name="piece" value="2"/></imgdir><imgdir name="3"><string name="oS" value="acc2"/><string name="l0" value="elfFerest"/><string name="l1" value="tile"/><string name="l2" value="11"/><int name="x" value="-2976"/><int name="y" value="-303"/><int name="z" value="9"/><int name="f" value="0"/><int name="zM" value="33"/><int name="r" value="0"/><int name="move" value="0"/><int name="dynamic" value="0"/><int name="piece" value="3"/></imgdir><imgdir name="4"><string name="oS" value="acc2"/><string name="l0" value="elfFerest"/><string name="l1" value="tile"/><string name="l2" value="12"/><int name="x" value="-2914"/><int name="y" value="-303"/><int name="z" value="9"/><int name="f" value="0"/><int name="zM" value="31"/><int name="r" value="0"/><int name="move" value="0"/><int name="dynamic" value="0"/><int name="piece" value="4"/></imgdir><imgdir name="5"><string name="oS" value="acc2"/><string name="l0" value="elfFerest"/><string name="l1" value="tile"/><string name="l2" value="13"/><int name="x" value="-2823"/><int name="y" value="-303"/><int name="z" value="9"/><int name="f" value="0"/><int name="zM" value="28"/><int name="r" value="0"/><int name="move" value="0"/><int name="dynamic" value="0"/><int name="piece" value="5"/></imgdir><imgdir name="6"><string name="oS" value="acc2"/><string name="l0" value="elfFerest"/><string name="l1" value="tile"/><string name="l2" value="14"/><int name="x" value="-2733"/><int name="y" value="-303"/><int name="z" value="9"/><int name="f" value="0"/><int name="zM" value="25"/><int name="r" value="0"/><int name="move" value="0"/><int name="dynamic" value="0"/><int name="piece" value="6"/></imgdir><imgdir name="7"><string name="oS" value="acc2"/><string name="l0" value="elfFerest"/><string name="l1" value="tile"/><string name="l2" value="12"/><int name="x" value="-2644"/><int name="y" value="-303"/><int name="z" value="9"/><int name="f" value="0"/><int name="zM" value="30"/><int name="r" value="0"/><int name="move" value="0"/><int name="dynamic" value="0"/><int name="piece" value="7"/></imgdir><imgdir name="8"><string name="oS" value="acc2"/><string name="l0" value="elfFerest"/><string name="l1" value="tile"/><string name="l2" value="13"/><int name="x" value="-2553"/><int name="y" value="-303"/><int name="z" value="9"/><int name="f" value="0"/><int name="zM" value="26"/><int name="r" value="0"/><int name="move" value="0"/><int name="dynamic" value="0"/><int name="piece" value="8"/></imgdir><imgdir name="9"><string name="oS" value="acc2"/><string name="l0" value="elfFerest"/><string name="l1" value="tile"/><string name="l2" value="14"/><int name="x" value="-2463"/><int name="y" value="-303"/><int name="z" value="9"/><int name="f" value="0"/><int name="zM" value="22"/><int name="r" value="0"/><int name="move" value="0"/><int name="dynamic" value="0"/><int name="piece" value="9"/></imgdir><imgdir name="10"><string name="oS" value="acc2"/><string name="l0" value="elfFerest"/><string name="l1" value="tile"/><string name="l2" value="14"/><int name="x" value="-2373"/><int name="y" value="-303"/><int name="z" value="9"/><int name="f" value="0"/><int name="zM" value="23"/><int name="r" value="0"/><int name="move" value="0"/><int name="dynamic" value="0"/><int name="piece" value="10"/></imgdir><imgdir name="11"><string name="oS" value="acc2"/><string name="l0" value="elfFerest"/><string name="l1" value="tile"/><string name="l2" value="12"/><int name="x" value="-2284"/><int name="y" value="-303"/><int name="z" value="9"/><int name="f" value="0"/><int name="zM" value="29"/><int name="r" value="0"/><int name="move" value="0"/><int name="dynamic" value="0"/><int name="piece" value="11"/></imgdir><imgdir name="12"><string name="oS" value="acc2"/><string name="l0" value="elfFerest"/><string name="l1" value="tile"/><string name="l2" value="13"/><int name="x" value="-2193"/><int name="y" value="-303"/><int name="z" value="9"/><int name="f" value="0"/><int name="zM" value="27"/><int name="r" value="0"/><int name="move" value="0"/><int name="dynamic" value="0"/><int name="piece" value="12"/></imgdir><imgdir name="13"><string name="oS" value="acc2"/><string name="l0" value="elfFerest"/><string name="l1" value="tile"/><string name="l2" value="14"/><int name="x" value="-2103"/><int name="y" value="-303"/><int name="z" value="9"/><int name="f" value="0"/><int name="zM" value="24"/><int name="r" value="0"/><int name="move" value="0"/><int name="dynamic" value="0"/><int name="piece" value="13"/></imgdir><imgdir name="14"><string name="oS" value="acc2"/><string name="l0" value="elfFerest"/><string name="l1" value="tile"/><string name="l2" value="16"/><int name="x" value="-2043"/><int name="y" value="-303"/><int name="z" value="9"/><int name="f" value="0"/><int name="zM" value="32"/><int name="r" value="0"/><int name="move" value="0"/><int name="dynamic" value="0"/><int name="piece" value="14"/></imgdir><imgdir name="15"><string name="oS" value="acc2"/><string name="l0" value="elfFerest"/><string name="l1" value="tile"/><string name="l2" value="11"/><int name="x" value="-3341"/><int name="y" value="-249"/><int name="z" value="9"/><int name="f" value="0"/><int name="zM" value="20"/><int name="r" value="0"/><int name="move" value="0"/><int name="dynamic" value="0"/><int name="piece" value="15"/></imgdir><imgdir name="16"><string name="oS" value="acc2"/><string name="l0" value="elfFerest"/><string name="l1" value="tile"/><string name="l2" value="13"/><int name="x" value="-3278"/><int name="y" value="-249"/><int name="z" value="9"/><int name="f" value="0"/><int name="zM" value="16"/><int name="r" value="0"/><int name="move" value="0"/><int name="dynamic" value="0"/><int name="piece" value="16"/></imgdir><imgdir name="17"><string name="oS" value="acc2"/><string name="l0" value="elfFerest"/><string name="l1" value="tile"/><string name="l2" value="14"/><int name="x" value="-3188"/><int name="y" value="-249"/><int name="z" value="9"/><int name="f" value="0"/><int name="zM" value="15"/><int name="r" value="0"/><int name="move" value="0"/><int name="dynamic" value="0"/><int name="piece" value="17"/></imgdir><imgdir name="18"><string name="oS" value="acc2"/><string name="l0" value="elfFerest"/><string name="l1" value="tile"/><string name="l2" value="14"/><int name="x" value="-3098"/><int name="y" value="-249"/><int name="z" value="9"/><int name="f" value="0"/><int name="zM" value="14"/><int name="r" value="0"/><int name="move" value="0"/><int name="dynamic" value="0"/><int name="piece" value="18"/></imgdir><imgdir name="19"><string name="oS" value="acc2"/><string name="l0" value="elfFerest"/><string name="l1" value="tile"/><string name="l2" value="15"/><int name="x" value="-3036"/><int name="y" value="-249"/><int name="z" value="9"/><int name="f" value="0"/><int name="zM" value="19"/><int name="r" value="0"/><int name="move" value="0"/><int name="dynamic" value="0"/><int name="piece" value="19"/></imgdir><imgdir name="20"><string name="oS" value="acc2"/><string name="l0" value="elfFerest"/><string name="l1" value="tile"/><string name="l2" value="11"/><int name="x" value="-1986"/><int name="y" value="-243"/><int name="z" value="9"/><int name="f" value="0"/><int name="zM" value="18"/><int name="r" value="0"/><int name="move" value="0"/><int name="dynamic" value="0"/><int name="piece" value="20"/></imgdir><imgdir name="21"><string name="oS" value="acc2"/><string name="l0" value="elfFerest"/><string name="l1" value="tile"/><string name="l2" value="13"/><int name="x" value="-1923"/><int name="y" value="-243"/><int name="z" value="9"/><int name="f" value="0"/><int name="zM" value="13"/><int name="r" value="0"/><int name="move" value="0"/><int name="dynamic" value="0"/><int name="piece" value="21"/></imgdir><imgdir name="22"><string name="oS" value="acc2"/><string name="l0" value="elfFerest"/><string name="l1" value="tile"/><string name="l2" value="14"/><int name="x" value="-1833"/><int name="y" value="-243"/><int name="z" value="9"/><int name="f" value="0"/><int name="zM" value="11"/><int name="r" value="0"/><int name="move" value="0"/><int name="dynamic" value="0"/><int name="piece" value="22"/></imgdir><imgdir name="23"><string name="oS" value="acc2"/><string name="l0" value="elfFerest"/><string name="l1" value="tile"/><string name="l2" value="14"/><int name="x" value="-1743"/><int name="y" value="-243"/><int name="z" value="9"/><int name="f" value="0"/><int name="zM" value="12"/><int name="r" value="0"/><int name="move" value="0"/><int name="dynamic" value="0"/><int name="piece" value="23"/></imgdir><imgdir name="24"><string name="oS" value="acc2"/><string name="l0" value="elfFerest"/><string name="l1" value="tile"/><string name="l2" value="15"/><int name="x" value="-1681"/><int name="y" value="-243"/><int name="z" value="9"/><int name="f" value="0"/><int name="zM" value="17"/><int name="r" value="0"/><int name="move" value="0"/><int name="dynamic" value="0"/><int name="piece" value="24"/></imgdir><imgdir name="25"><string name="oS" value="acc2"/><string name="l0" value="elfFerest"/><string name="l1" value="tile"/><string name="l2" value="11"/><int name="x" value="-3257"/><int name="y" value="-586"/><int name="z" value="9"/><int name="f" value="0"/><int name="zM" value="63"/><int name="r" value="0"/><int name="move" value="0"/><int name="dynamic" value="0"/><int name="piece" value="25"/></imgdir><imgdir name="26"><string name="oS" value="acc2"/><string name="l0" value="elfFerest"/><string name="l1" value="tile"/><string name="l2" value="12"/><int name="x" value="-3195"/><int name="y" value="-586"/><int name="z" value="9"/><int name="f" value="0"/><int name="zM" value="56"/><int name="r" value="0"/><int name="move" value="0"/><int name="dynamic" value="0"/><int name="piece" value="26"/></imgdir><imgdir name="27"><string name="oS" value="acc2"/><string name="l0" value="elfFerest"/><string name="l1" value="tile"/><string name="l2" value="13"/><int name="x" value="-3104"/><int name="y" value="-586"/><int name="z" value="9"/><int name="f" value="0"/><int name="zM" value="53"/><int name="r" value="0"/><int name="move" value="0"/><int name="dynamic" value="0"/><int name="piece" value="27"/></imgdir><imgdir name="28"><string name="oS" value="acc2"/><string name="l0" value="elfFerest"/><string name="l1" value="tile"/><string name="l2" value="14"/><int name="x" value="-3014"/><int name="y" value="-586"/><int name="z" value="9"/><int name="f" value="0"/><int name="zM" value="49"/><int name="r" value="0"/><int name="move" value="0"/><int name="dynamic" value="0"/><int name="piece" value="28"/></imgdir><imgdir name="29"><string name="oS" value="acc2"/><string name="l0" value="elfFerest"/><string name="l1" value="tile"/><string name="l2" value="12"/><int name="x" value="-2925"/><int name="y" value="-586"/><int name="z" value="9"/><int name="f" value="0"/><int name="zM" value="57"/><int name="r" value="0"/><int name="move" value="0"/><int name="dynamic" value="0"/><int name="piece" value="29"/></imgdir><imgdir name="30"><string name="oS" value="acc2"/><string name="l0" value="elfFerest"/><string name="l1" value="tile"/><string name="l2" value="13"/><int name="x" value="-2834"/><int name="y" value="-586"/><int name="z" value="9"/><int name="f" value="0"/><int name="zM" value="52"/><int name="r" value="0"/><int name="move" value="0"/><int name="dynamic" value="0"/><int name="piece" value="30"/></imgdir><imgdir name="31"><string name="oS" value="acc2"/><string name="l0" value="elfFerest"/><string name="l1" value="tile"/><string name="l2" value="16"/><int name="x" value="-2774"/><int name="y" value="-586"/><int name="z" value="9"/><int name="f" value="0"/><int name="zM" value="60"/><int name="r" value="0"/><int name="move" value="0"/><int name="dynamic" value="0"/><int name="piece" value="31"/></imgdir><imgdir name="32"><string name="oS" value="acc2"/><string name="l0" value="elfFerest"/><string name="l1" value="tile"/><string name="l2" value="11"/><int name="x" value="-2261"/><int name="y" value="-585"/><int name="z" value="9"/><int name="f" value="0"/><int name="zM" value="62"/><int name="r" value="0"/><int name="move" value="0"/><int name="dynamic" value="0"/><int name="piece" value="32"/></imgdir><imgdir name="33"><string name="oS" value="acc2"/><string name="l0" value="elfFerest"/><string name="l1" value="tile"/><string name="l2" value="12"/><int name="x" value="-2199"/><int name="y" value="-585"/><int name="z" value="9"/><int name="f" value="0"/><int name="zM" value="55"/><int name="r" value="0"/><int name="move" value="0"/><int name="dynamic" value="0"/><int name="piece" value="33"/></imgdir><imgdir name="34"><string name="oS" value="acc2"/><string name="l0" value="elfFerest"/><string name="l1" value="tile"/><string name="l2" value="13"/><int name="x" value="-2108"/><int name="y" value="-585"/><int name="z" value="9"/><int name="f" value="0"/><int name="zM" value="50"/><int name="r" value="0"/><int name="move" value="0"/><int name="dynamic" value="0"/><int name="piece" value="34"/></imgdir><imgdir name="35"><string name="oS" value="acc2"/><string name="l0" value="elfFerest"/><string name="l1" value="tile"/><string name="l2" value="14"/><int name="x" value="-2018"/><int name="y" value="-585"/><int name="z" value="9"/><int name="f" value="0"/><int name="zM" value="48"/><int name="r" value="0"/><int name="move" value="0"/><int name="dynamic" value="0"/><int name="piece" value="35"/></imgdir><imgdir name="36"><string name="oS" value="acc2"/><string name="l0" value="elfFerest"/><string name="l1" value="tile"/><string name="l2" value="12"/><int name="x" value="-1929"/><int name="y" value="-585"/><int name="z" value="9"/><int name="f" value="0"/><int name="zM" value="54"/><int name="r" value="0"/><int name="move" value="0"/><int name="dynamic" value="0"/><int name="piece" value="36"/></imgdir><imgdir name="37"><string name="oS" value="acc2"/><string name="l0" value="elfFerest"/><string name="l1" value="tile"/><string name="l2" value="13"/><int name="x" value="-1838"/><int name="y" value="-585"/><int name="z" value="9"/><int name="f" value="0"/><int name="zM" value="51"/><int name="r" value="0"/><int name="move" value="0"/><int name="dynamic" value="0"/><int name="piece" value="37"/></imgdir><imgdir name="38"><string name="oS" value="acc2"/><string name="l0" value="elfFerest"/><string name="l1" value="tile"/><string name="l2" value="16"/><int name="x" value="-1778"/><int name="y" value="-585"/><int name="z" value="9"/><int name="f" value="0"/><int name="zM" value="59"/><int name="r" value="0"/><int name="move" value="0"/><int name="dynamic" value="0"/><int name="piece" value="38"/></imgdir></imgdir></imgdir><imgdir name="4"><imgdir name="info"></imgdir><imgdir name="tile"></imgdir><imgdir name="obj"></imgdir></imgdir><imgdir name="5"><imgdir name="info"></imgdir><imgdir name="tile"></imgdir><imgdir name="obj"><imgdir name="1"><string name="oS" value="acc2"/><string name="l0" value="elfFerest"/><string name="l1" value="tile"/><string name="l2" value="1"/><int name="x" value="-1399"/><int name="y" value="100"/><int name="z" value="9"/><int name="f" value="0"/><int name="zM" value="1"/><int name="r" value="0"/><int name="move" value="0"/><int name="dynamic" value="0"/><int name="piece" value="1"/></imgdir><imgdir name="0"><string name="oS" value="acc2"/><string name="l0" value="elfFerest"/><string name="l1" value="tile"/><string name="l2" value="0"/><int name="x" value="-1799"/><int name="y" value="100"/><int name="z" value="9"/><int name="f" value="0"/><int name="zM" value="0"/><int name="r" value="0"/><int name="move" value="0"/><int name="dynamic" value="0"/><int name="piece" value="0"/></imgdir><imgdir name="2"><string name="oS" value="acc2"/><string name="l0" value="elfFerest"/><string name="l1" value="tile"/><string name="l2" value="2"/><int name="x" value="-2199"/><int name="y" value="100"/><int name="z" value="9"/><int name="f" value="0"/><int name="zM" value="2"/><int name="r" value="0"/><int name="move" value="0"/><int name="dynamic" value="0"/><int name="piece" value="2"/></imgdir><imgdir name="3"><string name="oS" value="acc2"/><string name="l0" value="elfFerest"/><string name="l1" value="tile"/><string name="l2" value="2"/><int name="x" value="-3399"/><int name="y" value="100"/><int name="z" value="9"/><int name="f" value="0"/><int name="zM" value="3"/><int name="r" value="0"/><int name="move" value="0"/><int name="dynamic" value="0"/><int name="piece" value="3"/></imgdir><imgdir name="4"><string name="oS" value="acc2"/><string name="l0" value="elfFerest"/><string name="l1" value="tile"/><string name="l2" value="0"/><int name="x" value="-2999"/><int name="y" value="100"/><int name="z" value="9"/><int name="f" value="0"/><int name="zM" value="4"/><int name="r" value="0"/><int name="move" value="0"/><int name="dynamic" value="0"/><int name="piece" value="4"/></imgdir><imgdir name="5"><string name="oS" value="acc2"/><string name="l0" value="elfFerest"/><string name="l1" value="tile"/><string name="l2" value="1"/><int name="x" value="-2599"/><int name="y" value="100"/><int name="z" value="9"/><int name="f" value="0"/><int name="zM" value="2"/><int name="r" value="0"/><int name="move" value="0"/><int name="dynamic" value="0"/><int name="piece" value="5"/></imgdir></imgdir></imgdir><imgdir name="6"><imgdir name="info"></imgdir><imgdir name="tile"></imgdir><imgdir name="obj"></imgdir></imgdir><imgdir name="7"><imgdir name="info"></imgdir><imgdir name="tile"></imgdir><imgdir name="obj"><imgdir name="0"><string name="oS" value="connect"/><string name="l0" value="rope"/><string name="l1" value="51"/><string name="l2" value="6"/><int name="x" value="-1325"/><int name="y" value="-343"/><int name="z" value="9"/><int name="f" value="0"/><int name="zM" value="21"/><int name="r" value="0"/><int name="move" value="0"/><int name="dynamic" value="0"/><int name="piece" value="0"/></imgdir><imgdir name="1"><string name="oS" value="connect"/><string name="l0" value="rope"/><string name="l1" value="51"/><string name="l2" value="0"/><int name="x" value="-1409"/><int name="y" value="-161"/><int name="z" value="9"/><int name="f" value="0"/><int name="zM" value="10"/><int name="r" value="0"/><int name="move" value="0"/><int name="dynamic" value="0"/><int name="piece" value="1"/></imgdir><imgdir name="2"><string name="oS" value="connect"/><string name="l0" value="rope"/><string name="l1" value="51"/><string name="l2" value="2"/><int name="x" value="-1409"/><int name="y" value="-161"/><int name="z" value="9"/><int name="f" value="0"/><int name="zM" value="9"/><int name="r" value="0"/><int name="move" value="0"/><int name="dynamic" value="0"/><int name="piece" value="2"/></imgdir><imgdir name="3"><string name="oS" value="connect"/><string name="l0" value="rope"/><string name="l1" value="51"/><string name="l2" value="5"/><int name="x" value="-1409"/><int name="y" value="-125"/><int name="z" value="9"/><int name="f" value="0"/><int name="zM" value="8"/><int name="r" value="0"/><int name="move" value="0"/><int name="dynamic" value="0"/><int name="piece" value="3"/></imgdir><imgdir name="5"><string name="oS" value="connect"/><string name="l0" value="rope"/><string name="l1" value="50"/><string name="l2" value="1"/><int name="x" value="-1292"/><int name="y" value="-713"/><int name="z" value="9"/><int name="f" value="0"/><int name="zM" value="69"/><int name="r" value="0"/><int name="move" value="0"/><int name="dynamic" value="0"/><int name="piece" value="5"/></imgdir><imgdir name="6"><string name="oS" value="connect"/><string name="l0" value="rope"/><string name="l1" value="50"/><string name="l2" value="2"/><int name="x" value="-1292"/><int name="y" value="-679"/><int name="z" value="9"/><int name="f" value="0"/><int name="zM" value="68"/><int name="r" value="0"/><int name="move" value="0"/><int name="dynamic" value="0"/><int name="piece" value="6"/></imgdir><imgdir name="7"><string name="oS" value="connect"/><string name="l0" value="rope"/><string name="l1" value="50"/><string name="l2" value="3"/><int name="x" value="-1292"/><int name="y" value="-645"/><int name="z" value="9"/><int name="f" value="0"/><int name="zM" value="65"/><int name="r" value="0"/><int name="move" value="0"/><int name="dynamic" value="0"/><int name="piece" value="7"/></imgdir><imgdir name="8"><string name="oS" value="connect"/><string name="l0" value="rope"/><string name="l1" value="50"/><string name="l2" value="4"/><int name="x" value="-1292"/><int name="y" value="-609"/><int name="z" value="9"/><int name="f" value="0"/><int name="zM" value="58"/><int name="r" value="0"/><int name="move" value="0"/><int name="dynamic" value="0"/><int name="piece" value="8"/></imgdir><imgdir name="9"><string name="oS" value="connect"/><string name="l0" value="rope"/><string name="l1" value="50"/><string name="l2" value="5"/><int name="x" value="-1292"/><int name="y" value="-575"/><int name="z" value="9"/><int name="f" value="0"/><int name="zM" value="45"/><int name="r" value="0"/><int name="move" value="0"/><int name="dynamic" value="0"/><int name="piece" value="9"/></imgdir><imgdir name="10"><string name="oS" value="connect"/><string name="l0" value="rope"/><string name="l1" value="51"/><string name="l2" value="6"/><int name="x" value="-3117"/><int name="y" value="-173"/><int name="z" value="9"/><int name="f" value="0"/><int name="zM" value="7"/><int name="r" value="0"/><int name="move" value="0"/><int name="dynamic" value="0"/><int name="piece" value="10"/></imgdir><imgdir name="11"><string name="oS" value="connect"/><string name="l0" value="rope"/><string name="l1" value="50"/><string name="l2" value="6"/><int name="x" value="-1725"/><int name="y" value="-167"/><int name="z" value="10"/><int name="f" value="0"/><int name="zM" value="6"/><int name="r" value="0"/><int name="move" value="0"/><int name="dynamic" value="0"/><int name="piece" value="11"/></imgdir><imgdir name="12"><string name="oS" value="connect"/><string name="l0" value="rope"/><string name="l1" value="50"/><string name="l2" value="6"/><int name="x" value="-2843"/><int name="y" value="-511"/><int name="z" value="9"/><int name="f" value="0"/><int name="zM" value="39"/><int name="r" value="0"/><int name="move" value="0"/><int name="dynamic" value="0"/><int name="piece" value="12"/></imgdir><imgdir name="13"><string name="oS" value="connect"/><string name="l0" value="rope"/><string name="l1" value="51"/><string name="l2" value="6"/><int name="x" value="-2183"/><int name="y" value="-510"/><int name="z" value="9"/><int name="f" value="0"/><int name="zM" value="38"/><int name="r" value="0"/><int name="move" value="0"/><int name="dynamic" value="0"/><int name="piece" value="13"/></imgdir><imgdir name="14"><string name="oS" value="connect"/><string name="l0" value="rope"/><string name="l1" value="51"/><string name="l2" value="0"/><int name="x" value="-3201"/><int name="y" value="-606"/><int name="z" value="9"/><int name="f" value="0"/><int name="zM" value="67"/><int name="r" value="0"/><int name="move" value="0"/><int name="dynamic" value="0"/><int name="piece" value="14"/></imgdir><imgdir name="15"><string name="oS" value="connect"/><string name="l0" value="rope"/><string name="l1" value="51"/><string name="l2" value="1"/><int name="x" value="-3201"/><int name="y" value="-605"/><int name="z" value="9"/><int name="f" value="0"/><int name="zM" value="64"/><int name="r" value="0"/><int name="move" value="0"/><int name="dynamic" value="0"/><int name="piece" value="15"/></imgdir><imgdir name="16"><string name="oS" value="connect"/><string name="l0" value="rope"/><string name="l1" value="51"/><string name="l2" value="2"/><int name="x" value="-3201"/><int name="y" value="-570"/><int name="z" value="9"/><int name="f" value="0"/><int name="zM" value="47"/><int name="r" value="0"/><int name="move" value="0"/><int name="dynamic" value="0"/><int name="piece" value="16"/></imgdir><imgdir name="17"><string name="oS" value="connect"/><string name="l0" value="rope"/><string name="l1" value="51"/><string name="l2" value="3"/><int name="x" value="-3201"/><int name="y" value="-534"/><int name="z" value="9"/><int name="f" value="0"/><int name="zM" value="43"/><int name="r" value="0"/><int name="move" value="0"/><int name="dynamic" value="0"/><int name="piece" value="17"/></imgdir><imgdir name="18"><string name="oS" value="connect"/><string name="l0" value="rope"/><string name="l1" value="51"/><string name="l2" value="4"/><int name="x" value="-3201"/><int name="y" value="-498"/><int name="z" value="9"/><int name="f" value="0"/><int name="zM" value="41"/><int name="r" value="0"/><int name="move" value="0"/><int name="dynamic" value="0"/><int name="piece" value="18"/></imgdir><imgdir name="19"><string name="oS" value="connect"/><string name="l0" value="rope"/><string name="l1" value="51"/><string name="l2" value="1"/><int name="x" value="-3201"/><int name="y" value="-469"/><int name="z" value="9"/><int name="f" value="0"/><int name="zM" value="41"/><int name="r" value="0"/><int name="move" value="0"/><int name="dynamic" value="0"/><int name="piece" value="19"/></imgdir><imgdir name="20"><string name="oS" value="connect"/><string name="l0" value="rope"/><string name="l1" value="51"/><string name="l2" value="2"/><int name="x" value="-3201"/><int name="y" value="-434"/><int name="z" value="9"/><int name="f" value="0"/><int name="zM" value="37"/><int name="r" value="0"/><int name="move" value="0"/><int name="dynamic" value="0"/><int name="piece" value="20"/></imgdir><imgdir name="21"><string name="oS" value="connect"/><string name="l0" value="rope"/><string name="l1" value="51"/><string name="l2" value="3"/><int name="x" value="-3201"/><int name="y" value="-398"/><int name="z" value="9"/><int name="f" value="0"/><int name="zM" value="35"/><int name="r" value="0"/><int name="move" value="0"/><int name="dynamic" value="0"/><int name="piece" value="21"/></imgdir><imgdir name="22"><string name="oS" value="connect"/><string name="l0" value="rope"/><string name="l1" value="51"/><string name="l2" value="5"/><int name="x" value="-3201"/><int name="y" value="-364"/><int name="z" value="9"/><int name="f" value="0"/><int name="zM" value="35"/><int name="r" value="0"/><int name="move" value="0"/><int name="dynamic" value="0"/><int name="piece" value="22"/></imgdir><imgdir name="23"><string name="oS" value="connect"/><string name="l0" value="rope"/><string name="l1" value="51"/><string name="l2" value="0"/><int name="x" value="-1862"/><int name="y" value="-605"/><int name="z" value="9"/><int name="f" value="0"/><int name="zM" value="66"/><int name="r" value="0"/><int name="move" value="0"/><int name="dynamic" value="0"/><int name="piece" value="23"/></imgdir><imgdir name="24"><string name="oS" value="connect"/><string name="l0" value="rope"/><string name="l1" value="51"/><string name="l2" value="1"/><int name="x" value="-1862"/><int name="y" value="-605"/><int name="z" value="9"/><int name="f" value="0"/><int name="zM" value="61"/><int name="r" value="0"/><int name="move" value="0"/><int name="dynamic" value="0"/><int name="piece" value="24"/></imgdir><imgdir name="25"><string name="oS" value="connect"/><string name="l0" value="rope"/><string name="l1" value="51"/><string name="l2" value="2"/><int name="x" value="-1862"/><int name="y" value="-570"/><int name="z" value="9"/><int name="f" value="0"/><int name="zM" value="46"/><int name="r" value="0"/><int name="move" value="0"/><int name="dynamic" value="0"/><int name="piece" value="25"/></imgdir><imgdir name="26"><string name="oS" value="connect"/><string name="l0" value="rope"/><string name="l1" value="51"/><string name="l2" value="3"/><int name="x" value="-1862"/><int name="y" value="-534"/><int name="z" value="9"/><int name="f" value="0"/><int name="zM" value="42"/><int name="r" value="0"/><int name="move" value="0"/><int name="dynamic" value="0"/><int name="piece" value="26"/></imgdir><imgdir name="27"><string name="oS" value="connect"/><string name="l0" value="rope"/><string name="l1" value="51"/><string name="l2" value="4"/><int name="x" value="-1862"/><int name="y" value="-498"/><int name="z" value="9"/><int name="f" value="0"/><int name="zM" value="40"/><int name="r" value="0"/><int name="move" value="0"/><int name="dynamic" value="0"/><int name="piece" value="27"/></imgdir><imgdir name="28"><string name="oS" value="connect"/><string name="l0" value="rope"/><string name="l1" value="51"/><string name="l2" value="1"/><int name="x" value="-1862"/><int name="y" value="-469"/><int name="z" value="9"/><int name="f" value="0"/><int name="zM" value="40"/><int name="r" value="0"/><int name="move" value="0"/><int name="dynamic" value="0"/><int name="piece" value="28"/></imgdir><imgdir name="29"><string name="oS" value="connect"/><string name="l0" value="rope"/><string name="l1" value="51"/><string name="l2" value="2"/><int name="x" value="-1862"/><int name="y" value="-434"/><int name="z" value="9"/><int name="f" value="0"/><int name="zM" value="36"/><int name="r" value="0"/><int name="move" value="0"/><int name="dynamic" value="0"/><int name="piece" value="29"/></imgdir><imgdir name="30"><string name="oS" value="connect"/><string name="l0" value="rope"/><string name="l1" value="51"/><string name="l2" value="3"/><int name="x" value="-1862"/><int name="y" value="-398"/><int name="z" value="9"/><int name="f" value="0"/><int name="zM" value="34"/><int name="r" value="0"/><int name="move" value="0"/><int name="dynamic" value="0"/><int name="piece" value="30"/></imgdir><imgdir name="4"><string name="oS" value="connect"/><string name="l0" value="rope"/><string name="l1" value="51"/><string name="l2" value="5"/><int name="x" value="-1862"/><int name="y" value="-362"/><int name="z" value="9"/><int name="f" value="0"/><int name="zM" value="34"/><int name="r" value="0"/><int name="move" value="0"/><int name="dynamic" value="0"/><int name="piece" value="4"/></imgdir><imgdir name="31"><string name="oS" value="connect"/><string name="l0" value="rope"/><string name="l1" value="51"/><string name="l2" value="0"/><int name="x" value="-1296"/><int name="y" value="-886"/><int name="z" value="9"/><int name="f" value="0"/><int name="zM" value="74"/><int name="r" value="0"/><int name="move" value="0"/><int name="dynamic" value="0"/><int name="piece" value="31"/></imgdir><imgdir name="32"><string name="oS" value="connect"/><string name="l0" value="rope"/><string name="l1" value="51"/><string name="l2" value="1"/><int name="x" value="-1296"/><int name="y" value="-886"/><int name="z" value="9"/><int name="f" value="0"/><int name="zM" value="73"/><int name="r" value="0"/><int name="move" value="0"/><int name="dynamic" value="0"/><int name="piece" value="32"/></imgdir><imgdir name="33"><string name="oS" value="connect"/><string name="l0" value="rope"/><string name="l1" value="51"/><string name="l2" value="2"/><int name="x" value="-1296"/><int name="y" value="-851"/><int name="z" value="9"/><int name="f" value="0"/><int name="zM" value="72"/><int name="r" value="0"/><int name="move" value="0"/><int name="dynamic" value="0"/><int name="piece" value="33"/></imgdir><imgdir name="34"><string name="oS" value="connect"/><string name="l0" value="rope"/><string name="l1" value="51"/><string name="l2" value="3"/><int name="x" value="-1296"/><int name="y" value="-815"/><int name="z" value="9"/><int name="f" value="0"/><int name="zM" value="71"/><int name="r" value="0"/><int name="move" value="0"/><int name="dynamic" value="0"/><int name="piece" value="34"/></imgdir><imgdir name="35"><string name="oS" value="connect"/><string name="l0" value="rope"/><string name="l1" value="51"/><string name="l2" value="4"/><int name="x" value="-1296"/><int name="y" value="-779"/><int name="z" value="9"/><int name="f" value="0"/><int name="zM" value="70"/><int name="r" value="0"/><int name="move" value="0"/><int name="dynamic" value="0"/><int name="piece" value="35"/></imgdir><imgdir name="36"><string name="oS" value="connect"/><string name="l0" value="rope"/><string name="l1" value="51"/><string name="l2" value="1"/><int name="x" value="-1296"/><int name="y" value="-750"/><int name="z" value="9"/><int name="f" value="0"/><int name="zM" value="70"/><int name="r" value="0"/><int name="move" value="0"/><int name="dynamic" value="0"/><int name="piece" value="36"/></imgdir></imgdir></imgdir><imgdir name="user"><imgdir name="0"><imgdir name="cond"><int name="gender" value="0"/></imgdir><imgdir name="look"><int name="clothes" value="1050193"/><int name="shoes" value="1072559"/><int name="weapon" value="1522017"/><int name="elfear" value="1"/></imgdir><imgdir name="stat"><int name="str" value="999"/><int name="dex" value="999"/><int name="int" value="999"/><int name="luk" value="999"/><int name="pad" value="255"/><int name="mad" value="0"/><int name="jump" value="140"/><int name="speed" value="123"/><int name="acc" value="999"/><int name="eva" value="999"/></imgdir></imgdir><imgdir name="1"><imgdir name="cond"><int name="target" value="1"/></imgdir><imgdir name="look"><int name="clothes" value="1051238"/><int name="shoes" value="1072559"/><int name="weapon" value="1522017"/><int name="elfear" value="1"/></imgdir><imgdir name="stat"><int name="str" value="999"/><int name="dex" value="999"/><int name="int" value="999"/><int name="luk" value="999"/><int name="pad" value="255"/><int name="mad" value="0"/><int name="jump" value="140"/><int name="speed" value="123"/><int name="acc" value="999"/><int name="eva" value="999"/></imgdir></imgdir></imgdir><imgdir name="foothold"><imgdir name="3"><imgdir name="5"><imgdir name="1"><int name="x1" value="-1351"/><int name="y1" value="-454"/><int name="x2" value="-1299"/><int name="y2" value="-438"/><int name="prev" value="0"/><int name="next" value="2"/><int name="piece" value="1"/></imgdir><imgdir name="2"><int name="x1" value="-1299"/><int name="y1" value="-438"/><int name="x2" value="-1272"/><int name="y2" value="-435"/><int name="prev" value="1"/><int name="next" value="3"/><int name="piece" value="1"/></imgdir><imgdir name="3"><int name="x1" value="-1272"/><int name="y1" value="-435"/><int name="x2" value="-1222"/><int name="y2" value="-431"/><int name="prev" value="2"/><int name="next" value="4"/><int name="piece" value="1"/></imgdir><imgdir name="4"><int name="x1" value="-1222"/><int name="y1" value="-431"/><int name="x2" value="-1195"/><int name="y2" value="-427"/><int name="prev" value="3"/><int name="next" value="0"/><int name="piece" value="1"/></imgdir><imgdir name="5"><int name="x1" value="-1424"/><int name="y1" value="-165"/><int name="x2" value="-1369"/><int name="y2" value="-176"/><int name="prev" value="0"/><int name="next" value="6"/><int name="piece" value="1"/></imgdir><imgdir name="6"><int name="x1" value="-1369"/><int name="y1" value="-176"/><int name="x2" value="-1339"/><int name="y2" value="-172"/><int name="prev" value="5"/><int name="next" value="0"/><int name="piece" value="1"/></imgdir></imgdir><imgdir name="33"><imgdir name="7"><int name="x1" value="-2986"/><int name="y1" value="-330"/><int name="x2" value="-2957"/><int name="y2" value="-330"/><int name="prev" value="0"/><int name="next" value="8"/><int name="piece" value="3"/></imgdir></imgdir><imgdir name="31"><imgdir name="8"><int name="x1" value="-2957"/><int name="y1" value="-330"/><int name="x2" value="-2867"/><int name="y2" value="-330"/><int name="prev" value="7"/><int name="next" value="9"/><int name="piece" value="4"/></imgdir></imgdir><imgdir name="28"><imgdir name="9"><int name="x1" value="-2867"/><int name="y1" value="-330"/><int name="x2" value="-2776"/><int name="y2" value="-330"/><int name="prev" value="8"/><int name="next" value="10"/><int name="piece" value="5"/></imgdir></imgdir><imgdir name="25"><imgdir name="10"><int name="x1" value="-2776"/><int name="y1" value="-330"/><int name="x2" value="-2686"/><int name="y2" value="-330"/><int name="prev" value="9"/><int name="next" value="11"/><int name="piece" value="6"/></imgdir></imgdir><imgdir name="30"><imgdir name="11"><int name="x1" value="-2686"/><int name="y1" value="-330"/><int name="x2" value="-2597"/><int name="y2" value="-330"/><int name="prev" value="10"/><int name="next" value="12"/><int name="piece" value="7"/></imgdir></imgdir><imgdir name="26"><imgdir name="12"><int name="x1" value="-2597"/><int name="y1" value="-330"/><int name="x2" value="-2506"/><int name="y2" value="-330"/><int name="prev" value="11"/><int name="next" value="13"/><int name="piece" value="8"/></imgdir></imgdir><imgdir name="22"><imgdir name="13"><int name="x1" value="-2506"/><int name="y1" value="-330"/><int name="x2" value="-2416"/><int name="y2" value="-330"/><int name="prev" value="12"/><int name="next" value="14"/><int name="piece" value="9"/></imgdir></imgdir><imgdir name="23"><imgdir name="14"><int name="x1" value="-2416"/><int name="y1" value="-330"/><int name="x2" value="-2326"/><int name="y2" value="-330"/><int name="prev" value="13"/><int name="next" value="15"/><int name="piece" value="10"/></imgdir></imgdir><imgdir name="29"><imgdir name="15"><int name="x1" value="-2326"/><int name="y1" value="-330"/><int name="x2" value="-2237"/><int name="y2" value="-330"/><int name="prev" value="14"/><int name="next" value="16"/><int name="piece" value="11"/></imgdir></imgdir><imgdir name="27"><imgdir name="16"><int name="x1" value="-2237"/><int name="y1" value="-330"/><int name="x2" value="-2146"/><int name="y2" value="-330"/><int name="prev" value="15"/><int name="next" value="17"/><int name="piece" value="12"/></imgdir></imgdir><imgdir name="24"><imgdir name="17"><int name="x1" value="-2146"/><int name="y1" value="-330"/><int name="x2" value="-2056"/><int name="y2" value="-330"/><int name="prev" value="16"/><int name="next" value="18"/><int name="piece" value="13"/></imgdir></imgdir><imgdir name="32"><imgdir name="18"><int name="x1" value="-2056"/><int name="y1" value="-330"/><int name="x2" value="-2027"/><int name="y2" value="-330"/><int name="prev" value="17"/><int name="next" value="0"/><int name="piece" value="14"/></imgdir></imgdir><imgdir name="20"><imgdir name="19"><int name="x1" value="-3351"/><int name="y1" value="-276"/><int name="x2" value="-3322"/><int name="y2" value="-276"/><int name="prev" value="0"/><int name="next" value="20"/><int name="piece" value="15"/></imgdir></imgdir><imgdir name="16"><imgdir name="20"><int name="x1" value="-3322"/><int name="y1" value="-276"/><int name="x2" value="-3231"/><int name="y2" value="-276"/><int name="prev" value="19"/><int name="next" value="21"/><int name="piece" value="16"/></imgdir></imgdir><imgdir name="15"><imgdir name="21"><int name="x1" value="-3231"/><int name="y1" value="-276"/><int name="x2" value="-3141"/><int name="y2" value="-276"/><int name="prev" value="20"/><int name="next" value="22"/><int name="piece" value="17"/></imgdir></imgdir><imgdir name="14"><imgdir name="22"><int name="x1" value="-3141"/><int name="y1" value="-276"/><int name="x2" value="-3051"/><int name="y2" value="-276"/><int name="prev" value="21"/><int name="next" value="23"/><int name="piece" value="18"/></imgdir></imgdir><imgdir name="19"><imgdir name="23"><int name="x1" value="-3051"/><int name="y1" value="-276"/><int name="x2" value="-3022"/><int name="y2" value="-276"/><int name="prev" value="22"/><int name="next" value="0"/><int name="piece" value="19"/></imgdir></imgdir><imgdir name="18"><imgdir name="24"><int name="x1" value="-1996"/><int name="y1" value="-270"/><int name="x2" value="-1967"/><int name="y2" value="-270"/><int name="prev" value="0"/><int name="next" value="25"/><int name="piece" value="20"/></imgdir></imgdir><imgdir name="13"><imgdir name="25"><int name="x1" value="-1967"/><int name="y1" value="-270"/><int name="x2" value="-1876"/><int name="y2" value="-270"/><int name="prev" value="24"/><int name="next" value="26"/><int name="piece" value="21"/></imgdir></imgdir><imgdir name="11"><imgdir name="26"><int name="x1" value="-1876"/><int name="y1" value="-270"/><int name="x2" value="-1786"/><int name="y2" value="-270"/><int name="prev" value="25"/><int name="next" value="27"/><int name="piece" value="22"/></imgdir></imgdir><imgdir name="12"><imgdir name="27"><int name="x1" value="-1786"/><int name="y1" value="-270"/><int name="x2" value="-1696"/><int name="y2" value="-270"/><int name="prev" value="26"/><int name="next" value="28"/><int name="piece" value="23"/></imgdir></imgdir><imgdir name="17"><imgdir name="28"><int name="x1" value="-1696"/><int name="y1" value="-270"/><int name="x2" value="-1667"/><int name="y2" value="-270"/><int name="prev" value="27"/><int name="next" value="0"/><int name="piece" value="24"/></imgdir></imgdir><imgdir name="63"><imgdir name="29"><int name="x1" value="-3267"/><int name="y1" value="-613"/><int name="x2" value="-3238"/><int name="y2" value="-613"/><int name="prev" value="0"/><int name="next" value="30"/><int name="piece" value="25"/></imgdir></imgdir><imgdir name="56"><imgdir name="30"><int name="x1" value="-3238"/><int name="y1" value="-613"/><int name="x2" value="-3148"/><int name="y2" value="-613"/><int name="prev" value="29"/><int name="next" value="31"/><int name="piece" value="26"/></imgdir></imgdir><imgdir name="53"><imgdir name="31"><int name="x1" value="-3148"/><int name="y1" value="-613"/><int name="x2" value="-3057"/><int name="y2" value="-613"/><int name="prev" value="30"/><int name="next" value="32"/><int name="piece" value="27"/></imgdir></imgdir><imgdir name="49"><imgdir name="32"><int name="x1" value="-3057"/><int name="y1" value="-613"/><int name="x2" value="-2967"/><int name="y2" value="-613"/><int name="prev" value="31"/><int name="next" value="33"/><int name="piece" value="28"/></imgdir></imgdir><imgdir name="57"><imgdir name="33"><int name="x1" value="-2967"/><int name="y1" value="-613"/><int name="x2" value="-2878"/><int name="y2" value="-613"/><int name="prev" value="32"/><int name="next" value="34"/><int name="piece" value="29"/></imgdir></imgdir><imgdir name="52"><imgdir name="34"><int name="x1" value="-2878"/><int name="y1" value="-613"/><int name="x2" value="-2787"/><int name="y2" value="-613"/><int name="prev" value="33"/><int name="next" value="35"/><int name="piece" value="30"/></imgdir></imgdir><imgdir name="60"><imgdir name="35"><int name="x1" value="-2787"/><int name="y1" value="-613"/><int name="x2" value="-2758"/><int name="y2" value="-613"/><int name="prev" value="34"/><int name="next" value="0"/><int name="piece" value="31"/></imgdir></imgdir><imgdir name="62"><imgdir name="36"><int name="x1" value="-2271"/><int name="y1" value="-612"/><int name="x2" value="-2242"/><int name="y2" value="-612"/><int name="prev" value="0"/><int name="next" value="37"/><int name="piece" value="32"/></imgdir></imgdir><imgdir name="55"><imgdir name="37"><int name="x1" value="-2242"/><int name="y1" value="-612"/><int name="x2" value="-2152"/><int name="y2" value="-612"/><int name="prev" value="36"/><int name="next" value="38"/><int name="piece" value="33"/></imgdir></imgdir><imgdir name="50"><imgdir name="38"><int name="x1" value="-2152"/><int name="y1" value="-612"/><int name="x2" value="-2061"/><int name="y2" value="-612"/><int name="prev" value="37"/><int name="next" value="39"/><int name="piece" value="34"/></imgdir></imgdir><imgdir name="48"><imgdir name="39"><int name="x1" value="-2061"/><int name="y1" value="-612"/><int name="x2" value="-1971"/><int name="y2" value="-612"/><int name="prev" value="38"/><int name="next" value="40"/><int name="piece" value="35"/></imgdir></imgdir><imgdir name="54"><imgdir name="40"><int name="x1" value="-1971"/><int name="y1" value="-612"/><int name="x2" value="-1882"/><int name="y2" value="-612"/><int name="prev" value="39"/><int name="next" value="41"/><int name="piece" value="36"/></imgdir></imgdir><imgdir name="51"><imgdir name="41"><int name="x1" value="-1882"/><int name="y1" value="-612"/><int name="x2" value="-1791"/><int name="y2" value="-612"/><int name="prev" value="40"/><int name="next" value="42"/><int name="piece" value="37"/></imgdir></imgdir><imgdir name="59"><imgdir name="42"><int name="x1" value="-1791"/><int name="y1" value="-612"/><int name="x2" value="-1762"/><int name="y2" value="-612"/><int name="prev" value="41"/><int name="next" value="0"/><int name="piece" value="38"/></imgdir></imgdir></imgdir><imgdir name="5"><imgdir name="0"><imgdir name="43"><int name="x1" value="-2000"/><int name="y1" value="1"/><int name="x2" value="-1598"/><int name="y2" value="1"/><int name="prev" value="45"/><int name="next" value="44"/><int name="piece" value="0"/></imgdir></imgdir><imgdir name="1"><imgdir name="44"><int name="x1" value="-1598"/><int name="y1" value="1"/><int name="x2" value="-1198"/><int name="y2" value="1"/><int name="prev" value="43"/><int name="next" value="0"/><int name="piece" value="1"/></imgdir></imgdir><imgdir name="2"><imgdir name="45"><int name="x1" value="-2400"/><int name="y1" value="1"/><int name="x2" value="-2000"/><int name="y2" value="1"/><int name="prev" value="46"/><int name="next" value="43"/><int name="piece" value="2"/></imgdir><imgdir name="46"><int name="x1" value="-2798"/><int name="y1" value="1"/><int name="x2" value="-2400"/><int name="y2" value="1"/><int name="prev" value="48"/><int name="next" value="45"/><int name="piece" value="5"/></imgdir></imgdir><imgdir name="3"><imgdir name="47"><int name="x1" value="-3600"/><int name="y1" value="1"/><int name="x2" value="-3198"/><int name="y2" value="1"/><int name="prev" value="0"/><int name="next" value="48"/><int name="piece" value="3"/></imgdir></imgdir><imgdir name="4"><imgdir name="48"><int name="x1" value="-3198"/><int name="y1" value="1"/><int name="x2" value="-2798"/><int name="y2" value="1"/><int name="prev" value="47"/><int name="next" value="46"/><int name="piece" value="4"/></imgdir></imgdir></imgdir></imgdir><imgdir name="ladderRope"><imgdir name="1"><int name="l" value="0"/><int name="uf" value="1"/><int name="x" value="-1324"/><int name="y1" value="-443"/><int name="y2" value="-209"/><int name="page" value="7"/><int name="piece" value="0"/></imgdir><imgdir name="2"><int name="l" value="0"/><int name="uf" value="1"/><int name="x" value="-1407"/><int name="y1" value="-166"/><int name="y2" value="-29"/><int name="page" value="7"/><int name="piece" value="0"/></imgdir><imgdir name="3"><int name="l" value="0"/><int name="uf" value="0"/><int name="x" value="-1292"/><int name="y1" value="-653"/><int name="y2" value="-480"/><int name="page" value="7"/><int name="piece" value="0"/></imgdir><imgdir name="4"><int name="l" value="0"/><int name="uf" value="1"/><int name="x" value="-3116"/><int name="y1" value="-274"/><int name="y2" value="-39"/><int name="page" value="7"/><int name="piece" value="0"/></imgdir><imgdir name="5"><int name="l" value="0"/><int name="uf" value="1"/><int name="x" value="-1727"/><int name="y1" value="-268"/><int name="y2" value="-33"/><int name="page" value="7"/><int name="piece" value="0"/></imgdir><imgdir name="6"><int name="l" value="0"/><int name="uf" value="1"/><int name="x" value="-2845"/><int name="y1" value="-611"/><int name="y2" value="-377"/><int name="page" value="7"/><int name="piece" value="0"/></imgdir><imgdir name="7"><int name="l" value="0"/><int name="uf" value="1"/><int name="x" value="-2182"/><int name="y1" value="-610"/><int name="y2" value="-376"/><int name="page" value="7"/><int name="piece" value="0"/></imgdir><imgdir name="8"><int name="l" value="0"/><int name="uf" value="1"/><int name="x" value="-3199"/><int name="y1" value="-611"/><int name="y2" value="-278"/><int name="page" value="7"/><int name="piece" value="0"/></imgdir><imgdir name="9"><int name="l" value="0"/><int name="uf" value="1"/><int name="x" value="-1860"/><int name="y1" value="-610"/><int name="y2" value="-272"/><int name="page" value="7"/><int name="piece" value="0"/></imgdir><imgdir name="10"><int name="l" value="0"/><int name="uf" value="0"/><int name="x" value="-1294"/><int name="y1" value="-861"/><int name="y2" value="-655"/><int name="page" value="7"/><int name="piece" value="0"/></imgdir></imgdir><imgdir name="miniMap"><canvas name="canvas" width="157" height="70"><string name="_hash" value="dcb81c083aadfd0b8acda686b25947be5f77f66076250d8231733a7560d8c166"/></canvas><int name="width" value="2519"/><int name="height" value="1130"/><int name="centerX" value="3599"/><int name="centerY" value="908"/><int name="mag" value="4"/></imgdir><imgdir name="portal"><imgdir name="0"><string name="pn" value="sp"/><int name="pt" value="0"/><int name="x" value="-1499"/><int name="y" value="-77"/><int name="tm" value="999999999"/><string name="tn" value=""/><int name="horizontalImpact" value="0"/></imgdir><imgdir name="1"><string name="pn" value="east00"/><int name="pt" value="2"/><int name="x" value="-1495"/><int name="y" value="-1"/><int name="tm" value="910150002"/><string name="tn" value="out00"/><int name="horizontalImpact" value="0"/><string name="script" value=""/><int name="hideTooltip" value="0"/><int name="onlyOnce" value="0"/><int name="delay" value="0"/></imgdir><imgdir name="2"><string name="pn" value="ropeTuto1"/><int name="pt" value="9"/><int name="x" value="-1724"/><int name="y" value="-48"/><int name="tm" value="999999999"/><string name="tn" value=""/><int name="horizontalImpact" value="0"/><string name="script" value="merRopeTuto"/><int name="hideTooltip" value="0"/><int name="onlyOnce" value="1"/><int name="delay" value="0"/></imgdir><imgdir name="3"><string name="pn" value="ropeTuto2"/><int name="pt" value="9"/><int name="x" value="-3118"/><int name="y" value="-48"/><int name="tm" value="999999999"/><string name="tn" value=""/><int name="horizontalImpact" value="0"/><string name="script" value="merRopeTuto"/><int name="hideTooltip" value="0"/><int name="onlyOnce" value="1"/><int name="delay" value="0"/></imgdir></imgdir></imgdir>