<?xml version="1.0" encoding="UTF-8" standalone="yes"?><imgdir name="910100200.img"><imgdir name="info"><int name="version" value="10"/><int name="cloud" value="0"/><int name="town" value="0"/><float name="mobRate" value="1.0"/><string name="bgm" value="Bgm02/WhenTheMorningComes"/><int name="returnMap" value="101030000"/><int name="VRTop" value="-300"/><int name="VRLeft" value="-400"/><int name="VRBottom" value="300"/><int name="VRRight" value="400"/><string name="mapDesc" value=""/><int name="forcedReturn" value="101030000"/><int name="hideMinimap" value="0"/><int name="moveLimit" value="0"/><string name="mapMark" value="Ellinia"/><int name="fieldLimit" value="2368248"/><int name="swim" value="0"/><int name="fly" value="0"/><int name="noMapCmd" value="0"/><int name="LBSide" value="112"/><int name="LBTop" value="84"/><int name="LBBottom" value="84"/><string name="onFirstUserEnter" value=""/><string name="onUserEnter" value="q2631M"/><int name="standAlone" value="1"/><int name="partyStandAlone" value="0"/><string name="fieldScript" value=""/></imgdir><imgdir name="back"><imgdir name="0"><string name="bS" value=""/><int name="no" value="0"/><int name="x" value="0"/><int name="y" value="0"/><int name="rx" value="0"/><int name="ry" value="0"/><int name="type" value="0"/><int name="cx" value="0"/><int name="cy" value="0"/><int name="a" value="255"/><int name="front" value="0"/><int name="ani" value="0"/><int name="f" value="0"/></imgdir></imgdir><imgdir name="life"><imgdir name="0"><string name="type" value="n"/><string name="id" value="1043005"/><int name="x" value="135"/><int name="y" value="178"/><int name="mobTime" value="0"/><int name="f" value="0"/><int name="hide" value="0"/><int name="fh" value="7"/><int name="cy" value="182"/><int name="rx0" value="85"/><int name="rx1" value="185"/></imgdir></imgdir><imgdir name="0"><imgdir name="info"></imgdir><imgdir name="tile"></imgdir><imgdir name="obj"></imgdir></imgdir><imgdir name="1"><imgdir name="info"></imgdir><imgdir name="tile"></imgdir><imgdir name="obj"><imgdir name="0"><string name="oS" value="insideGS"/><string name="l0" value="house0"/><string name="l1" value="basic"/><string name="l2" value="0"/><int name="x" value="0"/><int name="y" value="0"/><int name="z" value="0"/><int name="f" value="0"/><int name="zM" value="0"/></imgdir><imgdir name="1"><string name="oS" value="shop"/><string name="l0" value="shop"/><string name="l1" value="weapon"/><string name="l2" value="16"/><int name="x" value="-47"/><int name="y" value="-78"/><int name="z" value="5"/><int name="f" value="0"/><int name="zM" value="0"/></imgdir><imgdir name="2"><string name="oS" value="shop"/><string name="l0" value="shop"/><string name="l1" value="weapon"/><string name="l2" value="0"/><int name="x" value="-44"/><int name="y" value="-85"/><int name="z" value="6"/><int name="f" value="0"/><int name="zM" value="0"/></imgdir><imgdir name="5"><string name="oS" value="shop"/><string name="l0" value="shop"/><string name="l1" value="weapon"/><string name="l2" value="6"/><int name="x" value="-5"/><int name="y" value="-257"/><int name="z" value="5"/><int name="f" value="0"/><int name="zM" value="0"/></imgdir><imgdir name="3"><string name="oS" value="shop"/><string name="l0" value="shop"/><string name="l1" value="weapon"/><string name="l2" value="12"/><int name="x" value="658"/><int name="y" value="48"/><int name="z" value="5"/><int name="f" value="0"/><int name="zM" value="3"/><int name="piece" value="3"/></imgdir><imgdir name="4"><string name="oS" value="insideGS"/><string name="l0" value="house_info"/><string name="l1" value="acc"/><string name="l2" value="6"/><int name="x" value="-312"/><int name="y" value="137"/><int name="z" value="9"/><int name="f" value="0"/><int name="zM" value="0"/><int name="r" value="0"/><int name="move" value="0"/><int name="dynamic" value="0"/><int name="piece" value="4"/></imgdir><imgdir name="8"><string name="oS" value="insideMG"/><string name="l0" value="weapon"/><string name="l1" value="acc"/><string name="l2" value="7"/><int name="x" value="20"/><int name="y" value="-8"/><int name="z" value="9"/><int name="f" value="0"/><int name="zM" value="0"/><int name="r" value="0"/><int name="move" value="0"/><int name="dynamic" value="0"/><int name="piece" value="8"/></imgdir><imgdir name="9"><string name="oS" value="insideMG"/><string name="l0" value="inside0"/><string name="l1" value="acc"/><string name="l2" value="2"/><int name="x" value="314"/><int name="y" value="123"/><int name="z" value="9"/><int name="f" value="0"/><int name="zM" value="0"/><int name="r" value="0"/><int name="move" value="0"/><int name="dynamic" value="0"/><int name="piece" value="9"/></imgdir><imgdir name="10"><string name="oS" value="insideMG"/><string name="l0" value="cheese"/><string name="l1" value="accR"/><string name="l2" value="9"/><int name="x" value="301"/><int name="y" value="25"/><int name="z" value="9"/><int name="f" value="0"/><int name="zM" value="0"/><int name="r" value="0"/><int name="move" value="0"/><int name="dynamic" value="0"/><int name="piece" value="10"/></imgdir><imgdir name="11"><string name="oS" value="insideMG"/><string name="l0" value="cheese"/><string name="l1" value="accR"/><string name="l2" value="8"/><int name="x" value="-35"/><int name="y" value="69"/><int name="z" value="9"/><int name="f" value="0"/><int name="zM" value="0"/><int name="r" value="0"/><int name="move" value="0"/><int name="dynamic" value="0"/><int name="piece" value="11"/></imgdir><imgdir name="6"><string name="oS" value="insideMG"/><string name="l0" value="cheese"/><string name="l1" value="accR"/><string name="l2" value="7"/><int name="x" value="188"/><int name="y" value="46"/><int name="z" value="9"/><int name="f" value="0"/><int name="zM" value="0"/><int name="r" value="0"/><int name="move" value="0"/><int name="dynamic" value="0"/><int name="piece" value="6"/></imgdir><imgdir name="7"><string name="oS" value="acc1"/><string name="l0" value="grassySoil"/><string name="l1" value="artificiality"/><string name="l2" value="11"/><int name="x" value="-206"/><int name="y" value="161"/><int name="z" value="9"/><int name="f" value="0"/><int name="zM" value="0"/><int name="r" value="0"/><int name="move" value="0"/><int name="dynamic" value="0"/><int name="piece" value="7"/></imgdir><imgdir name="12"><string name="oS" value="acc1"/><string name="l0" value="grassySoil"/><string name="l1" value="artificiality"/><string name="l2" value="10"/><int name="x" value="14"/><int name="y" value="158"/><int name="z" value="9"/><int name="f" value="0"/><int name="zM" value="0"/><int name="r" value="0"/><int name="move" value="0"/><int name="dynamic" value="0"/><int name="piece" value="12"/></imgdir><imgdir name="13"><string name="oS" value="acc1"/><string name="l0" value="grassySoil"/><string name="l1" value="artificiality"/><string name="l2" value="15"/><int name="x" value="67"/><int name="y" value="140"/><int name="z" value="9"/><int name="f" value="0"/><int name="zM" value="0"/><int name="r" value="0"/><int name="move" value="0"/><int name="dynamic" value="0"/><int name="piece" value="13"/></imgdir><imgdir name="14"><string name="oS" value="acc1"/><string name="l0" value="grassySoil"/><string name="l1" value="artificiality"/><string name="l2" value="24"/><int name="x" value="-32"/><int name="y" value="160"/><int name="z" value="9"/><int name="f" value="0"/><int name="zM" value="0"/><int name="r" value="0"/><int name="move" value="0"/><int name="dynamic" value="0"/><int name="piece" value="14"/></imgdir></imgdir></imgdir><imgdir name="2"><imgdir name="info"></imgdir><imgdir name="tile"></imgdir><imgdir name="obj"><imgdir name="1"><string name="oS" value="connect"/><string name="l0" value="rope"/><string name="l1" value="1"/><string name="l2" value="0"/><int name="x" value="45"/><int name="y" value="-173"/><int name="z" value="3"/><int name="f" value="0"/><int name="zM" value="4"/></imgdir><imgdir name="0"><string name="oS" value="insideGS"/><string name="l0" value="house0"/><string name="l1" value="basic"/><string name="l2" value="2"/><int name="x" value="0"/><int name="y" value="193"/><int name="z" value="3"/><int name="f" value="0"/><int name="zM" value="1"/><int name="piece" value="0"/></imgdir></imgdir></imgdir><imgdir name="3"><imgdir name="info"></imgdir><imgdir name="tile"></imgdir><imgdir name="obj"><imgdir name="0"><string name="oS" value="insideGS"/><string name="l0" value="house0"/><string name="l1" value="basic"/><string name="l2" value="1"/><int name="x" value="0"/><int name="y" value="-59"/><int name="z" value="3"/><int name="f" value="0"/><int name="zM" value="2"/></imgdir></imgdir></imgdir><imgdir name="4"><imgdir name="info"></imgdir><imgdir name="tile"></imgdir><imgdir name="obj"></imgdir></imgdir><imgdir name="5"><imgdir name="info"></imgdir><imgdir name="tile"></imgdir><imgdir name="obj"></imgdir></imgdir><imgdir name="6"><imgdir name="info"></imgdir><imgdir name="tile"></imgdir><imgdir name="obj"></imgdir></imgdir><imgdir name="7"><imgdir name="info"></imgdir><imgdir name="tile"></imgdir><imgdir name="obj"></imgdir></imgdir><imgdir name="reactor"></imgdir><imgdir name="foothold"><imgdir name="1"><imgdir name="0"><imgdir name="1"><int name="x1" value="-185"/><int name="y1" value="-263"/><int name="x2" value="311"/><int name="y2" value="-263"/><int name="prev" value="0"/><int name="next" value="0"/><int name="piece" value="0"/></imgdir><imgdir name="2"><int name="x1" value="247"/><int name="y1" value="-183"/><int name="x2" value="342"/><int name="y2" value="-183"/><int name="prev" value="0"/><int name="next" value="0"/><int name="piece" value="0"/></imgdir><imgdir name="3"><int name="x1" value="-233"/><int name="y1" value="142"/><int name="x2" value="-221"/><int name="y2" value="135"/><int name="prev" value="0"/><int name="next" value="4"/><int name="piece" value="7"/></imgdir><imgdir name="4"><int name="x1" value="-221"/><int name="y1" value="135"/><int name="x2" value="-190"/><int name="y2" value="135"/><int name="prev" value="3"/><int name="next" value="5"/><int name="piece" value="7"/></imgdir><imgdir name="5"><int name="x1" value="-190"/><int name="y1" value="135"/><int name="x2" value="-180"/><int name="y2" value="140"/><int name="prev" value="4"/><int name="next" value="0"/><int name="piece" value="7"/></imgdir><imgdir name="6"><int name="x1" value="-5"/><int name="y1" value="132"/><int name="x2" value="32"/><int name="y2" value="132"/><int name="prev" value="0"/><int name="next" value="0"/><int name="piece" value="12"/></imgdir></imgdir></imgdir><imgdir name="2"><imgdir name="1"><imgdir name="7"><int name="x1" value="-400"/><int name="y1" value="182"/><int name="x2" value="400"/><int name="y2" value="182"/><int name="prev" value="0"/><int name="next" value="0"/><int name="piece" value="0"/></imgdir></imgdir></imgdir></imgdir><imgdir name="ladderRope"><imgdir name="1"><int name="l" value="0"/><int name="uf" value="1"/><int name="x" value="75"/><int name="y1" value="-261"/><int name="y2" value="-84"/><int name="page" value="2"/></imgdir></imgdir><imgdir name="portal"><imgdir name="0"><string name="pn" value="sp"/><int name="pt" value="0"/><int name="x" value="-114"/><int name="y" value="115"/><int name="tm" value="999999999"/><string name="tn" value=""/></imgdir><imgdir name="1"><string name="pn" value="sp"/><int name="pt" value="0"/><int name="x" value="181"/><int name="y" value="-72"/><int name="tm" value="999999999"/><string name="tn" value=""/></imgdir><imgdir name="2"><string name="pn" value="sp"/><int name="pt" value="0"/><int name="x" value="111"/><int name="y" value="107"/><int name="tm" value="999999999"/><string name="tn" value=""/></imgdir><imgdir name="3"><string name="pn" value="out00"/><int name="pt" value="2"/><int name="x" value="-291"/><int name="y" value="183"/><int name="tm" value="101030000"/><string name="tn" value="in00"/><string name="script" value=""/><int name="hideTooltip" value="0"/><int name="onlyOnce" value="0"/><int name="delay" value="0"/></imgdir></imgdir></imgdir>