<?xml version="1.0" encoding="UTF-8" standalone="yes"?><imgdir name="910142200.img"><imgdir name="info"><int name="version" value="10"/><int name="cloud" value="0"/><int name="town" value="0"/><int name="swim" value="0"/><int name="returnMap" value="101000000"/><int name="forcedReturn" value="999999999"/><float name="mobRate" value="1.0"/><string name="bgm" value="Bgm26/DarkWoods"/><string name="mapMark" value="Ellinia"/><int name="fly" value="0"/><int name="standAlone" value="1"/><int name="partyStandAlone" value="0"/><int name="noMapCmd" value="0"/><int name="hideMinimap" value="1"/><int name="fieldLimit" value="336632"/><int name="VRTop" value="-670"/><int name="VRLeft" value="-715"/><int name="VRBottom" value="100"/><int name="VRRight" value="1070"/><string name="fieldScript" value=""/><string name="onFirstUserEnter" value=""/><string name="onUserEnter" value="enter_meetLuAdventure"/><int name="noChair" value="1"/></imgdir><imgdir name="back"><imgdir name="0"><string name="bS" value="forestHut"/><int name="front" value="0"/><int name="ani" value="0"/><int name="no" value="0"/><int name="f" value="0"/><int name="x" value="3"/><int name="y" value="-364"/><int name="rx" value="-100"/><int name="ry" value="-100"/><int name="type" value="1"/><int name="cx" value="0"/><int name="cy" value="0"/><int name="a" value="255"/></imgdir><imgdir name="1"><string name="bS" value="forestHut"/><int name="front" value="0"/><int name="ani" value="0"/><int name="no" value="3"/><int name="f" value="0"/><int name="x" value="-377"/><int name="y" value="-280"/><int name="rx" value="-100"/><int name="ry" value="-100"/><int name="type" value="1"/><int name="cx" value="1100"/><int name="cy" value="0"/><int name="a" value="255"/></imgdir><imgdir name="2"><string name="bS" value="forestHut"/><int name="front" value="0"/><int name="ani" value="0"/><int name="no" value="4"/><int name="f" value="0"/><int name="x" value="-60"/><int name="y" value="-279"/><int name="rx" value="-100"/><int name="ry" value="-100"/><int name="type" value="1"/><int name="cx" value="1100"/><int name="cy" value="0"/><int name="a" value="255"/></imgdir><imgdir name="3"><string name="bS" value="forestHut"/><int name="front" value="0"/><int name="ani" value="0"/><int name="no" value="5"/><int name="f" value="0"/><int name="x" value="250"/><int name="y" value="-274"/><int name="rx" value="-100"/><int name="ry" value="-100"/><int name="type" value="1"/><int name="cx" value="1100"/><int name="cy" value="0"/><int name="a" value="255"/></imgdir><imgdir name="4"><string name="bS" value="forestHut"/><int name="front" value="0"/><int name="ani" value="0"/><int name="no" value="6"/><int name="f" value="1"/><int name="x" value="952"/><int name="y" value="-669"/><int name="rx" value="-100"/><int name="ry" value="-100"/><int name="type" value="0"/><int name="cx" value="0"/><int name="cy" value="0"/><int name="a" value="255"/></imgdir><imgdir name="6"><string name="bS" value="forestHut"/><int name="front" value="0"/><int name="ani" value="0"/><int name="no" value="9"/><int name="f" value="0"/><int name="x" value="728"/><int name="y" value="-273"/><int name="rx" value="-100"/><int name="ry" value="-100"/><int name="type" value="0"/><int name="cx" value="0"/><int name="cy" value="0"/><int name="a" value="255"/></imgdir><imgdir name="7"><string name="bS" value="forestHut"/><int name="front" value="0"/><int name="ani" value="0"/><int name="no" value="10"/><int name="f" value="0"/><int name="x" value="-705"/><int name="y" value="-170"/><int name="rx" value="-100"/><int name="ry" value="-100"/><int name="type" value="0"/><int name="cx" value="0"/><int name="cy" value="0"/><int name="a" value="255"/></imgdir><imgdir name="9"><string name="bS" value="forestHut"/><int name="front" value="0"/><int name="ani" value="0"/><int name="no" value="12"/><int name="f" value="0"/><int name="x" value="165"/><int name="y" value="-131"/><int name="rx" value="-100"/><int name="ry" value="-100"/><int name="type" value="0"/><int name="cx" value="0"/><int name="cy" value="0"/><int name="a" value="255"/></imgdir><imgdir name="10"><string name="bS" value="forestHut"/><int name="front" value="0"/><int name="ani" value="0"/><int name="no" value="13"/><int name="f" value="0"/><int name="x" value="565"/><int name="y" value="-140"/><int name="rx" value="-100"/><int name="ry" value="-100"/><int name="type" value="0"/><int name="cx" value="0"/><int name="cy" value="0"/><int name="a" value="255"/></imgdir><imgdir name="12"><string name="bS" value="forestHut"/><int name="front" value="0"/><int name="ani" value="0"/><int name="no" value="15"/><int name="f" value="0"/><int name="x" value="575"/><int name="y" value="-357"/><int name="rx" value="-100"/><int name="ry" value="-100"/><int name="type" value="0"/><int name="cx" value="0"/><int name="cy" value="0"/><int name="a" value="255"/></imgdir><imgdir name="8"><string name="bS" value="forestHut"/><int name="front" value="0"/><int name="ani" value="0"/><int name="no" value="11"/><int name="f" value="0"/><int name="x" value="-194"/><int name="y" value="-189"/><int name="rx" value="-100"/><int name="ry" value="-100"/><int name="type" value="0"/><int name="cx" value="0"/><int name="cy" value="0"/><int name="a" value="255"/></imgdir><imgdir name="14"><string name="bS" value="forestHut"/><int name="front" value="0"/><int name="ani" value="0"/><int name="no" value="35"/><int name="f" value="0"/><int name="x" value="-467"/><int name="y" value="-603"/><int name="rx" value="-100"/><int name="ry" value="-100"/><int name="type" value="1"/><int name="cx" value="800"/><int name="cy" value="0"/><int name="a" value="255"/></imgdir><imgdir name="15"><string name="bS" value="forestHut"/><int name="front" value="0"/><int name="ani" value="0"/><int name="no" value="36"/><int name="f" value="0"/><int name="x" value="63"/><int name="y" value="-605"/><int name="rx" value="-100"/><int name="ry" value="-100"/><int name="type" value="1"/><int name="cx" value="800"/><int name="cy" value="0"/><int name="a" value="255"/></imgdir><imgdir name="16"><string name="bS" value="forestHut"/><int name="front" value="0"/><int name="ani" value="0"/><int name="no" value="29"/><int name="f" value="0"/><int name="x" value="-596"/><int name="y" value="-608"/><int name="rx" value="-100"/><int name="ry" value="-100"/><int name="type" value="0"/><int name="cx" value="0"/><int name="cy" value="0"/><int name="a" value="255"/></imgdir><imgdir name="11"><string name="bS" value="forestHut"/><int name="front" value="0"/><int name="ani" value="0"/><int name="no" value="14"/><int name="f" value="0"/><int name="x" value="-613"/><int name="y" value="-353"/><int name="rx" value="-100"/><int name="ry" value="-100"/><int name="type" value="0"/><int name="cx" value="0"/><int name="cy" value="0"/><int name="a" value="255"/></imgdir><imgdir name="17"><string name="bS" value="forestHut"/><int name="front" value="0"/><int name="ani" value="0"/><int name="no" value="30"/><int name="f" value="0"/><int name="x" value="-321"/><int name="y" value="-498"/><int name="rx" value="-100"/><int name="ry" value="-100"/><int name="type" value="0"/><int name="cx" value="0"/><int name="cy" value="0"/><int name="a" value="255"/></imgdir><imgdir name="19"><string name="bS" value="forestHut"/><int name="front" value="0"/><int name="ani" value="0"/><int name="no" value="33"/><int name="f" value="0"/><int name="x" value="-308"/><int name="y" value="-188"/><int name="rx" value="-100"/><int name="ry" value="-100"/><int name="type" value="0"/><int name="cx" value="0"/><int name="cy" value="0"/><int name="a" value="255"/></imgdir><imgdir name="18"><string name="bS" value="forestHut"/><int name="front" value="0"/><int name="ani" value="0"/><int name="no" value="31"/><int name="f" value="0"/><int name="x" value="-52"/><int name="y" value="-498"/><int name="rx" value="-100"/><int name="ry" value="-100"/><int name="type" value="0"/><int name="cx" value="0"/><int name="cy" value="0"/><int name="a" value="255"/></imgdir><imgdir name="20"><string name="bS" value="forestHut"/><int name="front" value="0"/><int name="ani" value="0"/><int name="no" value="34"/><int name="f" value="0"/><int name="x" value="-92"/><int name="y" value="-188"/><int name="rx" value="-100"/><int name="ry" value="-100"/><int name="type" value="0"/><int name="cx" value="0"/><int name="cy" value="0"/><int name="a" value="255"/></imgdir><imgdir name="21"><string name="bS" value="forestHut"/><int name="front" value="0"/><int name="ani" value="0"/><int name="no" value="32"/><int name="f" value="0"/><int name="x" value="223"/><int name="y" value="-616"/><int name="rx" value="-100"/><int name="ry" value="-100"/><int name="type" value="0"/><int name="cx" value="0"/><int name="cy" value="0"/><int name="a" value="255"/></imgdir><imgdir name="22"><string name="bS" value="forestHut"/><int name="front" value="0"/><int name="ani" value="1"/><int name="no" value="0"/><int name="f" value="0"/><int name="x" value="-457"/><int name="y" value="-432"/><int name="rx" value="-100"/><int name="ry" value="-100"/><int name="type" value="0"/><int name="cx" value="0"/><int name="cy" value="0"/><int name="a" value="255"/></imgdir><imgdir name="13"><string name="bS" value="forestHut"/><int name="front" value="0"/><int name="ani" value="0"/><int name="no" value="16"/><int name="f" value="0"/><int name="x" value="45"/><int name="y" value="-352"/><int name="rx" value="-100"/><int name="ry" value="-100"/><int name="type" value="0"/><int name="cx" value="0"/><int name="cy" value="0"/><int name="a" value="255"/></imgdir><imgdir name="24"><string name="bS" value="cityPark"/><int name="front" value="0"/><int name="ani" value="1"/><int name="no" value="3"/><int name="f" value="0"/><int name="x" value="189"/><int name="y" value="-408"/><int name="rx" value="-100"/><int name="ry" value="-100"/><int name="type" value="0"/><int name="cx" value="0"/><int name="cy" value="0"/><int name="a" value="255"/></imgdir><imgdir name="26"><string name="bS" value="forestHut"/><int name="front" value="0"/><int name="ani" value="0"/><int name="no" value="20"/><int name="f" value="1"/><int name="x" value="-429"/><int name="y" value="-602"/><int name="rx" value="-100"/><int name="ry" value="-100"/><int name="type" value="0"/><int name="cx" value="0"/><int name="cy" value="0"/><int name="a" value="255"/></imgdir><imgdir name="5"><string name="bS" value="forestHut"/><int name="front" value="0"/><int name="ani" value="0"/><int name="no" value="7"/><int name="f" value="1"/><int name="x" value="899"/><int name="y" value="-359"/><int name="rx" value="-100"/><int name="ry" value="-100"/><int name="type" value="0"/><int name="cx" value="0"/><int name="cy" value="0"/><int name="a" value="255"/></imgdir><imgdir name="27"><string name="bS" value="forestHut"/><int name="front" value="0"/><int name="ani" value="0"/><int name="no" value="35"/><int name="f" value="0"/><int name="x" value="-18"/><int name="y" value="-562"/><int name="rx" value="-100"/><int name="ry" value="-100"/><int name="type" value="0"/><int name="cx" value="0"/><int name="cy" value="0"/><int name="a" value="255"/></imgdir><imgdir name="30"><string name="bS" value="cityPark"/><int name="front" value="0"/><int name="ani" value="1"/><int name="no" value="5"/><int name="f" value="0"/><int name="x" value="656"/><int name="y" value="-393"/><int name="rx" value="-100"/><int name="ry" value="-100"/><int name="type" value="0"/><int name="cx" value="0"/><int name="cy" value="0"/><int name="a" value="255"/></imgdir><imgdir name="31"><string name="bS" value="forestHut"/><int name="front" value="0"/><int name="ani" value="0"/><int name="no" value="36"/><int name="f" value="0"/><int name="x" value="512"/><int name="y" value="-567"/><int name="rx" value="-100"/><int name="ry" value="-100"/><int name="type" value="0"/><int name="cx" value="0"/><int name="cy" value="0"/><int name="a" value="255"/></imgdir><imgdir name="32"><string name="bS" value="forestHut"/><int name="front" value="0"/><int name="ani" value="0"/><int name="no" value="35"/><int name="f" value="0"/><int name="x" value="1041"/><int name="y" value="-561"/><int name="rx" value="-100"/><int name="ry" value="-100"/><int name="type" value="0"/><int name="cx" value="0"/><int name="cy" value="0"/><int name="a" value="255"/></imgdir><imgdir name="33"><string name="bS" value="forestHut"/><int name="front" value="0"/><int name="ani" value="0"/><int name="no" value="36"/><int name="f" value="0"/><int name="x" value="-502"/><int name="y" value="-646"/><int name="rx" value="-100"/><int name="ry" value="-100"/><int name="type" value="0"/><int name="cx" value="0"/><int name="cy" value="0"/><int name="a" value="255"/></imgdir><imgdir name="34"><string name="bS" value="forestHut"/><int name="front" value="0"/><int name="ani" value="0"/><int name="no" value="35"/><int name="f" value="0"/><int name="x" value="27"/><int name="y" value="-637"/><int name="rx" value="-100"/><int name="ry" value="-100"/><int name="type" value="0"/><int name="cx" value="0"/><int name="cy" value="0"/><int name="a" value="255"/></imgdir><imgdir name="23"><string name="bS" value="forestHut"/><int name="front" value="0"/><int name="ani" value="1"/><int name="no" value="0"/><int name="f" value="0"/><int name="x" value="-195"/><int name="y" value="-422"/><int name="rx" value="-100"/><int name="ry" value="-100"/><int name="type" value="0"/><int name="cx" value="0"/><int name="cy" value="0"/><int name="a" value="255"/></imgdir><imgdir name="35"><string name="bS" value="forestHut"/><int name="front" value="0"/><int name="ani" value="0"/><int name="no" value="36"/><int name="f" value="0"/><int name="x" value="557"/><int name="y" value="-640"/><int name="rx" value="-100"/><int name="ry" value="-100"/><int name="type" value="0"/><int name="cx" value="0"/><int name="cy" value="0"/><int name="a" value="255"/></imgdir><imgdir name="36"><string name="bS" value="forestHut"/><int name="front" value="0"/><int name="ani" value="0"/><int name="no" value="43"/><int name="f" value="0"/><int name="x" value="860"/><int name="y" value="-26"/><int name="rx" value="-100"/><int name="ry" value="-100"/><int name="type" value="0"/><int name="cx" value="0"/><int name="cy" value="0"/><int name="a" value="255"/></imgdir><imgdir name="29"><string name="bS" value="cityPark"/><int name="front" value="0"/><int name="ani" value="1"/><int name="no" value="6"/><int name="f" value="0"/><int name="x" value="369"/><int name="y" value="-381"/><int name="rx" value="-100"/><int name="ry" value="-100"/><int name="type" value="0"/><int name="cx" value="0"/><int name="cy" value="0"/><int name="a" value="255"/></imgdir><imgdir name="37"><string name="bS" value="forestHut"/><int name="front" value="0"/><int name="ani" value="1"/><int name="no" value="5"/><int name="f" value="0"/><int name="x" value="860"/><int name="y" value="-26"/><int name="rx" value="-100"/><int name="ry" value="-100"/><int name="type" value="0"/><int name="cx" value="0"/><int name="cy" value="0"/><int name="a" value="255"/></imgdir><imgdir name="28"><string name="bS" value="forestHut"/><int name="front" value="0"/><int name="ani" value="0"/><int name="no" value="36"/><int name="f" value="0"/><int name="x" value="512"/><int name="y" value="-612"/><int name="rx" value="-100"/><int name="ry" value="-100"/><int name="type" value="0"/><int name="cx" value="0"/><int name="cy" value="0"/><int name="a" value="255"/></imgdir><imgdir name="38"><string name="bS" value="forestHut"/><int name="front" value="0"/><int name="ani" value="0"/><int name="no" value="17"/><int name="f" value="0"/><int name="x" value="741"/><int name="y" value="-605"/><int name="rx" value="-100"/><int name="ry" value="-100"/><int name="type" value="0"/><int name="cx" value="0"/><int name="cy" value="0"/><int name="a" value="255"/></imgdir><imgdir name="39"><string name="bS" value="forestHut"/><int name="front" value="0"/><int name="ani" value="0"/><int name="no" value="18"/><int name="f" value="0"/><int name="x" value="1016"/><int name="y" value="-502"/><int name="rx" value="-100"/><int name="ry" value="-100"/><int name="type" value="0"/><int name="cx" value="0"/><int name="cy" value="0"/><int name="a" value="255"/></imgdir><imgdir name="40"><string name="bS" value="forestHut"/><int name="front" value="0"/><int name="ani" value="0"/><int name="no" value="21"/><int name="f" value="0"/><int name="x" value="981"/><int name="y" value="-192"/><int name="rx" value="-100"/><int name="ry" value="-100"/><int name="type" value="0"/><int name="cx" value="0"/><int name="cy" value="0"/><int name="a" value="255"/></imgdir><imgdir name="41"><string name="bS" value="forestHut"/><int name="front" value="0"/><int name="ani" value="1"/><int name="no" value="1"/><int name="f" value="0"/><int name="x" value="888"/><int name="y" value="-624"/><int name="rx" value="-100"/><int name="ry" value="-100"/><int name="type" value="0"/><int name="cx" value="0"/><int name="cy" value="0"/><int name="a" value="255"/></imgdir><imgdir name="42"><string name="bS" value="forestHut"/><int name="front" value="0"/><int name="ani" value="1"/><int name="no" value="2"/><int name="f" value="0"/><int name="x" value="425"/><int name="y" value="-582"/><int name="rx" value="-100"/><int name="ry" value="-100"/><int name="type" value="0"/><int name="cx" value="0"/><int name="cy" value="0"/><int name="a" value="255"/></imgdir><imgdir name="25"><string name="bS" value="forestHut"/><int name="front" value="0"/><int name="ani" value="0"/><int name="no" value="20"/><int name="f" value="0"/><int name="x" value="-601"/><int name="y" value="-584"/><int name="rx" value="-100"/><int name="ry" value="-100"/><int name="type" value="0"/><int name="cx" value="0"/><int name="cy" value="0"/><int name="a" value="255"/></imgdir><imgdir name="43"><string name="bS" value="forestHut"/><int name="front" value="0"/><int name="ani" value="1"/><int name="no" value="3"/><int name="f" value="0"/><int name="x" value="-71"/><int name="y" value="-604"/><int name="rx" value="-100"/><int name="ry" value="-100"/><int name="type" value="0"/><int name="cx" value="0"/><int name="cy" value="0"/><int name="a" value="255"/></imgdir><imgdir name="44"><string name="bS" value="forestHut"/><int name="front" value="0"/><int name="ani" value="1"/><int name="no" value="4"/><int name="f" value="0"/><int name="x" value="52"/><int name="y" value="-585"/><int name="rx" value="-100"/><int name="ry" value="-100"/><int name="type" value="0"/><int name="cx" value="0"/><int name="cy" value="0"/><int name="a" value="255"/></imgdir><imgdir name="45"><string name="bS" value="ancientForest2"/><int name="front" value="0"/><int name="ani" value="1"/><int name="no" value="1"/><int name="f" value="0"/><int name="x" value="740"/><int name="y" value="-316"/><int name="rx" value="-100"/><int name="ry" value="-100"/><int name="type" value="0"/><int name="cx" value="0"/><int name="cy" value="0"/><int name="a" value="255"/></imgdir></imgdir><imgdir name="life"><imgdir name="0"><string name="type" value="n"/><string name="id" value="1520048"/><int name="x" value="409"/><int name="y" value="-47"/><int name="mobTime" value="0"/><int name="f" value="0"/><int name="hide" value="0"/><int name="fh" value="12"/><int name="cy" value="-32"/><int name="rx0" value="359"/><int name="rx1" value="459"/></imgdir></imgdir><imgdir name="reactor"></imgdir><imgdir name="0"><imgdir name="info"></imgdir><imgdir name="tile"></imgdir><imgdir name="obj"></imgdir></imgdir><imgdir name="1"><imgdir name="info"></imgdir><imgdir name="tile"></imgdir><imgdir name="obj"></imgdir></imgdir><imgdir name="2"><imgdir name="info"></imgdir><imgdir name="tile"></imgdir><imgdir name="obj"></imgdir></imgdir><imgdir name="3"><imgdir name="info"></imgdir><imgdir name="tile"></imgdir><imgdir name="obj"></imgdir></imgdir><imgdir name="4"><imgdir name="info"></imgdir><imgdir name="tile"></imgdir><imgdir name="obj"><imgdir name="0"><string name="oS" value="darkMage"/><string name="l0" value="girlHouse2"/><string name="l1" value="foot"/><string name="l2" value="8"/><int name="x" value="-672"/><int name="y" value="14"/><int name="z" value="9"/><int name="f" value="0"/><int name="zM" value="0"/><int name="r" value="0"/><int name="move" value="0"/><int name="dynamic" value="0"/><int name="piece" value="0"/></imgdir><imgdir name="1"><string name="oS" value="darkMage"/><string name="l0" value="girlHouse2"/><string name="l1" value="foot"/><string name="l2" value="9"/><int name="x" value="-582"/><int name="y" value="14"/><int name="z" value="9"/><int name="f" value="0"/><int name="zM" value="0"/><int name="r" value="0"/><int name="move" value="0"/><int name="dynamic" value="0"/><int name="piece" value="1"/></imgdir><imgdir name="2"><string name="oS" value="darkMage"/><string name="l0" value="girlHouse2"/><string name="l1" value="foot"/><string name="l2" value="10"/><int name="x" value="-492"/><int name="y" value="14"/><int name="z" value="9"/><int name="f" value="0"/><int name="zM" value="0"/><int name="r" value="0"/><int name="move" value="0"/><int name="dynamic" value="0"/><int name="piece" value="2"/></imgdir><imgdir name="3"><string name="oS" value="darkMage"/><string name="l0" value="girlHouse2"/><string name="l1" value="foot"/><string name="l2" value="11"/><int name="x" value="-672"/><int name="y" value="74"/><int name="z" value="9"/><int name="f" value="0"/><int name="zM" value="0"/><int name="r" value="0"/><int name="move" value="0"/><int name="dynamic" value="0"/><int name="piece" value="3"/></imgdir><imgdir name="4"><string name="oS" value="darkMage"/><string name="l0" value="girlHouse2"/><string name="l1" value="foot"/><string name="l2" value="12"/><int name="x" value="-582"/><int name="y" value="74"/><int name="z" value="9"/><int name="f" value="0"/><int name="zM" value="0"/><int name="r" value="0"/><int name="move" value="0"/><int name="dynamic" value="0"/><int name="piece" value="4"/></imgdir><imgdir name="5"><string name="oS" value="darkMage"/><string name="l0" value="girlHouse2"/><string name="l1" value="foot"/><string name="l2" value="13"/><int name="x" value="-492"/><int name="y" value="74"/><int name="z" value="9"/><int name="f" value="0"/><int name="zM" value="0"/><int name="r" value="0"/><int name="move" value="0"/><int name="dynamic" value="0"/><int name="piece" value="5"/></imgdir><imgdir name="6"><string name="oS" value="darkMage"/><string name="l0" value="girlHouse2"/><string name="l1" value="foot"/><string name="l2" value="8"/><int name="x" value="-402"/><int name="y" value="14"/><int name="z" value="9"/><int name="f" value="0"/><int name="zM" value="0"/><int name="r" value="0"/><int name="move" value="0"/><int name="dynamic" value="0"/><int name="piece" value="6"/></imgdir><imgdir name="7"><string name="oS" value="darkMage"/><string name="l0" value="girlHouse2"/><string name="l1" value="foot"/><string name="l2" value="9"/><int name="x" value="-312"/><int name="y" value="14"/><int name="z" value="9"/><int name="f" value="0"/><int name="zM" value="0"/><int name="r" value="0"/><int name="move" value="0"/><int name="dynamic" value="0"/><int name="piece" value="7"/></imgdir><imgdir name="8"><string name="oS" value="darkMage"/><string name="l0" value="girlHouse2"/><string name="l1" value="foot"/><string name="l2" value="10"/><int name="x" value="-222"/><int name="y" value="14"/><int name="z" value="9"/><int name="f" value="0"/><int name="zM" value="0"/><int name="r" value="0"/><int name="move" value="0"/><int name="dynamic" value="0"/><int name="piece" value="8"/></imgdir><imgdir name="9"><string name="oS" value="darkMage"/><string name="l0" value="girlHouse2"/><string name="l1" value="foot"/><string name="l2" value="11"/><int name="x" value="-402"/><int name="y" value="74"/><int name="z" value="9"/><int name="f" value="0"/><int name="zM" value="0"/><int name="r" value="0"/><int name="move" value="0"/><int name="dynamic" value="0"/><int name="piece" value="9"/></imgdir><imgdir name="10"><string name="oS" value="darkMage"/><string name="l0" value="girlHouse2"/><string name="l1" value="foot"/><string name="l2" value="12"/><int name="x" value="-312"/><int name="y" value="74"/><int name="z" value="9"/><int name="f" value="0"/><int name="zM" value="0"/><int name="r" value="0"/><int name="move" value="0"/><int name="dynamic" value="0"/><int name="piece" value="10"/></imgdir><imgdir name="11"><string name="oS" value="darkMage"/><string name="l0" value="girlHouse2"/><string name="l1" value="foot"/><string name="l2" value="13"/><int name="x" value="-222"/><int name="y" value="74"/><int name="z" value="9"/><int name="f" value="0"/><int name="zM" value="0"/><int name="r" value="0"/><int name="move" value="0"/><int name="dynamic" value="0"/><int name="piece" value="11"/></imgdir><imgdir name="12"><string name="oS" value="darkMage"/><string name="l0" value="girlHouse2"/><string name="l1" value="foot"/><string name="l2" value="8"/><int name="x" value="-132"/><int name="y" value="14"/><int name="z" value="9"/><int name="f" value="0"/><int name="zM" value="0"/><int name="r" value="0"/><int name="move" value="0"/><int name="dynamic" value="0"/><int name="piece" value="12"/></imgdir><imgdir name="13"><string name="oS" value="darkMage"/><string name="l0" value="girlHouse2"/><string name="l1" value="foot"/><string name="l2" value="9"/><int name="x" value="-42"/><int name="y" value="14"/><int name="z" value="9"/><int name="f" value="0"/><int name="zM" value="0"/><int name="r" value="0"/><int name="move" value="0"/><int name="dynamic" value="0"/><int name="piece" value="13"/></imgdir><imgdir name="14"><string name="oS" value="darkMage"/><string name="l0" value="girlHouse2"/><string name="l1" value="foot"/><string name="l2" value="10"/><int name="x" value="48"/><int name="y" value="14"/><int name="z" value="9"/><int name="f" value="0"/><int name="zM" value="0"/><int name="r" value="0"/><int name="move" value="0"/><int name="dynamic" value="0"/><int name="piece" value="14"/></imgdir><imgdir name="15"><string name="oS" value="darkMage"/><string name="l0" value="girlHouse2"/><string name="l1" value="foot"/><string name="l2" value="11"/><int name="x" value="-132"/><int name="y" value="74"/><int name="z" value="9"/><int name="f" value="0"/><int name="zM" value="0"/><int name="r" value="0"/><int name="move" value="0"/><int name="dynamic" value="0"/><int name="piece" value="15"/></imgdir><imgdir name="16"><string name="oS" value="darkMage"/><string name="l0" value="girlHouse2"/><string name="l1" value="foot"/><string name="l2" value="12"/><int name="x" value="-42"/><int name="y" value="74"/><int name="z" value="9"/><int name="f" value="0"/><int name="zM" value="0"/><int name="r" value="0"/><int name="move" value="0"/><int name="dynamic" value="0"/><int name="piece" value="16"/></imgdir><imgdir name="17"><string name="oS" value="darkMage"/><string name="l0" value="girlHouse2"/><string name="l1" value="foot"/><string name="l2" value="13"/><int name="x" value="48"/><int name="y" value="74"/><int name="z" value="9"/><int name="f" value="0"/><int name="zM" value="0"/><int name="r" value="0"/><int name="move" value="0"/><int name="dynamic" value="0"/><int name="piece" value="17"/></imgdir><imgdir name="18"><string name="oS" value="darkMage"/><string name="l0" value="girlHouse2"/><string name="l1" value="foot"/><string name="l2" value="8"/><int name="x" value="138"/><int name="y" value="14"/><int name="z" value="9"/><int name="f" value="0"/><int name="zM" value="0"/><int name="r" value="0"/><int name="move" value="0"/><int name="dynamic" value="0"/><int name="piece" value="18"/></imgdir><imgdir name="19"><string name="oS" value="darkMage"/><string name="l0" value="girlHouse2"/><string name="l1" value="foot"/><string name="l2" value="9"/><int name="x" value="228"/><int name="y" value="14"/><int name="z" value="9"/><int name="f" value="0"/><int name="zM" value="0"/><int name="r" value="0"/><int name="move" value="0"/><int name="dynamic" value="0"/><int name="piece" value="19"/></imgdir><imgdir name="20"><string name="oS" value="darkMage"/><string name="l0" value="girlHouse2"/><string name="l1" value="foot"/><string name="l2" value="10"/><int name="x" value="318"/><int name="y" value="14"/><int name="z" value="9"/><int name="f" value="0"/><int name="zM" value="0"/><int name="r" value="0"/><int name="move" value="0"/><int name="dynamic" value="0"/><int name="piece" value="20"/></imgdir><imgdir name="21"><string name="oS" value="darkMage"/><string name="l0" value="girlHouse2"/><string name="l1" value="foot"/><string name="l2" value="11"/><int name="x" value="138"/><int name="y" value="74"/><int name="z" value="9"/><int name="f" value="0"/><int name="zM" value="0"/><int name="r" value="0"/><int name="move" value="0"/><int name="dynamic" value="0"/><int name="piece" value="21"/></imgdir><imgdir name="22"><string name="oS" value="darkMage"/><string name="l0" value="girlHouse2"/><string name="l1" value="foot"/><string name="l2" value="12"/><int name="x" value="228"/><int name="y" value="74"/><int name="z" value="9"/><int name="f" value="0"/><int name="zM" value="0"/><int name="r" value="0"/><int name="move" value="0"/><int name="dynamic" value="0"/><int name="piece" value="22"/></imgdir><imgdir name="23"><string name="oS" value="darkMage"/><string name="l0" value="girlHouse2"/><string name="l1" value="foot"/><string name="l2" value="13"/><int name="x" value="318"/><int name="y" value="74"/><int name="z" value="9"/><int name="f" value="0"/><int name="zM" value="0"/><int name="r" value="0"/><int name="move" value="0"/><int name="dynamic" value="0"/><int name="piece" value="23"/></imgdir><imgdir name="24"><string name="oS" value="darkMage"/><string name="l0" value="girlHouse2"/><string name="l1" value="foot"/><string name="l2" value="8"/><int name="x" value="408"/><int name="y" value="14"/><int name="z" value="9"/><int name="f" value="0"/><int name="zM" value="0"/><int name="r" value="0"/><int name="move" value="0"/><int name="dynamic" value="0"/><int name="piece" value="24"/></imgdir><imgdir name="25"><string name="oS" value="darkMage"/><string name="l0" value="girlHouse2"/><string name="l1" value="foot"/><string name="l2" value="9"/><int name="x" value="498"/><int name="y" value="14"/><int name="z" value="9"/><int name="f" value="0"/><int name="zM" value="0"/><int name="r" value="0"/><int name="move" value="0"/><int name="dynamic" value="0"/><int name="piece" value="25"/></imgdir><imgdir name="26"><string name="oS" value="darkMage"/><string name="l0" value="girlHouse2"/><string name="l1" value="foot"/><string name="l2" value="10"/><int name="x" value="588"/><int name="y" value="14"/><int name="z" value="9"/><int name="f" value="0"/><int name="zM" value="0"/><int name="r" value="0"/><int name="move" value="0"/><int name="dynamic" value="0"/><int name="piece" value="26"/></imgdir><imgdir name="27"><string name="oS" value="darkMage"/><string name="l0" value="girlHouse2"/><string name="l1" value="foot"/><string name="l2" value="11"/><int name="x" value="408"/><int name="y" value="74"/><int name="z" value="9"/><int name="f" value="0"/><int name="zM" value="0"/><int name="r" value="0"/><int name="move" value="0"/><int name="dynamic" value="0"/><int name="piece" value="27"/></imgdir><imgdir name="28"><string name="oS" value="darkMage"/><string name="l0" value="girlHouse2"/><string name="l1" value="foot"/><string name="l2" value="12"/><int name="x" value="498"/><int name="y" value="74"/><int name="z" value="9"/><int name="f" value="0"/><int name="zM" value="0"/><int name="r" value="0"/><int name="move" value="0"/><int name="dynamic" value="0"/><int name="piece" value="28"/></imgdir><imgdir name="29"><string name="oS" value="darkMage"/><string name="l0" value="girlHouse2"/><string name="l1" value="foot"/><string name="l2" value="13"/><int name="x" value="588"/><int name="y" value="74"/><int name="z" value="9"/><int name="f" value="0"/><int name="zM" value="0"/><int name="r" value="0"/><int name="move" value="0"/><int name="dynamic" value="0"/><int name="piece" value="29"/></imgdir><imgdir name="30"><string name="oS" value="darkMage"/><string name="l0" value="girlHouse2"/><string name="l1" value="foot"/><string name="l2" value="8"/><int name="x" value="678"/><int name="y" value="14"/><int name="z" value="9"/><int name="f" value="0"/><int name="zM" value="0"/><int name="r" value="0"/><int name="move" value="0"/><int name="dynamic" value="0"/><int name="piece" value="30"/></imgdir><imgdir name="31"><string name="oS" value="darkMage"/><string name="l0" value="girlHouse2"/><string name="l1" value="foot"/><string name="l2" value="9"/><int name="x" value="768"/><int name="y" value="14"/><int name="z" value="9"/><int name="f" value="0"/><int name="zM" value="0"/><int name="r" value="0"/><int name="move" value="0"/><int name="dynamic" value="0"/><int name="piece" value="31"/></imgdir><imgdir name="32"><string name="oS" value="darkMage"/><string name="l0" value="girlHouse2"/><string name="l1" value="foot"/><string name="l2" value="10"/><int name="x" value="858"/><int name="y" value="14"/><int name="z" value="9"/><int name="f" value="0"/><int name="zM" value="0"/><int name="r" value="0"/><int name="move" value="0"/><int name="dynamic" value="0"/><int name="piece" value="32"/></imgdir><imgdir name="33"><string name="oS" value="darkMage"/><string name="l0" value="girlHouse2"/><string name="l1" value="foot"/><string name="l2" value="11"/><int name="x" value="678"/><int name="y" value="74"/><int name="z" value="9"/><int name="f" value="0"/><int name="zM" value="0"/><int name="r" value="0"/><int name="move" value="0"/><int name="dynamic" value="0"/><int name="piece" value="33"/></imgdir><imgdir name="34"><string name="oS" value="darkMage"/><string name="l0" value="girlHouse2"/><string name="l1" value="foot"/><string name="l2" value="12"/><int name="x" value="768"/><int name="y" value="74"/><int name="z" value="9"/><int name="f" value="0"/><int name="zM" value="0"/><int name="r" value="0"/><int name="move" value="0"/><int name="dynamic" value="0"/><int name="piece" value="34"/></imgdir><imgdir name="35"><string name="oS" value="darkMage"/><string name="l0" value="girlHouse2"/><string name="l1" value="foot"/><string name="l2" value="13"/><int name="x" value="858"/><int name="y" value="74"/><int name="z" value="9"/><int name="f" value="0"/><int name="zM" value="0"/><int name="r" value="0"/><int name="move" value="0"/><int name="dynamic" value="0"/><int name="piece" value="35"/></imgdir><imgdir name="36"><string name="oS" value="darkMage"/><string name="l0" value="girlHouse2"/><string name="l1" value="foot"/><string name="l2" value="8"/><int name="x" value="948"/><int name="y" value="14"/><int name="z" value="9"/><int name="f" value="0"/><int name="zM" value="0"/><int name="r" value="0"/><int name="move" value="0"/><int name="dynamic" value="0"/><int name="piece" value="36"/></imgdir><imgdir name="37"><string name="oS" value="darkMage"/><string name="l0" value="girlHouse2"/><string name="l1" value="foot"/><string name="l2" value="9"/><int name="x" value="1038"/><int name="y" value="14"/><int name="z" value="9"/><int name="f" value="0"/><int name="zM" value="0"/><int name="r" value="0"/><int name="move" value="0"/><int name="dynamic" value="0"/><int name="piece" value="37"/></imgdir><imgdir name="39"><string name="oS" value="darkMage"/><string name="l0" value="girlHouse2"/><string name="l1" value="foot"/><string name="l2" value="11"/><int name="x" value="948"/><int name="y" value="74"/><int name="z" value="9"/><int name="f" value="0"/><int name="zM" value="0"/><int name="r" value="0"/><int name="move" value="0"/><int name="dynamic" value="0"/><int name="piece" value="39"/></imgdir><imgdir name="38"><string name="oS" value="darkMage"/><string name="l0" value="girlHouse2"/><string name="l1" value="foot"/><string name="l2" value="12"/><int name="x" value="1038"/><int name="y" value="74"/><int name="z" value="9"/><int name="f" value="0"/><int name="zM" value="0"/><int name="r" value="0"/><int name="move" value="0"/><int name="dynamic" value="0"/><int name="piece" value="38"/></imgdir></imgdir></imgdir><imgdir name="5"><imgdir name="info"></imgdir><imgdir name="tile"></imgdir><imgdir name="obj"><imgdir name="0"><string name="oS" value="darkMage"/><string name="l0" value="girlHouse2"/><string name="l1" value="foot"/><string name="l2" value="0"/><int name="x" value="-718"/><int name="y" value="10"/><int name="z" value="9"/><int name="f" value="0"/><int name="zM" value="4"/><int name="r" value="0"/><int name="move" value="0"/><int name="dynamic" value="0"/><int name="piece" value="0"/></imgdir><imgdir name="1"><string name="oS" value="darkMage"/><string name="l0" value="girlHouse2"/><string name="l1" value="foot"/><string name="l2" value="1"/><int name="x" value="-718"/><int name="y" value="10"/><int name="z" value="9"/><int name="f" value="0"/><int name="zM" value="11"/><int name="r" value="0"/><int name="move" value="0"/><int name="dynamic" value="0"/><int name="piece" value="1"/></imgdir><imgdir name="2"><string name="oS" value="darkMage"/><string name="l0" value="girlHouse2"/><string name="l1" value="foot"/><string name="l2" value="2"/><int name="x" value="-718"/><int name="y" value="10"/><int name="z" value="9"/><int name="f" value="0"/><int name="zM" value="9"/><int name="r" value="0"/><int name="move" value="0"/><int name="dynamic" value="0"/><int name="piece" value="2"/></imgdir><imgdir name="3"><string name="oS" value="darkMage"/><string name="l0" value="girlHouse2"/><string name="l1" value="foot"/><string name="l2" value="3"/><int name="x" value="-718"/><int name="y" value="10"/><int name="z" value="9"/><int name="f" value="0"/><int name="zM" value="3"/><int name="r" value="0"/><int name="move" value="0"/><int name="dynamic" value="0"/><int name="piece" value="3"/></imgdir><imgdir name="4"><string name="oS" value="darkMage"/><string name="l0" value="girlHouse2"/><string name="l1" value="foot"/><string name="l2" value="4"/><int name="x" value="-718"/><int name="y" value="10"/><int name="z" value="9"/><int name="f" value="0"/><int name="zM" value="0"/><int name="r" value="0"/><int name="move" value="0"/><int name="dynamic" value="0"/><int name="piece" value="4"/></imgdir><imgdir name="5"><string name="oS" value="darkMage"/><string name="l0" value="girlHouse2"/><string name="l1" value="foot"/><string name="l2" value="5"/><int name="x" value="-718"/><int name="y" value="10"/><int name="z" value="9"/><int name="f" value="0"/><int name="zM" value="15"/><int name="r" value="0"/><int name="move" value="0"/><int name="dynamic" value="0"/><int name="piece" value="5"/></imgdir><imgdir name="6"><string name="oS" value="darkMage"/><string name="l0" value="girlHouse2"/><string name="l1" value="foot"/><string name="l2" value="6"/><int name="x" value="-718"/><int name="y" value="10"/><int name="z" value="9"/><int name="f" value="0"/><int name="zM" value="10"/><int name="r" value="0"/><int name="move" value="0"/><int name="dynamic" value="0"/><int name="piece" value="6"/></imgdir><imgdir name="7"><string name="oS" value="darkMage"/><string name="l0" value="girlHouse2"/><string name="l1" value="foot"/><string name="l2" value="7"/><int name="x" value="-718"/><int name="y" value="10"/><int name="z" value="9"/><int name="f" value="0"/><int name="zM" value="8"/><int name="r" value="0"/><int name="move" value="0"/><int name="dynamic" value="0"/><int name="piece" value="7"/></imgdir><imgdir name="8"><string name="oS" value="darkMage"/><string name="l0" value="girlHouse2"/><string name="l1" value="foot"/><string name="l2" value="0"/><int name="x" value="71"/><int name="y" value="10"/><int name="z" value="9"/><int name="f" value="0"/><int name="zM" value="5"/><int name="r" value="0"/><int name="move" value="0"/><int name="dynamic" value="0"/><int name="piece" value="8"/></imgdir><imgdir name="9"><string name="oS" value="darkMage"/><string name="l0" value="girlHouse2"/><string name="l1" value="foot"/><string name="l2" value="1"/><int name="x" value="71"/><int name="y" value="10"/><int name="z" value="9"/><int name="f" value="0"/><int name="zM" value="12"/><int name="r" value="0"/><int name="move" value="0"/><int name="dynamic" value="0"/><int name="piece" value="9"/></imgdir><imgdir name="10"><string name="oS" value="darkMage"/><string name="l0" value="girlHouse2"/><string name="l1" value="foot"/><string name="l2" value="2"/><int name="x" value="71"/><int name="y" value="10"/><int name="z" value="9"/><int name="f" value="0"/><int name="zM" value="2"/><int name="r" value="0"/><int name="move" value="0"/><int name="dynamic" value="0"/><int name="piece" value="10"/></imgdir><imgdir name="11"><string name="oS" value="darkMage"/><string name="l0" value="girlHouse2"/><string name="l1" value="foot"/><string name="l2" value="3"/><int name="x" value="70"/><int name="y" value="10"/><int name="z" value="9"/><int name="f" value="0"/><int name="zM" value="2"/><int name="r" value="0"/><int name="move" value="0"/><int name="dynamic" value="0"/><int name="piece" value="11"/></imgdir><imgdir name="12"><string name="oS" value="darkMage"/><string name="l0" value="girlHouse2"/><string name="l1" value="foot"/><string name="l2" value="4"/><int name="x" value="70"/><int name="y" value="10"/><int name="z" value="9"/><int name="f" value="0"/><int name="zM" value="1"/><int name="r" value="0"/><int name="move" value="0"/><int name="dynamic" value="0"/><int name="piece" value="12"/></imgdir><imgdir name="13"><string name="oS" value="darkMage"/><string name="l0" value="girlHouse2"/><string name="l1" value="foot"/><string name="l2" value="5"/><int name="x" value="70"/><int name="y" value="10"/><int name="z" value="9"/><int name="f" value="0"/><int name="zM" value="14"/><int name="r" value="0"/><int name="move" value="0"/><int name="dynamic" value="0"/><int name="piece" value="13"/></imgdir><imgdir name="14"><string name="oS" value="darkMage"/><string name="l0" value="girlHouse2"/><string name="l1" value="foot"/><string name="l2" value="6"/><int name="x" value="70"/><int name="y" value="10"/><int name="z" value="9"/><int name="f" value="0"/><int name="zM" value="7"/><int name="r" value="0"/><int name="move" value="0"/><int name="dynamic" value="0"/><int name="piece" value="14"/></imgdir><imgdir name="15"><string name="oS" value="darkMage"/><string name="l0" value="girlHouse2"/><string name="l1" value="foot"/><string name="l2" value="7"/><int name="x" value="69"/><int name="y" value="10"/><int name="z" value="9"/><int name="f" value="0"/><int name="zM" value="7"/><int name="r" value="0"/><int name="move" value="0"/><int name="dynamic" value="0"/><int name="piece" value="15"/></imgdir><imgdir name="16"><string name="oS" value="darkMage"/><string name="l0" value="girlHouse2"/><string name="l1" value="foot"/><string name="l2" value="0"/><int name="x" value="858"/><int name="y" value="10"/><int name="z" value="9"/><int name="f" value="0"/><int name="zM" value="6"/><int name="r" value="0"/><int name="move" value="0"/><int name="dynamic" value="0"/><int name="piece" value="16"/></imgdir><imgdir name="17"><string name="oS" value="darkMage"/><string name="l0" value="girlHouse2"/><string name="l1" value="foot"/><string name="l2" value="1"/><int name="x" value="858"/><int name="y" value="10"/><int name="z" value="9"/><int name="f" value="0"/><int name="zM" value="13"/><int name="r" value="0"/><int name="move" value="0"/><int name="dynamic" value="0"/><int name="piece" value="17"/></imgdir></imgdir></imgdir><imgdir name="6"><imgdir name="info"></imgdir><imgdir name="tile"></imgdir><imgdir name="obj"></imgdir></imgdir><imgdir name="7"><imgdir name="info"></imgdir><imgdir name="tile"></imgdir><imgdir name="obj"></imgdir></imgdir><imgdir name="foothold"><imgdir name="5"><imgdir name="4"><imgdir name="1"><int name="x1" value="-720"/><int name="y1" value="-32"/><int name="x2" value="-612"/><int name="y2" value="-32"/><int name="prev" value="0"/><int name="next" value="2"/><int name="piece" value="0"/></imgdir></imgdir><imgdir name="11"><imgdir name="2"><int name="x1" value="-612"/><int name="y1" value="-32"/><int name="x2" value="-503"/><int name="y2" value="-32"/><int name="prev" value="1"/><int name="next" value="3"/><int name="piece" value="1"/></imgdir></imgdir><imgdir name="9"><imgdir name="3"><int name="x1" value="-503"/><int name="y1" value="-32"/><int name="x2" value="-391"/><int name="y2" value="-32"/><int name="prev" value="2"/><int name="next" value="4"/><int name="piece" value="2"/></imgdir></imgdir><imgdir name="3"><imgdir name="4"><int name="x1" value="-391"/><int name="y1" value="-32"/><int name="x2" value="-282"/><int name="y2" value="-32"/><int name="prev" value="3"/><int name="next" value="5"/><int name="piece" value="3"/></imgdir></imgdir><imgdir name="0"><imgdir name="5"><int name="x1" value="-282"/><int name="y1" value="-32"/><int name="x2" value="-187"/><int name="y2" value="-32"/><int name="prev" value="4"/><int name="next" value="6"/><int name="piece" value="4"/></imgdir></imgdir><imgdir name="15"><imgdir name="6"><int name="x1" value="-187"/><int name="y1" value="-32"/><int name="x2" value="-86"/><int name="y2" value="-32"/><int name="prev" value="5"/><int name="next" value="7"/><int name="piece" value="5"/></imgdir></imgdir><imgdir name="10"><imgdir name="7"><int name="x1" value="-86"/><int name="y1" value="-32"/><int name="x2" value="5"/><int name="y2" value="-32"/><int name="prev" value="6"/><int name="next" value="8"/><int name="piece" value="6"/></imgdir></imgdir><imgdir name="8"><imgdir name="8"><int name="x1" value="5"/><int name="y1" value="-32"/><int name="x2" value="75"/><int name="y2" value="-32"/><int name="prev" value="7"/><int name="next" value="9"/><int name="piece" value="7"/></imgdir></imgdir><imgdir name="5"><imgdir name="9"><int name="x1" value="75"/><int name="y1" value="-32"/><int name="x2" value="177"/><int name="y2" value="-32"/><int name="prev" value="8"/><int name="next" value="10"/><int name="piece" value="8"/></imgdir></imgdir><imgdir name="12"><imgdir name="10"><int name="x1" value="177"/><int name="y1" value="-32"/><int name="x2" value="286"/><int name="y2" value="-32"/><int name="prev" value="9"/><int name="next" value="11"/><int name="piece" value="9"/></imgdir></imgdir><imgdir name="2"><imgdir name="11"><int name="x1" value="286"/><int name="y1" value="-32"/><int name="x2" value="398"/><int name="y2" value="-32"/><int name="prev" value="10"/><int name="next" value="12"/><int name="piece" value="10"/></imgdir><imgdir name="12"><int name="x1" value="398"/><int name="y1" value="-32"/><int name="x2" value="506"/><int name="y2" value="-32"/><int name="prev" value="11"/><int name="next" value="13"/><int name="piece" value="11"/></imgdir></imgdir><imgdir name="1"><imgdir name="13"><int name="x1" value="506"/><int name="y1" value="-32"/><int name="x2" value="601"/><int name="y2" value="-32"/><int name="prev" value="12"/><int name="next" value="14"/><int name="piece" value="12"/></imgdir></imgdir><imgdir name="14"><imgdir name="14"><int name="x1" value="601"/><int name="y1" value="-32"/><int name="x2" value="702"/><int name="y2" value="-32"/><int name="prev" value="13"/><int name="next" value="15"/><int name="piece" value="13"/></imgdir></imgdir><imgdir name="7"><imgdir name="15"><int name="x1" value="702"/><int name="y1" value="-32"/><int name="x2" value="793"/><int name="y2" value="-32"/><int name="prev" value="14"/><int name="next" value="16"/><int name="piece" value="14"/></imgdir><imgdir name="16"><int name="x1" value="793"/><int name="y1" value="-32"/><int name="x2" value="862"/><int name="y2" value="-32"/><int name="prev" value="15"/><int name="next" value="17"/><int name="piece" value="15"/></imgdir></imgdir><imgdir name="6"><imgdir name="17"><int name="x1" value="862"/><int name="y1" value="-32"/><int name="x2" value="964"/><int name="y2" value="-32"/><int name="prev" value="16"/><int name="next" value="18"/><int name="piece" value="16"/></imgdir></imgdir><imgdir name="13"><imgdir name="18"><int name="x1" value="964"/><int name="y1" value="-32"/><int name="x2" value="1073"/><int name="y2" value="-32"/><int name="prev" value="17"/><int name="next" value="0"/><int name="piece" value="17"/></imgdir></imgdir></imgdir></imgdir><imgdir name="ladderRope"></imgdir><imgdir name="miniMap"><canvas name="canvas" width="1" height="1"><string name="_hash" value="ad4aef84c6116ad88551a745a595a77e117b60d41923d86e3fb2e9fa01cf4c2d"/><string name="_outlink" value="Map/Map/Map9/910141000.img/miniMap/canvas"/></canvas><int name="width" value="1897"/><int name="height" value="381"/><int name="centerX" value="766"/><int name="centerY" value="229"/><int name="mag" value="4"/></imgdir><imgdir name="portal"><imgdir name="0"><string name="pn" value="sp"/><int name="pt" value="0"/><int name="x" value="-506"/><int name="y" value="-52"/><int name="tm" value="999999999"/><string name="tn" value=""/><int name="horizontalImpact" value="0"/></imgdir><imgdir name="1"><string name="pn" value="out00"/><int name="pt" value="1"/><int name="x" value="-509"/><int name="y" value="-61"/><int name="tm" value="999999999"/><string name="tn" value=""/><int name="horizontalImpact" value="0"/><string name="script" value=""/><int name="hideTooltip" value="0"/><int name="onlyOnce" value="0"/><int name="shownAtMinimap" value="0"/><int name="delay" value="0"/></imgdir><imgdir name="2"><string name="pn" value="in00"/><int name="pt" value="7"/><int name="x" value="886"/><int name="y" value="-35"/><int name="tm" value="999999999"/><string name="tn" value=""/><int name="horizontalImpact" value="0"/><string name="script" value="portal_meetLumi"/><int name="hideTooltip" value="0"/><int name="onlyOnce" value="0"/><int name="delay" value="0"/></imgdir></imgdir></imgdir>