<?xml version="1.0" encoding="UTF-8" standalone="yes"?><imgdir name="910100140.img"><imgdir name="info"><int name="version" value="10"/><int name="cloud" value="0"/><int name="town" value="0"/><int name="returnMap" value="101000000"/><float name="mobRate" value="2.099998"/><string name="bgm" value="Bgm01/MoonlightShadow"/><string name="mapDesc" value=""/><int name="forcedReturn" value="101030200"/><int name="hideMinimap" value="0"/><int name="moveLimit" value="0"/><string name="mapMark" value="Ellinia"/><int name="swim" value="0"/><int name="fly" value="0"/><int name="noMapCmd" value="0"/><int name="fieldLimit" value="271096"/><int name="VRTop" value="1020"/><int name="VRLeft" value="-1317"/><int name="VRBottom" value="1746"/><int name="VRRight" value="-185"/><string name="fieldScript" value="elinia"/><string name="onFirstUserEnter" value=""/><string name="onUserEnter" value=""/><int name="standAlone" value="0"/><int name="partyStandAlone" value="0"/><int name="quarterView" value="0"/><string name="AmbientBGM" value=""/><int name="AmbientBGMv" value="100"/></imgdir><imgdir name="back"><imgdir name="0"><string name="bS" value="shineWood"/><int name="no" value="0"/><int name="x" value="-13"/><int name="y" value="3"/><int name="rx" value="-2"/><int name="ry" value="-10"/><int name="type" value="3"/><int name="cx" value="0"/><int name="cy" value="0"/><int name="a" value="255"/><int name="front" value="0"/><int name="ani" value="0"/><int name="f" value="0"/></imgdir><imgdir name="1"><string name="bS" value="shineWood"/><int name="no" value="1"/><int name="x" value="241"/><int name="y" value="-79"/><int name="rx" value="-3"/><int name="ry" value="-15"/><int name="type" value="2"/><int name="cx" value="0"/><int name="cy" value="0"/><int name="a" value="255"/><int name="front" value="0"/><int name="ani" value="0"/><int name="f" value="0"/></imgdir><imgdir name="2"><string name="bS" value="shineWood"/><int name="no" value="2"/><int name="x" value="-297"/><int name="y" value="-45"/><int name="rx" value="-3"/><int name="ry" value="-15"/><int name="type" value="2"/><int name="cx" value="0"/><int name="cy" value="0"/><int name="a" value="255"/><int name="front" value="0"/><int name="ani" value="0"/><int name="f" value="0"/></imgdir><imgdir name="5"><string name="bS" value="shineWood"/><int name="no" value="6"/><int name="x" value="23"/><int name="y" value="350"/><int name="rx" value="-20"/><int name="ry" value="-25"/><int name="type" value="2"/><int name="cx" value="500"/><int name="cy" value="0"/><int name="a" value="255"/><int name="front" value="0"/><int name="ani" value="0"/><int name="f" value="0"/></imgdir><imgdir name="4"><string name="bS" value="shineWood"/><int name="no" value="5"/><int name="x" value="-617"/><int name="y" value="-28"/><int name="rx" value="-18"/><int name="ry" value="-25"/><int name="type" value="3"/><int name="cx" value="500"/><int name="cy" value="0"/><int name="a" value="255"/><int name="front" value="0"/><int name="ani" value="0"/><int name="f" value="0"/></imgdir><imgdir name="6"><string name="bS" value="shineWood"/><int name="front" value="0"/><int name="ani" value="0"/><int name="no" value="10"/><int name="f" value="0"/><int name="x" value="652"/><int name="y" value="-204"/><int name="rx" value="0"/><int name="ry" value="0"/><int name="type" value="2"/><int name="cx" value="0"/><int name="cy" value="0"/><int name="a" value="255"/></imgdir><imgdir name="7"><string name="bS" value="shineWood"/><int name="no" value="10"/><int name="x" value="243"/><int name="y" value="87"/><int name="rx" value="-25"/><int name="ry" value="-30"/><int name="type" value="3"/><int name="cx" value="400"/><int name="cy" value="0"/><int name="a" value="255"/><int name="front" value="0"/><int name="ani" value="0"/><int name="f" value="0"/></imgdir><imgdir name="3"><string name="bS" value="shineWood"/><int name="no" value="7"/><int name="x" value="236"/><int name="y" value="139"/><int name="rx" value="-15"/><int name="ry" value="-23"/><int name="type" value="3"/><int name="cx" value="600"/><int name="cy" value="0"/><int name="a" value="255"/><int name="front" value="0"/><int name="ani" value="0"/><int name="f" value="0"/></imgdir><imgdir name="13"><string name="bS" value="shineWood"/><int name="no" value="12"/><int name="x" value="-587"/><int name="y" value="-873"/><int name="rx" value="-35"/><int name="ry" value="-35"/><int name="type" value="2"/><int name="cx" value="0"/><int name="cy" value="0"/><int name="a" value="255"/><int name="front" value="0"/><int name="ani" value="0"/><int name="f" value="0"/></imgdir><imgdir name="12"><string name="bS" value="shineWood"/><int name="no" value="16"/><int name="x" value="274"/><int name="y" value="274"/><int name="rx" value="-31"/><int name="ry" value="-31"/><int name="type" value="3"/><int name="cx" value="548"/><int name="cy" value="548"/><int name="a" value="255"/><int name="front" value="0"/><int name="ani" value="0"/><int name="f" value="0"/></imgdir><imgdir name="11"><string name="bS" value="shineWood"/><int name="no" value="16"/><int name="x" value="-137"/><int name="y" value="-137"/><int name="rx" value="-31"/><int name="ry" value="-31"/><int name="type" value="3"/><int name="cx" value="548"/><int name="cy" value="548"/><int name="a" value="255"/><int name="front" value="0"/><int name="ani" value="0"/><int name="f" value="0"/></imgdir><imgdir name="10"><string name="bS" value="shineWood"/><int name="no" value="16"/><int name="x" value="137"/><int name="y" value="137"/><int name="rx" value="-31"/><int name="ry" value="-31"/><int name="type" value="3"/><int name="cx" value="548"/><int name="cy" value="548"/><int name="a" value="255"/><int name="front" value="0"/><int name="ani" value="0"/><int name="f" value="0"/></imgdir><imgdir name="9"><string name="bS" value="shineWood"/><int name="no" value="16"/><int name="x" value="0"/><int name="y" value="0"/><int name="rx" value="-31"/><int name="ry" value="-31"/><int name="type" value="3"/><int name="cx" value="548"/><int name="cy" value="548"/><int name="a" value="255"/><int name="front" value="0"/><int name="ani" value="0"/><int name="f" value="0"/></imgdir><imgdir name="8"><string name="bS" value="shineWood"/><int name="no" value="10"/><int name="x" value="-558"/><int name="y" value="-230"/><int name="rx" value="-23"/><int name="ry" value="-28"/><int name="type" value="3"/><int name="cx" value="300"/><int name="cy" value="0"/><int name="a" value="255"/><int name="front" value="0"/><int name="ani" value="0"/><int name="f" value="0"/></imgdir><imgdir name="14"><string name="bS" value="shineWood"/><int name="no" value="14"/><int name="x" value="-1658"/><int name="y" value="-283"/><int name="rx" value="-100"/><int name="ry" value="-100"/><int name="type" value="2"/><int name="cx" value="0"/><int name="cy" value="0"/><int name="a" value="255"/><int name="front" value="0"/><int name="ani" value="0"/><int name="f" value="0"/></imgdir><imgdir name="15"><string name="bS" value="shineWood"/><int name="no" value="15"/><int name="x" value="-1325"/><int name="y" value="19"/><int name="rx" value="-100"/><int name="ry" value="-100"/><int name="type" value="2"/><int name="cx" value="0"/><int name="cy" value="0"/><int name="a" value="255"/><int name="front" value="0"/><int name="ani" value="0"/><int name="f" value="0"/></imgdir><imgdir name="16"><string name="bS" value="shineWood"/><int name="no" value="14"/><int name="x" value="-922"/><int name="y" value="-106"/><int name="rx" value="-100"/><int name="ry" value="-100"/><int name="type" value="2"/><int name="cx" value="0"/><int name="cy" value="0"/><int name="a" value="255"/><int name="front" value="0"/><int name="ani" value="0"/><int name="f" value="0"/></imgdir><imgdir name="17"><string name="bS" value="shineWood"/><int name="no" value="14"/><int name="x" value="-505"/><int name="y" value="-5"/><int name="rx" value="-100"/><int name="ry" value="-100"/><int name="type" value="2"/><int name="cx" value="0"/><int name="cy" value="0"/><int name="a" value="255"/><int name="front" value="0"/><int name="ani" value="0"/><int name="f" value="0"/></imgdir><imgdir name="18"><string name="bS" value="shineWood"/><int name="no" value="15"/><int name="x" value="-246"/><int name="y" value="-60"/><int name="rx" value="-100"/><int name="ry" value="-100"/><int name="type" value="2"/><int name="cx" value="0"/><int name="cy" value="0"/><int name="a" value="255"/><int name="front" value="0"/><int name="ani" value="0"/><int name="f" value="0"/></imgdir></imgdir><imgdir name="life"><imgdir name="0"><string name="type" value="m"/><string name="id" value="9100018"/><int name="x" value="-753"/><int name="y" value="1370"/><int name="mobTime" value="0"/><int name="f" value="1"/><int name="hide" value="0"/><int name="fh" value="65"/><int name="cy" value="1389"/><int name="rx0" value="-1307"/><int name="rx1" value="-195"/></imgdir><imgdir name="1"><string name="type" value="m"/><string name="id" value="9100018"/><int name="x" value="-642"/><int name="y" value="1363"/><int name="mobTime" value="0"/><int name="f" value="0"/><int name="hide" value="0"/><int name="fh" value="57"/><int name="cy" value="1379"/><int name="rx0" value="-1307"/><int name="rx1" value="-195"/></imgdir><imgdir name="2"><string name="type" value="m"/><string name="id" value="9100018"/><int name="x" value="-562"/><int name="y" value="1296"/><int name="mobTime" value="0"/><int name="f" value="0"/><int name="hide" value="0"/><int name="fh" value="39"/><int name="cy" value="1318"/><int name="rx0" value="-1307"/><int name="rx1" value="-195"/></imgdir><imgdir name="3"><string name="type" value="m"/><string name="id" value="9100018"/><int name="x" value="-422"/><int name="y" value="1266"/><int name="mobTime" value="0"/><int name="f" value="1"/><int name="hide" value="0"/><int name="fh" value="42"/><int name="cy" value="1296"/><int name="rx0" value="-1307"/><int name="rx1" value="-195"/></imgdir><imgdir name="4"><string name="type" value="m"/><string name="id" value="9100018"/><int name="x" value="-268"/><int name="y" value="1248"/><int name="mobTime" value="0"/><int name="f" value="0"/><int name="hide" value="0"/><int name="fh" value="51"/><int name="cy" value="1271"/><int name="rx0" value="-1307"/><int name="rx1" value="-195"/></imgdir><imgdir name="5"><string name="type" value="m"/><string name="id" value="9100018"/><int name="x" value="-954"/><int name="y" value="1534"/><int name="mobTime" value="0"/><int name="f" value="1"/><int name="hide" value="0"/><int name="fh" value="1"/><int name="cy" value="1556"/><int name="rx0" value="-1307"/><int name="rx1" value="-195"/></imgdir><imgdir name="6"><string name="type" value="m"/><string name="id" value="9100018"/><int name="x" value="-811"/><int name="y" value="1515"/><int name="mobTime" value="0"/><int name="f" value="0"/><int name="hide" value="0"/><int name="fh" value="5"/><int name="cy" value="1533"/><int name="rx0" value="-1307"/><int name="rx1" value="-195"/></imgdir><imgdir name="7"><string name="type" value="m"/><string name="id" value="9100018"/><int name="x" value="-562"/><int name="y" value="1470"/><int name="mobTime" value="0"/><int name="f" value="0"/><int name="hide" value="0"/><int name="fh" value="11"/><int name="cy" value="1494"/><int name="rx0" value="-1307"/><int name="rx1" value="-195"/></imgdir><imgdir name="8"><string name="type" value="m"/><string name="id" value="9100018"/><int name="x" value="-281"/><int name="y" value="1469"/><int name="mobTime" value="0"/><int name="f" value="0"/><int name="hide" value="0"/><int name="fh" value="25"/><int name="cy" value="1495"/><int name="rx0" value="-1307"/><int name="rx1" value="-195"/></imgdir><imgdir name="9"><string name="type" value="m"/><string name="id" value="9100018"/><int name="x" value="-435"/><int name="y" value="1465"/><int name="mobTime" value="0"/><int name="f" value="0"/><int name="hide" value="0"/><int name="fh" value="31"/><int name="cy" value="1487"/><int name="rx0" value="-1307"/><int name="rx1" value="-195"/></imgdir><imgdir name="10"><string name="type" value="m"/><string name="id" value="9100018"/><int name="x" value="-685"/><int name="y" value="1494"/><int name="mobTime" value="0"/><int name="f" value="0"/><int name="hide" value="0"/><int name="fh" value="8"/><int name="cy" value="1513"/><int name="rx0" value="-1307"/><int name="rx1" value="-195"/></imgdir><imgdir name="11"><string name="type" value="n"/><string name="id" value="1040003"/><int name="x" value="-890"/><int name="y" value="1340"/><int name="mobTime" value="0"/><int name="f" value="0"/><int name="hide" value="0"/><int name="fh" value="14"/><int name="cy" value="1344"/><int name="rx0" value="-940"/><int name="rx1" value="-840"/></imgdir></imgdir><imgdir name="0"><imgdir name="info"></imgdir><imgdir name="tile"></imgdir><imgdir name="obj"></imgdir></imgdir><imgdir name="1"><imgdir name="info"></imgdir><imgdir name="tile"></imgdir><imgdir name="obj"><imgdir name="3"><string name="oS" value="acc2"/><string name="l0" value="shineWood"/><string name="l1" value="foot"/><string name="l2" value="23"/><int name="x" value="-1142"/><int name="y" value="1513"/><int name="z" value="2"/><int name="f" value="0"/><int name="zM" value="0"/><int name="piece" value="3"/></imgdir><imgdir name="0"><string name="oS" value="acc2"/><string name="l0" value="shineWood"/><string name="l1" value="foot"/><string name="l2" value="0"/><int name="x" value="-886"/><int name="y" value="1582"/><int name="z" value="2"/><int name="f" value="0"/><int name="zM" value="0"/><int name="piece" value="0"/></imgdir><imgdir name="1"><string name="oS" value="acc2"/><string name="l0" value="shineWood"/><string name="l1" value="foot"/><string name="l2" value="26"/><int name="x" value="-693"/><int name="y" value="1522"/><int name="z" value="3"/><int name="f" value="0"/><int name="zM" value="0"/><int name="piece" value="1"/></imgdir><imgdir name="2"><string name="oS" value="acc2"/><string name="l0" value="shineWood"/><string name="l1" value="minidungeon"/><string name="l2" value="3"/><int name="x" value="-922"/><int name="y" value="1298"/><int name="z" value="3"/><int name="f" value="0"/><int name="zM" value="0"/><int name="r" value="0"/><int name="move" value="0"/><int name="dynamic" value="0"/><int name="piece" value="2"/></imgdir><imgdir name="4"><string name="oS" value="acc2"/><string name="l0" value="shineWood"/><string name="l1" value="foot"/><string name="l2" value="19"/><int name="x" value="-409"/><int name="y" value="1521"/><int name="z" value="9"/><int name="f" value="1"/><int name="zM" value="0"/><int name="r" value="0"/><int name="move" value="0"/><int name="dynamic" value="0"/><int name="piece" value="4"/></imgdir><imgdir name="5"><string name="oS" value="acc2"/><string name="l0" value="shineWood"/><string name="l1" value="foot"/><string name="l2" value="5"/><int name="x" value="-239"/><int name="y" value="1525"/><int name="z" value="9"/><int name="f" value="0"/><int name="zM" value="0"/><int name="r" value="0"/><int name="move" value="0"/><int name="dynamic" value="0"/><int name="piece" value="5"/></imgdir><imgdir name="6"><string name="oS" value="acc2"/><string name="l0" value="shineWood"/><string name="l1" value="foot"/><string name="l2" value="26"/><int name="x" value="-447"/><int name="y" value="1307"/><int name="z" value="9"/><int name="f" value="0"/><int name="zM" value="0"/><int name="r" value="0"/><int name="move" value="0"/><int name="dynamic" value="0"/><int name="piece" value="6"/></imgdir><imgdir name="7"><string name="oS" value="acc2"/><string name="l0" value="shineWood"/><string name="l1" value="foot"/><string name="l2" value="21"/><int name="x" value="-252"/><int name="y" value="1288"/><int name="z" value="9"/><int name="f" value="0"/><int name="zM" value="0"/><int name="r" value="0"/><int name="move" value="0"/><int name="dynamic" value="0"/><int name="piece" value="7"/></imgdir><imgdir name="8"><string name="oS" value="acc2"/><string name="l0" value="shineWood"/><string name="l1" value="foot"/><string name="l2" value="4"/><int name="x" value="-647"/><int name="y" value="1410"/><int name="z" value="9"/><int name="f" value="0"/><int name="zM" value="0"/><int name="r" value="0"/><int name="move" value="0"/><int name="dynamic" value="0"/><int name="piece" value="8"/></imgdir><imgdir name="9"><string name="oS" value="acc2"/><string name="l0" value="shineWood"/><string name="l1" value="foot"/><string name="l2" value="3"/><int name="x" value="-1007"/><int name="y" value="1495"/><int name="z" value="9"/><int name="f" value="0"/><int name="zM" value="0"/><int name="r" value="0"/><int name="move" value="0"/><int name="dynamic" value="0"/><int name="piece" value="9"/></imgdir><imgdir name="10"><string name="oS" value="acc2"/><string name="l0" value="shineWood"/><string name="l1" value="foot"/><string name="l2" value="2"/><int name="x" value="-763"/><int name="y" value="1395"/><int name="z" value="9"/><int name="f" value="0"/><int name="zM" value="0"/><int name="r" value="0"/><int name="move" value="0"/><int name="dynamic" value="0"/><int name="piece" value="10"/></imgdir><imgdir name="11"><string name="oS" value="acc2"/><string name="l0" value="shineWood"/><string name="l1" value="foot"/><string name="l2" value="2"/><int name="x" value="-887"/><int name="y" value="1446"/><int name="z" value="9"/><int name="f" value="1"/><int name="zM" value="0"/><int name="r" value="0"/><int name="move" value="0"/><int name="dynamic" value="0"/><int name="piece" value="11"/></imgdir><imgdir name="12"><string name="oS" value="connect"/><string name="l0" value="rope"/><string name="l1" value="0"/><string name="l2" value="0"/><int name="x" value="-335"/><int name="y" value="1280"/><int name="z" value="9"/><int name="f" value="0"/><int name="zM" value="0"/><int name="r" value="0"/><int name="move" value="0"/><int name="dynamic" value="0"/><int name="piece" value="12"/></imgdir><imgdir name="13"><string name="oS" value="connect"/><string name="l0" value="rope"/><string name="l1" value="0"/><string name="l2" value="3"/><int name="x" value="-335"/><int name="y" value="1365"/><int name="z" value="9"/><int name="f" value="0"/><int name="zM" value="0"/><int name="r" value="0"/><int name="move" value="0"/><int name="dynamic" value="0"/><int name="piece" value="13"/></imgdir><imgdir name="14"><string name="oS" value="connect"/><string name="l0" value="rope"/><string name="l1" value="0"/><string name="l2" value="2"/><int name="x" value="-335"/><int name="y" value="1440"/><int name="z" value="9"/><int name="f" value="0"/><int name="zM" value="0"/><int name="r" value="0"/><int name="move" value="0"/><int name="dynamic" value="0"/><int name="piece" value="14"/></imgdir></imgdir></imgdir><imgdir name="2"><imgdir name="info"></imgdir><imgdir name="tile"></imgdir><imgdir name="obj"></imgdir></imgdir><imgdir name="3"><imgdir name="info"></imgdir><imgdir name="tile"></imgdir><imgdir name="obj"></imgdir></imgdir><imgdir name="4"><imgdir name="info"></imgdir><imgdir name="tile"></imgdir><imgdir name="obj"></imgdir></imgdir><imgdir name="5"><imgdir name="info"></imgdir><imgdir name="tile"></imgdir><imgdir name="obj"></imgdir></imgdir><imgdir name="6"><imgdir name="info"></imgdir><imgdir name="tile"></imgdir><imgdir name="obj"></imgdir></imgdir><imgdir name="7"><imgdir name="info"></imgdir><imgdir name="tile"></imgdir><imgdir name="obj"></imgdir></imgdir><imgdir name="reactor"></imgdir><imgdir name="foothold"><imgdir name="1"><imgdir name="0"><imgdir name="1"><int name="x1" value="-958"/><int name="y1" value="1556"/><int name="x2" value="-903"/><int name="y2" value="1556"/><int name="prev" value="24"/><int name="next" value="2"/><int name="piece" value="0"/></imgdir><imgdir name="2"><int name="x1" value="-903"/><int name="y1" value="1556"/><int name="x2" value="-887"/><int name="y2" value="1552"/><int name="prev" value="1"/><int name="next" value="3"/><int name="piece" value="0"/></imgdir><imgdir name="3"><int name="x1" value="-887"/><int name="y1" value="1552"/><int name="x2" value="-857"/><int name="y2" value="1552"/><int name="prev" value="2"/><int name="next" value="4"/><int name="piece" value="0"/></imgdir><imgdir name="4"><int name="x1" value="-857"/><int name="y1" value="1552"/><int name="x2" value="-828"/><int name="y2" value="1533"/><int name="prev" value="3"/><int name="next" value="5"/><int name="piece" value="1"/></imgdir><imgdir name="5"><int name="x1" value="-828"/><int name="y1" value="1533"/><int name="x2" value="-748"/><int name="y2" value="1536"/><int name="prev" value="4"/><int name="next" value="6"/><int name="piece" value="1"/></imgdir><imgdir name="6"><int name="x1" value="-748"/><int name="y1" value="1536"/><int name="x2" value="-706"/><int name="y2" value="1524"/><int name="prev" value="5"/><int name="next" value="7"/><int name="piece" value="1"/></imgdir><imgdir name="7"><int name="x1" value="-706"/><int name="y1" value="1524"/><int name="x2" value="-694"/><int name="y2" value="1514"/><int name="prev" value="6"/><int name="next" value="8"/><int name="piece" value="1"/></imgdir><imgdir name="8"><int name="x1" value="-694"/><int name="y1" value="1514"/><int name="x2" value="-661"/><int name="y2" value="1509"/><int name="prev" value="7"/><int name="next" value="9"/><int name="piece" value="1"/></imgdir><imgdir name="9"><int name="x1" value="-661"/><int name="y1" value="1509"/><int name="x2" value="-629"/><int name="y2" value="1509"/><int name="prev" value="8"/><int name="next" value="10"/><int name="piece" value="1"/></imgdir><imgdir name="10"><int name="x1" value="-629"/><int name="y1" value="1509"/><int name="x2" value="-603"/><int name="y2" value="1489"/><int name="prev" value="9"/><int name="next" value="11"/><int name="piece" value="1"/></imgdir><imgdir name="11"><int name="x1" value="-603"/><int name="y1" value="1489"/><int name="x2" value="-561"/><int name="y2" value="1495"/><int name="prev" value="10"/><int name="next" value="12"/><int name="piece" value="1"/></imgdir><imgdir name="12"><int name="x1" value="-561"/><int name="y1" value="1495"/><int name="x2" value="-539"/><int name="y2" value="1487"/><int name="prev" value="11"/><int name="next" value="33"/><int name="piece" value="1"/></imgdir><imgdir name="13"><int name="x1" value="-529"/><int name="y1" value="1483"/><int name="x2" value="-519"/><int name="y2" value="1487"/><int name="prev" value="33"/><int name="next" value="34"/><int name="piece" value="1"/></imgdir><imgdir name="14"><int name="x1" value="-950"/><int name="y1" value="1342"/><int name="x2" value="-879"/><int name="y2" value="1345"/><int name="prev" value="0"/><int name="next" value="15"/><int name="piece" value="2"/></imgdir><imgdir name="15"><int name="x1" value="-879"/><int name="y1" value="1345"/><int name="x2" value="-820"/><int name="y2" value="1337"/><int name="prev" value="14"/><int name="next" value="0"/><int name="piece" value="2"/></imgdir><imgdir name="16"><int name="x1" value="-1327"/><int name="y1" value="1449"/><int name="x2" value="-1302"/><int name="y2" value="1437"/><int name="prev" value="0"/><int name="next" value="17"/><int name="piece" value="3"/></imgdir><imgdir name="17"><int name="x1" value="-1302"/><int name="y1" value="1437"/><int name="x2" value="-1236"/><int name="y2" value="1440"/><int name="prev" value="16"/><int name="next" value="18"/><int name="piece" value="3"/></imgdir><imgdir name="18"><int name="x1" value="-1236"/><int name="y1" value="1440"/><int name="x2" value="-1200"/><int name="y2" value="1467"/><int name="prev" value="17"/><int name="next" value="19"/><int name="piece" value="3"/></imgdir><imgdir name="19"><int name="x1" value="-1200"/><int name="y1" value="1467"/><int name="x2" value="-1177"/><int name="y2" value="1486"/><int name="prev" value="18"/><int name="next" value="20"/><int name="piece" value="3"/></imgdir><imgdir name="20"><int name="x1" value="-1177"/><int name="y1" value="1486"/><int name="x2" value="-1151"/><int name="y2" value="1503"/><int name="prev" value="19"/><int name="next" value="21"/><int name="piece" value="3"/></imgdir><imgdir name="21"><int name="x1" value="-1151"/><int name="y1" value="1503"/><int name="x2" value="-1110"/><int name="y2" value="1522"/><int name="prev" value="20"/><int name="next" value="22"/><int name="piece" value="3"/></imgdir><imgdir name="22"><int name="x1" value="-1110"/><int name="y1" value="1522"/><int name="x2" value="-1035"/><int name="y2" value="1541"/><int name="prev" value="21"/><int name="next" value="23"/><int name="piece" value="3"/></imgdir><imgdir name="23"><int name="x1" value="-1035"/><int name="y1" value="1541"/><int name="x2" value="-992"/><int name="y2" value="1545"/><int name="prev" value="22"/><int name="next" value="24"/><int name="piece" value="3"/></imgdir><imgdir name="24"><int name="x1" value="-992"/><int name="y1" value="1545"/><int name="x2" value="-958"/><int name="y2" value="1556"/><int name="prev" value="23"/><int name="next" value="1"/><int name="piece" value="3"/></imgdir><imgdir name="25"><int name="x1" value="-282"/><int name="y1" value="1495"/><int name="x2" value="-279"/><int name="y2" value="1496"/><int name="prev" value="26"/><int name="next" value="35"/><int name="piece" value="4"/></imgdir><imgdir name="26"><int name="x1" value="-335"/><int name="y1" value="1496"/><int name="x2" value="-282"/><int name="y2" value="1495"/><int name="prev" value="27"/><int name="next" value="25"/><int name="piece" value="4"/></imgdir><imgdir name="27"><int name="x1" value="-372"/><int name="y1" value="1489"/><int name="x2" value="-335"/><int name="y2" value="1496"/><int name="prev" value="28"/><int name="next" value="26"/><int name="piece" value="4"/></imgdir><imgdir name="28"><int name="x1" value="-405"/><int name="y1" value="1491"/><int name="x2" value="-372"/><int name="y2" value="1489"/><int name="prev" value="29"/><int name="next" value="27"/><int name="piece" value="4"/></imgdir><imgdir name="29"><int name="x1" value="-417"/><int name="y1" value="1488"/><int name="x2" value="-405"/><int name="y2" value="1491"/><int name="prev" value="30"/><int name="next" value="28"/><int name="piece" value="4"/></imgdir><imgdir name="30"><int name="x1" value="-432"/><int name="y1" value="1488"/><int name="x2" value="-417"/><int name="y2" value="1488"/><int name="prev" value="31"/><int name="next" value="29"/><int name="piece" value="4"/></imgdir><imgdir name="31"><int name="x1" value="-453"/><int name="y1" value="1483"/><int name="x2" value="-432"/><int name="y2" value="1488"/><int name="prev" value="32"/><int name="next" value="30"/><int name="piece" value="4"/></imgdir><imgdir name="32"><int name="x1" value="-511"/><int name="y1" value="1487"/><int name="x2" value="-453"/><int name="y2" value="1483"/><int name="prev" value="34"/><int name="next" value="31"/><int name="piece" value="4"/></imgdir><imgdir name="33"><int name="x1" value="-539"/><int name="y1" value="1487"/><int name="x2" value="-529"/><int name="y2" value="1483"/><int name="prev" value="12"/><int name="next" value="13"/><int name="piece" value="1"/></imgdir><imgdir name="34"><int name="x1" value="-519"/><int name="y1" value="1487"/><int name="x2" value="-511"/><int name="y2" value="1487"/><int name="prev" value="13"/><int name="next" value="32"/><int name="piece" value="4"/></imgdir><imgdir name="35"><int name="x1" value="-279"/><int name="y1" value="1496"/><int name="x2" value="-264"/><int name="y2" value="1491"/><int name="prev" value="25"/><int name="next" value="36"/><int name="piece" value="5"/></imgdir><imgdir name="36"><int name="x1" value="-264"/><int name="y1" value="1491"/><int name="x2" value="-220"/><int name="y2" value="1490"/><int name="prev" value="35"/><int name="next" value="37"/><int name="piece" value="5"/></imgdir><imgdir name="37"><int name="x1" value="-220"/><int name="y1" value="1490"/><int name="x2" value="-175"/><int name="y2" value="1500"/><int name="prev" value="36"/><int name="next" value="0"/><int name="piece" value="5"/></imgdir><imgdir name="38"><int name="x1" value="-613"/><int name="y1" value="1338"/><int name="x2" value="-582"/><int name="y2" value="1318"/><int name="prev" value="0"/><int name="next" value="39"/><int name="piece" value="6"/></imgdir><imgdir name="39"><int name="x1" value="-582"/><int name="y1" value="1318"/><int name="x2" value="-502"/><int name="y2" value="1321"/><int name="prev" value="38"/><int name="next" value="40"/><int name="piece" value="6"/></imgdir><imgdir name="40"><int name="x1" value="-502"/><int name="y1" value="1321"/><int name="x2" value="-460"/><int name="y2" value="1309"/><int name="prev" value="39"/><int name="next" value="41"/><int name="piece" value="6"/></imgdir><imgdir name="41"><int name="x1" value="-460"/><int name="y1" value="1309"/><int name="x2" value="-448"/><int name="y2" value="1299"/><int name="prev" value="40"/><int name="next" value="42"/><int name="piece" value="6"/></imgdir><imgdir name="42"><int name="x1" value="-448"/><int name="y1" value="1299"/><int name="x2" value="-415"/><int name="y2" value="1294"/><int name="prev" value="41"/><int name="next" value="43"/><int name="piece" value="6"/></imgdir><imgdir name="43"><int name="x1" value="-415"/><int name="y1" value="1294"/><int name="x2" value="-383"/><int name="y2" value="1294"/><int name="prev" value="42"/><int name="next" value="44"/><int name="piece" value="6"/></imgdir><imgdir name="44"><int name="x1" value="-383"/><int name="y1" value="1294"/><int name="x2" value="-357"/><int name="y2" value="1274"/><int name="prev" value="43"/><int name="next" value="45"/><int name="piece" value="6"/></imgdir><imgdir name="45"><int name="x1" value="-357"/><int name="y1" value="1274"/><int name="x2" value="-315"/><int name="y2" value="1280"/><int name="prev" value="44"/><int name="next" value="46"/><int name="piece" value="6"/></imgdir><imgdir name="46"><int name="x1" value="-315"/><int name="y1" value="1280"/><int name="x2" value="-298"/><int name="y2" value="1274"/><int name="prev" value="45"/><int name="next" value="48"/><int name="piece" value="6"/></imgdir><imgdir name="47"><int name="x1" value="-283"/><int name="y1" value="1268"/><int name="x2" value="-280"/><int name="y2" value="1269"/><int name="prev" value="48"/><int name="next" value="51"/><int name="piece" value="6"/></imgdir><imgdir name="48"><int name="x1" value="-298"/><int name="y1" value="1274"/><int name="x2" value="-283"/><int name="y2" value="1268"/><int name="prev" value="46"/><int name="next" value="47"/><int name="piece" value="6"/></imgdir><imgdir name="49"><int name="x1" value="-298"/><int name="y1" value="1274"/><int name="x2" value="-281"/><int name="y2" value="1269"/><int name="prev" value="46"/><int name="next" value="50"/><int name="piece" value="7"/></imgdir><imgdir name="50"><int name="x1" value="-281"/><int name="y1" value="1269"/><int name="x2" value="-280"/><int name="y2" value="1269"/><int name="prev" value="49"/><int name="next" value="51"/><int name="piece" value="7"/></imgdir><imgdir name="51"><int name="x1" value="-280"/><int name="y1" value="1269"/><int name="x2" value="-227"/><int name="y2" value="1278"/><int name="prev" value="47"/><int name="next" value="52"/><int name="piece" value="7"/></imgdir><imgdir name="52"><int name="x1" value="-227"/><int name="y1" value="1278"/><int name="x2" value="-180"/><int name="y2" value="1297"/><int name="prev" value="51"/><int name="next" value="0"/><int name="piece" value="7"/></imgdir><imgdir name="53"><int name="x1" value="-708"/><int name="y1" value="1386"/><int name="x2" value="-691"/><int name="y2" value="1386"/><int name="prev" value="68"/><int name="next" value="54"/><int name="piece" value="8"/></imgdir><imgdir name="54"><int name="x1" value="-691"/><int name="y1" value="1386"/><int name="x2" value="-684"/><int name="y2" value="1381"/><int name="prev" value="53"/><int name="next" value="55"/><int name="piece" value="8"/></imgdir><imgdir name="55"><int name="x1" value="-684"/><int name="y1" value="1381"/><int name="x2" value="-661"/><int name="y2" value="1382"/><int name="prev" value="54"/><int name="next" value="56"/><int name="piece" value="8"/></imgdir><imgdir name="56"><int name="x1" value="-661"/><int name="y1" value="1382"/><int name="x2" value="-652"/><int name="y2" value="1379"/><int name="prev" value="55"/><int name="next" value="57"/><int name="piece" value="8"/></imgdir><imgdir name="57"><int name="x1" value="-652"/><int name="y1" value="1379"/><int name="x2" value="-610"/><int name="y2" value="1381"/><int name="prev" value="56"/><int name="next" value="58"/><int name="piece" value="8"/></imgdir><imgdir name="58"><int name="x1" value="-610"/><int name="y1" value="1381"/><int name="x2" value="-602"/><int name="y2" value="1378"/><int name="prev" value="57"/><int name="next" value="59"/><int name="piece" value="8"/></imgdir><imgdir name="59"><int name="x1" value="-602"/><int name="y1" value="1378"/><int name="x2" value="-576"/><int name="y2" value="1383"/><int name="prev" value="58"/><int name="next" value="0"/><int name="piece" value="8"/></imgdir><imgdir name="60"><int name="x1" value="-1039"/><int name="y1" value="1486"/><int name="x2" value="-1021"/><int name="y2" value="1479"/><int name="prev" value="0"/><int name="next" value="61"/><int name="piece" value="9"/></imgdir><imgdir name="61"><int name="x1" value="-1021"/><int name="y1" value="1479"/><int name="x2" value="-991"/><int name="y2" value="1477"/><int name="prev" value="60"/><int name="next" value="62"/><int name="piece" value="9"/></imgdir><imgdir name="62"><int name="x1" value="-991"/><int name="y1" value="1477"/><int name="x2" value="-974"/><int name="y2" value="1481"/><int name="prev" value="61"/><int name="next" value="0"/><int name="piece" value="9"/></imgdir><imgdir name="63"><int name="x1" value="-826"/><int name="y1" value="1398"/><int name="x2" value="-790"/><int name="y2" value="1385"/><int name="prev" value="0"/><int name="next" value="64"/><int name="piece" value="10"/></imgdir><imgdir name="64"><int name="x1" value="-790"/><int name="y1" value="1385"/><int name="x2" value="-761"/><int name="y2" value="1389"/><int name="prev" value="63"/><int name="next" value="65"/><int name="piece" value="10"/></imgdir><imgdir name="65"><int name="x1" value="-761"/><int name="y1" value="1389"/><int name="x2" value="-731"/><int name="y2" value="1389"/><int name="prev" value="64"/><int name="next" value="66"/><int name="piece" value="10"/></imgdir><imgdir name="66"><int name="x1" value="-731"/><int name="y1" value="1389"/><int name="x2" value="-720"/><int name="y2" value="1387"/><int name="prev" value="65"/><int name="next" value="67"/><int name="piece" value="10"/></imgdir><imgdir name="67"><int name="x1" value="-720"/><int name="y1" value="1387"/><int name="x2" value="-712"/><int name="y2" value="1389"/><int name="prev" value="66"/><int name="next" value="68"/><int name="piece" value="10"/></imgdir><imgdir name="68"><int name="x1" value="-712"/><int name="y1" value="1389"/><int name="x2" value="-708"/><int name="y2" value="1386"/><int name="prev" value="67"/><int name="next" value="53"/><int name="piece" value="8"/></imgdir><imgdir name="69"><int name="x1" value="-860"/><int name="y1" value="1436"/><int name="x2" value="-824"/><int name="y2" value="1449"/><int name="prev" value="70"/><int name="next" value="0"/><int name="piece" value="11"/></imgdir><imgdir name="70"><int name="x1" value="-889"/><int name="y1" value="1440"/><int name="x2" value="-860"/><int name="y2" value="1436"/><int name="prev" value="71"/><int name="next" value="69"/><int name="piece" value="11"/></imgdir><imgdir name="71"><int name="x1" value="-919"/><int name="y1" value="1440"/><int name="x2" value="-889"/><int name="y2" value="1440"/><int name="prev" value="72"/><int name="next" value="70"/><int name="piece" value="11"/></imgdir><imgdir name="72"><int name="x1" value="-930"/><int name="y1" value="1438"/><int name="x2" value="-919"/><int name="y2" value="1440"/><int name="prev" value="73"/><int name="next" value="71"/><int name="piece" value="11"/></imgdir><imgdir name="73"><int name="x1" value="-962"/><int name="y1" value="1445"/><int name="x2" value="-930"/><int name="y2" value="1438"/><int name="prev" value="0"/><int name="next" value="72"/><int name="piece" value="11"/></imgdir></imgdir></imgdir></imgdir><imgdir name="ladderRope"><imgdir name="1"><int name="l" value="0"/><int name="uf" value="1"/><int name="x" value="-335"/><int name="y1" value="1279"/><int name="y2" value="1477"/><int name="page" value="1"/><int name="piece" value="0"/></imgdir></imgdir><imgdir name="portal"><imgdir name="0"><string name="pn" value="sp"/><int name="pt" value="0"/><int name="x" value="-1251"/><int name="y" value="1398"/><int name="tm" value="999999999"/><string name="tn" value=""/></imgdir></imgdir></imgdir>