<?xml version="1.0" encoding="UTF-8" standalone="yes"?><imgdir name="910190600.img"><imgdir name="info"><int name="version" value="10"/><int name="cloud" value="0"/><int name="town" value="0"/><int name="swim" value="0"/><int name="returnMap" value="910192000"/><float name="mobRate" value="4.399998"/><string name="bgm" value="Bgm09/DarkShadow"/><string name="mapMark" value="Dungeon"/><int name="fly" value="0"/><int name="standAlone" value="0"/><int name="partyStandAlone" value="0"/><int name="noMapCmd" value="0"/><int name="hideMinimap" value="1"/><string name="fieldScript" value=""/><string name="onFirstUserEnter" value=""/><string name="onUserEnter" value=""/><int name="forcedReturn" value="910193000"/><int name="soulFieldType" value="1"/><int name="VRTop" value="-600"/><int name="VRLeft" value="-1050"/><int name="VRBottom" value="500"/><int name="VRRight" value="1040"/><int name="fieldLimit" value="34152696"/><int name="fieldType" value="96"/></imgdir><imgdir name="back"><imgdir name="0"><string name="bS" value="murmurDungeon"/><int name="front" value="0"/><int name="ani" value="0"/><int name="no" value="1"/><int name="f" value="0"/><int name="x" value="10"/><int name="y" value="-75"/><int name="rx" value="-2"/><int name="ry" value="10"/><int name="type" value="0"/><int name="cx" value="0"/><int name="cy" value="0"/><int name="a" value="255"/></imgdir><imgdir name="1"><string name="bS" value="murmurDungeon"/><int name="front" value="0"/><int name="ani" value="1"/><int name="no" value="0"/><int name="f" value="0"/><int name="x" value="30"/><int name="y" value="59"/><int name="rx" value="-2"/><int name="ry" value="10"/><int name="type" value="0"/><int name="cx" value="0"/><int name="cy" value="0"/><int name="a" value="255"/></imgdir></imgdir><imgdir name="life"><imgdir name="0"><string name="type" value="m"/><string name="id" value="9303071"/><int name="x" value="-895"/><int name="y" value="-182"/><int name="mobTime" value="-1"/><int name="f" value="0"/><int name="hide" value="0"/><int name="fh" value="4"/><int name="cy" value="-176"/><int name="rx0" value="-1036"/><int name="rx1" value="-774"/></imgdir><imgdir name="1"><string name="type" value="m"/><string name="id" value="9303071"/><int name="x" value="-609"/><int name="y" value="-181"/><int name="mobTime" value="-1"/><int name="f" value="0"/><int name="hide" value="0"/><int name="fh" value="13"/><int name="cy" value="-176"/><int name="rx0" value="-734"/><int name="rx1" value="-476"/></imgdir><imgdir name="2"><string name="type" value="m"/><string name="id" value="9303071"/><int name="x" value="-383"/><int name="y" value="-181"/><int name="mobTime" value="-1"/><int name="f" value="0"/><int name="hide" value="0"/><int name="fh" value="12"/><int name="cy" value="-176"/><int name="rx0" value="-436"/><int name="rx1" value="-176"/></imgdir><imgdir name="3"><string name="type" value="m"/><string name="id" value="9303071"/><int name="x" value="-160"/><int name="y" value="-180"/><int name="mobTime" value="-1"/><int name="f" value="0"/><int name="hide" value="0"/><int name="fh" value="12"/><int name="cy" value="-176"/><int name="rx0" value="-436"/><int name="rx1" value="-160"/></imgdir><imgdir name="4"><string name="type" value="m"/><string name="id" value="9303071"/><int name="x" value="144"/><int name="y" value="-179"/><int name="mobTime" value="-1"/><int name="f" value="0"/><int name="hide" value="0"/><int name="fh" value="11"/><int name="cy" value="-176"/><int name="rx0" value="-136"/><int name="rx1" value="144"/></imgdir><imgdir name="5"><string name="type" value="m"/><string name="id" value="9303071"/><int name="x" value="490"/><int name="y" value="-183"/><int name="mobTime" value="-1"/><int name="f" value="0"/><int name="hide" value="0"/><int name="fh" value="1"/><int name="cy" value="-176"/><int name="rx0" value="464"/><int name="rx1" value="726"/></imgdir><imgdir name="6"><string name="type" value="m"/><string name="id" value="9303071"/><int name="x" value="588"/><int name="y" value="-179"/><int name="mobTime" value="-1"/><int name="f" value="0"/><int name="hide" value="0"/><int name="fh" value="1"/><int name="cy" value="-176"/><int name="rx0" value="464"/><int name="rx1" value="726"/></imgdir><imgdir name="7"><string name="type" value="m"/><string name="id" value="9303071"/><int name="x" value="874"/><int name="y" value="-181"/><int name="mobTime" value="-1"/><int name="f" value="0"/><int name="hide" value="0"/><int name="fh" value="2"/><int name="cy" value="-176"/><int name="rx0" value="766"/><int name="rx1" value="1026"/></imgdir><imgdir name="8"><string name="type" value="m"/><string name="id" value="9303071"/><int name="x" value="-742"/><int name="y" value="343"/><int name="mobTime" value="-1"/><int name="f" value="0"/><int name="hide" value="0"/><int name="fh" value="10"/><int name="cy" value="346"/><int name="rx0" value="-742"/><int name="rx1" value="-475"/></imgdir><imgdir name="9"><string name="type" value="m"/><string name="id" value="9303071"/><int name="x" value="-457"/><int name="y" value="341"/><int name="mobTime" value="-1"/><int name="f" value="0"/><int name="hide" value="0"/><int name="fh" value="10"/><int name="cy" value="346"/><int name="rx0" value="-733"/><int name="rx1" value="-457"/></imgdir><imgdir name="10"><string name="type" value="m"/><string name="id" value="9303071"/><int name="x" value="-238"/><int name="y" value="340"/><int name="mobTime" value="-1"/><int name="f" value="0"/><int name="hide" value="0"/><int name="fh" value="9"/><int name="cy" value="346"/><int name="rx0" value="-435"/><int name="rx1" value="-175"/></imgdir><imgdir name="11"><string name="type" value="m"/><string name="id" value="9303071"/><int name="x" value="111"/><int name="y" value="338"/><int name="mobTime" value="-1"/><int name="f" value="0"/><int name="hide" value="0"/><int name="fh" value="6"/><int name="cy" value="346"/><int name="rx0" value="-135"/><int name="rx1" value="127"/></imgdir><imgdir name="12"><string name="type" value="m"/><string name="id" value="9303071"/><int name="x" value="332"/><int name="y" value="338"/><int name="mobTime" value="-1"/><int name="f" value="0"/><int name="hide" value="0"/><int name="fh" value="7"/><int name="cy" value="346"/><int name="rx0" value="167"/><int name="rx1" value="427"/></imgdir><imgdir name="13"><string name="type" value="m"/><string name="id" value="9303071"/><int name="x" value="570"/><int name="y" value="341"/><int name="mobTime" value="-1"/><int name="f" value="0"/><int name="hide" value="0"/><int name="fh" value="8"/><int name="cy" value="346"/><int name="rx0" value="467"/><int name="rx1" value="725"/></imgdir><imgdir name="14"><string name="type" value="m"/><string name="id" value="9303071"/><int name="x" value="796"/><int name="y" value="345"/><int name="mobTime" value="-1"/><int name="f" value="0"/><int name="hide" value="0"/><int name="fh" value="3"/><int name="cy" value="346"/><int name="rx0" value="765"/><int name="rx1" value="1027"/></imgdir><imgdir name="15"><string name="type" value="m"/><string name="id" value="9303071"/><int name="x" value="-765"/><int name="y" value="-182"/><int name="mobTime" value="-1"/><int name="f" value="0"/><int name="hide" value="0"/><int name="fh" value="4"/><int name="cy" value="-176"/><int name="rx0" value="-1036"/><int name="rx1" value="-765"/></imgdir><imgdir name="16"><string name="type" value="m"/><string name="id" value="9303071"/><int name="x" value="-496"/><int name="y" value="-179"/><int name="mobTime" value="-1"/><int name="f" value="0"/><int name="hide" value="0"/><int name="fh" value="13"/><int name="cy" value="-176"/><int name="rx0" value="-734"/><int name="rx1" value="-476"/></imgdir><imgdir name="17"><string name="type" value="m"/><string name="id" value="9303071"/><int name="x" value="-285"/><int name="y" value="-180"/><int name="mobTime" value="-1"/><int name="f" value="0"/><int name="hide" value="0"/><int name="fh" value="12"/><int name="cy" value="-176"/><int name="rx0" value="-436"/><int name="rx1" value="-176"/></imgdir><imgdir name="18"><string name="type" value="m"/><string name="id" value="9303071"/><int name="x" value="-24"/><int name="y" value="-180"/><int name="mobTime" value="-1"/><int name="f" value="0"/><int name="hide" value="0"/><int name="fh" value="11"/><int name="cy" value="-176"/><int name="rx0" value="-136"/><int name="rx1" value="126"/></imgdir><imgdir name="19"><string name="type" value="m"/><string name="id" value="9303071"/><int name="x" value="377"/><int name="y" value="-185"/><int name="mobTime" value="-1"/><int name="f" value="0"/><int name="hide" value="0"/><int name="fh" value="14"/><int name="cy" value="-176"/><int name="rx0" value="166"/><int name="rx1" value="424"/></imgdir><imgdir name="20"><string name="type" value="m"/><string name="id" value="9303071"/><int name="x" value="257"/><int name="y" value="-181"/><int name="mobTime" value="-1"/><int name="f" value="0"/><int name="hide" value="0"/><int name="fh" value="14"/><int name="cy" value="-176"/><int name="rx0" value="166"/><int name="rx1" value="424"/></imgdir><imgdir name="21"><string name="type" value="m"/><string name="id" value="9303071"/><int name="x" value="726"/><int name="y" value="-181"/><int name="mobTime" value="-1"/><int name="f" value="0"/><int name="hide" value="0"/><int name="fh" value="1"/><int name="cy" value="-176"/><int name="rx0" value="464"/><int name="rx1" value="726"/></imgdir><imgdir name="22"><string name="type" value="m"/><string name="id" value="9303071"/><int name="x" value="-900"/><int name="y" value="334"/><int name="mobTime" value="-1"/><int name="f" value="0"/><int name="hide" value="0"/><int name="fh" value="5"/><int name="cy" value="346"/><int name="rx0" value="-1035"/><int name="rx1" value="-773"/></imgdir><imgdir name="23"><string name="type" value="m"/><string name="id" value="9303071"/><int name="x" value="-611"/><int name="y" value="336"/><int name="mobTime" value="-1"/><int name="f" value="0"/><int name="hide" value="0"/><int name="fh" value="10"/><int name="cy" value="346"/><int name="rx0" value="-733"/><int name="rx1" value="-475"/></imgdir><imgdir name="24"><string name="type" value="m"/><string name="id" value="9303071"/><int name="x" value="-355"/><int name="y" value="339"/><int name="mobTime" value="-1"/><int name="f" value="0"/><int name="hide" value="0"/><int name="fh" value="9"/><int name="cy" value="346"/><int name="rx0" value="-435"/><int name="rx1" value="-175"/></imgdir><imgdir name="25"><string name="type" value="m"/><string name="id" value="9303071"/><int name="x" value="-98"/><int name="y" value="336"/><int name="mobTime" value="-1"/><int name="f" value="0"/><int name="hide" value="0"/><int name="fh" value="6"/><int name="cy" value="346"/><int name="rx0" value="-135"/><int name="rx1" value="127"/></imgdir><imgdir name="26"><string name="type" value="m"/><string name="id" value="9303071"/><int name="x" value="212"/><int name="y" value="343"/><int name="mobTime" value="-1"/><int name="f" value="0"/><int name="hide" value="0"/><int name="fh" value="7"/><int name="cy" value="346"/><int name="rx0" value="167"/><int name="rx1" value="427"/></imgdir><imgdir name="27"><string name="type" value="m"/><string name="id" value="9303071"/><int name="x" value="438"/><int name="y" value="337"/><int name="mobTime" value="-1"/><int name="f" value="0"/><int name="hide" value="0"/><int name="fh" value="7"/><int name="cy" value="346"/><int name="rx0" value="167"/><int name="rx1" value="438"/></imgdir><imgdir name="28"><string name="type" value="m"/><string name="id" value="9303071"/><int name="x" value="698"/><int name="y" value="334"/><int name="mobTime" value="-1"/><int name="f" value="0"/><int name="hide" value="0"/><int name="fh" value="8"/><int name="cy" value="346"/><int name="rx0" value="467"/><int name="rx1" value="725"/></imgdir><imgdir name="29"><string name="type" value="m"/><string name="id" value="9303071"/><int name="x" value="940"/><int name="y" value="338"/><int name="mobTime" value="-1"/><int name="f" value="0"/><int name="hide" value="0"/><int name="fh" value="3"/><int name="cy" value="346"/><int name="rx0" value="765"/><int name="rx1" value="1027"/></imgdir></imgdir><imgdir name="reactor"><imgdir name="0"><string name="id" value="9929000"/><int name="x" value="5"/><int name="y" value="348"/><int name="reactorTime" value="0"/><int name="f" value="0"/><string name="name" value="soul"/></imgdir><imgdir name="1"><string name="id" value="9928000"/><int name="x" value="-1"/><int name="y" value="-174"/><int name="reactorTime" value="0"/><int name="f" value="0"/><string name="name" value="soulTrap"/></imgdir></imgdir><imgdir name="0"><imgdir name="info"><string name="tS" value="blackTile"/><int name="tSMag" value="1"/></imgdir><imgdir name="tile"><imgdir name="10"><int name="x" value="675"/><int name="y" value="390"/><string name="u" value="edD"/><int name="no" value="0"/><int name="zM" value="10"/></imgdir><imgdir name="11"><int name="x" value="675"/><int name="y" value="390"/><string name="u" value="edU"/><int name="no" value="0"/><int name="zM" value="10"/></imgdir><imgdir name="13"><int name="x" value="585"/><int name="y" value="390"/><string name="u" value="enH0"/><int name="no" value="0"/><int name="zM" value="10"/></imgdir><imgdir name="12"><int name="x" value="585"/><int name="y" value="390"/><string name="u" value="enH1"/><int name="no" value="0"/><int name="zM" value="10"/></imgdir><imgdir name="15"><int name="x" value="495"/><int name="y" value="390"/><string name="u" value="enH0"/><int name="no" value="0"/><int name="zM" value="10"/></imgdir><imgdir name="14"><int name="x" value="495"/><int name="y" value="390"/><string name="u" value="enH1"/><int name="no" value="0"/><int name="zM" value="10"/></imgdir><imgdir name="4"><int name="x" value="225"/><int name="y" value="390"/><string name="u" value="enH0"/><int name="no" value="0"/><int name="zM" value="10"/></imgdir><imgdir name="5"><int name="x" value="225"/><int name="y" value="390"/><string name="u" value="enH1"/><int name="no" value="0"/><int name="zM" value="10"/></imgdir><imgdir name="6"><int name="x" value="135"/><int name="y" value="390"/><string name="u" value="enH0"/><int name="no" value="0"/><int name="zM" value="10"/></imgdir><imgdir name="7"><int name="x" value="135"/><int name="y" value="390"/><string name="u" value="enH1"/><int name="no" value="0"/><int name="zM" value="10"/></imgdir><imgdir name="8"><int name="x" value="315"/><int name="y" value="390"/><string name="u" value="enH1"/><int name="no" value="0"/><int name="zM" value="10"/></imgdir><imgdir name="9"><int name="x" value="315"/><int name="y" value="390"/><string name="u" value="enH0"/><int name="no" value="0"/><int name="zM" value="10"/></imgdir><imgdir name="0"><int name="x" value="45"/><int name="y" value="390"/><string name="u" value="enH0"/><int name="no" value="0"/><int name="zM" value="10"/></imgdir><imgdir name="1"><int name="x" value="45"/><int name="y" value="390"/><string name="u" value="enH1"/><int name="no" value="0"/><int name="zM" value="10"/></imgdir><imgdir name="2"><int name="x" value="405"/><int name="y" value="390"/><string name="u" value="enH0"/><int name="no" value="0"/><int name="zM" value="10"/></imgdir><imgdir name="3"><int name="x" value="405"/><int name="y" value="390"/><string name="u" value="enH1"/><int name="no" value="0"/><int name="zM" value="10"/></imgdir></imgdir><imgdir name="obj"><imgdir name="0"><string name="oS" value="murmurDungeon"/><string name="l0" value="normal"/><string name="l1" value="back"/><string name="l2" value="0"/><int name="x" value="-2"/><int name="y" value="-50"/><int name="z" value="14"/><int name="f" value="0"/><int name="zM" value="73"/><int name="r" value="0"/><int name="move" value="0"/><int name="dynamic" value="0"/><int name="piece" value="0"/></imgdir></imgdir></imgdir><imgdir name="1"><imgdir name="info"></imgdir><imgdir name="tile"></imgdir><imgdir name="obj"></imgdir></imgdir><imgdir name="2"><imgdir name="info"></imgdir><imgdir name="tile"></imgdir><imgdir name="obj"><imgdir name="1"><string name="oS" value="murmurDungeon"/><string name="l0" value="normal"/><string name="l1" value="portal"/><string name="l2" value="0"/><int name="x" value="-781"/><int name="y" value="-276"/><int name="z" value="9"/><int name="f" value="0"/><int name="zM" value="51"/><int name="r" value="0"/><int name="move" value="0"/><int name="dynamic" value="0"/><int name="piece" value="1"/></imgdir><imgdir name="2"><string name="oS" value="murmurDungeon"/><string name="l0" value="normal"/><string name="l1" value="portal"/><string name="l2" value="0"/><int name="x" value="1"/><int name="y" value="247"/><int name="z" value="9"/><int name="f" value="0"/><int name="zM" value="13"/><int name="r" value="0"/><int name="move" value="0"/><int name="dynamic" value="0"/><int name="piece" value="2"/></imgdir><imgdir name="0"><string name="oS" value="murmurDungeon"/><string name="l0" value="normal"/><string name="l1" value="portal"/><string name="l2" value="0"/><int name="x" value="777"/><int name="y" value="-269"/><int name="z" value="9"/><int name="f" value="0"/><int name="zM" value="52"/><int name="r" value="0"/><int name="move" value="0"/><int name="dynamic" value="0"/><int name="piece" value="0"/></imgdir><imgdir name="3"><string name="oS" value="murmurDungeon"/><string name="l0" value="normal"/><string name="l1" value="portal"/><string name="l2" value="0"/><int name="x" value="-1"/><int name="y" value="-265"/><int name="z" value="9"/><int name="f" value="0"/><int name="zM" value="98"/><int name="r" value="0"/><int name="move" value="0"/><int name="dynamic" value="0"/><int name="piece" value="3"/></imgdir><imgdir name="4"><string name="oS" value="murmurDungeon"/><string name="l0" value="normal"/><string name="l1" value="effect"/><string name="l2" value="0"/><int name="x" value="6"/><int name="y" value="49"/><int name="z" value="9"/><int name="f" value="0"/><int name="zM" value="48"/><int name="r" value="0"/><int name="move" value="0"/><int name="dynamic" value="0"/><int name="piece" value="4"/></imgdir></imgdir></imgdir><imgdir name="3"><imgdir name="info"></imgdir><imgdir name="tile"></imgdir><imgdir name="obj"><imgdir name="0"><string name="oS" value="murmurDungeon"/><string name="l0" value="normal"/><string name="l1" value="effect"/><string name="l2" value="1"/><int name="x" value="-2"/><int name="y" value="-181"/><int name="z" value="9"/><int name="f" value="0"/><int name="zM" value="97"/><int name="r" value="0"/><int name="move" value="0"/><int name="dynamic" value="0"/><int name="piece" value="0"/></imgdir><imgdir name="1"><string name="oS" value="murmurDungeon"/><string name="l0" value="normal"/><string name="l1" value="effect"/><string name="l2" value="1"/><int name="x" value="776"/><int name="y" value="-180"/><int name="z" value="9"/><int name="f" value="0"/><int name="zM" value="49"/><int name="r" value="0"/><int name="move" value="0"/><int name="dynamic" value="0"/><int name="piece" value="1"/></imgdir><imgdir name="2"><string name="oS" value="murmurDungeon"/><string name="l0" value="normal"/><string name="l1" value="effect"/><string name="l2" value="1"/><int name="x" value="-780"/><int name="y" value="-176"/><int name="z" value="9"/><int name="f" value="0"/><int name="zM" value="50"/><int name="r" value="0"/><int name="move" value="0"/><int name="dynamic" value="0"/><int name="piece" value="2"/></imgdir><imgdir name="3"><string name="oS" value="murmurDungeon"/><string name="l0" value="normal"/><string name="l1" value="effect"/><string name="l2" value="1"/><int name="x" value="1"/><int name="y" value="348"/><int name="z" value="9"/><int name="f" value="0"/><int name="zM" value="12"/><int name="r" value="0"/><int name="move" value="0"/><int name="dynamic" value="0"/><int name="piece" value="3"/></imgdir><imgdir name="4"><string name="oS" value="signboard"/><string name="l0" value="market"/><string name="l1" value="arrow"/><string name="l2" value="11"/><int name="x" value="-710"/><int name="y" value="-372"/><int name="z" value="9"/><int name="f" value="0"/><int name="zM" value="0"/><int name="r" value="0"/><int name="move" value="0"/><int name="dynamic" value="0"/><int name="piece" value="4"/></imgdir><imgdir name="5"><string name="oS" value="signboard"/><string name="l0" value="market"/><string name="l1" value="arrow"/><string name="l2" value="10"/><int name="x" value="757"/><int name="y" value="-423"/><int name="z" value="9"/><int name="f" value="0"/><int name="zM" value="0"/><int name="r" value="0"/><int name="move" value="0"/><int name="dynamic" value="0"/><int name="piece" value="5"/></imgdir><imgdir name="6"><string name="oS" value="signboard"/><string name="l0" value="market"/><string name="l1" value="arrow"/><string name="l2" value="0"/><int name="x" value="0"/><int name="y" value="-405"/><int name="z" value="9"/><int name="f" value="0"/><int name="zM" value="0"/><int name="r" value="0"/><int name="move" value="0"/><int name="dynamic" value="0"/><int name="piece" value="6"/></imgdir><imgdir name="7"><string name="oS" value="signboard"/><string name="l0" value="market"/><string name="l1" value="arrow"/><string name="l2" value="1"/><int name="x" value="4"/><int name="y" value="112"/><int name="z" value="9"/><int name="f" value="0"/><int name="zM" value="0"/><int name="r" value="0"/><int name="move" value="0"/><int name="dynamic" value="0"/><int name="piece" value="7"/></imgdir></imgdir></imgdir><imgdir name="4"><imgdir name="info"></imgdir><imgdir name="tile"></imgdir><imgdir name="obj"><imgdir name="3"><string name="oS" value="murmurDungeon"/><string name="l0" value="soul"/><string name="l1" value="foot6"/><string name="l2" value="0"/><int name="x" value="-905"/><int name="y" value="-139"/><int name="z" value="9"/><int name="f" value="0"/><int name="zM" value="0"/><int name="r" value="0"/><int name="move" value="0"/><int name="dynamic" value="0"/><int name="piece" value="3"/></imgdir><imgdir name="13"><string name="oS" value="murmurDungeon"/><string name="l0" value="soul"/><string name="l1" value="foot3"/><string name="l2" value="0"/><int name="x" value="-605"/><int name="y" value="-92"/><int name="z" value="9"/><int name="f" value="0"/><int name="zM" value="0"/><int name="r" value="0"/><int name="move" value="0"/><int name="dynamic" value="0"/><int name="piece" value="13"/></imgdir><imgdir name="11"><string name="oS" value="murmurDungeon"/><string name="l0" value="soul"/><string name="l1" value="foot"/><string name="l2" value="0"/><int name="x" value="-305"/><int name="y" value="-120"/><int name="z" value="9"/><int name="f" value="0"/><int name="zM" value="0"/><int name="r" value="0"/><int name="move" value="0"/><int name="dynamic" value="0"/><int name="piece" value="11"/></imgdir><imgdir name="10"><string name="oS" value="murmurDungeon"/><string name="l0" value="soul"/><string name="l1" value="foot7"/><string name="l2" value="0"/><int name="x" value="-5"/><int name="y" value="-106"/><int name="z" value="9"/><int name="f" value="0"/><int name="zM" value="0"/><int name="r" value="0"/><int name="move" value="0"/><int name="dynamic" value="0"/><int name="piece" value="10"/></imgdir><imgdir name="12"><string name="oS" value="murmurDungeon"/><string name="l0" value="soul"/><string name="l1" value="foot2"/><string name="l2" value="0"/><int name="x" value="295"/><int name="y" value="-151"/><int name="z" value="9"/><int name="f" value="0"/><int name="zM" value="0"/><int name="r" value="0"/><int name="move" value="0"/><int name="dynamic" value="0"/><int name="piece" value="12"/></imgdir><imgdir name="0"><string name="oS" value="murmurDungeon"/><string name="l0" value="soul"/><string name="l1" value="foot5"/><string name="l2" value="0"/><int name="x" value="595"/><int name="y" value="-116"/><int name="z" value="9"/><int name="f" value="0"/><int name="zM" value="0"/><int name="r" value="0"/><int name="move" value="0"/><int name="dynamic" value="0"/><int name="piece" value="0"/></imgdir><imgdir name="1"><string name="oS" value="murmurDungeon"/><string name="l0" value="soul"/><string name="l1" value="foot3"/><string name="l2" value="0"/><int name="x" value="895"/><int name="y" value="-92"/><int name="z" value="9"/><int name="f" value="0"/><int name="zM" value="0"/><int name="r" value="0"/><int name="move" value="0"/><int name="dynamic" value="0"/><int name="piece" value="1"/></imgdir><imgdir name="4"><string name="oS" value="murmurDungeon"/><string name="l0" value="soul"/><string name="l1" value="foot5"/><string name="l2" value="0"/><int name="x" value="-904"/><int name="y" value="406"/><int name="z" value="9"/><int name="f" value="0"/><int name="zM" value="0"/><int name="r" value="0"/><int name="move" value="0"/><int name="dynamic" value="0"/><int name="piece" value="4"/></imgdir><imgdir name="9"><string name="oS" value="murmurDungeon"/><string name="l0" value="soul"/><string name="l1" value="foot"/><string name="l2" value="0"/><int name="x" value="-604"/><int name="y" value="402"/><int name="z" value="9"/><int name="f" value="0"/><int name="zM" value="0"/><int name="r" value="0"/><int name="move" value="0"/><int name="dynamic" value="0"/><int name="piece" value="9"/></imgdir><imgdir name="8"><string name="oS" value="murmurDungeon"/><string name="l0" value="soul"/><string name="l1" value="foot2"/><string name="l2" value="0"/><int name="x" value="-304"/><int name="y" value="371"/><int name="z" value="9"/><int name="f" value="0"/><int name="zM" value="0"/><int name="r" value="0"/><int name="move" value="0"/><int name="dynamic" value="0"/><int name="piece" value="8"/></imgdir><imgdir name="5"><string name="oS" value="murmurDungeon"/><string name="l0" value="soul"/><string name="l1" value="foot3"/><string name="l2" value="0"/><int name="x" value="-4"/><int name="y" value="430"/><int name="z" value="9"/><int name="f" value="0"/><int name="zM" value="0"/><int name="r" value="0"/><int name="move" value="0"/><int name="dynamic" value="0"/><int name="piece" value="5"/></imgdir><imgdir name="6"><string name="oS" value="murmurDungeon"/><string name="l0" value="soul"/><string name="l1" value="foot4"/><string name="l2" value="0"/><int name="x" value="296"/><int name="y" value="391"/><int name="z" value="9"/><int name="f" value="0"/><int name="zM" value="0"/><int name="r" value="0"/><int name="move" value="0"/><int name="dynamic" value="0"/><int name="piece" value="6"/></imgdir><imgdir name="7"><string name="oS" value="murmurDungeon"/><string name="l0" value="soul"/><string name="l1" value="foot6"/><string name="l2" value="0"/><int name="x" value="596"/><int name="y" value="383"/><int name="z" value="9"/><int name="f" value="0"/><int name="zM" value="0"/><int name="r" value="0"/><int name="move" value="0"/><int name="dynamic" value="0"/><int name="piece" value="7"/></imgdir><imgdir name="2"><string name="oS" value="murmurDungeon"/><string name="l0" value="soul"/><string name="l1" value="foot"/><string name="l2" value="0"/><int name="x" value="896"/><int name="y" value="402"/><int name="z" value="9"/><int name="f" value="0"/><int name="zM" value="0"/><int name="r" value="0"/><int name="move" value="0"/><int name="dynamic" value="0"/><int name="piece" value="2"/></imgdir></imgdir></imgdir><imgdir name="5"><imgdir name="info"></imgdir><imgdir name="tile"></imgdir><imgdir name="obj"><imgdir name="4"><string name="oS" value="murmurDungeon"/><string name="l0" value="normal"/><string name="l1" value="foot3"/><string name="l2" value="1"/><int name="x" value="93"/><int name="y" value="441"/><int name="z" value="9"/><int name="f" value="0"/><int name="zM" value="7"/><int name="r" value="0"/><int name="move" value="0"/><int name="dynamic" value="0"/><int name="piece" value="4"/></imgdir><imgdir name="5"><string name="oS" value="murmurDungeon"/><string name="l0" value="normal"/><string name="l1" value="foot3"/><string name="l2" value="2"/><int name="x" value="-84"/><int name="y" value="404"/><int name="z" value="9"/><int name="f" value="0"/><int name="zM" value="11"/><int name="r" value="0"/><int name="move" value="0"/><int name="dynamic" value="0"/><int name="piece" value="5"/></imgdir><imgdir name="6"><string name="oS" value="murmurDungeon"/><string name="l0" value="normal"/><string name="l1" value="foot6"/><string name="l2" value="1"/><int name="x" value="595"/><int name="y" value="428"/><int name="z" value="9"/><int name="f" value="0"/><int name="zM" value="8"/><int name="r" value="0"/><int name="move" value="0"/><int name="dynamic" value="0"/><int name="piece" value="6"/></imgdir><imgdir name="2"><string name="oS" value="murmurDungeon"/><string name="l0" value="normal"/><string name="l1" value="foot3"/><string name="l2" value="2"/><int name="x" value="-685"/><int name="y" value="-119"/><int name="z" value="9"/><int name="f" value="0"/><int name="zM" value="88"/><int name="r" value="0"/><int name="move" value="0"/><int name="dynamic" value="0"/><int name="piece" value="2"/></imgdir><imgdir name="1"><string name="oS" value="murmurDungeon"/><string name="l0" value="normal"/><string name="l1" value="foot3"/><string name="l2" value="1"/><int name="x" value="-508"/><int name="y" value="-82"/><int name="z" value="9"/><int name="f" value="0"/><int name="zM" value="80"/><int name="r" value="0"/><int name="move" value="0"/><int name="dynamic" value="0"/><int name="piece" value="1"/></imgdir><imgdir name="0"><string name="oS" value="murmurDungeon"/><string name="l0" value="normal"/><string name="l1" value="foot"/><string name="l2" value="1"/><int name="x" value="-295"/><int name="y" value="-100"/><int name="z" value="9"/><int name="f" value="0"/><int name="zM" value="83"/><int name="r" value="0"/><int name="move" value="0"/><int name="dynamic" value="0"/><int name="piece" value="0"/></imgdir><imgdir name="3"><string name="oS" value="murmurDungeon"/><string name="l0" value="normal"/><string name="l1" value="foot"/><string name="l2" value="1"/><int name="x" value="-593"/><int name="y" value="422"/><int name="z" value="9"/><int name="f" value="0"/><int name="zM" value="9"/><int name="r" value="0"/><int name="move" value="0"/><int name="dynamic" value="0"/><int name="piece" value="3"/></imgdir><imgdir name="7"><string name="oS" value="murmurDungeon"/><string name="l0" value="normal"/><string name="l1" value="foot"/><string name="l2" value="1"/><int name="x" value="991"/><int name="y" value="-81"/><int name="z" value="9"/><int name="f" value="0"/><int name="zM" value="77"/><int name="r" value="0"/><int name="move" value="0"/><int name="dynamic" value="0"/><int name="piece" value="7"/></imgdir></imgdir></imgdir><imgdir name="6"><imgdir name="info"></imgdir><imgdir name="tile"></imgdir><imgdir name="obj"><imgdir name="0"><string name="oS" value="murmurDungeon"/><string name="l0" value="normal"/><string name="l1" value="rope"/><string name="l2" value="0"/><int name="x" value="-442"/><int name="y" value="-182"/><int name="z" value="9"/><int name="f" value="0"/><int name="zM" value="95"/><int name="r" value="0"/><int name="move" value="0"/><int name="dynamic" value="0"/><int name="piece" value="0"/></imgdir><imgdir name="1"><string name="oS" value="murmurDungeon"/><string name="l0" value="normal"/><string name="l1" value="rope"/><string name="l2" value="1"/><int name="x" value="-447"/><int name="y" value="-162"/><int name="z" value="9"/><int name="f" value="0"/><int name="zM" value="94"/><int name="r" value="0"/><int name="move" value="0"/><int name="dynamic" value="0"/><int name="piece" value="1"/></imgdir><imgdir name="2"><string name="oS" value="murmurDungeon"/><string name="l0" value="normal"/><string name="l1" value="rope"/><string name="l2" value="1"/><int name="x" value="-447"/><int name="y" value="-148"/><int name="z" value="9"/><int name="f" value="0"/><int name="zM" value="91"/><int name="r" value="0"/><int name="move" value="0"/><int name="dynamic" value="0"/><int name="piece" value="2"/></imgdir><imgdir name="3"><string name="oS" value="murmurDungeon"/><string name="l0" value="normal"/><string name="l1" value="rope"/><string name="l2" value="1"/><int name="x" value="-447"/><int name="y" value="-134"/><int name="z" value="9"/><int name="f" value="0"/><int name="zM" value="90"/><int name="r" value="0"/><int name="move" value="0"/><int name="dynamic" value="0"/><int name="piece" value="3"/></imgdir><imgdir name="4"><string name="oS" value="murmurDungeon"/><string name="l0" value="normal"/><string name="l1" value="rope"/><string name="l2" value="1"/><int name="x" value="-447"/><int name="y" value="-120"/><int name="z" value="9"/><int name="f" value="0"/><int name="zM" value="86"/><int name="r" value="0"/><int name="move" value="0"/><int name="dynamic" value="0"/><int name="piece" value="4"/></imgdir><imgdir name="5"><string name="oS" value="murmurDungeon"/><string name="l0" value="normal"/><string name="l1" value="rope"/><string name="l2" value="1"/><int name="x" value="-447"/><int name="y" value="-106"/><int name="z" value="9"/><int name="f" value="0"/><int name="zM" value="85"/><int name="r" value="0"/><int name="move" value="0"/><int name="dynamic" value="0"/><int name="piece" value="5"/></imgdir><imgdir name="6"><string name="oS" value="murmurDungeon"/><string name="l0" value="normal"/><string name="l1" value="rope"/><string name="l2" value="1"/><int name="x" value="-447"/><int name="y" value="-92"/><int name="z" value="9"/><int name="f" value="0"/><int name="zM" value="81"/><int name="r" value="0"/><int name="move" value="0"/><int name="dynamic" value="0"/><int name="piece" value="6"/></imgdir><imgdir name="7"><string name="oS" value="murmurDungeon"/><string name="l0" value="normal"/><string name="l1" value="rope"/><string name="l2" value="1"/><int name="x" value="-447"/><int name="y" value="-78"/><int name="z" value="9"/><int name="f" value="0"/><int name="zM" value="79"/><int name="r" value="0"/><int name="move" value="0"/><int name="dynamic" value="0"/><int name="piece" value="7"/></imgdir><imgdir name="8"><string name="oS" value="murmurDungeon"/><string name="l0" value="normal"/><string name="l1" value="rope"/><string name="l2" value="1"/><int name="x" value="-447"/><int name="y" value="-64"/><int name="z" value="9"/><int name="f" value="0"/><int name="zM" value="74"/><int name="r" value="0"/><int name="move" value="0"/><int name="dynamic" value="0"/><int name="piece" value="8"/></imgdir><imgdir name="9"><string name="oS" value="murmurDungeon"/><string name="l0" value="normal"/><string name="l1" value="rope"/><string name="l2" value="1"/><int name="x" value="-447"/><int name="y" value="-50"/><int name="z" value="9"/><int name="f" value="0"/><int name="zM" value="72"/><int name="r" value="0"/><int name="move" value="0"/><int name="dynamic" value="0"/><int name="piece" value="9"/></imgdir><imgdir name="10"><string name="oS" value="murmurDungeon"/><string name="l0" value="normal"/><string name="l1" value="rope"/><string name="l2" value="1"/><int name="x" value="-447"/><int name="y" value="-36"/><int name="z" value="9"/><int name="f" value="0"/><int name="zM" value="68"/><int name="r" value="0"/><int name="move" value="0"/><int name="dynamic" value="0"/><int name="piece" value="10"/></imgdir><imgdir name="11"><string name="oS" value="murmurDungeon"/><string name="l0" value="normal"/><string name="l1" value="rope"/><string name="l2" value="1"/><int name="x" value="-447"/><int name="y" value="-22"/><int name="z" value="9"/><int name="f" value="0"/><int name="zM" value="66"/><int name="r" value="0"/><int name="move" value="0"/><int name="dynamic" value="0"/><int name="piece" value="11"/></imgdir><imgdir name="12"><string name="oS" value="murmurDungeon"/><string name="l0" value="normal"/><string name="l1" value="rope"/><string name="l2" value="1"/><int name="x" value="-447"/><int name="y" value="-8"/><int name="z" value="9"/><int name="f" value="0"/><int name="zM" value="61"/><int name="r" value="0"/><int name="move" value="0"/><int name="dynamic" value="0"/><int name="piece" value="12"/></imgdir><imgdir name="13"><string name="oS" value="murmurDungeon"/><string name="l0" value="normal"/><string name="l1" value="rope"/><string name="l2" value="1"/><int name="x" value="-447"/><int name="y" value="6"/><int name="z" value="9"/><int name="f" value="0"/><int name="zM" value="60"/><int name="r" value="0"/><int name="move" value="0"/><int name="dynamic" value="0"/><int name="piece" value="13"/></imgdir><imgdir name="14"><string name="oS" value="murmurDungeon"/><string name="l0" value="normal"/><string name="l1" value="rope"/><string name="l2" value="1"/><int name="x" value="-447"/><int name="y" value="20"/><int name="z" value="9"/><int name="f" value="0"/><int name="zM" value="55"/><int name="r" value="0"/><int name="move" value="0"/><int name="dynamic" value="0"/><int name="piece" value="14"/></imgdir><imgdir name="15"><string name="oS" value="murmurDungeon"/><string name="l0" value="normal"/><string name="l1" value="rope"/><string name="l2" value="1"/><int name="x" value="-447"/><int name="y" value="34"/><int name="z" value="9"/><int name="f" value="0"/><int name="zM" value="54"/><int name="r" value="0"/><int name="move" value="0"/><int name="dynamic" value="0"/><int name="piece" value="15"/></imgdir><imgdir name="16"><string name="oS" value="murmurDungeon"/><string name="l0" value="normal"/><string name="l1" value="rope"/><string name="l2" value="2"/><int name="x" value="-447"/><int name="y" value="288"/><int name="z" value="9"/><int name="f" value="0"/><int name="zM" value="14"/><int name="r" value="0"/><int name="move" value="0"/><int name="dynamic" value="0"/><int name="piece" value="16"/></imgdir><imgdir name="32"><string name="oS" value="murmurDungeon"/><string name="l0" value="normal"/><string name="l1" value="rope"/><string name="l2" value="1"/><int name="x" value="-447"/><int name="y" value="216"/><int name="z" value="9"/><int name="f" value="0"/><int name="zM" value="22"/><int name="r" value="0"/><int name="move" value="0"/><int name="dynamic" value="0"/><int name="piece" value="32"/></imgdir><imgdir name="31"><string name="oS" value="murmurDungeon"/><string name="l0" value="normal"/><string name="l1" value="rope"/><string name="l2" value="1"/><int name="x" value="-447"/><int name="y" value="202"/><int name="z" value="9"/><int name="f" value="0"/><int name="zM" value="25"/><int name="r" value="0"/><int name="move" value="0"/><int name="dynamic" value="0"/><int name="piece" value="31"/></imgdir><imgdir name="30"><string name="oS" value="murmurDungeon"/><string name="l0" value="normal"/><string name="l1" value="rope"/><string name="l2" value="1"/><int name="x" value="-447"/><int name="y" value="188"/><int name="z" value="9"/><int name="f" value="0"/><int name="zM" value="26"/><int name="r" value="0"/><int name="move" value="0"/><int name="dynamic" value="0"/><int name="piece" value="30"/></imgdir><imgdir name="29"><string name="oS" value="murmurDungeon"/><string name="l0" value="normal"/><string name="l1" value="rope"/><string name="l2" value="1"/><int name="x" value="-447"/><int name="y" value="174"/><int name="z" value="9"/><int name="f" value="0"/><int name="zM" value="29"/><int name="r" value="0"/><int name="move" value="0"/><int name="dynamic" value="0"/><int name="piece" value="29"/></imgdir><imgdir name="28"><string name="oS" value="murmurDungeon"/><string name="l0" value="normal"/><string name="l1" value="rope"/><string name="l2" value="1"/><int name="x" value="-447"/><int name="y" value="160"/><int name="z" value="9"/><int name="f" value="0"/><int name="zM" value="30"/><int name="r" value="0"/><int name="move" value="0"/><int name="dynamic" value="0"/><int name="piece" value="28"/></imgdir><imgdir name="27"><string name="oS" value="murmurDungeon"/><string name="l0" value="normal"/><string name="l1" value="rope"/><string name="l2" value="1"/><int name="x" value="-447"/><int name="y" value="146"/><int name="z" value="9"/><int name="f" value="0"/><int name="zM" value="33"/><int name="r" value="0"/><int name="move" value="0"/><int name="dynamic" value="0"/><int name="piece" value="27"/></imgdir><imgdir name="26"><string name="oS" value="murmurDungeon"/><string name="l0" value="normal"/><string name="l1" value="rope"/><string name="l2" value="1"/><int name="x" value="-447"/><int name="y" value="132"/><int name="z" value="9"/><int name="f" value="0"/><int name="zM" value="34"/><int name="r" value="0"/><int name="move" value="0"/><int name="dynamic" value="0"/><int name="piece" value="26"/></imgdir><imgdir name="25"><string name="oS" value="murmurDungeon"/><string name="l0" value="normal"/><string name="l1" value="rope"/><string name="l2" value="1"/><int name="x" value="-447"/><int name="y" value="118"/><int name="z" value="9"/><int name="f" value="0"/><int name="zM" value="37"/><int name="r" value="0"/><int name="move" value="0"/><int name="dynamic" value="0"/><int name="piece" value="25"/></imgdir><imgdir name="24"><string name="oS" value="murmurDungeon"/><string name="l0" value="normal"/><string name="l1" value="rope"/><string name="l2" value="1"/><int name="x" value="-447"/><int name="y" value="104"/><int name="z" value="9"/><int name="f" value="0"/><int name="zM" value="38"/><int name="r" value="0"/><int name="move" value="0"/><int name="dynamic" value="0"/><int name="piece" value="24"/></imgdir><imgdir name="23"><string name="oS" value="murmurDungeon"/><string name="l0" value="normal"/><string name="l1" value="rope"/><string name="l2" value="1"/><int name="x" value="-447"/><int name="y" value="90"/><int name="z" value="9"/><int name="f" value="0"/><int name="zM" value="41"/><int name="r" value="0"/><int name="move" value="0"/><int name="dynamic" value="0"/><int name="piece" value="23"/></imgdir><imgdir name="22"><string name="oS" value="murmurDungeon"/><string name="l0" value="normal"/><string name="l1" value="rope"/><string name="l2" value="1"/><int name="x" value="-447"/><int name="y" value="76"/><int name="z" value="9"/><int name="f" value="0"/><int name="zM" value="42"/><int name="r" value="0"/><int name="move" value="0"/><int name="dynamic" value="0"/><int name="piece" value="22"/></imgdir><imgdir name="21"><string name="oS" value="murmurDungeon"/><string name="l0" value="normal"/><string name="l1" value="rope"/><string name="l2" value="1"/><int name="x" value="-447"/><int name="y" value="62"/><int name="z" value="9"/><int name="f" value="0"/><int name="zM" value="45"/><int name="r" value="0"/><int name="move" value="0"/><int name="dynamic" value="0"/><int name="piece" value="21"/></imgdir><imgdir name="20"><string name="oS" value="murmurDungeon"/><string name="l0" value="normal"/><string name="l1" value="rope"/><string name="l2" value="1"/><int name="x" value="-447"/><int name="y" value="48"/><int name="z" value="9"/><int name="f" value="0"/><int name="zM" value="46"/><int name="r" value="0"/><int name="move" value="0"/><int name="dynamic" value="0"/><int name="piece" value="20"/></imgdir><imgdir name="19"><string name="oS" value="murmurDungeon"/><string name="l0" value="normal"/><string name="l1" value="rope"/><string name="l2" value="1"/><int name="x" value="-447"/><int name="y" value="258"/><int name="z" value="9"/><int name="f" value="0"/><int name="zM" value="16"/><int name="r" value="0"/><int name="move" value="0"/><int name="dynamic" value="0"/><int name="piece" value="19"/></imgdir><imgdir name="18"><string name="oS" value="murmurDungeon"/><string name="l0" value="normal"/><string name="l1" value="rope"/><string name="l2" value="1"/><int name="x" value="-447"/><int name="y" value="244"/><int name="z" value="9"/><int name="f" value="0"/><int name="zM" value="19"/><int name="r" value="0"/><int name="move" value="0"/><int name="dynamic" value="0"/><int name="piece" value="18"/></imgdir><imgdir name="17"><string name="oS" value="murmurDungeon"/><string name="l0" value="normal"/><string name="l1" value="rope"/><string name="l2" value="1"/><int name="x" value="-447"/><int name="y" value="230"/><int name="z" value="9"/><int name="f" value="0"/><int name="zM" value="20"/><int name="r" value="0"/><int name="move" value="0"/><int name="dynamic" value="0"/><int name="piece" value="17"/></imgdir><imgdir name="33"><string name="oS" value="murmurDungeon"/><string name="l0" value="normal"/><string name="l1" value="rope"/><string name="l2" value="0"/><int name="x" value="453"/><int name="y" value="-182"/><int name="z" value="9"/><int name="f" value="0"/><int name="zM" value="96"/><int name="r" value="0"/><int name="move" value="0"/><int name="dynamic" value="0"/><int name="piece" value="33"/></imgdir><imgdir name="34"><string name="oS" value="murmurDungeon"/><string name="l0" value="normal"/><string name="l1" value="rope"/><string name="l2" value="1"/><int name="x" value="448"/><int name="y" value="-162"/><int name="z" value="9"/><int name="f" value="0"/><int name="zM" value="93"/><int name="r" value="0"/><int name="move" value="0"/><int name="dynamic" value="0"/><int name="piece" value="34"/></imgdir><imgdir name="35"><string name="oS" value="murmurDungeon"/><string name="l0" value="normal"/><string name="l1" value="rope"/><string name="l2" value="1"/><int name="x" value="448"/><int name="y" value="-148"/><int name="z" value="9"/><int name="f" value="0"/><int name="zM" value="92"/><int name="r" value="0"/><int name="move" value="0"/><int name="dynamic" value="0"/><int name="piece" value="35"/></imgdir><imgdir name="36"><string name="oS" value="murmurDungeon"/><string name="l0" value="normal"/><string name="l1" value="rope"/><string name="l2" value="1"/><int name="x" value="448"/><int name="y" value="-134"/><int name="z" value="9"/><int name="f" value="0"/><int name="zM" value="89"/><int name="r" value="0"/><int name="move" value="0"/><int name="dynamic" value="0"/><int name="piece" value="36"/></imgdir><imgdir name="37"><string name="oS" value="murmurDungeon"/><string name="l0" value="normal"/><string name="l1" value="rope"/><string name="l2" value="1"/><int name="x" value="448"/><int name="y" value="-120"/><int name="z" value="9"/><int name="f" value="0"/><int name="zM" value="87"/><int name="r" value="0"/><int name="move" value="0"/><int name="dynamic" value="0"/><int name="piece" value="37"/></imgdir><imgdir name="38"><string name="oS" value="murmurDungeon"/><string name="l0" value="normal"/><string name="l1" value="rope"/><string name="l2" value="1"/><int name="x" value="448"/><int name="y" value="-106"/><int name="z" value="9"/><int name="f" value="0"/><int name="zM" value="84"/><int name="r" value="0"/><int name="move" value="0"/><int name="dynamic" value="0"/><int name="piece" value="38"/></imgdir><imgdir name="39"><string name="oS" value="murmurDungeon"/><string name="l0" value="normal"/><string name="l1" value="rope"/><string name="l2" value="1"/><int name="x" value="448"/><int name="y" value="-92"/><int name="z" value="9"/><int name="f" value="0"/><int name="zM" value="82"/><int name="r" value="0"/><int name="move" value="0"/><int name="dynamic" value="0"/><int name="piece" value="39"/></imgdir><imgdir name="40"><string name="oS" value="murmurDungeon"/><string name="l0" value="normal"/><string name="l1" value="rope"/><string name="l2" value="1"/><int name="x" value="448"/><int name="y" value="-78"/><int name="z" value="9"/><int name="f" value="0"/><int name="zM" value="78"/><int name="r" value="0"/><int name="move" value="0"/><int name="dynamic" value="0"/><int name="piece" value="40"/></imgdir><imgdir name="41"><string name="oS" value="murmurDungeon"/><string name="l0" value="normal"/><string name="l1" value="rope"/><string name="l2" value="1"/><int name="x" value="448"/><int name="y" value="-64"/><int name="z" value="9"/><int name="f" value="0"/><int name="zM" value="75"/><int name="r" value="0"/><int name="move" value="0"/><int name="dynamic" value="0"/><int name="piece" value="41"/></imgdir><imgdir name="42"><string name="oS" value="murmurDungeon"/><string name="l0" value="normal"/><string name="l1" value="rope"/><string name="l2" value="1"/><int name="x" value="448"/><int name="y" value="-50"/><int name="z" value="9"/><int name="f" value="0"/><int name="zM" value="71"/><int name="r" value="0"/><int name="move" value="0"/><int name="dynamic" value="0"/><int name="piece" value="42"/></imgdir><imgdir name="43"><string name="oS" value="murmurDungeon"/><string name="l0" value="normal"/><string name="l1" value="rope"/><string name="l2" value="1"/><int name="x" value="448"/><int name="y" value="-36"/><int name="z" value="9"/><int name="f" value="0"/><int name="zM" value="69"/><int name="r" value="0"/><int name="move" value="0"/><int name="dynamic" value="0"/><int name="piece" value="43"/></imgdir><imgdir name="44"><string name="oS" value="murmurDungeon"/><string name="l0" value="normal"/><string name="l1" value="rope"/><string name="l2" value="1"/><int name="x" value="448"/><int name="y" value="-22"/><int name="z" value="9"/><int name="f" value="0"/><int name="zM" value="65"/><int name="r" value="0"/><int name="move" value="0"/><int name="dynamic" value="0"/><int name="piece" value="44"/></imgdir><imgdir name="45"><string name="oS" value="murmurDungeon"/><string name="l0" value="normal"/><string name="l1" value="rope"/><string name="l2" value="1"/><int name="x" value="448"/><int name="y" value="-8"/><int name="z" value="9"/><int name="f" value="0"/><int name="zM" value="62"/><int name="r" value="0"/><int name="move" value="0"/><int name="dynamic" value="0"/><int name="piece" value="45"/></imgdir><imgdir name="46"><string name="oS" value="murmurDungeon"/><string name="l0" value="normal"/><string name="l1" value="rope"/><string name="l2" value="1"/><int name="x" value="448"/><int name="y" value="6"/><int name="z" value="9"/><int name="f" value="0"/><int name="zM" value="59"/><int name="r" value="0"/><int name="move" value="0"/><int name="dynamic" value="0"/><int name="piece" value="46"/></imgdir><imgdir name="47"><string name="oS" value="murmurDungeon"/><string name="l0" value="normal"/><string name="l1" value="rope"/><string name="l2" value="1"/><int name="x" value="448"/><int name="y" value="20"/><int name="z" value="9"/><int name="f" value="0"/><int name="zM" value="56"/><int name="r" value="0"/><int name="move" value="0"/><int name="dynamic" value="0"/><int name="piece" value="47"/></imgdir><imgdir name="48"><string name="oS" value="murmurDungeon"/><string name="l0" value="normal"/><string name="l1" value="rope"/><string name="l2" value="1"/><int name="x" value="448"/><int name="y" value="34"/><int name="z" value="9"/><int name="f" value="0"/><int name="zM" value="53"/><int name="r" value="0"/><int name="move" value="0"/><int name="dynamic" value="0"/><int name="piece" value="48"/></imgdir><imgdir name="49"><string name="oS" value="murmurDungeon"/><string name="l0" value="normal"/><string name="l1" value="rope"/><string name="l2" value="2"/><int name="x" value="448"/><int name="y" value="288"/><int name="z" value="9"/><int name="f" value="0"/><int name="zM" value="15"/><int name="r" value="0"/><int name="move" value="0"/><int name="dynamic" value="0"/><int name="piece" value="49"/></imgdir><imgdir name="50"><string name="oS" value="murmurDungeon"/><string name="l0" value="normal"/><string name="l1" value="rope"/><string name="l2" value="1"/><int name="x" value="448"/><int name="y" value="230"/><int name="z" value="9"/><int name="f" value="0"/><int name="zM" value="21"/><int name="r" value="0"/><int name="move" value="0"/><int name="dynamic" value="0"/><int name="piece" value="50"/></imgdir><imgdir name="51"><string name="oS" value="murmurDungeon"/><string name="l0" value="normal"/><string name="l1" value="rope"/><string name="l2" value="1"/><int name="x" value="448"/><int name="y" value="244"/><int name="z" value="9"/><int name="f" value="0"/><int name="zM" value="18"/><int name="r" value="0"/><int name="move" value="0"/><int name="dynamic" value="0"/><int name="piece" value="51"/></imgdir><imgdir name="52"><string name="oS" value="murmurDungeon"/><string name="l0" value="normal"/><string name="l1" value="rope"/><string name="l2" value="1"/><int name="x" value="448"/><int name="y" value="258"/><int name="z" value="9"/><int name="f" value="0"/><int name="zM" value="17"/><int name="r" value="0"/><int name="move" value="0"/><int name="dynamic" value="0"/><int name="piece" value="52"/></imgdir><imgdir name="53"><string name="oS" value="murmurDungeon"/><string name="l0" value="normal"/><string name="l1" value="rope"/><string name="l2" value="1"/><int name="x" value="448"/><int name="y" value="48"/><int name="z" value="9"/><int name="f" value="0"/><int name="zM" value="47"/><int name="r" value="0"/><int name="move" value="0"/><int name="dynamic" value="0"/><int name="piece" value="53"/></imgdir><imgdir name="54"><string name="oS" value="murmurDungeon"/><string name="l0" value="normal"/><string name="l1" value="rope"/><string name="l2" value="1"/><int name="x" value="448"/><int name="y" value="62"/><int name="z" value="9"/><int name="f" value="0"/><int name="zM" value="44"/><int name="r" value="0"/><int name="move" value="0"/><int name="dynamic" value="0"/><int name="piece" value="54"/></imgdir><imgdir name="55"><string name="oS" value="murmurDungeon"/><string name="l0" value="normal"/><string name="l1" value="rope"/><string name="l2" value="1"/><int name="x" value="448"/><int name="y" value="76"/><int name="z" value="9"/><int name="f" value="0"/><int name="zM" value="43"/><int name="r" value="0"/><int name="move" value="0"/><int name="dynamic" value="0"/><int name="piece" value="55"/></imgdir><imgdir name="56"><string name="oS" value="murmurDungeon"/><string name="l0" value="normal"/><string name="l1" value="rope"/><string name="l2" value="1"/><int name="x" value="448"/><int name="y" value="90"/><int name="z" value="9"/><int name="f" value="0"/><int name="zM" value="40"/><int name="r" value="0"/><int name="move" value="0"/><int name="dynamic" value="0"/><int name="piece" value="56"/></imgdir><imgdir name="57"><string name="oS" value="murmurDungeon"/><string name="l0" value="normal"/><string name="l1" value="rope"/><string name="l2" value="1"/><int name="x" value="448"/><int name="y" value="104"/><int name="z" value="9"/><int name="f" value="0"/><int name="zM" value="39"/><int name="r" value="0"/><int name="move" value="0"/><int name="dynamic" value="0"/><int name="piece" value="57"/></imgdir><imgdir name="58"><string name="oS" value="murmurDungeon"/><string name="l0" value="normal"/><string name="l1" value="rope"/><string name="l2" value="1"/><int name="x" value="448"/><int name="y" value="118"/><int name="z" value="9"/><int name="f" value="0"/><int name="zM" value="36"/><int name="r" value="0"/><int name="move" value="0"/><int name="dynamic" value="0"/><int name="piece" value="58"/></imgdir><imgdir name="59"><string name="oS" value="murmurDungeon"/><string name="l0" value="normal"/><string name="l1" value="rope"/><string name="l2" value="1"/><int name="x" value="448"/><int name="y" value="132"/><int name="z" value="9"/><int name="f" value="0"/><int name="zM" value="35"/><int name="r" value="0"/><int name="move" value="0"/><int name="dynamic" value="0"/><int name="piece" value="59"/></imgdir><imgdir name="60"><string name="oS" value="murmurDungeon"/><string name="l0" value="normal"/><string name="l1" value="rope"/><string name="l2" value="1"/><int name="x" value="448"/><int name="y" value="146"/><int name="z" value="9"/><int name="f" value="0"/><int name="zM" value="32"/><int name="r" value="0"/><int name="move" value="0"/><int name="dynamic" value="0"/><int name="piece" value="60"/></imgdir><imgdir name="61"><string name="oS" value="murmurDungeon"/><string name="l0" value="normal"/><string name="l1" value="rope"/><string name="l2" value="1"/><int name="x" value="448"/><int name="y" value="160"/><int name="z" value="9"/><int name="f" value="0"/><int name="zM" value="31"/><int name="r" value="0"/><int name="move" value="0"/><int name="dynamic" value="0"/><int name="piece" value="61"/></imgdir><imgdir name="62"><string name="oS" value="murmurDungeon"/><string name="l0" value="normal"/><string name="l1" value="rope"/><string name="l2" value="1"/><int name="x" value="448"/><int name="y" value="174"/><int name="z" value="9"/><int name="f" value="0"/><int name="zM" value="28"/><int name="r" value="0"/><int name="move" value="0"/><int name="dynamic" value="0"/><int name="piece" value="62"/></imgdir><imgdir name="63"><string name="oS" value="murmurDungeon"/><string name="l0" value="normal"/><string name="l1" value="rope"/><string name="l2" value="1"/><int name="x" value="448"/><int name="y" value="188"/><int name="z" value="9"/><int name="f" value="0"/><int name="zM" value="27"/><int name="r" value="0"/><int name="move" value="0"/><int name="dynamic" value="0"/><int name="piece" value="63"/></imgdir><imgdir name="64"><string name="oS" value="murmurDungeon"/><string name="l0" value="normal"/><string name="l1" value="rope"/><string name="l2" value="1"/><int name="x" value="448"/><int name="y" value="202"/><int name="z" value="9"/><int name="f" value="0"/><int name="zM" value="24"/><int name="r" value="0"/><int name="move" value="0"/><int name="dynamic" value="0"/><int name="piece" value="64"/></imgdir><imgdir name="65"><string name="oS" value="murmurDungeon"/><string name="l0" value="normal"/><string name="l1" value="rope"/><string name="l2" value="1"/><int name="x" value="448"/><int name="y" value="216"/><int name="z" value="9"/><int name="f" value="0"/><int name="zM" value="23"/><int name="r" value="0"/><int name="move" value="0"/><int name="dynamic" value="0"/><int name="piece" value="65"/></imgdir></imgdir></imgdir><imgdir name="7"><imgdir name="info"></imgdir><imgdir name="tile"></imgdir><imgdir name="obj"></imgdir></imgdir><imgdir name="foothold"><imgdir name="4"><imgdir name="70"><imgdir name="1"><int name="x1" value="444"/><int name="y1" value="-176"/><int name="x2" value="746"/><int name="y2" value="-176"/><int name="prev" value="14"/><int name="next" value="2"/><int name="piece" value="0"/></imgdir></imgdir><imgdir name="57"><imgdir name="2"><int name="x1" value="746"/><int name="y1" value="-176"/><int name="x2" value="1046"/><int name="y2" value="-176"/><int name="prev" value="1"/><int name="next" value="0"/><int name="piece" value="1"/></imgdir></imgdir><imgdir name="2"><imgdir name="3"><int name="x1" value="745"/><int name="y1" value="346"/><int name="x2" value="1047"/><int name="y2" value="346"/><int name="prev" value="8"/><int name="next" value="0"/><int name="piece" value="2"/></imgdir></imgdir><imgdir name="64"><imgdir name="4"><int name="x1" value="-1056"/><int name="y1" value="-176"/><int name="x2" value="-754"/><int name="y2" value="-176"/><int name="prev" value="0"/><int name="next" value="13"/><int name="piece" value="3"/></imgdir></imgdir><imgdir name="4"><imgdir name="5"><int name="x1" value="-1055"/><int name="y1" value="346"/><int name="x2" value="-753"/><int name="y2" value="346"/><int name="prev" value="0"/><int name="next" value="10"/><int name="piece" value="4"/></imgdir></imgdir><imgdir name="0"><imgdir name="6"><int name="x1" value="-155"/><int name="y1" value="346"/><int name="x2" value="147"/><int name="y2" value="346"/><int name="prev" value="9"/><int name="next" value="7"/><int name="piece" value="5"/></imgdir></imgdir><imgdir name="6"><imgdir name="7"><int name="x1" value="147"/><int name="y1" value="346"/><int name="x2" value="447"/><int name="y2" value="346"/><int name="prev" value="6"/><int name="next" value="8"/><int name="piece" value="6"/></imgdir></imgdir><imgdir name="1"><imgdir name="8"><int name="x1" value="447"/><int name="y1" value="346"/><int name="x2" value="745"/><int name="y2" value="346"/><int name="prev" value="7"/><int name="next" value="3"/><int name="piece" value="7"/></imgdir></imgdir><imgdir name="5"><imgdir name="9"><int name="x1" value="-455"/><int name="y1" value="346"/><int name="x2" value="-155"/><int name="y2" value="346"/><int name="prev" value="10"/><int name="next" value="6"/><int name="piece" value="8"/></imgdir></imgdir><imgdir name="3"><imgdir name="10"><int name="x1" value="-753"/><int name="y1" value="346"/><int name="x2" value="-455"/><int name="y2" value="346"/><int name="prev" value="5"/><int name="next" value="9"/><int name="piece" value="9"/></imgdir></imgdir><imgdir name="63"><imgdir name="11"><int name="x1" value="-156"/><int name="y1" value="-176"/><int name="x2" value="146"/><int name="y2" value="-176"/><int name="prev" value="12"/><int name="next" value="14"/><int name="piece" value="10"/></imgdir></imgdir><imgdir name="67"><imgdir name="12"><int name="x1" value="-456"/><int name="y1" value="-176"/><int name="x2" value="-156"/><int name="y2" value="-176"/><int name="prev" value="13"/><int name="next" value="11"/><int name="piece" value="11"/></imgdir></imgdir><imgdir name="58"><imgdir name="13"><int name="x1" value="-754"/><int name="y1" value="-176"/><int name="x2" value="-456"/><int name="y2" value="-176"/><int name="prev" value="4"/><int name="next" value="12"/><int name="piece" value="12"/></imgdir></imgdir><imgdir name="76"><imgdir name="14"><int name="x1" value="146"/><int name="y1" value="-176"/><int name="x2" value="444"/><int name="y2" value="-176"/><int name="prev" value="11"/><int name="next" value="1"/><int name="piece" value="13"/></imgdir></imgdir></imgdir></imgdir><imgdir name="ladderRope"><imgdir name="1"><int name="l" value="0"/><int name="uf" value="1"/><int name="x" value="-447"/><int name="y1" value="-174"/><int name="y2" value="322"/><int name="page" value="6"/></imgdir><imgdir name="2"><int name="l" value="0"/><int name="uf" value="1"/><int name="x" value="448"/><int name="y1" value="-174"/><int name="y2" value="322"/><int name="page" value="6"/></imgdir></imgdir><imgdir name="miniMap"><canvas name="canvas" width="1" height="1"><string name="_hash" value="bdccf63834ab9c1090bd4fe783c24227d633ebe34de9fcdbeb39b0f100a87f99"/><string name="_outlink" value="Map/Map/Map9/910190500.img/miniMap/canvas"/></canvas><int name="width" value="2197"/><int name="height" value="1114"/><int name="centerX" value="1103"/><int name="centerY" value="527"/><int name="mag" value="4"/></imgdir><imgdir name="portal"><imgdir name="0"><string name="pn" value="sp"/><int name="pt" value="0"/><int name="x" value="-3"/><int name="y" value="-223"/><int name="tm" value="999999999"/><string name="tn" value=""/><int name="horizontalImpact" value="0"/></imgdir><imgdir name="1"><string name="pn" value="pt01"/><int name="pt" value="8"/><int name="x" value="-783"/><int name="y" value="-181"/><int name="tm" value="999999999"/><string name="tn" value=""/><int name="horizontalImpact" value="0"/><string name="script" value="murmurPortal2"/><int name="hideTooltip" value="0"/><int name="onlyOnce" value="0"/><int name="shownAtMinimap" value="0"/><int name="delay" value="0"/></imgdir><imgdir name="2"><string name="pn" value="pt02"/><int name="pt" value="8"/><int name="x" value="-6"/><int name="y" value="-186"/><int name="tm" value="999999999"/><string name="tn" value=""/><int name="horizontalImpact" value="0"/><string name="script" value="murmurPortal0"/><int name="hideTooltip" value="0"/><int name="onlyOnce" value="0"/><int name="shownAtMinimap" value="0"/><int name="delay" value="0"/></imgdir><imgdir name="3"><string name="pn" value="pt03"/><int name="pt" value="8"/><int name="x" value="777"/><int name="y" value="-186"/><int name="tm" value="999999999"/><string name="tn" value=""/><int name="horizontalImpact" value="0"/><string name="script" value="murmurPortal3"/><int name="hideTooltip" value="0"/><int name="onlyOnce" value="0"/><int name="shownAtMinimap" value="0"/><int name="delay" value="0"/></imgdir><imgdir name="4"><string name="pn" value="pt04"/><int name="pt" value="8"/><int name="x" value="-6"/><int name="y" value="343"/><int name="tm" value="999999999"/><string name="tn" value=""/><int name="horizontalImpact" value="0"/><string name="script" value="murmurPortal1"/><int name="hideTooltip" value="0"/><int name="onlyOnce" value="0"/><int name="shownAtMinimap" value="0"/><int name="delay" value="0"/></imgdir></imgdir></imgdir>