<?xml version="1.0" encoding="UTF-8" standalone="yes"?><imgdir name="910190416.img"><imgdir name="info"><int name="version" value="10"/><int name="cloud" value="0"/><int name="town" value="0"/><int name="swim" value="0"/><int name="returnMap" value="910192000"/><int name="forcedReturn" value="910193000"/><float name="mobRate" value="4.399998"/><string name="bgm" value="Bgm09/DarkShadow"/><string name="mapMark" value="Dungeon"/><int name="fly" value="0"/><int name="standAlone" value="0"/><int name="partyStandAlone" value="0"/><int name="noMapCmd" value="0"/><int name="hideMinimap" value="1"/><string name="fieldScript" value=""/><string name="onFirstUserEnter" value="Murumuru_Escort_FEnter"/><string name="onUserEnter" value=""/><int name="soulFieldType" value="4"/><int name="fieldLimit" value="34152696"/><int name="VRTop" value="-600"/><int name="VRLeft" value="-1050"/><int name="VRBottom" value="500"/><int name="VRRight" value="1040"/><int name="EscortMinTime" value="0"/><int name="fieldType" value="96"/></imgdir><imgdir name="back"><imgdir name="0"><string name="bS" value="murmurDungeon"/><int name="front" value="0"/><int name="ani" value="0"/><int name="no" value="0"/><int name="f" value="0"/><int name="x" value="10"/><int name="y" value="-75"/><int name="rx" value="-2"/><int name="ry" value="10"/><int name="type" value="0"/><int name="cx" value="0"/><int name="cy" value="0"/><int name="a" value="255"/></imgdir><imgdir name="1"><string name="bS" value="murmurDungeon"/><int name="front" value="0"/><int name="ani" value="1"/><int name="no" value="0"/><int name="f" value="0"/><int name="x" value="30"/><int name="y" value="59"/><int name="rx" value="-2"/><int name="ry" value="10"/><int name="type" value="0"/><int name="cx" value="0"/><int name="cy" value="0"/><int name="a" value="255"/></imgdir></imgdir><imgdir name="life"><imgdir name="0"><string name="type" value="m"/><string name="id" value="9303141"/><int name="x" value="-905"/><int name="y" value="337"/><int name="mobTime" value="-1"/><int name="f" value="1"/><int name="hide" value="0"/><int name="fh" value="5"/><int name="cy" value="346"/><int name="rx0" value="-1035"/><int name="rx1" value="-775"/></imgdir><imgdir name="1"><string name="type" value="m"/><string name="id" value="9303070"/><int name="x" value="-481"/><int name="y" value="336"/><int name="mobTime" value="0"/><int name="f" value="0"/><int name="hide" value="0"/><int name="fh" value="1"/><int name="cy" value="346"/><int name="rx0" value="-735"/><int name="rx1" value="-473"/></imgdir><imgdir name="2"><string name="type" value="m"/><string name="id" value="9303071"/><int name="x" value="39"/><int name="y" value="338"/><int name="mobTime" value="0"/><int name="f" value="0"/><int name="hide" value="0"/><int name="fh" value="6"/><int name="cy" value="346"/><int name="rx0" value="-133"/><int name="rx1" value="127"/></imgdir><imgdir name="3"><string name="type" value="m"/><string name="id" value="9303072"/><int name="x" value="649"/><int name="y" value="337"/><int name="mobTime" value="0"/><int name="f" value="0"/><int name="hide" value="0"/><int name="fh" value="4"/><int name="cy" value="346"/><int name="rx0" value="465"/><int name="rx1" value="725"/></imgdir><imgdir name="4"><string name="type" value="m"/><string name="id" value="9303073"/><int name="x" value="265"/><int name="y" value="339"/><int name="mobTime" value="0"/><int name="f" value="0"/><int name="hide" value="0"/><int name="fh" value="7"/><int name="cy" value="346"/><int name="rx0" value="167"/><int name="rx1" value="425"/></imgdir><imgdir name="5"><string name="type" value="m"/><string name="id" value="9303074"/><int name="x" value="-299"/><int name="y" value="339"/><int name="mobTime" value="0"/><int name="f" value="0"/><int name="hide" value="0"/><int name="fh" value="2"/><int name="cy" value="346"/><int name="rx0" value="-433"/><int name="rx1" value="-173"/></imgdir><imgdir name="6"><string name="type" value="m"/><string name="id" value="9303070"/><int name="x" value="829"/><int name="y" value="343"/><int name="mobTime" value="0"/><int name="f" value="0"/><int name="hide" value="0"/><int name="fh" value="3"/><int name="cy" value="346"/><int name="rx0" value="765"/><int name="rx1" value="1027"/></imgdir><imgdir name="7"><string name="type" value="m"/><string name="id" value="9303071"/><int name="x" value="903"/><int name="y" value="339"/><int name="mobTime" value="0"/><int name="f" value="0"/><int name="hide" value="0"/><int name="fh" value="3"/><int name="cy" value="346"/><int name="rx0" value="765"/><int name="rx1" value="1027"/></imgdir><imgdir name="8"><string name="type" value="m"/><string name="id" value="9303073"/><int name="x" value="405"/><int name="y" value="340"/><int name="mobTime" value="0"/><int name="f" value="0"/><int name="hide" value="0"/><int name="fh" value="7"/><int name="cy" value="346"/><int name="rx0" value="167"/><int name="rx1" value="425"/></imgdir><imgdir name="9"><string name="type" value="m"/><string name="id" value="9303074"/><int name="x" value="-620"/><int name="y" value="334"/><int name="mobTime" value="0"/><int name="f" value="0"/><int name="hide" value="0"/><int name="fh" value="1"/><int name="cy" value="346"/><int name="rx0" value="-735"/><int name="rx1" value="-473"/></imgdir><imgdir name="10"><string name="type" value="m"/><string name="id" value="9303072"/><int name="x" value="-84"/><int name="y" value="335"/><int name="mobTime" value="0"/><int name="f" value="0"/><int name="hide" value="0"/><int name="fh" value="6"/><int name="cy" value="346"/><int name="rx0" value="-133"/><int name="rx1" value="127"/></imgdir></imgdir><imgdir name="reactor"><imgdir name="0"><string name="id" value="9929001"/><int name="x" value="0"/><int name="y" value="348"/><int name="reactorTime" value="0"/><int name="f" value="0"/><string name="name" value="soul"/></imgdir><imgdir name="1"><string name="id" value="9928000"/><int name="x" value="-3"/><int name="y" value="-173"/><int name="reactorTime" value="0"/><int name="f" value="0"/><string name="name" value="soulTrap"/></imgdir></imgdir><imgdir name="0"><imgdir name="info"><string name="tS" value="blackTile"/><int name="tSMag" value="1"/></imgdir><imgdir name="tile"><imgdir name="10"><int name="x" value="675"/><int name="y" value="390"/><string name="u" value="edD"/><int name="no" value="0"/><int name="zM" value="10"/></imgdir><imgdir name="11"><int name="x" value="675"/><int name="y" value="390"/><string name="u" value="edU"/><int name="no" value="0"/><int name="zM" value="10"/></imgdir><imgdir name="13"><int name="x" value="585"/><int name="y" value="390"/><string name="u" value="enH0"/><int name="no" value="0"/><int name="zM" value="10"/></imgdir><imgdir name="12"><int name="x" value="585"/><int name="y" value="390"/><string name="u" value="enH1"/><int name="no" value="0"/><int name="zM" value="10"/></imgdir><imgdir name="15"><int name="x" value="495"/><int name="y" value="390"/><string name="u" value="enH0"/><int name="no" value="0"/><int name="zM" value="10"/></imgdir><imgdir name="14"><int name="x" value="495"/><int name="y" value="390"/><string name="u" value="enH1"/><int name="no" value="0"/><int name="zM" value="10"/></imgdir><imgdir name="4"><int name="x" value="225"/><int name="y" value="390"/><string name="u" value="enH0"/><int name="no" value="0"/><int name="zM" value="10"/></imgdir><imgdir name="5"><int name="x" value="225"/><int name="y" value="390"/><string name="u" value="enH1"/><int name="no" value="0"/><int name="zM" value="10"/></imgdir><imgdir name="6"><int name="x" value="135"/><int name="y" value="390"/><string name="u" value="enH0"/><int name="no" value="0"/><int name="zM" value="10"/></imgdir><imgdir name="7"><int name="x" value="135"/><int name="y" value="390"/><string name="u" value="enH1"/><int name="no" value="0"/><int name="zM" value="10"/></imgdir><imgdir name="8"><int name="x" value="315"/><int name="y" value="390"/><string name="u" value="enH1"/><int name="no" value="0"/><int name="zM" value="10"/></imgdir><imgdir name="9"><int name="x" value="315"/><int name="y" value="390"/><string name="u" value="enH0"/><int name="no" value="0"/><int name="zM" value="10"/></imgdir><imgdir name="0"><int name="x" value="45"/><int name="y" value="390"/><string name="u" value="enH0"/><int name="no" value="0"/><int name="zM" value="10"/></imgdir><imgdir name="1"><int name="x" value="45"/><int name="y" value="390"/><string name="u" value="enH1"/><int name="no" value="0"/><int name="zM" value="10"/></imgdir><imgdir name="2"><int name="x" value="405"/><int name="y" value="390"/><string name="u" value="enH0"/><int name="no" value="0"/><int name="zM" value="10"/></imgdir><imgdir name="3"><int name="x" value="405"/><int name="y" value="390"/><string name="u" value="enH1"/><int name="no" value="0"/><int name="zM" value="10"/></imgdir></imgdir><imgdir name="obj"><imgdir name="0"><string name="oS" value="murmurDungeon"/><string name="l0" value="normal"/><string name="l1" value="back"/><string name="l2" value="0"/><int name="x" value="-2"/><int name="y" value="-50"/><int name="z" value="14"/><int name="f" value="0"/><int name="zM" value="16"/><int name="r" value="0"/><int name="move" value="0"/><int name="dynamic" value="0"/><int name="piece" value="0"/></imgdir></imgdir></imgdir><imgdir name="1"><imgdir name="info"></imgdir><imgdir name="tile"></imgdir><imgdir name="obj"></imgdir></imgdir><imgdir name="2"><imgdir name="info"></imgdir><imgdir name="tile"></imgdir><imgdir name="obj"><imgdir name="1"><string name="oS" value="murmurDungeon"/><string name="l0" value="normal"/><string name="l1" value="effect"/><string name="l2" value="0"/><int name="x" value="6"/><int name="y" value="49"/><int name="z" value="9"/><int name="f" value="0"/><int name="zM" value="15"/><int name="r" value="0"/><int name="move" value="0"/><int name="dynamic" value="0"/><int name="piece" value="1"/></imgdir><imgdir name="0"><string name="oS" value="murmurDungeon"/><string name="l0" value="normal"/><string name="l1" value="portal"/><string name="l2" value="0"/><int name="x" value="513"/><int name="y" value="243"/><int name="z" value="9"/><int name="f" value="0"/><int name="zM" value="13"/><int name="r" value="0"/><int name="move" value="0"/><int name="dynamic" value="0"/><int name="piece" value="0"/></imgdir></imgdir></imgdir><imgdir name="3"><imgdir name="info"></imgdir><imgdir name="tile"></imgdir><imgdir name="obj"><imgdir name="0"><string name="oS" value="murmurDungeon"/><string name="l0" value="normal"/><string name="l1" value="effect"/><string name="l2" value="1"/><int name="x" value="515"/><int name="y" value="339"/><int name="z" value="9"/><int name="f" value="0"/><int name="zM" value="12"/><int name="r" value="0"/><int name="move" value="0"/><int name="dynamic" value="0"/><int name="piece" value="0"/></imgdir></imgdir></imgdir><imgdir name="4"><imgdir name="info"></imgdir><imgdir name="tile"></imgdir><imgdir name="obj"><imgdir name="2"><string name="oS" value="murmurDungeon"/><string name="l0" value="normal"/><string name="l1" value="foot"/><string name="l2" value="0"/><int name="x" value="896"/><int name="y" value="402"/><int name="z" value="9"/><int name="f" value="0"/><int name="zM" value="3"/><int name="r" value="0"/><int name="move" value="0"/><int name="dynamic" value="0"/><int name="piece" value="2"/></imgdir><imgdir name="4"><string name="oS" value="murmurDungeon"/><string name="l0" value="normal"/><string name="l1" value="foot5"/><string name="l2" value="0"/><int name="x" value="-904"/><int name="y" value="406"/><int name="z" value="9"/><int name="f" value="0"/><int name="zM" value="4"/><int name="r" value="0"/><int name="move" value="0"/><int name="dynamic" value="0"/><int name="piece" value="4"/></imgdir><imgdir name="5"><string name="oS" value="murmurDungeon"/><string name="l0" value="normal"/><string name="l1" value="foot3"/><string name="l2" value="0"/><int name="x" value="-4"/><int name="y" value="430"/><int name="z" value="9"/><int name="f" value="0"/><int name="zM" value="0"/><int name="r" value="0"/><int name="move" value="0"/><int name="dynamic" value="0"/><int name="piece" value="5"/></imgdir><imgdir name="6"><string name="oS" value="murmurDungeon"/><string name="l0" value="normal"/><string name="l1" value="foot4"/><string name="l2" value="0"/><int name="x" value="296"/><int name="y" value="391"/><int name="z" value="9"/><int name="f" value="0"/><int name="zM" value="6"/><int name="r" value="0"/><int name="move" value="0"/><int name="dynamic" value="0"/><int name="piece" value="6"/></imgdir><imgdir name="0"><string name="oS" value="murmurDungeon"/><string name="l0" value="normal"/><string name="l1" value="foot"/><string name="l2" value="0"/><int name="x" value="-604"/><int name="y" value="402"/><int name="z" value="9"/><int name="f" value="0"/><int name="zM" value="2"/><int name="r" value="0"/><int name="move" value="0"/><int name="dynamic" value="0"/><int name="piece" value="0"/></imgdir><imgdir name="1"><string name="oS" value="murmurDungeon"/><string name="l0" value="normal"/><string name="l1" value="foot2"/><string name="l2" value="0"/><int name="x" value="-304"/><int name="y" value="371"/><int name="z" value="9"/><int name="f" value="0"/><int name="zM" value="5"/><int name="r" value="0"/><int name="move" value="0"/><int name="dynamic" value="0"/><int name="piece" value="1"/></imgdir><imgdir name="3"><string name="oS" value="murmurDungeon"/><string name="l0" value="normal"/><string name="l1" value="foot6"/><string name="l2" value="0"/><int name="x" value="596"/><int name="y" value="383"/><int name="z" value="9"/><int name="f" value="0"/><int name="zM" value="1"/><int name="r" value="0"/><int name="move" value="0"/><int name="dynamic" value="0"/><int name="piece" value="3"/></imgdir></imgdir></imgdir><imgdir name="5"><imgdir name="info"></imgdir><imgdir name="tile"></imgdir><imgdir name="obj"><imgdir name="3"><string name="oS" value="murmurDungeon"/><string name="l0" value="normal"/><string name="l1" value="foot"/><string name="l2" value="1"/><int name="x" value="-593"/><int name="y" value="422"/><int name="z" value="9"/><int name="f" value="0"/><int name="zM" value="9"/><int name="r" value="0"/><int name="move" value="0"/><int name="dynamic" value="0"/><int name="piece" value="3"/></imgdir><imgdir name="1"><string name="oS" value="murmurDungeon"/><string name="l0" value="normal"/><string name="l1" value="foot6"/><string name="l2" value="1"/><int name="x" value="595"/><int name="y" value="428"/><int name="z" value="9"/><int name="f" value="0"/><int name="zM" value="8"/><int name="r" value="0"/><int name="move" value="0"/><int name="dynamic" value="0"/><int name="piece" value="1"/></imgdir><imgdir name="0"><string name="oS" value="murmurDungeon"/><string name="l0" value="normal"/><string name="l1" value="foot3"/><string name="l2" value="2"/><int name="x" value="-84"/><int name="y" value="404"/><int name="z" value="9"/><int name="f" value="0"/><int name="zM" value="11"/><int name="r" value="0"/><int name="move" value="0"/><int name="dynamic" value="0"/><int name="piece" value="0"/></imgdir><imgdir name="2"><string name="oS" value="murmurDungeon"/><string name="l0" value="normal"/><string name="l1" value="foot3"/><string name="l2" value="1"/><int name="x" value="93"/><int name="y" value="441"/><int name="z" value="9"/><int name="f" value="0"/><int name="zM" value="7"/><int name="r" value="0"/><int name="move" value="0"/><int name="dynamic" value="0"/><int name="piece" value="2"/></imgdir></imgdir></imgdir><imgdir name="6"><imgdir name="info"></imgdir><imgdir name="tile"></imgdir><imgdir name="obj"></imgdir></imgdir><imgdir name="7"><imgdir name="info"></imgdir><imgdir name="tile"></imgdir><imgdir name="obj"></imgdir></imgdir><imgdir name="nodeInfo"><int name="start" value="0"/><int name="end" value="2"/><imgdir name="edgeInfo"><string name="desc" value="only Using Map Editer!"/><imgdir name="0"><int name="node1" value="0"/><int name="node2" value="1"/></imgdir><imgdir name="1"><int name="node1" value="2"/><int name="node2" value="1"/></imgdir></imgdir><imgdir name="0"><int name="key" value="0"/><int name="x" value="-850"/><int name="y" value="334"/><int name="attr" value="0"/><imgdir name="edge"><int name="0" value="1"/></imgdir></imgdir><imgdir name="1"><int name="key" value="1"/><int name="x" value="-191"/><int name="y" value="334"/><int name="attr" value="2"/><imgdir name="edge"><int name="0" value="0"/><int name="1" value="2"/></imgdir><imgdir name="stopInfo"><int name="stopDuration" value="5"/><int name="sayTic" value="3"/><int name="chatBalloon" value="0"/><int name="isWeather" value="0"/><int name="isRepeat" value="0"/><int name="isRandom" value="0"/><imgdir name="sayInfo"><imgdir name="0"><string name="say" value="애들이 갑자기 저를 공격합니다!!"/><string name="act" value="stand"/></imgdir></imgdir></imgdir></imgdir><imgdir name="2"><int name="key" value="2"/><int name="x" value="508"/><int name="y" value="334"/><int name="attr" value="0"/><imgdir name="edge"><int name="0" value="1"/></imgdir></imgdir></imgdir><imgdir name="foothold"><imgdir name="4"><imgdir name="2"><imgdir name="1"><int name="x1" value="-755"/><int name="y1" value="346"/><int name="x2" value="-453"/><int name="y2" value="346"/><int name="prev" value="5"/><int name="next" value="2"/><int name="piece" value="0"/></imgdir></imgdir><imgdir name="5"><imgdir name="2"><int name="x1" value="-453"/><int name="y1" value="346"/><int name="x2" value="-153"/><int name="y2" value="346"/><int name="prev" value="1"/><int name="next" value="6"/><int name="piece" value="1"/></imgdir></imgdir><imgdir name="3"><imgdir name="3"><int name="x1" value="745"/><int name="y1" value="346"/><int name="x2" value="1047"/><int name="y2" value="346"/><int name="prev" value="4"/><int name="next" value="0"/><int name="piece" value="2"/></imgdir></imgdir><imgdir name="1"><imgdir name="4"><int name="x1" value="445"/><int name="y1" value="346"/><int name="x2" value="745"/><int name="y2" value="346"/><int name="prev" value="7"/><int name="next" value="3"/><int name="piece" value="3"/></imgdir></imgdir><imgdir name="4"><imgdir name="5"><int name="x1" value="-1055"/><int name="y1" value="346"/><int name="x2" value="-755"/><int name="y2" value="346"/><int name="prev" value="0"/><int name="next" value="1"/><int name="piece" value="4"/></imgdir></imgdir><imgdir name="0"><imgdir name="6"><int name="x1" value="-153"/><int name="y1" value="346"/><int name="x2" value="147"/><int name="y2" value="346"/><int name="prev" value="2"/><int name="next" value="7"/><int name="piece" value="5"/></imgdir></imgdir><imgdir name="6"><imgdir name="7"><int name="x1" value="147"/><int name="y1" value="346"/><int name="x2" value="445"/><int name="y2" value="346"/><int name="prev" value="6"/><int name="next" value="4"/><int name="piece" value="6"/></imgdir></imgdir></imgdir></imgdir><imgdir name="ladderRope"></imgdir><imgdir name="miniMap"><canvas name="canvas" width="137" height="49"><string name="_hash" value="c87d885b291f1ea0d5820dd2aa1af8c6a9a6b603b2e984f10ed80e48b125f66f"/></canvas><int name="width" value="2196"/><int name="height" value="787"/><int name="centerX" value="1102"/><int name="centerY" value="200"/><int name="mag" value="4"/></imgdir><imgdir name="portal"><imgdir name="0"><string name="pn" value="sp"/><int name="pt" value="0"/><int name="x" value="-960"/><int name="y" value="313"/><int name="tm" value="999999999"/><string name="tn" value=""/><int name="horizontalImpact" value="0"/></imgdir><imgdir name="1"><string name="pn" value="pt04"/><int name="pt" value="8"/><int name="x" value="511"/><int name="y" value="341"/><int name="tm" value="999999999"/><string name="tn" value=""/><int name="horizontalImpact" value="0"/><string name="script" value="murmurPortal1"/><int name="hideTooltip" value="0"/><int name="onlyOnce" value="0"/><int name="shownAtMinimap" value="0"/><int name="delay" value="0"/></imgdir></imgdir></imgdir>