<?xml version="1.0" encoding="UTF-8" standalone="yes"?><imgdir name="910100130.img"><imgdir name="info"><int name="version" value="10"/><int name="cloud" value="0"/><int name="town" value="0"/><int name="returnMap" value="101000000"/><float name="mobRate" value="2.099998"/><string name="bgm" value="Bgm01/MoonlightShadow"/><string name="mapDesc" value=""/><int name="forcedReturn" value="101030200"/><int name="hideMinimap" value="0"/><int name="moveLimit" value="0"/><string name="mapMark" value="Ellinia"/><int name="swim" value="0"/><int name="fly" value="0"/><int name="noMapCmd" value="0"/><int name="fieldLimit" value="271096"/><int name="VRTop" value="1000"/><int name="VRLeft" value="-1317"/><int name="VRBottom" value="1746"/><int name="VRRight" value="-188"/><string name="fieldScript" value="elinia"/><string name="onFirstUserEnter" value=""/><string name="onUserEnter" value=""/><int name="standAlone" value="0"/><int name="partyStandAlone" value="0"/><int name="quarterView" value="0"/><string name="AmbientBGM" value=""/><int name="AmbientBGMv" value="100"/></imgdir><imgdir name="back"><imgdir name="0"><string name="bS" value="shineWood"/><int name="no" value="0"/><int name="x" value="-13"/><int name="y" value="3"/><int name="rx" value="-2"/><int name="ry" value="-10"/><int name="type" value="3"/><int name="cx" value="0"/><int name="cy" value="0"/><int name="a" value="255"/><int name="front" value="0"/><int name="ani" value="0"/><int name="f" value="0"/></imgdir><imgdir name="1"><string name="bS" value="shineWood"/><int name="no" value="1"/><int name="x" value="241"/><int name="y" value="-79"/><int name="rx" value="-3"/><int name="ry" value="-15"/><int name="type" value="2"/><int name="cx" value="0"/><int name="cy" value="0"/><int name="a" value="255"/><int name="front" value="0"/><int name="ani" value="0"/><int name="f" value="0"/></imgdir><imgdir name="2"><string name="bS" value="shineWood"/><int name="no" value="2"/><int name="x" value="-297"/><int name="y" value="-45"/><int name="rx" value="-3"/><int name="ry" value="-15"/><int name="type" value="2"/><int name="cx" value="0"/><int name="cy" value="0"/><int name="a" value="255"/><int name="front" value="0"/><int name="ani" value="0"/><int name="f" value="0"/></imgdir><imgdir name="5"><string name="bS" value="shineWood"/><int name="no" value="6"/><int name="x" value="23"/><int name="y" value="350"/><int name="rx" value="-20"/><int name="ry" value="-25"/><int name="type" value="2"/><int name="cx" value="500"/><int name="cy" value="0"/><int name="a" value="255"/><int name="front" value="0"/><int name="ani" value="0"/><int name="f" value="0"/></imgdir><imgdir name="4"><string name="bS" value="shineWood"/><int name="no" value="5"/><int name="x" value="-617"/><int name="y" value="-28"/><int name="rx" value="-18"/><int name="ry" value="-25"/><int name="type" value="3"/><int name="cx" value="500"/><int name="cy" value="0"/><int name="a" value="255"/><int name="front" value="0"/><int name="ani" value="0"/><int name="f" value="0"/></imgdir><imgdir name="6"><string name="bS" value="shineWood"/><int name="front" value="0"/><int name="ani" value="0"/><int name="no" value="8"/><int name="f" value="0"/><int name="x" value="594"/><int name="y" value="-169"/><int name="rx" value="0"/><int name="ry" value="0"/><int name="type" value="2"/><int name="cx" value="0"/><int name="cy" value="0"/><int name="a" value="255"/></imgdir><imgdir name="7"><string name="bS" value="shineWood"/><int name="no" value="10"/><int name="x" value="243"/><int name="y" value="87"/><int name="rx" value="-25"/><int name="ry" value="-30"/><int name="type" value="3"/><int name="cx" value="400"/><int name="cy" value="0"/><int name="a" value="255"/><int name="front" value="0"/><int name="ani" value="0"/><int name="f" value="0"/></imgdir><imgdir name="3"><string name="bS" value="shineWood"/><int name="no" value="7"/><int name="x" value="236"/><int name="y" value="139"/><int name="rx" value="-15"/><int name="ry" value="-23"/><int name="type" value="3"/><int name="cx" value="600"/><int name="cy" value="0"/><int name="a" value="255"/><int name="front" value="0"/><int name="ani" value="0"/><int name="f" value="0"/></imgdir><imgdir name="13"><string name="bS" value="shineWood"/><int name="no" value="12"/><int name="x" value="-587"/><int name="y" value="-873"/><int name="rx" value="-35"/><int name="ry" value="-35"/><int name="type" value="2"/><int name="cx" value="0"/><int name="cy" value="0"/><int name="a" value="255"/><int name="front" value="0"/><int name="ani" value="0"/><int name="f" value="0"/></imgdir><imgdir name="12"><string name="bS" value="shineWood"/><int name="no" value="16"/><int name="x" value="274"/><int name="y" value="274"/><int name="rx" value="-31"/><int name="ry" value="-31"/><int name="type" value="3"/><int name="cx" value="548"/><int name="cy" value="548"/><int name="a" value="255"/><int name="front" value="0"/><int name="ani" value="0"/><int name="f" value="0"/></imgdir><imgdir name="11"><string name="bS" value="shineWood"/><int name="no" value="16"/><int name="x" value="-137"/><int name="y" value="-137"/><int name="rx" value="-31"/><int name="ry" value="-31"/><int name="type" value="3"/><int name="cx" value="548"/><int name="cy" value="548"/><int name="a" value="255"/><int name="front" value="0"/><int name="ani" value="0"/><int name="f" value="0"/></imgdir><imgdir name="10"><string name="bS" value="shineWood"/><int name="no" value="16"/><int name="x" value="137"/><int name="y" value="137"/><int name="rx" value="-31"/><int name="ry" value="-31"/><int name="type" value="3"/><int name="cx" value="548"/><int name="cy" value="548"/><int name="a" value="255"/><int name="front" value="0"/><int name="ani" value="0"/><int name="f" value="0"/></imgdir><imgdir name="9"><string name="bS" value="shineWood"/><int name="no" value="16"/><int name="x" value="0"/><int name="y" value="0"/><int name="rx" value="-31"/><int name="ry" value="-31"/><int name="type" value="3"/><int name="cx" value="548"/><int name="cy" value="548"/><int name="a" value="255"/><int name="front" value="0"/><int name="ani" value="0"/><int name="f" value="0"/></imgdir><imgdir name="8"><string name="bS" value="shineWood"/><int name="no" value="10"/><int name="x" value="-558"/><int name="y" value="-230"/><int name="rx" value="-23"/><int name="ry" value="-28"/><int name="type" value="3"/><int name="cx" value="300"/><int name="cy" value="0"/><int name="a" value="255"/><int name="front" value="0"/><int name="ani" value="0"/><int name="f" value="0"/></imgdir><imgdir name="14"><string name="bS" value="shineWood"/><int name="no" value="14"/><int name="x" value="-1658"/><int name="y" value="-283"/><int name="rx" value="-100"/><int name="ry" value="-100"/><int name="type" value="2"/><int name="cx" value="0"/><int name="cy" value="0"/><int name="a" value="255"/><int name="front" value="0"/><int name="ani" value="0"/><int name="f" value="0"/></imgdir><imgdir name="15"><string name="bS" value="shineWood"/><int name="no" value="15"/><int name="x" value="-1325"/><int name="y" value="19"/><int name="rx" value="-100"/><int name="ry" value="-100"/><int name="type" value="2"/><int name="cx" value="0"/><int name="cy" value="0"/><int name="a" value="255"/><int name="front" value="0"/><int name="ani" value="0"/><int name="f" value="0"/></imgdir><imgdir name="16"><string name="bS" value="shineWood"/><int name="no" value="14"/><int name="x" value="-922"/><int name="y" value="-106"/><int name="rx" value="-100"/><int name="ry" value="-100"/><int name="type" value="2"/><int name="cx" value="0"/><int name="cy" value="0"/><int name="a" value="255"/><int name="front" value="0"/><int name="ani" value="0"/><int name="f" value="0"/></imgdir><imgdir name="17"><string name="bS" value="shineWood"/><int name="no" value="14"/><int name="x" value="-505"/><int name="y" value="-5"/><int name="rx" value="-100"/><int name="ry" value="-100"/><int name="type" value="2"/><int name="cx" value="0"/><int name="cy" value="0"/><int name="a" value="255"/><int name="front" value="0"/><int name="ani" value="0"/><int name="f" value="0"/></imgdir><imgdir name="18"><string name="bS" value="shineWood"/><int name="no" value="15"/><int name="x" value="-246"/><int name="y" value="-60"/><int name="rx" value="-100"/><int name="ry" value="-100"/><int name="type" value="2"/><int name="cx" value="0"/><int name="cy" value="0"/><int name="a" value="255"/><int name="front" value="0"/><int name="ani" value="0"/><int name="f" value="0"/></imgdir></imgdir><imgdir name="life"><imgdir name="0"><string name="type" value="m"/><string name="id" value="9100017"/><int name="x" value="-547"/><int name="y" value="1191"/><int name="mobTime" value="0"/><int name="f" value="0"/><int name="hide" value="0"/><int name="fh" value="36"/><int name="cy" value="1212"/><int name="rx0" value="-1307"/><int name="rx1" value="-198"/></imgdir><imgdir name="1"><string name="type" value="m"/><string name="id" value="9100017"/><int name="x" value="-384"/><int name="y" value="1182"/><int name="mobTime" value="0"/><int name="f" value="0"/><int name="hide" value="0"/><int name="fh" value="44"/><int name="cy" value="1203"/><int name="rx0" value="-1307"/><int name="rx1" value="-198"/></imgdir><imgdir name="2"><string name="type" value="m"/><string name="id" value="9100017"/><int name="x" value="-251"/><int name="y" value="1180"/><int name="mobTime" value="0"/><int name="f" value="0"/><int name="hide" value="0"/><int name="fh" value="48"/><int name="cy" value="1203"/><int name="rx0" value="-1307"/><int name="rx1" value="-198"/></imgdir><imgdir name="3"><string name="type" value="m"/><string name="id" value="9100017"/><int name="x" value="-734"/><int name="y" value="1366"/><int name="mobTime" value="0"/><int name="f" value="0"/><int name="hide" value="0"/><int name="fh" value="55"/><int name="cy" value="1390"/><int name="rx0" value="-1307"/><int name="rx1" value="-198"/></imgdir><imgdir name="4"><string name="type" value="m"/><string name="id" value="9100017"/><int name="x" value="-599"/><int name="y" value="1384"/><int name="mobTime" value="0"/><int name="f" value="1"/><int name="hide" value="0"/><int name="fh" value="58"/><int name="cy" value="1424"/><int name="rx0" value="-1307"/><int name="rx1" value="-198"/></imgdir><imgdir name="5"><string name="type" value="m"/><string name="id" value="9100017"/><int name="x" value="-846"/><int name="y" value="1519"/><int name="mobTime" value="0"/><int name="f" value="0"/><int name="hide" value="0"/><int name="fh" value="4"/><int name="cy" value="1545"/><int name="rx0" value="-1307"/><int name="rx1" value="-198"/></imgdir><imgdir name="6"><string name="type" value="m"/><string name="id" value="9100017"/><int name="x" value="-705"/><int name="y" value="1499"/><int name="mobTime" value="0"/><int name="f" value="0"/><int name="hide" value="0"/><int name="fh" value="7"/><int name="cy" value="1524"/><int name="rx0" value="-1307"/><int name="rx1" value="-198"/></imgdir><imgdir name="7"><string name="type" value="m"/><string name="id" value="9100017"/><int name="x" value="-281"/><int name="y" value="1369"/><int name="mobTime" value="0"/><int name="f" value="0"/><int name="hide" value="0"/><int name="fh" value="19"/><int name="cy" value="1404"/><int name="rx0" value="-1307"/><int name="rx1" value="-198"/></imgdir><imgdir name="8"><string name="type" value="m"/><string name="id" value="9100017"/><int name="x" value="-573"/><int name="y" value="1466"/><int name="mobTime" value="0"/><int name="f" value="0"/><int name="hide" value="0"/><int name="fh" value="11"/><int name="cy" value="1493"/><int name="rx0" value="-1307"/><int name="rx1" value="-198"/></imgdir><imgdir name="9"><string name="type" value="m"/><string name="id" value="9100017"/><int name="x" value="-387"/><int name="y" value="1440"/><int name="mobTime" value="0"/><int name="f" value="0"/><int name="hide" value="0"/><int name="fh" value="17"/><int name="cy" value="1469"/><int name="rx0" value="-1307"/><int name="rx1" value="-198"/></imgdir><imgdir name="10"><string name="type" value="m"/><string name="id" value="9100017"/><int name="x" value="-962"/><int name="y" value="1531"/><int name="mobTime" value="0"/><int name="f" value="0"/><int name="hide" value="0"/><int name="fh" value="32"/><int name="cy" value="1554"/><int name="rx0" value="-1307"/><int name="rx1" value="-198"/></imgdir><imgdir name="11"><string name="type" value="n"/><string name="id" value="1040003"/><int name="x" value="-890"/><int name="y" value="1340"/><int name="mobTime" value="0"/><int name="f" value="0"/><int name="hide" value="0"/><int name="fh" value="33"/><int name="cy" value="1344"/><int name="rx0" value="-940"/><int name="rx1" value="-840"/></imgdir></imgdir><imgdir name="0"><imgdir name="info"></imgdir><imgdir name="tile"></imgdir><imgdir name="obj"></imgdir></imgdir><imgdir name="1"><imgdir name="info"></imgdir><imgdir name="tile"></imgdir><imgdir name="obj"><imgdir name="2"><string name="oS" value="acc2"/><string name="l0" value="shineWood"/><string name="l1" value="foot"/><string name="l2" value="24"/><int name="x" value="-372"/><int name="y" value="1441"/><int name="z" value="2"/><int name="f" value="0"/><int name="zM" value="0"/><int name="piece" value="2"/></imgdir><imgdir name="3"><string name="oS" value="acc2"/><string name="l0" value="shineWood"/><string name="l1" value="foot"/><string name="l2" value="23"/><int name="x" value="-1142"/><int name="y" value="1513"/><int name="z" value="2"/><int name="f" value="0"/><int name="zM" value="0"/><int name="piece" value="3"/></imgdir><imgdir name="0"><string name="oS" value="acc2"/><string name="l0" value="shineWood"/><string name="l1" value="foot"/><string name="l2" value="0"/><int name="x" value="-886"/><int name="y" value="1582"/><int name="z" value="2"/><int name="f" value="0"/><int name="zM" value="0"/><int name="piece" value="0"/></imgdir><imgdir name="4"><string name="oS" value="acc2"/><string name="l0" value="shineWood"/><string name="l1" value="minidungeon"/><string name="l2" value="3"/><int name="x" value="-922"/><int name="y" value="1298"/><int name="z" value="3"/><int name="f" value="0"/><int name="zM" value="0"/><int name="r" value="0"/><int name="move" value="0"/><int name="dynamic" value="0"/><int name="piece" value="4"/></imgdir><imgdir name="1"><string name="oS" value="acc2"/><string name="l0" value="shineWood"/><string name="l1" value="foot"/><string name="l2" value="26"/><int name="x" value="-693"/><int name="y" value="1522"/><int name="z" value="3"/><int name="f" value="0"/><int name="zM" value="0"/><int name="piece" value="1"/></imgdir><imgdir name="5"><string name="oS" value="acc2"/><string name="l0" value="shineWood"/><string name="l1" value="foot"/><string name="l2" value="4"/><int name="x" value="-504"/><int name="y" value="1236"/><int name="z" value="9"/><int name="f" value="0"/><int name="zM" value="0"/><int name="r" value="0"/><int name="move" value="0"/><int name="dynamic" value="0"/><int name="piece" value="5"/></imgdir><imgdir name="6"><string name="oS" value="acc2"/><string name="l0" value="shineWood"/><string name="l1" value="foot"/><string name="l2" value="5"/><int name="x" value="-408"/><int name="y" value="1237"/><int name="z" value="9"/><int name="f" value="0"/><int name="zM" value="0"/><int name="r" value="0"/><int name="move" value="0"/><int name="dynamic" value="0"/><int name="piece" value="6"/></imgdir><imgdir name="7"><string name="oS" value="acc2"/><string name="l0" value="shineWood"/><string name="l1" value="foot"/><string name="l2" value="0"/><int name="x" value="-274"/><int name="y" value="1233"/><int name="z" value="9"/><int name="f" value="0"/><int name="zM" value="0"/><int name="r" value="0"/><int name="move" value="0"/><int name="dynamic" value="0"/><int name="piece" value="7"/></imgdir><imgdir name="8"><string name="oS" value="acc2"/><string name="l0" value="shineWood"/><string name="l1" value="foot"/><string name="l2" value="3"/><int name="x" value="-581"/><int name="y" value="1230"/><int name="z" value="9"/><int name="f" value="0"/><int name="zM" value="0"/><int name="r" value="0"/><int name="move" value="0"/><int name="dynamic" value="0"/><int name="piece" value="8"/></imgdir><imgdir name="9"><string name="oS" value="acc2"/><string name="l0" value="shineWood"/><string name="l1" value="foot"/><string name="l2" value="25"/><int name="x" value="-672"/><int name="y" value="1420"/><int name="z" value="9"/><int name="f" value="0"/><int name="zM" value="0"/><int name="r" value="0"/><int name="move" value="0"/><int name="dynamic" value="0"/><int name="piece" value="9"/></imgdir></imgdir></imgdir><imgdir name="2"><imgdir name="info"></imgdir><imgdir name="tile"></imgdir><imgdir name="obj"><imgdir name="0"><string name="oS" value="connect"/><string name="l0" value="rope"/><string name="l1" value="0"/><string name="l2" value="0"/><int name="x" value="-488"/><int name="y" value="1210"/><int name="z" value="9"/><int name="f" value="0"/><int name="zM" value="3"/><int name="r" value="0"/><int name="move" value="0"/><int name="dynamic" value="0"/><int name="piece" value="0"/></imgdir><imgdir name="1"><string name="oS" value="connect"/><string name="l0" value="rope"/><string name="l1" value="0"/><string name="l2" value="3"/><int name="x" value="-488"/><int name="y" value="1294"/><int name="z" value="9"/><int name="f" value="0"/><int name="zM" value="3"/><int name="r" value="0"/><int name="move" value="0"/><int name="dynamic" value="0"/><int name="piece" value="1"/></imgdir><imgdir name="2"><string name="oS" value="connect"/><string name="l0" value="rope"/><string name="l1" value="0"/><string name="l2" value="1"/><int name="x" value="-488"/><int name="y" value="1369"/><int name="z" value="9"/><int name="f" value="0"/><int name="zM" value="2"/><int name="r" value="0"/><int name="move" value="0"/><int name="dynamic" value="0"/><int name="piece" value="2"/></imgdir><imgdir name="3"><string name="oS" value="connect"/><string name="l0" value="rope"/><string name="l1" value="0"/><string name="l2" value="1"/><int name="x" value="-488"/><int name="y" value="1399"/><int name="z" value="9"/><int name="f" value="0"/><int name="zM" value="1"/><int name="r" value="0"/><int name="move" value="0"/><int name="dynamic" value="0"/><int name="piece" value="3"/></imgdir><imgdir name="4"><string name="oS" value="connect"/><string name="l0" value="rope"/><string name="l1" value="0"/><string name="l2" value="2"/><int name="x" value="-488"/><int name="y" value="1428"/><int name="z" value="9"/><int name="f" value="0"/><int name="zM" value="1"/><int name="r" value="0"/><int name="move" value="0"/><int name="dynamic" value="0"/><int name="piece" value="4"/></imgdir></imgdir></imgdir><imgdir name="3"><imgdir name="info"></imgdir><imgdir name="tile"></imgdir><imgdir name="obj"></imgdir></imgdir><imgdir name="4"><imgdir name="info"></imgdir><imgdir name="tile"></imgdir><imgdir name="obj"></imgdir></imgdir><imgdir name="5"><imgdir name="info"></imgdir><imgdir name="tile"></imgdir><imgdir name="obj"></imgdir></imgdir><imgdir name="6"><imgdir name="info"></imgdir><imgdir name="tile"></imgdir><imgdir name="obj"></imgdir></imgdir><imgdir name="7"><imgdir name="info"></imgdir><imgdir name="tile"></imgdir><imgdir name="obj"></imgdir></imgdir><imgdir name="reactor"></imgdir><imgdir name="foothold"><imgdir name="1"><imgdir name="0"><imgdir name="1"><int name="x1" value="-958"/><int name="y1" value="1556"/><int name="x2" value="-903"/><int name="y2" value="1556"/><int name="prev" value="32"/><int name="next" value="2"/><int name="piece" value="0"/></imgdir><imgdir name="2"><int name="x1" value="-903"/><int name="y1" value="1556"/><int name="x2" value="-887"/><int name="y2" value="1552"/><int name="prev" value="1"/><int name="next" value="3"/><int name="piece" value="0"/></imgdir><imgdir name="3"><int name="x1" value="-887"/><int name="y1" value="1552"/><int name="x2" value="-857"/><int name="y2" value="1552"/><int name="prev" value="2"/><int name="next" value="4"/><int name="piece" value="0"/></imgdir><imgdir name="4"><int name="x1" value="-857"/><int name="y1" value="1552"/><int name="x2" value="-828"/><int name="y2" value="1533"/><int name="prev" value="3"/><int name="next" value="5"/><int name="piece" value="1"/></imgdir><imgdir name="5"><int name="x1" value="-828"/><int name="y1" value="1533"/><int name="x2" value="-748"/><int name="y2" value="1536"/><int name="prev" value="4"/><int name="next" value="6"/><int name="piece" value="1"/></imgdir><imgdir name="6"><int name="x1" value="-748"/><int name="y1" value="1536"/><int name="x2" value="-706"/><int name="y2" value="1524"/><int name="prev" value="5"/><int name="next" value="7"/><int name="piece" value="1"/></imgdir><imgdir name="7"><int name="x1" value="-706"/><int name="y1" value="1524"/><int name="x2" value="-694"/><int name="y2" value="1514"/><int name="prev" value="6"/><int name="next" value="8"/><int name="piece" value="1"/></imgdir><imgdir name="8"><int name="x1" value="-694"/><int name="y1" value="1514"/><int name="x2" value="-661"/><int name="y2" value="1509"/><int name="prev" value="7"/><int name="next" value="9"/><int name="piece" value="1"/></imgdir><imgdir name="9"><int name="x1" value="-661"/><int name="y1" value="1509"/><int name="x2" value="-629"/><int name="y2" value="1509"/><int name="prev" value="8"/><int name="next" value="10"/><int name="piece" value="1"/></imgdir><imgdir name="10"><int name="x1" value="-629"/><int name="y1" value="1509"/><int name="x2" value="-603"/><int name="y2" value="1489"/><int name="prev" value="9"/><int name="next" value="11"/><int name="piece" value="1"/></imgdir><imgdir name="11"><int name="x1" value="-603"/><int name="y1" value="1489"/><int name="x2" value="-561"/><int name="y2" value="1495"/><int name="prev" value="10"/><int name="next" value="12"/><int name="piece" value="1"/></imgdir><imgdir name="12"><int name="x1" value="-561"/><int name="y1" value="1495"/><int name="x2" value="-529"/><int name="y2" value="1483"/><int name="prev" value="11"/><int name="next" value="13"/><int name="piece" value="1"/></imgdir><imgdir name="13"><int name="x1" value="-529"/><int name="y1" value="1483"/><int name="x2" value="-516"/><int name="y2" value="1488"/><int name="prev" value="12"/><int name="next" value="14"/><int name="piece" value="1"/></imgdir><imgdir name="14"><int name="x1" value="-516"/><int name="y1" value="1488"/><int name="x2" value="-515"/><int name="y2" value="1488"/><int name="prev" value="13"/><int name="next" value="15"/><int name="piece" value="2"/></imgdir><imgdir name="15"><int name="x1" value="-515"/><int name="y1" value="1488"/><int name="x2" value="-443"/><int name="y2" value="1485"/><int name="prev" value="14"/><int name="next" value="16"/><int name="piece" value="2"/></imgdir><imgdir name="16"><int name="x1" value="-443"/><int name="y1" value="1485"/><int name="x2" value="-407"/><int name="y2" value="1476"/><int name="prev" value="15"/><int name="next" value="17"/><int name="piece" value="2"/></imgdir><imgdir name="17"><int name="x1" value="-407"/><int name="y1" value="1476"/><int name="x2" value="-351"/><int name="y2" value="1455"/><int name="prev" value="16"/><int name="next" value="18"/><int name="piece" value="2"/></imgdir><imgdir name="18"><int name="x1" value="-351"/><int name="y1" value="1455"/><int name="x2" value="-307"/><int name="y2" value="1428"/><int name="prev" value="17"/><int name="next" value="19"/><int name="piece" value="2"/></imgdir><imgdir name="19"><int name="x1" value="-307"/><int name="y1" value="1428"/><int name="x2" value="-266"/><int name="y2" value="1390"/><int name="prev" value="18"/><int name="next" value="20"/><int name="piece" value="2"/></imgdir><imgdir name="20"><int name="x1" value="-266"/><int name="y1" value="1390"/><int name="x2" value="-249"/><int name="y2" value="1380"/><int name="prev" value="19"/><int name="next" value="21"/><int name="piece" value="2"/></imgdir><imgdir name="21"><int name="x1" value="-249"/><int name="y1" value="1380"/><int name="x2" value="-220"/><int name="y2" value="1376"/><int name="prev" value="20"/><int name="next" value="22"/><int name="piece" value="2"/></imgdir><imgdir name="22"><int name="x1" value="-220"/><int name="y1" value="1376"/><int name="x2" value="-189"/><int name="y2" value="1382"/><int name="prev" value="21"/><int name="next" value="23"/><int name="piece" value="2"/></imgdir><imgdir name="23"><int name="x1" value="-189"/><int name="y1" value="1382"/><int name="x2" value="-178"/><int name="y2" value="1390"/><int name="prev" value="22"/><int name="next" value="0"/><int name="piece" value="2"/></imgdir><imgdir name="24"><int name="x1" value="-1327"/><int name="y1" value="1449"/><int name="x2" value="-1302"/><int name="y2" value="1437"/><int name="prev" value="0"/><int name="next" value="25"/><int name="piece" value="3"/></imgdir><imgdir name="25"><int name="x1" value="-1302"/><int name="y1" value="1437"/><int name="x2" value="-1236"/><int name="y2" value="1440"/><int name="prev" value="24"/><int name="next" value="26"/><int name="piece" value="3"/></imgdir><imgdir name="26"><int name="x1" value="-1236"/><int name="y1" value="1440"/><int name="x2" value="-1200"/><int name="y2" value="1467"/><int name="prev" value="25"/><int name="next" value="27"/><int name="piece" value="3"/></imgdir><imgdir name="27"><int name="x1" value="-1200"/><int name="y1" value="1467"/><int name="x2" value="-1177"/><int name="y2" value="1486"/><int name="prev" value="26"/><int name="next" value="28"/><int name="piece" value="3"/></imgdir><imgdir name="28"><int name="x1" value="-1177"/><int name="y1" value="1486"/><int name="x2" value="-1151"/><int name="y2" value="1503"/><int name="prev" value="27"/><int name="next" value="29"/><int name="piece" value="3"/></imgdir><imgdir name="29"><int name="x1" value="-1151"/><int name="y1" value="1503"/><int name="x2" value="-1110"/><int name="y2" value="1522"/><int name="prev" value="28"/><int name="next" value="30"/><int name="piece" value="3"/></imgdir><imgdir name="30"><int name="x1" value="-1110"/><int name="y1" value="1522"/><int name="x2" value="-1035"/><int name="y2" value="1541"/><int name="prev" value="29"/><int name="next" value="31"/><int name="piece" value="3"/></imgdir><imgdir name="31"><int name="x1" value="-1035"/><int name="y1" value="1541"/><int name="x2" value="-992"/><int name="y2" value="1545"/><int name="prev" value="30"/><int name="next" value="32"/><int name="piece" value="3"/></imgdir><imgdir name="32"><int name="x1" value="-992"/><int name="y1" value="1545"/><int name="x2" value="-958"/><int name="y2" value="1556"/><int name="prev" value="31"/><int name="next" value="1"/><int name="piece" value="3"/></imgdir><imgdir name="33"><int name="x1" value="-950"/><int name="y1" value="1342"/><int name="x2" value="-879"/><int name="y2" value="1345"/><int name="prev" value="0"/><int name="next" value="34"/><int name="piece" value="4"/></imgdir><imgdir name="34"><int name="x1" value="-879"/><int name="y1" value="1345"/><int name="x2" value="-820"/><int name="y2" value="1337"/><int name="prev" value="33"/><int name="next" value="0"/><int name="piece" value="4"/></imgdir><imgdir name="35"><int name="x1" value="-565"/><int name="y1" value="1212"/><int name="x2" value="-548"/><int name="y2" value="1212"/><int name="prev" value="53"/><int name="next" value="36"/><int name="piece" value="5"/></imgdir><imgdir name="36"><int name="x1" value="-548"/><int name="y1" value="1212"/><int name="x2" value="-541"/><int name="y2" value="1207"/><int name="prev" value="35"/><int name="next" value="37"/><int name="piece" value="5"/></imgdir><imgdir name="37"><int name="x1" value="-541"/><int name="y1" value="1207"/><int name="x2" value="-518"/><int name="y2" value="1208"/><int name="prev" value="36"/><int name="next" value="38"/><int name="piece" value="5"/></imgdir><imgdir name="38"><int name="x1" value="-518"/><int name="y1" value="1208"/><int name="x2" value="-509"/><int name="y2" value="1205"/><int name="prev" value="37"/><int name="next" value="39"/><int name="piece" value="5"/></imgdir><imgdir name="39"><int name="x1" value="-509"/><int name="y1" value="1205"/><int name="x2" value="-467"/><int name="y2" value="1207"/><int name="prev" value="38"/><int name="next" value="40"/><int name="piece" value="5"/></imgdir><imgdir name="40"><int name="x1" value="-467"/><int name="y1" value="1207"/><int name="x2" value="-459"/><int name="y2" value="1204"/><int name="prev" value="39"/><int name="next" value="41"/><int name="piece" value="5"/></imgdir><imgdir name="41"><int name="x1" value="-459"/><int name="y1" value="1204"/><int name="x2" value="-443"/><int name="y2" value="1207"/><int name="prev" value="40"/><int name="next" value="42"/><int name="piece" value="5"/></imgdir><imgdir name="42"><int name="x1" value="-443"/><int name="y1" value="1207"/><int name="x2" value="-433"/><int name="y2" value="1203"/><int name="prev" value="41"/><int name="next" value="43"/><int name="piece" value="6"/></imgdir><imgdir name="43"><int name="x1" value="-433"/><int name="y1" value="1203"/><int name="x2" value="-389"/><int name="y2" value="1202"/><int name="prev" value="42"/><int name="next" value="44"/><int name="piece" value="6"/></imgdir><imgdir name="44"><int name="x1" value="-389"/><int name="y1" value="1202"/><int name="x2" value="-351"/><int name="y2" value="1210"/><int name="prev" value="43"/><int name="next" value="45"/><int name="piece" value="6"/></imgdir><imgdir name="45"><int name="x1" value="-351"/><int name="y1" value="1210"/><int name="x2" value="-346"/><int name="y2" value="1207"/><int name="prev" value="44"/><int name="next" value="46"/><int name="piece" value="7"/></imgdir><imgdir name="46"><int name="x1" value="-346"/><int name="y1" value="1207"/><int name="x2" value="-291"/><int name="y2" value="1207"/><int name="prev" value="45"/><int name="next" value="47"/><int name="piece" value="7"/></imgdir><imgdir name="47"><int name="x1" value="-291"/><int name="y1" value="1207"/><int name="x2" value="-275"/><int name="y2" value="1203"/><int name="prev" value="46"/><int name="next" value="48"/><int name="piece" value="7"/></imgdir><imgdir name="48"><int name="x1" value="-275"/><int name="y1" value="1203"/><int name="x2" value="-223"/><int name="y2" value="1203"/><int name="prev" value="47"/><int name="next" value="49"/><int name="piece" value="7"/></imgdir><imgdir name="49"><int name="x1" value="-223"/><int name="y1" value="1203"/><int name="x2" value="-213"/><int name="y2" value="1198"/><int name="prev" value="48"/><int name="next" value="50"/><int name="piece" value="7"/></imgdir><imgdir name="50"><int name="x1" value="-213"/><int name="y1" value="1198"/><int name="x2" value="-193"/><int name="y2" value="1200"/><int name="prev" value="49"/><int name="next" value="51"/><int name="piece" value="7"/></imgdir><imgdir name="51"><int name="x1" value="-193"/><int name="y1" value="1200"/><int name="x2" value="-178"/><int name="y2" value="1206"/><int name="prev" value="50"/><int name="next" value="0"/><int name="piece" value="7"/></imgdir><imgdir name="52"><int name="x1" value="-613"/><int name="y1" value="1221"/><int name="x2" value="-595"/><int name="y2" value="1214"/><int name="prev" value="0"/><int name="next" value="53"/><int name="piece" value="8"/></imgdir><imgdir name="53"><int name="x1" value="-595"/><int name="y1" value="1214"/><int name="x2" value="-565"/><int name="y2" value="1212"/><int name="prev" value="52"/><int name="next" value="35"/><int name="piece" value="8"/></imgdir><imgdir name="54"><int name="x1" value="-835"/><int name="y1" value="1391"/><int name="x2" value="-811"/><int name="y2" value="1370"/><int name="prev" value="0"/><int name="next" value="55"/><int name="piece" value="9"/></imgdir><imgdir name="55"><int name="x1" value="-811"/><int name="y1" value="1370"/><int name="x2" value="-709"/><int name="y2" value="1397"/><int name="prev" value="54"/><int name="next" value="56"/><int name="piece" value="9"/></imgdir><imgdir name="56"><int name="x1" value="-709"/><int name="y1" value="1397"/><int name="x2" value="-658"/><int name="y2" value="1399"/><int name="prev" value="55"/><int name="next" value="57"/><int name="piece" value="9"/></imgdir><imgdir name="57"><int name="x1" value="-658"/><int name="y1" value="1399"/><int name="x2" value="-624"/><int name="y2" value="1418"/><int name="prev" value="56"/><int name="next" value="58"/><int name="piece" value="9"/></imgdir><imgdir name="58"><int name="x1" value="-624"/><int name="y1" value="1418"/><int name="x2" value="-592"/><int name="y2" value="1426"/><int name="prev" value="57"/><int name="next" value="59"/><int name="piece" value="9"/></imgdir><imgdir name="59"><int name="x1" value="-592"/><int name="y1" value="1426"/><int name="x2" value="-544"/><int name="y2" value="1422"/><int name="prev" value="58"/><int name="next" value="60"/><int name="piece" value="9"/></imgdir><imgdir name="60"><int name="x1" value="-544"/><int name="y1" value="1422"/><int name="x2" value="-500"/><int name="y2" value="1436"/><int name="prev" value="59"/><int name="next" value="0"/><int name="piece" value="9"/></imgdir></imgdir></imgdir></imgdir><imgdir name="ladderRope"><imgdir name="1"><int name="l" value="0"/><int name="uf" value="1"/><int name="x" value="-488"/><int name="y1" value="1208"/><int name="y2" value="1465"/><int name="page" value="2"/><int name="piece" value="0"/></imgdir></imgdir><imgdir name="portal"><imgdir name="0"><string name="pn" value="sp"/><int name="pt" value="0"/><int name="x" value="-1251"/><int name="y" value="1398"/><int name="tm" value="999999999"/><string name="tn" value=""/></imgdir></imgdir></imgdir>