<?xml version="1.0" encoding="UTF-8" standalone="yes"?><imgdir name="910190512.img"><imgdir name="info"><int name="version" value="10"/><int name="cloud" value="0"/><int name="town" value="0"/><int name="swim" value="0"/><int name="returnMap" value="910192000"/><int name="forcedReturn" value="910193000"/><float name="mobRate" value="4.399998"/><string name="bgm" value="Bgm09/DarkShadow"/><string name="mapMark" value="Dungeon"/><int name="fly" value="0"/><int name="standAlone" value="0"/><int name="partyStandAlone" value="0"/><int name="noMapCmd" value="0"/><int name="hideMinimap" value="1"/><string name="fieldScript" value=""/><string name="onFirstUserEnter" value=""/><string name="onUserEnter" value=""/><string name="link" value="910190500"/><int name="soulFieldType" value="1"/><int name="VRTop" value="-600"/><int name="VRLeft" value="-1050"/><int name="VRBottom" value="500"/><int name="VRRight" value="1040"/><int name="fieldLimit" value="34152696"/><int name="fieldType" value="96"/></imgdir></imgdir>