<?xml version="1.0" encoding="UTF-8" standalone="yes"?><imgdir name="910141020.img"><imgdir name="info"><int name="version" value="10"/><int name="cloud" value="0"/><int name="town" value="0"/><int name="swim" value="0"/><int name="returnMap" value="910141020"/><int name="forcedReturn" value="910141020"/><float name="mobRate" value="1.0"/><string name="bgm" value="Bgm26/PeacefulWoods"/><string name="mapMark" value="Ellinia"/><int name="fly" value="0"/><int name="standAlone" value="1"/><int name="partyStandAlone" value="0"/><int name="noMapCmd" value="0"/><int name="hideMinimap" value="1"/><int name="fieldLimit" value="74488"/><int name="VRTop" value="-590"/><int name="VRLeft" value="-900"/><int name="VRBottom" value="180"/><int name="VRRight" value="1120"/><string name="fieldScript" value=""/><string name="onFirstUserEnter" value=""/><string name="onUserEnter" value="lightning_tuto_12_0"/></imgdir><imgdir name="back"><imgdir name="0"><string name="bS" value="forestHut"/><int name="front" value="0"/><int name="ani" value="0"/><int name="no" value="0"/><int name="f" value="0"/><int name="x" value="-316"/><int name="y" value="-305"/><int name="rx" value="-100"/><int name="ry" value="-100"/><int name="type" value="3"/><int name="cx" value="0"/><int name="cy" value="0"/><int name="a" value="255"/></imgdir><imgdir name="1"><string name="bS" value="forestHut"/><int name="front" value="0"/><int name="ani" value="0"/><int name="no" value="3"/><int name="f" value="0"/><int name="x" value="-582"/><int name="y" value="-141"/><int name="rx" value="-100"/><int name="ry" value="-100"/><int name="type" value="0"/><int name="cx" value="0"/><int name="cy" value="0"/><int name="a" value="255"/></imgdir><imgdir name="2"><string name="bS" value="forestHut"/><int name="front" value="0"/><int name="ani" value="0"/><int name="no" value="3"/><int name="f" value="1"/><int name="x" value="-379"/><int name="y" value="-139"/><int name="rx" value="-100"/><int name="ry" value="-100"/><int name="type" value="0"/><int name="cx" value="0"/><int name="cy" value="0"/><int name="a" value="255"/></imgdir><imgdir name="3"><string name="bS" value="forestHut"/><int name="front" value="0"/><int name="ani" value="0"/><int name="no" value="1"/><int name="f" value="1"/><int name="x" value="558"/><int name="y" value="-400"/><int name="rx" value="-100"/><int name="ry" value="-100"/><int name="type" value="0"/><int name="cx" value="0"/><int name="cy" value="0"/><int name="a" value="255"/></imgdir><imgdir name="4"><string name="bS" value="forestHut"/><int name="front" value="0"/><int name="ani" value="0"/><int name="no" value="3"/><int name="f" value="0"/><int name="x" value="-921"/><int name="y" value="-183"/><int name="rx" value="-100"/><int name="ry" value="-100"/><int name="type" value="0"/><int name="cx" value="0"/><int name="cy" value="0"/><int name="a" value="255"/></imgdir><imgdir name="5"><string name="bS" value="forestHut"/><int name="front" value="0"/><int name="ani" value="0"/><int name="no" value="4"/><int name="f" value="0"/><int name="x" value="-491"/><int name="y" value="-190"/><int name="rx" value="-100"/><int name="ry" value="-100"/><int name="type" value="0"/><int name="cx" value="0"/><int name="cy" value="0"/><int name="a" value="255"/></imgdir><imgdir name="6"><string name="bS" value="forestHut"/><int name="front" value="0"/><int name="ani" value="0"/><int name="no" value="3"/><int name="f" value="0"/><int name="x" value="-171"/><int name="y" value="-199"/><int name="rx" value="-100"/><int name="ry" value="-100"/><int name="type" value="0"/><int name="cx" value="0"/><int name="cy" value="0"/><int name="a" value="255"/></imgdir><imgdir name="7"><string name="bS" value="forestHut"/><int name="front" value="0"/><int name="ani" value="0"/><int name="no" value="4"/><int name="f" value="0"/><int name="x" value="146"/><int name="y" value="-198"/><int name="rx" value="-100"/><int name="ry" value="-100"/><int name="type" value="0"/><int name="cx" value="0"/><int name="cy" value="0"/><int name="a" value="255"/></imgdir><imgdir name="8"><string name="bS" value="forestHut"/><int name="front" value="0"/><int name="ani" value="0"/><int name="no" value="5"/><int name="f" value="0"/><int name="x" value="456"/><int name="y" value="-193"/><int name="rx" value="-100"/><int name="ry" value="-100"/><int name="type" value="0"/><int name="cx" value="0"/><int name="cy" value="0"/><int name="a" value="255"/></imgdir><imgdir name="9"><string name="bS" value="forestHut"/><int name="front" value="0"/><int name="ani" value="0"/><int name="no" value="12"/><int name="f" value="0"/><int name="x" value="-893"/><int name="y" value="-72"/><int name="rx" value="-100"/><int name="ry" value="-100"/><int name="type" value="0"/><int name="cx" value="0"/><int name="cy" value="0"/><int name="a" value="255"/></imgdir><imgdir name="10"><string name="bS" value="forestHut"/><int name="front" value="0"/><int name="ani" value="0"/><int name="no" value="13"/><int name="f" value="0"/><int name="x" value="-493"/><int name="y" value="-96"/><int name="rx" value="-100"/><int name="ry" value="-100"/><int name="type" value="0"/><int name="cx" value="0"/><int name="cy" value="0"/><int name="a" value="255"/></imgdir><imgdir name="11"><string name="bS" value="forestHut"/><int name="front" value="0"/><int name="ani" value="0"/><int name="no" value="8"/><int name="f" value="0"/><int name="x" value="-222"/><int name="y" value="-114"/><int name="rx" value="-100"/><int name="ry" value="-100"/><int name="type" value="0"/><int name="cx" value="0"/><int name="cy" value="0"/><int name="a" value="255"/></imgdir><imgdir name="12"><string name="bS" value="forestHut"/><int name="front" value="0"/><int name="ani" value="0"/><int name="no" value="8"/><int name="f" value="0"/><int name="x" value="41"/><int name="y" value="46"/><int name="rx" value="-100"/><int name="ry" value="-100"/><int name="type" value="0"/><int name="cx" value="0"/><int name="cy" value="0"/><int name="a" value="255"/></imgdir><imgdir name="13"><string name="bS" value="forestHut"/><int name="front" value="0"/><int name="ani" value="0"/><int name="no" value="9"/><int name="f" value="0"/><int name="x" value="276"/><int name="y" value="-121"/><int name="rx" value="-100"/><int name="ry" value="-100"/><int name="type" value="0"/><int name="cx" value="0"/><int name="cy" value="0"/><int name="a" value="255"/></imgdir><imgdir name="14"><string name="bS" value="forestHut"/><int name="front" value="0"/><int name="ani" value="0"/><int name="no" value="6"/><int name="f" value="1"/><int name="x" value="555"/><int name="y" value="-404"/><int name="rx" value="-100"/><int name="ry" value="-100"/><int name="type" value="0"/><int name="cx" value="0"/><int name="cy" value="0"/><int name="a" value="255"/></imgdir><imgdir name="16"><string name="bS" value="forestHut"/><int name="front" value="0"/><int name="ani" value="0"/><int name="no" value="15"/><int name="f" value="0"/><int name="x" value="155"/><int name="y" value="-188"/><int name="rx" value="-100"/><int name="ry" value="-100"/><int name="type" value="0"/><int name="cx" value="0"/><int name="cy" value="0"/><int name="a" value="255"/></imgdir><imgdir name="17"><string name="bS" value="forestHut"/><int name="front" value="0"/><int name="ani" value="0"/><int name="no" value="35"/><int name="f" value="0"/><int name="x" value="11"/><int name="y" value="-513"/><int name="rx" value="-100"/><int name="ry" value="-100"/><int name="type" value="0"/><int name="cx" value="0"/><int name="cy" value="0"/><int name="a" value="255"/></imgdir><imgdir name="18"><string name="bS" value="forestHut"/><int name="front" value="0"/><int name="ani" value="0"/><int name="no" value="36"/><int name="f" value="0"/><int name="x" value="538"/><int name="y" value="-518"/><int name="rx" value="-100"/><int name="ry" value="-100"/><int name="type" value="0"/><int name="cx" value="0"/><int name="cy" value="0"/><int name="a" value="255"/></imgdir><imgdir name="20"><string name="bS" value="forestHut"/><int name="front" value="0"/><int name="ani" value="0"/><int name="no" value="36"/><int name="f" value="0"/><int name="x" value="-522"/><int name="y" value="-518"/><int name="rx" value="-100"/><int name="ry" value="-100"/><int name="type" value="0"/><int name="cx" value="0"/><int name="cy" value="0"/><int name="a" value="255"/></imgdir><imgdir name="21"><string name="bS" value="forestHut"/><int name="front" value="0"/><int name="ani" value="1"/><int name="no" value="0"/><int name="f" value="0"/><int name="x" value="214"/><int name="y" value="-360"/><int name="rx" value="-100"/><int name="ry" value="-100"/><int name="type" value="0"/><int name="cx" value="0"/><int name="cy" value="0"/><int name="a" value="255"/></imgdir><imgdir name="22"><string name="bS" value="forestHut"/><int name="front" value="0"/><int name="ani" value="0"/><int name="no" value="35"/><int name="f" value="0"/><int name="x" value="431"/><int name="y" value="-560"/><int name="rx" value="-100"/><int name="ry" value="-100"/><int name="type" value="0"/><int name="cx" value="0"/><int name="cy" value="0"/><int name="a" value="255"/></imgdir><imgdir name="23"><string name="bS" value="forestHut"/><int name="front" value="0"/><int name="ani" value="0"/><int name="no" value="24"/><int name="f" value="0"/><int name="x" value="-892"/><int name="y" value="-437"/><int name="rx" value="-100"/><int name="ry" value="-100"/><int name="type" value="0"/><int name="cx" value="0"/><int name="cy" value="0"/><int name="a" value="255"/></imgdir><imgdir name="24"><string name="bS" value="forestHut"/><int name="front" value="0"/><int name="ani" value="0"/><int name="no" value="25"/><int name="f" value="0"/><int name="x" value="-597"/><int name="y" value="-437"/><int name="rx" value="-100"/><int name="ry" value="-100"/><int name="type" value="0"/><int name="cx" value="0"/><int name="cy" value="0"/><int name="a" value="255"/></imgdir><imgdir name="25"><string name="bS" value="forestHut"/><int name="front" value="0"/><int name="ani" value="0"/><int name="no" value="17"/><int name="f" value="0"/><int name="x" value="-590"/><int name="y" value="-540"/><int name="rx" value="-100"/><int name="ry" value="-100"/><int name="type" value="0"/><int name="cx" value="0"/><int name="cy" value="0"/><int name="a" value="255"/></imgdir><imgdir name="26"><string name="bS" value="forestHut"/><int name="front" value="0"/><int name="ani" value="0"/><int name="no" value="18"/><int name="f" value="0"/><int name="x" value="-316"/><int name="y" value="-437"/><int name="rx" value="-100"/><int name="ry" value="-100"/><int name="type" value="0"/><int name="cx" value="0"/><int name="cy" value="0"/><int name="a" value="255"/></imgdir><imgdir name="27"><string name="bS" value="forestHut"/><int name="front" value="0"/><int name="ani" value="0"/><int name="no" value="19"/><int name="f" value="0"/><int name="x" value="-124"/><int name="y" value="-437"/><int name="rx" value="-100"/><int name="ry" value="-100"/><int name="type" value="0"/><int name="cx" value="0"/><int name="cy" value="0"/><int name="a" value="255"/></imgdir><imgdir name="28"><string name="bS" value="forestHut"/><int name="front" value="0"/><int name="ani" value="0"/><int name="no" value="20"/><int name="f" value="0"/><int name="x" value="151"/><int name="y" value="-552"/><int name="rx" value="-100"/><int name="ry" value="-100"/><int name="type" value="0"/><int name="cx" value="0"/><int name="cy" value="0"/><int name="a" value="255"/></imgdir><imgdir name="29"><string name="bS" value="forestHut"/><int name="front" value="0"/><int name="ani" value="0"/><int name="no" value="27"/><int name="f" value="0"/><int name="x" value="-888"/><int name="y" value="-127"/><int name="rx" value="-100"/><int name="ry" value="-100"/><int name="type" value="0"/><int name="cx" value="0"/><int name="cy" value="0"/><int name="a" value="255"/></imgdir><imgdir name="30"><string name="bS" value="forestHut"/><int name="front" value="0"/><int name="ani" value="0"/><int name="no" value="28"/><int name="f" value="0"/><int name="x" value="-602"/><int name="y" value="-127"/><int name="rx" value="-100"/><int name="ry" value="-100"/><int name="type" value="0"/><int name="cx" value="0"/><int name="cy" value="0"/><int name="a" value="255"/></imgdir><imgdir name="31"><string name="bS" value="forestHut"/><int name="front" value="0"/><int name="ani" value="0"/><int name="no" value="21"/><int name="f" value="0"/><int name="x" value="-351"/><int name="y" value="-127"/><int name="rx" value="-100"/><int name="ry" value="-100"/><int name="type" value="0"/><int name="cx" value="0"/><int name="cy" value="0"/><int name="a" value="255"/></imgdir><imgdir name="19"><string name="bS" value="forestHut"/><int name="front" value="0"/><int name="ani" value="0"/><int name="no" value="35"/><int name="f" value="0"/><int name="x" value="-1051"/><int name="y" value="-513"/><int name="rx" value="-100"/><int name="ry" value="-100"/><int name="type" value="0"/><int name="cx" value="0"/><int name="cy" value="0"/><int name="a" value="255"/></imgdir><imgdir name="15"><string name="bS" value="forestHut"/><int name="front" value="0"/><int name="ani" value="0"/><int name="no" value="7"/><int name="f" value="1"/><int name="x" value="502"/><int name="y" value="-94"/><int name="rx" value="-100"/><int name="ry" value="-100"/><int name="type" value="0"/><int name="cx" value="0"/><int name="cy" value="0"/><int name="a" value="255"/></imgdir><imgdir name="32"><string name="bS" value="forestHut"/><int name="front" value="0"/><int name="ani" value="0"/><int name="no" value="22"/><int name="f" value="0"/><int name="x" value="-95"/><int name="y" value="-127"/><int name="rx" value="-100"/><int name="ry" value="-100"/><int name="type" value="0"/><int name="cx" value="0"/><int name="cy" value="0"/><int name="a" value="255"/></imgdir><imgdir name="34"><string name="bS" value="forestHut"/><int name="front" value="0"/><int name="ani" value="1"/><int name="no" value="2"/><int name="f" value="0"/><int name="x" value="-749"/><int name="y" value="-518"/><int name="rx" value="-100"/><int name="ry" value="-100"/><int name="type" value="0"/><int name="cx" value="0"/><int name="cy" value="0"/><int name="a" value="255"/></imgdir><imgdir name="35"><string name="bS" value="forestHut"/><int name="front" value="0"/><int name="ani" value="1"/><int name="no" value="3"/><int name="f" value="0"/><int name="x" value="-431"/><int name="y" value="-564"/><int name="rx" value="-100"/><int name="ry" value="-100"/><int name="type" value="0"/><int name="cx" value="0"/><int name="cy" value="0"/><int name="a" value="255"/></imgdir><imgdir name="36"><string name="bS" value="forestHut"/><int name="front" value="0"/><int name="ani" value="1"/><int name="no" value="4"/><int name="f" value="0"/><int name="x" value="465"/><int name="y" value="-540"/><int name="rx" value="-100"/><int name="ry" value="-100"/><int name="type" value="0"/><int name="cx" value="0"/><int name="cy" value="0"/><int name="a" value="255"/></imgdir><imgdir name="33"><string name="bS" value="forestHut"/><int name="front" value="0"/><int name="ani" value="1"/><int name="no" value="1"/><int name="f" value="0"/><int name="x" value="-80"/><int name="y" value="-548"/><int name="rx" value="-100"/><int name="ry" value="-100"/><int name="type" value="0"/><int name="cx" value="0"/><int name="cy" value="0"/><int name="a" value="255"/></imgdir></imgdir><imgdir name="life"></imgdir><imgdir name="reactor"></imgdir><imgdir name="0"><imgdir name="info"></imgdir><imgdir name="tile"></imgdir><imgdir name="obj"></imgdir></imgdir><imgdir name="1"><imgdir name="info"></imgdir><imgdir name="tile"></imgdir><imgdir name="obj"></imgdir></imgdir><imgdir name="2"><imgdir name="info"></imgdir><imgdir name="tile"></imgdir><imgdir name="obj"></imgdir></imgdir><imgdir name="3"><imgdir name="info"></imgdir><imgdir name="tile"></imgdir><imgdir name="obj"><imgdir name="0"><string name="oS" value="darkMage"/><string name="l0" value="girlHouse2"/><string name="l1" value="house"/><string name="l2" value="3"/><int name="x" value="944"/><int name="y" value="-628"/><int name="z" value="9"/><int name="f" value="0"/><int name="zM" value="18"/><int name="r" value="0"/><int name="move" value="0"/><int name="dynamic" value="0"/><int name="piece" value="0"/></imgdir><imgdir name="1"><string name="oS" value="darkMage"/><string name="l0" value="girlHouse2"/><string name="l1" value="house"/><string name="l2" value="2"/><int name="x" value="1106"/><int name="y" value="-13"/><int name="z" value="9"/><int name="f" value="0"/><int name="zM" value="18"/><int name="r" value="0"/><int name="move" value="0"/><int name="dynamic" value="0"/><int name="piece" value="1"/></imgdir><imgdir name="2"><string name="oS" value="darkMage"/><string name="l0" value="girlHouse2"/><string name="l1" value="house"/><string name="l2" value="1"/><int name="x" value="125"/><int name="y" value="-15"/><int name="z" value="9"/><int name="f" value="0"/><int name="zM" value="17"/><int name="r" value="0"/><int name="move" value="0"/><int name="dynamic" value="0"/><int name="piece" value="2"/></imgdir><imgdir name="3"><string name="oS" value="darkMage"/><string name="l0" value="girlHouse2"/><string name="l1" value="house"/><string name="l2" value="0"/><int name="x" value="4"/><int name="y" value="-53"/><int name="z" value="9"/><int name="f" value="0"/><int name="zM" value="17"/><int name="r" value="0"/><int name="move" value="0"/><int name="dynamic" value="0"/><int name="piece" value="3"/></imgdir></imgdir></imgdir><imgdir name="4"><imgdir name="info"></imgdir><imgdir name="tile"></imgdir><imgdir name="obj"><imgdir name="0"><string name="oS" value="darkMage"/><string name="l0" value="girlHouse2"/><string name="l1" value="house"/><string name="l2" value="4"/><int name="x" value="438"/><int name="y" value="-293"/><int name="z" value="9"/><int name="f" value="0"/><int name="zM" value="20"/><int name="r" value="0"/><int name="move" value="0"/><int name="dynamic" value="0"/><int name="piece" value="0"/></imgdir><imgdir name="1"><string name="oS" value="darkMage"/><string name="l0" value="girlHouse2"/><string name="l1" value="water"/><string name="l2" value="0"/><int name="x" value="1106"/><int name="y" value="-14"/><int name="z" value="9"/><int name="f" value="0"/><int name="zM" value="19"/><int name="r" value="0"/><int name="move" value="0"/><int name="dynamic" value="0"/><int name="piece" value="1"/></imgdir><imgdir name="2"><string name="oS" value="darkMage"/><string name="l0" value="girlHouse2"/><string name="l1" value="foot"/><string name="l2" value="8"/><int name="x" value="-874"/><int name="y" value="73"/><int name="z" value="9"/><int name="f" value="0"/><int name="zM" value="0"/><int name="r" value="0"/><int name="move" value="0"/><int name="dynamic" value="0"/><int name="piece" value="2"/></imgdir><imgdir name="3"><string name="oS" value="darkMage"/><string name="l0" value="girlHouse2"/><string name="l1" value="foot"/><string name="l2" value="9"/><int name="x" value="-784"/><int name="y" value="73"/><int name="z" value="9"/><int name="f" value="0"/><int name="zM" value="0"/><int name="r" value="0"/><int name="move" value="0"/><int name="dynamic" value="0"/><int name="piece" value="3"/></imgdir><imgdir name="4"><string name="oS" value="darkMage"/><string name="l0" value="girlHouse2"/><string name="l1" value="foot"/><string name="l2" value="10"/><int name="x" value="-694"/><int name="y" value="73"/><int name="z" value="9"/><int name="f" value="0"/><int name="zM" value="0"/><int name="r" value="0"/><int name="move" value="0"/><int name="dynamic" value="0"/><int name="piece" value="4"/></imgdir><imgdir name="5"><string name="oS" value="darkMage"/><string name="l0" value="girlHouse2"/><string name="l1" value="foot"/><string name="l2" value="11"/><int name="x" value="-874"/><int name="y" value="133"/><int name="z" value="9"/><int name="f" value="0"/><int name="zM" value="0"/><int name="r" value="0"/><int name="move" value="0"/><int name="dynamic" value="0"/><int name="piece" value="5"/></imgdir><imgdir name="6"><string name="oS" value="darkMage"/><string name="l0" value="girlHouse2"/><string name="l1" value="foot"/><string name="l2" value="12"/><int name="x" value="-784"/><int name="y" value="133"/><int name="z" value="9"/><int name="f" value="0"/><int name="zM" value="0"/><int name="r" value="0"/><int name="move" value="0"/><int name="dynamic" value="0"/><int name="piece" value="6"/></imgdir><imgdir name="7"><string name="oS" value="darkMage"/><string name="l0" value="girlHouse2"/><string name="l1" value="foot"/><string name="l2" value="13"/><int name="x" value="-694"/><int name="y" value="133"/><int name="z" value="9"/><int name="f" value="0"/><int name="zM" value="0"/><int name="r" value="0"/><int name="move" value="0"/><int name="dynamic" value="0"/><int name="piece" value="7"/></imgdir><imgdir name="8"><string name="oS" value="darkMage"/><string name="l0" value="girlHouse2"/><string name="l1" value="foot"/><string name="l2" value="8"/><int name="x" value="-604"/><int name="y" value="73"/><int name="z" value="9"/><int name="f" value="0"/><int name="zM" value="0"/><int name="r" value="0"/><int name="move" value="0"/><int name="dynamic" value="0"/><int name="piece" value="8"/></imgdir><imgdir name="9"><string name="oS" value="darkMage"/><string name="l0" value="girlHouse2"/><string name="l1" value="foot"/><string name="l2" value="9"/><int name="x" value="-514"/><int name="y" value="73"/><int name="z" value="9"/><int name="f" value="0"/><int name="zM" value="0"/><int name="r" value="0"/><int name="move" value="0"/><int name="dynamic" value="0"/><int name="piece" value="9"/></imgdir><imgdir name="10"><string name="oS" value="darkMage"/><string name="l0" value="girlHouse2"/><string name="l1" value="foot"/><string name="l2" value="10"/><int name="x" value="-424"/><int name="y" value="73"/><int name="z" value="9"/><int name="f" value="0"/><int name="zM" value="0"/><int name="r" value="0"/><int name="move" value="0"/><int name="dynamic" value="0"/><int name="piece" value="10"/></imgdir><imgdir name="11"><string name="oS" value="darkMage"/><string name="l0" value="girlHouse2"/><string name="l1" value="foot"/><string name="l2" value="11"/><int name="x" value="-604"/><int name="y" value="133"/><int name="z" value="9"/><int name="f" value="0"/><int name="zM" value="0"/><int name="r" value="0"/><int name="move" value="0"/><int name="dynamic" value="0"/><int name="piece" value="11"/></imgdir><imgdir name="12"><string name="oS" value="darkMage"/><string name="l0" value="girlHouse2"/><string name="l1" value="foot"/><string name="l2" value="12"/><int name="x" value="-514"/><int name="y" value="133"/><int name="z" value="9"/><int name="f" value="0"/><int name="zM" value="0"/><int name="r" value="0"/><int name="move" value="0"/><int name="dynamic" value="0"/><int name="piece" value="12"/></imgdir><imgdir name="13"><string name="oS" value="darkMage"/><string name="l0" value="girlHouse2"/><string name="l1" value="foot"/><string name="l2" value="13"/><int name="x" value="-424"/><int name="y" value="133"/><int name="z" value="9"/><int name="f" value="0"/><int name="zM" value="0"/><int name="r" value="0"/><int name="move" value="0"/><int name="dynamic" value="0"/><int name="piece" value="13"/></imgdir><imgdir name="14"><string name="oS" value="darkMage"/><string name="l0" value="girlHouse2"/><string name="l1" value="foot"/><string name="l2" value="8"/><int name="x" value="-334"/><int name="y" value="73"/><int name="z" value="9"/><int name="f" value="0"/><int name="zM" value="0"/><int name="r" value="0"/><int name="move" value="0"/><int name="dynamic" value="0"/><int name="piece" value="14"/></imgdir><imgdir name="15"><string name="oS" value="darkMage"/><string name="l0" value="girlHouse2"/><string name="l1" value="foot"/><string name="l2" value="9"/><int name="x" value="-244"/><int name="y" value="73"/><int name="z" value="9"/><int name="f" value="0"/><int name="zM" value="0"/><int name="r" value="0"/><int name="move" value="0"/><int name="dynamic" value="0"/><int name="piece" value="15"/></imgdir><imgdir name="16"><string name="oS" value="darkMage"/><string name="l0" value="girlHouse2"/><string name="l1" value="foot"/><string name="l2" value="10"/><int name="x" value="-154"/><int name="y" value="73"/><int name="z" value="9"/><int name="f" value="0"/><int name="zM" value="0"/><int name="r" value="0"/><int name="move" value="0"/><int name="dynamic" value="0"/><int name="piece" value="16"/></imgdir><imgdir name="17"><string name="oS" value="darkMage"/><string name="l0" value="girlHouse2"/><string name="l1" value="foot"/><string name="l2" value="11"/><int name="x" value="-334"/><int name="y" value="133"/><int name="z" value="9"/><int name="f" value="0"/><int name="zM" value="0"/><int name="r" value="0"/><int name="move" value="0"/><int name="dynamic" value="0"/><int name="piece" value="17"/></imgdir><imgdir name="18"><string name="oS" value="darkMage"/><string name="l0" value="girlHouse2"/><string name="l1" value="foot"/><string name="l2" value="12"/><int name="x" value="-244"/><int name="y" value="133"/><int name="z" value="9"/><int name="f" value="0"/><int name="zM" value="0"/><int name="r" value="0"/><int name="move" value="0"/><int name="dynamic" value="0"/><int name="piece" value="18"/></imgdir><imgdir name="19"><string name="oS" value="darkMage"/><string name="l0" value="girlHouse2"/><string name="l1" value="foot"/><string name="l2" value="13"/><int name="x" value="-154"/><int name="y" value="133"/><int name="z" value="9"/><int name="f" value="0"/><int name="zM" value="0"/><int name="r" value="0"/><int name="move" value="0"/><int name="dynamic" value="0"/><int name="piece" value="19"/></imgdir><imgdir name="20"><string name="oS" value="darkMage"/><string name="l0" value="girlHouse2"/><string name="l1" value="foot"/><string name="l2" value="8"/><int name="x" value="-64"/><int name="y" value="73"/><int name="z" value="9"/><int name="f" value="0"/><int name="zM" value="0"/><int name="r" value="0"/><int name="move" value="0"/><int name="dynamic" value="0"/><int name="piece" value="20"/></imgdir><imgdir name="21"><string name="oS" value="darkMage"/><string name="l0" value="girlHouse2"/><string name="l1" value="foot"/><string name="l2" value="9"/><int name="x" value="26"/><int name="y" value="73"/><int name="z" value="9"/><int name="f" value="0"/><int name="zM" value="0"/><int name="r" value="0"/><int name="move" value="0"/><int name="dynamic" value="0"/><int name="piece" value="21"/></imgdir><imgdir name="22"><string name="oS" value="darkMage"/><string name="l0" value="girlHouse2"/><string name="l1" value="foot"/><string name="l2" value="10"/><int name="x" value="116"/><int name="y" value="73"/><int name="z" value="9"/><int name="f" value="0"/><int name="zM" value="0"/><int name="r" value="0"/><int name="move" value="0"/><int name="dynamic" value="0"/><int name="piece" value="22"/></imgdir><imgdir name="23"><string name="oS" value="darkMage"/><string name="l0" value="girlHouse2"/><string name="l1" value="foot"/><string name="l2" value="11"/><int name="x" value="-64"/><int name="y" value="133"/><int name="z" value="9"/><int name="f" value="0"/><int name="zM" value="0"/><int name="r" value="0"/><int name="move" value="0"/><int name="dynamic" value="0"/><int name="piece" value="23"/></imgdir><imgdir name="24"><string name="oS" value="darkMage"/><string name="l0" value="girlHouse2"/><string name="l1" value="foot"/><string name="l2" value="12"/><int name="x" value="26"/><int name="y" value="133"/><int name="z" value="9"/><int name="f" value="0"/><int name="zM" value="0"/><int name="r" value="0"/><int name="move" value="0"/><int name="dynamic" value="0"/><int name="piece" value="24"/></imgdir><imgdir name="25"><string name="oS" value="darkMage"/><string name="l0" value="girlHouse2"/><string name="l1" value="foot"/><string name="l2" value="13"/><int name="x" value="116"/><int name="y" value="133"/><int name="z" value="9"/><int name="f" value="0"/><int name="zM" value="0"/><int name="r" value="0"/><int name="move" value="0"/><int name="dynamic" value="0"/><int name="piece" value="25"/></imgdir><imgdir name="26"><string name="oS" value="darkMage"/><string name="l0" value="girlHouse2"/><string name="l1" value="foot"/><string name="l2" value="8"/><int name="x" value="206"/><int name="y" value="73"/><int name="z" value="9"/><int name="f" value="0"/><int name="zM" value="0"/><int name="r" value="0"/><int name="move" value="0"/><int name="dynamic" value="0"/><int name="piece" value="26"/></imgdir><imgdir name="27"><string name="oS" value="darkMage"/><string name="l0" value="girlHouse2"/><string name="l1" value="foot"/><string name="l2" value="9"/><int name="x" value="296"/><int name="y" value="73"/><int name="z" value="9"/><int name="f" value="0"/><int name="zM" value="0"/><int name="r" value="0"/><int name="move" value="0"/><int name="dynamic" value="0"/><int name="piece" value="27"/></imgdir><imgdir name="28"><string name="oS" value="darkMage"/><string name="l0" value="girlHouse2"/><string name="l1" value="foot"/><string name="l2" value="10"/><int name="x" value="386"/><int name="y" value="73"/><int name="z" value="9"/><int name="f" value="0"/><int name="zM" value="0"/><int name="r" value="0"/><int name="move" value="0"/><int name="dynamic" value="0"/><int name="piece" value="28"/></imgdir><imgdir name="29"><string name="oS" value="darkMage"/><string name="l0" value="girlHouse2"/><string name="l1" value="foot"/><string name="l2" value="11"/><int name="x" value="206"/><int name="y" value="133"/><int name="z" value="9"/><int name="f" value="0"/><int name="zM" value="0"/><int name="r" value="0"/><int name="move" value="0"/><int name="dynamic" value="0"/><int name="piece" value="29"/></imgdir><imgdir name="30"><string name="oS" value="darkMage"/><string name="l0" value="girlHouse2"/><string name="l1" value="foot"/><string name="l2" value="12"/><int name="x" value="296"/><int name="y" value="133"/><int name="z" value="9"/><int name="f" value="0"/><int name="zM" value="0"/><int name="r" value="0"/><int name="move" value="0"/><int name="dynamic" value="0"/><int name="piece" value="30"/></imgdir><imgdir name="31"><string name="oS" value="darkMage"/><string name="l0" value="girlHouse2"/><string name="l1" value="foot"/><string name="l2" value="13"/><int name="x" value="386"/><int name="y" value="133"/><int name="z" value="9"/><int name="f" value="0"/><int name="zM" value="0"/><int name="r" value="0"/><int name="move" value="0"/><int name="dynamic" value="0"/><int name="piece" value="31"/></imgdir><imgdir name="32"><string name="oS" value="darkMage"/><string name="l0" value="girlHouse2"/><string name="l1" value="foot"/><string name="l2" value="8"/><int name="x" value="476"/><int name="y" value="73"/><int name="z" value="9"/><int name="f" value="0"/><int name="zM" value="0"/><int name="r" value="0"/><int name="move" value="0"/><int name="dynamic" value="0"/><int name="piece" value="32"/></imgdir><imgdir name="33"><string name="oS" value="darkMage"/><string name="l0" value="girlHouse2"/><string name="l1" value="foot"/><string name="l2" value="9"/><int name="x" value="566"/><int name="y" value="73"/><int name="z" value="9"/><int name="f" value="0"/><int name="zM" value="0"/><int name="r" value="0"/><int name="move" value="0"/><int name="dynamic" value="0"/><int name="piece" value="33"/></imgdir><imgdir name="34"><string name="oS" value="darkMage"/><string name="l0" value="girlHouse2"/><string name="l1" value="foot"/><string name="l2" value="10"/><int name="x" value="656"/><int name="y" value="73"/><int name="z" value="9"/><int name="f" value="0"/><int name="zM" value="0"/><int name="r" value="0"/><int name="move" value="0"/><int name="dynamic" value="0"/><int name="piece" value="34"/></imgdir><imgdir name="35"><string name="oS" value="darkMage"/><string name="l0" value="girlHouse2"/><string name="l1" value="foot"/><string name="l2" value="11"/><int name="x" value="476"/><int name="y" value="133"/><int name="z" value="9"/><int name="f" value="0"/><int name="zM" value="0"/><int name="r" value="0"/><int name="move" value="0"/><int name="dynamic" value="0"/><int name="piece" value="35"/></imgdir><imgdir name="36"><string name="oS" value="darkMage"/><string name="l0" value="girlHouse2"/><string name="l1" value="foot"/><string name="l2" value="12"/><int name="x" value="566"/><int name="y" value="133"/><int name="z" value="9"/><int name="f" value="0"/><int name="zM" value="0"/><int name="r" value="0"/><int name="move" value="0"/><int name="dynamic" value="0"/><int name="piece" value="36"/></imgdir><imgdir name="37"><string name="oS" value="darkMage"/><string name="l0" value="girlHouse2"/><string name="l1" value="foot"/><string name="l2" value="13"/><int name="x" value="656"/><int name="y" value="133"/><int name="z" value="9"/><int name="f" value="0"/><int name="zM" value="0"/><int name="r" value="0"/><int name="move" value="0"/><int name="dynamic" value="0"/><int name="piece" value="37"/></imgdir><imgdir name="38"><string name="oS" value="darkMage"/><string name="l0" value="girlHouse2"/><string name="l1" value="foot"/><string name="l2" value="8"/><int name="x" value="746"/><int name="y" value="74"/><int name="z" value="9"/><int name="f" value="0"/><int name="zM" value="0"/><int name="r" value="0"/><int name="move" value="0"/><int name="dynamic" value="0"/><int name="piece" value="38"/></imgdir><imgdir name="39"><string name="oS" value="darkMage"/><string name="l0" value="girlHouse2"/><string name="l1" value="foot"/><string name="l2" value="9"/><int name="x" value="836"/><int name="y" value="74"/><int name="z" value="9"/><int name="f" value="0"/><int name="zM" value="0"/><int name="r" value="0"/><int name="move" value="0"/><int name="dynamic" value="0"/><int name="piece" value="39"/></imgdir><imgdir name="40"><string name="oS" value="darkMage"/><string name="l0" value="girlHouse2"/><string name="l1" value="foot"/><string name="l2" value="10"/><int name="x" value="926"/><int name="y" value="74"/><int name="z" value="9"/><int name="f" value="0"/><int name="zM" value="0"/><int name="r" value="0"/><int name="move" value="0"/><int name="dynamic" value="0"/><int name="piece" value="40"/></imgdir><imgdir name="41"><string name="oS" value="darkMage"/><string name="l0" value="girlHouse2"/><string name="l1" value="foot"/><string name="l2" value="11"/><int name="x" value="746"/><int name="y" value="134"/><int name="z" value="9"/><int name="f" value="0"/><int name="zM" value="0"/><int name="r" value="0"/><int name="move" value="0"/><int name="dynamic" value="0"/><int name="piece" value="41"/></imgdir><imgdir name="42"><string name="oS" value="darkMage"/><string name="l0" value="girlHouse2"/><string name="l1" value="foot"/><string name="l2" value="12"/><int name="x" value="836"/><int name="y" value="134"/><int name="z" value="9"/><int name="f" value="0"/><int name="zM" value="0"/><int name="r" value="0"/><int name="move" value="0"/><int name="dynamic" value="0"/><int name="piece" value="42"/></imgdir><imgdir name="43"><string name="oS" value="darkMage"/><string name="l0" value="girlHouse2"/><string name="l1" value="foot"/><string name="l2" value="13"/><int name="x" value="926"/><int name="y" value="134"/><int name="z" value="9"/><int name="f" value="0"/><int name="zM" value="0"/><int name="r" value="0"/><int name="move" value="0"/><int name="dynamic" value="0"/><int name="piece" value="43"/></imgdir><imgdir name="44"><string name="oS" value="darkMage"/><string name="l0" value="girlHouse2"/><string name="l1" value="foot"/><string name="l2" value="8"/><int name="x" value="1016"/><int name="y" value="74"/><int name="z" value="9"/><int name="f" value="0"/><int name="zM" value="0"/><int name="r" value="0"/><int name="move" value="0"/><int name="dynamic" value="0"/><int name="piece" value="44"/></imgdir><imgdir name="45"><string name="oS" value="darkMage"/><string name="l0" value="girlHouse2"/><string name="l1" value="foot"/><string name="l2" value="9"/><int name="x" value="1105"/><int name="y" value="74"/><int name="z" value="9"/><int name="f" value="0"/><int name="zM" value="0"/><int name="r" value="0"/><int name="move" value="0"/><int name="dynamic" value="0"/><int name="piece" value="45"/></imgdir><imgdir name="47"><string name="oS" value="darkMage"/><string name="l0" value="girlHouse2"/><string name="l1" value="foot"/><string name="l2" value="11"/><int name="x" value="1016"/><int name="y" value="134"/><int name="z" value="9"/><int name="f" value="0"/><int name="zM" value="0"/><int name="r" value="0"/><int name="move" value="0"/><int name="dynamic" value="0"/><int name="piece" value="47"/></imgdir><imgdir name="46"><string name="oS" value="darkMage"/><string name="l0" value="girlHouse2"/><string name="l1" value="foot"/><string name="l2" value="12"/><int name="x" value="1105"/><int name="y" value="134"/><int name="z" value="9"/><int name="f" value="0"/><int name="zM" value="0"/><int name="r" value="0"/><int name="move" value="0"/><int name="dynamic" value="0"/><int name="piece" value="46"/></imgdir><imgdir name="48"><string name="oS" value="darkMage"/><string name="l0" value="girlHouse2"/><string name="l1" value="foot"/><string name="l2" value="8"/><int name="x" value="-875"/><int name="y" value="193"/><int name="z" value="9"/><int name="f" value="0"/><int name="zM" value="0"/><int name="r" value="0"/><int name="move" value="0"/><int name="dynamic" value="0"/><int name="piece" value="48"/></imgdir><imgdir name="49"><string name="oS" value="darkMage"/><string name="l0" value="girlHouse2"/><string name="l1" value="foot"/><string name="l2" value="9"/><int name="x" value="-785"/><int name="y" value="193"/><int name="z" value="9"/><int name="f" value="0"/><int name="zM" value="0"/><int name="r" value="0"/><int name="move" value="0"/><int name="dynamic" value="0"/><int name="piece" value="49"/></imgdir><imgdir name="50"><string name="oS" value="darkMage"/><string name="l0" value="girlHouse2"/><string name="l1" value="foot"/><string name="l2" value="10"/><int name="x" value="-695"/><int name="y" value="193"/><int name="z" value="9"/><int name="f" value="0"/><int name="zM" value="0"/><int name="r" value="0"/><int name="move" value="0"/><int name="dynamic" value="0"/><int name="piece" value="50"/></imgdir><imgdir name="51"><string name="oS" value="darkMage"/><string name="l0" value="girlHouse2"/><string name="l1" value="foot"/><string name="l2" value="11"/><int name="x" value="-875"/><int name="y" value="253"/><int name="z" value="9"/><int name="f" value="0"/><int name="zM" value="0"/><int name="r" value="0"/><int name="move" value="0"/><int name="dynamic" value="0"/><int name="piece" value="51"/></imgdir><imgdir name="52"><string name="oS" value="darkMage"/><string name="l0" value="girlHouse2"/><string name="l1" value="foot"/><string name="l2" value="12"/><int name="x" value="-785"/><int name="y" value="253"/><int name="z" value="9"/><int name="f" value="0"/><int name="zM" value="0"/><int name="r" value="0"/><int name="move" value="0"/><int name="dynamic" value="0"/><int name="piece" value="52"/></imgdir><imgdir name="53"><string name="oS" value="darkMage"/><string name="l0" value="girlHouse2"/><string name="l1" value="foot"/><string name="l2" value="13"/><int name="x" value="-695"/><int name="y" value="253"/><int name="z" value="9"/><int name="f" value="0"/><int name="zM" value="0"/><int name="r" value="0"/><int name="move" value="0"/><int name="dynamic" value="0"/><int name="piece" value="53"/></imgdir><imgdir name="54"><string name="oS" value="darkMage"/><string name="l0" value="girlHouse2"/><string name="l1" value="foot"/><string name="l2" value="8"/><int name="x" value="-605"/><int name="y" value="193"/><int name="z" value="9"/><int name="f" value="0"/><int name="zM" value="0"/><int name="r" value="0"/><int name="move" value="0"/><int name="dynamic" value="0"/><int name="piece" value="54"/></imgdir><imgdir name="55"><string name="oS" value="darkMage"/><string name="l0" value="girlHouse2"/><string name="l1" value="foot"/><string name="l2" value="9"/><int name="x" value="-515"/><int name="y" value="193"/><int name="z" value="9"/><int name="f" value="0"/><int name="zM" value="0"/><int name="r" value="0"/><int name="move" value="0"/><int name="dynamic" value="0"/><int name="piece" value="55"/></imgdir><imgdir name="56"><string name="oS" value="darkMage"/><string name="l0" value="girlHouse2"/><string name="l1" value="foot"/><string name="l2" value="10"/><int name="x" value="-425"/><int name="y" value="193"/><int name="z" value="9"/><int name="f" value="0"/><int name="zM" value="0"/><int name="r" value="0"/><int name="move" value="0"/><int name="dynamic" value="0"/><int name="piece" value="56"/></imgdir><imgdir name="57"><string name="oS" value="darkMage"/><string name="l0" value="girlHouse2"/><string name="l1" value="foot"/><string name="l2" value="11"/><int name="x" value="-605"/><int name="y" value="253"/><int name="z" value="9"/><int name="f" value="0"/><int name="zM" value="0"/><int name="r" value="0"/><int name="move" value="0"/><int name="dynamic" value="0"/><int name="piece" value="57"/></imgdir><imgdir name="58"><string name="oS" value="darkMage"/><string name="l0" value="girlHouse2"/><string name="l1" value="foot"/><string name="l2" value="12"/><int name="x" value="-515"/><int name="y" value="253"/><int name="z" value="9"/><int name="f" value="0"/><int name="zM" value="0"/><int name="r" value="0"/><int name="move" value="0"/><int name="dynamic" value="0"/><int name="piece" value="58"/></imgdir><imgdir name="59"><string name="oS" value="darkMage"/><string name="l0" value="girlHouse2"/><string name="l1" value="foot"/><string name="l2" value="13"/><int name="x" value="-425"/><int name="y" value="253"/><int name="z" value="9"/><int name="f" value="0"/><int name="zM" value="0"/><int name="r" value="0"/><int name="move" value="0"/><int name="dynamic" value="0"/><int name="piece" value="59"/></imgdir><imgdir name="60"><string name="oS" value="darkMage"/><string name="l0" value="girlHouse2"/><string name="l1" value="foot"/><string name="l2" value="8"/><int name="x" value="-335"/><int name="y" value="193"/><int name="z" value="9"/><int name="f" value="0"/><int name="zM" value="0"/><int name="r" value="0"/><int name="move" value="0"/><int name="dynamic" value="0"/><int name="piece" value="60"/></imgdir><imgdir name="61"><string name="oS" value="darkMage"/><string name="l0" value="girlHouse2"/><string name="l1" value="foot"/><string name="l2" value="9"/><int name="x" value="-245"/><int name="y" value="193"/><int name="z" value="9"/><int name="f" value="0"/><int name="zM" value="0"/><int name="r" value="0"/><int name="move" value="0"/><int name="dynamic" value="0"/><int name="piece" value="61"/></imgdir><imgdir name="62"><string name="oS" value="darkMage"/><string name="l0" value="girlHouse2"/><string name="l1" value="foot"/><string name="l2" value="10"/><int name="x" value="-155"/><int name="y" value="193"/><int name="z" value="9"/><int name="f" value="0"/><int name="zM" value="0"/><int name="r" value="0"/><int name="move" value="0"/><int name="dynamic" value="0"/><int name="piece" value="62"/></imgdir><imgdir name="63"><string name="oS" value="darkMage"/><string name="l0" value="girlHouse2"/><string name="l1" value="foot"/><string name="l2" value="11"/><int name="x" value="-335"/><int name="y" value="253"/><int name="z" value="9"/><int name="f" value="0"/><int name="zM" value="0"/><int name="r" value="0"/><int name="move" value="0"/><int name="dynamic" value="0"/><int name="piece" value="63"/></imgdir><imgdir name="64"><string name="oS" value="darkMage"/><string name="l0" value="girlHouse2"/><string name="l1" value="foot"/><string name="l2" value="12"/><int name="x" value="-245"/><int name="y" value="253"/><int name="z" value="9"/><int name="f" value="0"/><int name="zM" value="0"/><int name="r" value="0"/><int name="move" value="0"/><int name="dynamic" value="0"/><int name="piece" value="64"/></imgdir><imgdir name="65"><string name="oS" value="darkMage"/><string name="l0" value="girlHouse2"/><string name="l1" value="foot"/><string name="l2" value="13"/><int name="x" value="-155"/><int name="y" value="253"/><int name="z" value="9"/><int name="f" value="0"/><int name="zM" value="0"/><int name="r" value="0"/><int name="move" value="0"/><int name="dynamic" value="0"/><int name="piece" value="65"/></imgdir><imgdir name="66"><string name="oS" value="darkMage"/><string name="l0" value="girlHouse2"/><string name="l1" value="foot"/><string name="l2" value="8"/><int name="x" value="-65"/><int name="y" value="193"/><int name="z" value="9"/><int name="f" value="0"/><int name="zM" value="0"/><int name="r" value="0"/><int name="move" value="0"/><int name="dynamic" value="0"/><int name="piece" value="66"/></imgdir><imgdir name="67"><string name="oS" value="darkMage"/><string name="l0" value="girlHouse2"/><string name="l1" value="foot"/><string name="l2" value="9"/><int name="x" value="25"/><int name="y" value="193"/><int name="z" value="9"/><int name="f" value="0"/><int name="zM" value="0"/><int name="r" value="0"/><int name="move" value="0"/><int name="dynamic" value="0"/><int name="piece" value="67"/></imgdir><imgdir name="68"><string name="oS" value="darkMage"/><string name="l0" value="girlHouse2"/><string name="l1" value="foot"/><string name="l2" value="10"/><int name="x" value="115"/><int name="y" value="193"/><int name="z" value="9"/><int name="f" value="0"/><int name="zM" value="0"/><int name="r" value="0"/><int name="move" value="0"/><int name="dynamic" value="0"/><int name="piece" value="68"/></imgdir><imgdir name="69"><string name="oS" value="darkMage"/><string name="l0" value="girlHouse2"/><string name="l1" value="foot"/><string name="l2" value="11"/><int name="x" value="-65"/><int name="y" value="253"/><int name="z" value="9"/><int name="f" value="0"/><int name="zM" value="0"/><int name="r" value="0"/><int name="move" value="0"/><int name="dynamic" value="0"/><int name="piece" value="69"/></imgdir><imgdir name="70"><string name="oS" value="darkMage"/><string name="l0" value="girlHouse2"/><string name="l1" value="foot"/><string name="l2" value="12"/><int name="x" value="25"/><int name="y" value="253"/><int name="z" value="9"/><int name="f" value="0"/><int name="zM" value="0"/><int name="r" value="0"/><int name="move" value="0"/><int name="dynamic" value="0"/><int name="piece" value="70"/></imgdir><imgdir name="71"><string name="oS" value="darkMage"/><string name="l0" value="girlHouse2"/><string name="l1" value="foot"/><string name="l2" value="13"/><int name="x" value="115"/><int name="y" value="253"/><int name="z" value="9"/><int name="f" value="0"/><int name="zM" value="0"/><int name="r" value="0"/><int name="move" value="0"/><int name="dynamic" value="0"/><int name="piece" value="71"/></imgdir><imgdir name="72"><string name="oS" value="darkMage"/><string name="l0" value="girlHouse2"/><string name="l1" value="foot"/><string name="l2" value="8"/><int name="x" value="205"/><int name="y" value="193"/><int name="z" value="9"/><int name="f" value="0"/><int name="zM" value="0"/><int name="r" value="0"/><int name="move" value="0"/><int name="dynamic" value="0"/><int name="piece" value="72"/></imgdir><imgdir name="73"><string name="oS" value="darkMage"/><string name="l0" value="girlHouse2"/><string name="l1" value="foot"/><string name="l2" value="9"/><int name="x" value="295"/><int name="y" value="193"/><int name="z" value="9"/><int name="f" value="0"/><int name="zM" value="0"/><int name="r" value="0"/><int name="move" value="0"/><int name="dynamic" value="0"/><int name="piece" value="73"/></imgdir><imgdir name="74"><string name="oS" value="darkMage"/><string name="l0" value="girlHouse2"/><string name="l1" value="foot"/><string name="l2" value="10"/><int name="x" value="385"/><int name="y" value="193"/><int name="z" value="9"/><int name="f" value="0"/><int name="zM" value="0"/><int name="r" value="0"/><int name="move" value="0"/><int name="dynamic" value="0"/><int name="piece" value="74"/></imgdir><imgdir name="75"><string name="oS" value="darkMage"/><string name="l0" value="girlHouse2"/><string name="l1" value="foot"/><string name="l2" value="11"/><int name="x" value="205"/><int name="y" value="253"/><int name="z" value="9"/><int name="f" value="0"/><int name="zM" value="0"/><int name="r" value="0"/><int name="move" value="0"/><int name="dynamic" value="0"/><int name="piece" value="75"/></imgdir><imgdir name="76"><string name="oS" value="darkMage"/><string name="l0" value="girlHouse2"/><string name="l1" value="foot"/><string name="l2" value="12"/><int name="x" value="295"/><int name="y" value="253"/><int name="z" value="9"/><int name="f" value="0"/><int name="zM" value="0"/><int name="r" value="0"/><int name="move" value="0"/><int name="dynamic" value="0"/><int name="piece" value="76"/></imgdir><imgdir name="77"><string name="oS" value="darkMage"/><string name="l0" value="girlHouse2"/><string name="l1" value="foot"/><string name="l2" value="13"/><int name="x" value="385"/><int name="y" value="253"/><int name="z" value="9"/><int name="f" value="0"/><int name="zM" value="0"/><int name="r" value="0"/><int name="move" value="0"/><int name="dynamic" value="0"/><int name="piece" value="77"/></imgdir><imgdir name="78"><string name="oS" value="darkMage"/><string name="l0" value="girlHouse2"/><string name="l1" value="foot"/><string name="l2" value="8"/><int name="x" value="475"/><int name="y" value="193"/><int name="z" value="9"/><int name="f" value="0"/><int name="zM" value="0"/><int name="r" value="0"/><int name="move" value="0"/><int name="dynamic" value="0"/><int name="piece" value="78"/></imgdir><imgdir name="79"><string name="oS" value="darkMage"/><string name="l0" value="girlHouse2"/><string name="l1" value="foot"/><string name="l2" value="9"/><int name="x" value="565"/><int name="y" value="193"/><int name="z" value="9"/><int name="f" value="0"/><int name="zM" value="0"/><int name="r" value="0"/><int name="move" value="0"/><int name="dynamic" value="0"/><int name="piece" value="79"/></imgdir><imgdir name="80"><string name="oS" value="darkMage"/><string name="l0" value="girlHouse2"/><string name="l1" value="foot"/><string name="l2" value="10"/><int name="x" value="655"/><int name="y" value="193"/><int name="z" value="9"/><int name="f" value="0"/><int name="zM" value="0"/><int name="r" value="0"/><int name="move" value="0"/><int name="dynamic" value="0"/><int name="piece" value="80"/></imgdir><imgdir name="81"><string name="oS" value="darkMage"/><string name="l0" value="girlHouse2"/><string name="l1" value="foot"/><string name="l2" value="11"/><int name="x" value="475"/><int name="y" value="253"/><int name="z" value="9"/><int name="f" value="0"/><int name="zM" value="0"/><int name="r" value="0"/><int name="move" value="0"/><int name="dynamic" value="0"/><int name="piece" value="81"/></imgdir><imgdir name="82"><string name="oS" value="darkMage"/><string name="l0" value="girlHouse2"/><string name="l1" value="foot"/><string name="l2" value="12"/><int name="x" value="565"/><int name="y" value="253"/><int name="z" value="9"/><int name="f" value="0"/><int name="zM" value="0"/><int name="r" value="0"/><int name="move" value="0"/><int name="dynamic" value="0"/><int name="piece" value="82"/></imgdir><imgdir name="83"><string name="oS" value="darkMage"/><string name="l0" value="girlHouse2"/><string name="l1" value="foot"/><string name="l2" value="13"/><int name="x" value="655"/><int name="y" value="253"/><int name="z" value="9"/><int name="f" value="0"/><int name="zM" value="0"/><int name="r" value="0"/><int name="move" value="0"/><int name="dynamic" value="0"/><int name="piece" value="83"/></imgdir><imgdir name="84"><string name="oS" value="darkMage"/><string name="l0" value="girlHouse2"/><string name="l1" value="foot"/><string name="l2" value="8"/><int name="x" value="745"/><int name="y" value="194"/><int name="z" value="9"/><int name="f" value="0"/><int name="zM" value="0"/><int name="r" value="0"/><int name="move" value="0"/><int name="dynamic" value="0"/><int name="piece" value="84"/></imgdir><imgdir name="85"><string name="oS" value="darkMage"/><string name="l0" value="girlHouse2"/><string name="l1" value="foot"/><string name="l2" value="9"/><int name="x" value="835"/><int name="y" value="194"/><int name="z" value="9"/><int name="f" value="0"/><int name="zM" value="0"/><int name="r" value="0"/><int name="move" value="0"/><int name="dynamic" value="0"/><int name="piece" value="85"/></imgdir><imgdir name="86"><string name="oS" value="darkMage"/><string name="l0" value="girlHouse2"/><string name="l1" value="foot"/><string name="l2" value="10"/><int name="x" value="925"/><int name="y" value="194"/><int name="z" value="9"/><int name="f" value="0"/><int name="zM" value="0"/><int name="r" value="0"/><int name="move" value="0"/><int name="dynamic" value="0"/><int name="piece" value="86"/></imgdir><imgdir name="87"><string name="oS" value="darkMage"/><string name="l0" value="girlHouse2"/><string name="l1" value="foot"/><string name="l2" value="11"/><int name="x" value="745"/><int name="y" value="254"/><int name="z" value="9"/><int name="f" value="0"/><int name="zM" value="0"/><int name="r" value="0"/><int name="move" value="0"/><int name="dynamic" value="0"/><int name="piece" value="87"/></imgdir><imgdir name="88"><string name="oS" value="darkMage"/><string name="l0" value="girlHouse2"/><string name="l1" value="foot"/><string name="l2" value="12"/><int name="x" value="835"/><int name="y" value="254"/><int name="z" value="9"/><int name="f" value="0"/><int name="zM" value="0"/><int name="r" value="0"/><int name="move" value="0"/><int name="dynamic" value="0"/><int name="piece" value="88"/></imgdir><imgdir name="89"><string name="oS" value="darkMage"/><string name="l0" value="girlHouse2"/><string name="l1" value="foot"/><string name="l2" value="13"/><int name="x" value="925"/><int name="y" value="254"/><int name="z" value="9"/><int name="f" value="0"/><int name="zM" value="0"/><int name="r" value="0"/><int name="move" value="0"/><int name="dynamic" value="0"/><int name="piece" value="89"/></imgdir><imgdir name="90"><string name="oS" value="darkMage"/><string name="l0" value="girlHouse2"/><string name="l1" value="foot"/><string name="l2" value="8"/><int name="x" value="1015"/><int name="y" value="194"/><int name="z" value="9"/><int name="f" value="0"/><int name="zM" value="0"/><int name="r" value="0"/><int name="move" value="0"/><int name="dynamic" value="0"/><int name="piece" value="90"/></imgdir><imgdir name="91"><string name="oS" value="darkMage"/><string name="l0" value="girlHouse2"/><string name="l1" value="foot"/><string name="l2" value="9"/><int name="x" value="1105"/><int name="y" value="194"/><int name="z" value="9"/><int name="f" value="0"/><int name="zM" value="0"/><int name="r" value="0"/><int name="move" value="0"/><int name="dynamic" value="0"/><int name="piece" value="91"/></imgdir><imgdir name="93"><string name="oS" value="darkMage"/><string name="l0" value="girlHouse2"/><string name="l1" value="foot"/><string name="l2" value="11"/><int name="x" value="1015"/><int name="y" value="254"/><int name="z" value="9"/><int name="f" value="0"/><int name="zM" value="0"/><int name="r" value="0"/><int name="move" value="0"/><int name="dynamic" value="0"/><int name="piece" value="93"/></imgdir><imgdir name="92"><string name="oS" value="darkMage"/><string name="l0" value="girlHouse2"/><string name="l1" value="foot"/><string name="l2" value="12"/><int name="x" value="1105"/><int name="y" value="254"/><int name="z" value="9"/><int name="f" value="0"/><int name="zM" value="0"/><int name="r" value="0"/><int name="move" value="0"/><int name="dynamic" value="0"/><int name="piece" value="92"/></imgdir></imgdir></imgdir><imgdir name="5"><imgdir name="info"></imgdir><imgdir name="tile"></imgdir><imgdir name="obj"><imgdir name="1"><string name="oS" value="darkMage"/><string name="l0" value="girlHouse2"/><string name="l1" value="foot"/><string name="l2" value="7"/><int name="x" value="332"/><int name="y" value="66"/><int name="z" value="9"/><int name="f" value="0"/><int name="zM" value="9"/><int name="r" value="0"/><int name="move" value="0"/><int name="dynamic" value="0"/><int name="piece" value="1"/></imgdir><imgdir name="2"><string name="oS" value="darkMage"/><string name="l0" value="girlHouse2"/><string name="l1" value="foot"/><string name="l2" value="6"/><int name="x" value="332"/><int name="y" value="66"/><int name="z" value="9"/><int name="f" value="0"/><int name="zM" value="13"/><int name="r" value="0"/><int name="move" value="0"/><int name="dynamic" value="0"/><int name="piece" value="2"/></imgdir><imgdir name="0"><string name="oS" value="darkMage"/><string name="l0" value="girlHouse2"/><string name="l1" value="foot"/><string name="l2" value="5"/><int name="x" value="332"/><int name="y" value="66"/><int name="z" value="9"/><int name="f" value="0"/><int name="zM" value="0"/><int name="r" value="0"/><int name="move" value="0"/><int name="dynamic" value="0"/><int name="piece" value="0"/></imgdir><imgdir name="3"><string name="oS" value="darkMage"/><string name="l0" value="girlHouse2"/><string name="l1" value="foot"/><string name="l2" value="4"/><int name="x" value="333"/><int name="y" value="66"/><int name="z" value="9"/><int name="f" value="0"/><int name="zM" value="0"/><int name="r" value="0"/><int name="move" value="0"/><int name="dynamic" value="0"/><int name="piece" value="3"/></imgdir><imgdir name="4"><string name="oS" value="darkMage"/><string name="l0" value="girlHouse2"/><string name="l1" value="foot"/><string name="l2" value="3"/><int name="x" value="333"/><int name="y" value="66"/><int name="z" value="9"/><int name="f" value="0"/><int name="zM" value="4"/><int name="r" value="0"/><int name="move" value="0"/><int name="dynamic" value="0"/><int name="piece" value="4"/></imgdir><imgdir name="5"><string name="oS" value="darkMage"/><string name="l0" value="girlHouse2"/><string name="l1" value="foot"/><string name="l2" value="2"/><int name="x" value="333"/><int name="y" value="66"/><int name="z" value="9"/><int name="f" value="0"/><int name="zM" value="12"/><int name="r" value="0"/><int name="move" value="0"/><int name="dynamic" value="0"/><int name="piece" value="5"/></imgdir><imgdir name="6"><string name="oS" value="darkMage"/><string name="l0" value="girlHouse2"/><string name="l1" value="foot"/><string name="l2" value="1"/><int name="x" value="333"/><int name="y" value="66"/><int name="z" value="9"/><int name="f" value="0"/><int name="zM" value="15"/><int name="r" value="0"/><int name="move" value="0"/><int name="dynamic" value="0"/><int name="piece" value="6"/></imgdir><imgdir name="7"><string name="oS" value="darkMage"/><string name="l0" value="girlHouse2"/><string name="l1" value="foot"/><string name="l2" value="0"/><int name="x" value="333"/><int name="y" value="66"/><int name="z" value="9"/><int name="f" value="0"/><int name="zM" value="6"/><int name="r" value="0"/><int name="move" value="0"/><int name="dynamic" value="0"/><int name="piece" value="7"/></imgdir><imgdir name="8"><string name="oS" value="darkMage"/><string name="l0" value="girlHouse2"/><string name="l1" value="foot"/><string name="l2" value="7"/><int name="x" value="-456"/><int name="y" value="66"/><int name="z" value="9"/><int name="f" value="0"/><int name="zM" value="10"/><int name="r" value="0"/><int name="move" value="0"/><int name="dynamic" value="0"/><int name="piece" value="8"/></imgdir><imgdir name="9"><string name="oS" value="darkMage"/><string name="l0" value="girlHouse2"/><string name="l1" value="foot"/><string name="l2" value="6"/><int name="x" value="-456"/><int name="y" value="66"/><int name="z" value="9"/><int name="f" value="0"/><int name="zM" value="8"/><int name="r" value="0"/><int name="move" value="0"/><int name="dynamic" value="0"/><int name="piece" value="9"/></imgdir><imgdir name="10"><string name="oS" value="darkMage"/><string name="l0" value="girlHouse2"/><string name="l1" value="foot"/><string name="l2" value="5"/><int name="x" value="-455"/><int name="y" value="66"/><int name="z" value="9"/><int name="f" value="0"/><int name="zM" value="8"/><int name="r" value="0"/><int name="move" value="0"/><int name="dynamic" value="0"/><int name="piece" value="10"/></imgdir><imgdir name="11"><string name="oS" value="darkMage"/><string name="l0" value="girlHouse2"/><string name="l1" value="foot"/><string name="l2" value="4"/><int name="x" value="-455"/><int name="y" value="66"/><int name="z" value="9"/><int name="f" value="0"/><int name="zM" value="1"/><int name="r" value="0"/><int name="move" value="0"/><int name="dynamic" value="0"/><int name="piece" value="11"/></imgdir><imgdir name="12"><string name="oS" value="darkMage"/><string name="l0" value="girlHouse2"/><string name="l1" value="foot"/><string name="l2" value="3"/><int name="x" value="-455"/><int name="y" value="66"/><int name="z" value="9"/><int name="f" value="0"/><int name="zM" value="3"/><int name="r" value="0"/><int name="move" value="0"/><int name="dynamic" value="0"/><int name="piece" value="12"/></imgdir><imgdir name="13"><string name="oS" value="darkMage"/><string name="l0" value="girlHouse2"/><string name="l1" value="foot"/><string name="l2" value="2"/><int name="x" value="-455"/><int name="y" value="66"/><int name="z" value="9"/><int name="f" value="0"/><int name="zM" value="11"/><int name="r" value="0"/><int name="move" value="0"/><int name="dynamic" value="0"/><int name="piece" value="13"/></imgdir><imgdir name="14"><string name="oS" value="darkMage"/><string name="l0" value="girlHouse2"/><string name="l1" value="foot"/><string name="l2" value="1"/><int name="x" value="-455"/><int name="y" value="66"/><int name="z" value="9"/><int name="f" value="0"/><int name="zM" value="14"/><int name="r" value="0"/><int name="move" value="0"/><int name="dynamic" value="0"/><int name="piece" value="14"/></imgdir><imgdir name="15"><string name="oS" value="darkMage"/><string name="l0" value="girlHouse2"/><string name="l1" value="foot"/><string name="l2" value="0"/><int name="x" value="-455"/><int name="y" value="66"/><int name="z" value="9"/><int name="f" value="0"/><int name="zM" value="7"/><int name="r" value="0"/><int name="move" value="0"/><int name="dynamic" value="0"/><int name="piece" value="15"/></imgdir><imgdir name="16"><string name="oS" value="darkMage"/><string name="l0" value="girlHouse2"/><string name="l1" value="foot"/><string name="l2" value="7"/><int name="x" value="-682"/><int name="y" value="71"/><int name="z" value="9"/><int name="f" value="0"/><int name="zM" value="8"/><int name="r" value="0"/><int name="move" value="0"/><int name="dynamic" value="0"/><int name="piece" value="16"/></imgdir><imgdir name="17"><string name="oS" value="darkMage"/><string name="l0" value="girlHouse2"/><string name="l1" value="foot"/><string name="l2" value="7"/><int name="x" value="-1243"/><int name="y" value="66"/><int name="z" value="9"/><int name="f" value="0"/><int name="zM" value="7"/><int name="r" value="0"/><int name="move" value="0"/><int name="dynamic" value="0"/><int name="piece" value="17"/></imgdir><imgdir name="18"><string name="oS" value="darkMage"/><string name="l0" value="girlHouse2"/><string name="l1" value="foot"/><string name="l2" value="6"/><int name="x" value="-1242"/><int name="y" value="66"/><int name="z" value="9"/><int name="f" value="0"/><int name="zM" value="7"/><int name="r" value="0"/><int name="move" value="0"/><int name="dynamic" value="0"/><int name="piece" value="18"/></imgdir><imgdir name="19"><string name="oS" value="darkMage"/><string name="l0" value="girlHouse2"/><string name="l1" value="foot"/><string name="l2" value="5"/><int name="x" value="-1242"/><int name="y" value="66"/><int name="z" value="9"/><int name="f" value="0"/><int name="zM" value="16"/><int name="r" value="0"/><int name="move" value="0"/><int name="dynamic" value="0"/><int name="piece" value="19"/></imgdir><imgdir name="20"><string name="oS" value="darkMage"/><string name="l0" value="girlHouse2"/><string name="l1" value="foot"/><string name="l2" value="4"/><int name="x" value="-1242"/><int name="y" value="66"/><int name="z" value="9"/><int name="f" value="0"/><int name="zM" value="2"/><int name="r" value="0"/><int name="move" value="0"/><int name="dynamic" value="0"/><int name="piece" value="20"/></imgdir><imgdir name="21"><string name="oS" value="darkMage"/><string name="l0" value="girlHouse2"/><string name="l1" value="foot"/><string name="l2" value="3"/><int name="x" value="-1242"/><int name="y" value="66"/><int name="z" value="9"/><int name="f" value="0"/><int name="zM" value="5"/><int name="r" value="0"/><int name="move" value="0"/><int name="dynamic" value="0"/><int name="piece" value="21"/></imgdir></imgdir></imgdir><imgdir name="6"><imgdir name="info"></imgdir><imgdir name="tile"></imgdir><imgdir name="obj"></imgdir></imgdir><imgdir name="7"><imgdir name="info"></imgdir><imgdir name="tile"></imgdir><imgdir name="obj"></imgdir></imgdir><imgdir name="directionInfo"><imgdir name="0"><int name="x" value="-500"/><int name="y" value="12"/><int name="forcedInput" value="0"/><imgdir name="EventQ"><string name="0" value="lightning_tuto_12_1"/></imgdir></imgdir></imgdir><imgdir name="foothold"><imgdir name="3"><imgdir name="18"><imgdir name="1"><int name="x1" value="625"/><int name="y1" value="11"/><int name="x2" value="702"/><int name="y2" value="11"/><int name="prev" value="0"/><int name="next" value="0"/><int name="piece" value="1"/></imgdir><imgdir name="2"><int name="x1" value="635"/><int name="y1" value="-5"/><int name="x2" value="712"/><int name="y2" value="-5"/><int name="prev" value="0"/><int name="next" value="0"/><int name="piece" value="1"/></imgdir><imgdir name="3"><int name="x1" value="498"/><int name="y1" value="-16"/><int name="x2" value="865"/><int name="y2" value="-16"/><int name="prev" value="0"/><int name="next" value="0"/><int name="piece" value="1"/></imgdir></imgdir></imgdir><imgdir name="5"><imgdir name="0"><imgdir name="4"><int name="x1" value="857"/><int name="y1" value="24"/><int name="x2" value="964"/><int name="y2" value="24"/><int name="prev" value="5"/><int name="next" value="7"/><int name="piece" value="0"/></imgdir><imgdir name="5"><int name="x1" value="764"/><int name="y1" value="24"/><int name="x2" value="857"/><int name="y2" value="24"/><int name="prev" value="8"/><int name="next" value="4"/><int name="piece" value="3"/></imgdir></imgdir><imgdir name="9"><imgdir name="6"><int name="x1" value="1049"/><int name="y1" value="24"/><int name="x2" value="1125"/><int name="y2" value="24"/><int name="prev" value="7"/><int name="next" value="0"/><int name="piece" value="1"/></imgdir></imgdir><imgdir name="13"><imgdir name="7"><int name="x1" value="964"/><int name="y1" value="24"/><int name="x2" value="1049"/><int name="y2" value="24"/><int name="prev" value="4"/><int name="next" value="6"/><int name="piece" value="2"/></imgdir></imgdir><imgdir name="4"><imgdir name="8"><int name="x1" value="655"/><int name="y1" value="24"/><int name="x2" value="764"/><int name="y2" value="24"/><int name="prev" value="9"/><int name="next" value="5"/><int name="piece" value="4"/></imgdir></imgdir><imgdir name="12"><imgdir name="9"><int name="x1" value="542"/><int name="y1" value="24"/><int name="x2" value="655"/><int name="y2" value="24"/><int name="prev" value="10"/><int name="next" value="8"/><int name="piece" value="5"/></imgdir></imgdir><imgdir name="15"><imgdir name="10"><int name="x1" value="433"/><int name="y1" value="24"/><int name="x2" value="542"/><int name="y2" value="24"/><int name="prev" value="11"/><int name="next" value="9"/><int name="piece" value="6"/></imgdir></imgdir><imgdir name="6"><imgdir name="11"><int name="x1" value="331"/><int name="y1" value="24"/><int name="x2" value="433"/><int name="y2" value="24"/><int name="prev" value="12"/><int name="next" value="10"/><int name="piece" value="7"/></imgdir></imgdir><imgdir name="10"><imgdir name="12"><int name="x1" value="261"/><int name="y1" value="24"/><int name="x2" value="331"/><int name="y2" value="24"/><int name="prev" value="13"/><int name="next" value="11"/><int name="piece" value="8"/></imgdir></imgdir><imgdir name="8"><imgdir name="13"><int name="x1" value="170"/><int name="y1" value="24"/><int name="x2" value="261"/><int name="y2" value="24"/><int name="prev" value="14"/><int name="next" value="12"/><int name="piece" value="9"/></imgdir><imgdir name="14"><int name="x1" value="70"/><int name="y1" value="24"/><int name="x2" value="170"/><int name="y2" value="24"/><int name="prev" value="15"/><int name="next" value="13"/><int name="piece" value="10"/></imgdir></imgdir><imgdir name="1"><imgdir name="15"><int name="x1" value="-24"/><int name="y1" value="24"/><int name="x2" value="70"/><int name="y2" value="24"/><int name="prev" value="16"/><int name="next" value="14"/><int name="piece" value="11"/></imgdir></imgdir><imgdir name="3"><imgdir name="16"><int name="x1" value="-133"/><int name="y1" value="24"/><int name="x2" value="-24"/><int name="y2" value="24"/><int name="prev" value="17"/><int name="next" value="15"/><int name="piece" value="12"/></imgdir></imgdir><imgdir name="11"><imgdir name="17"><int name="x1" value="-246"/><int name="y1" value="24"/><int name="x2" value="-133"/><int name="y2" value="24"/><int name="prev" value="18"/><int name="next" value="16"/><int name="piece" value="13"/></imgdir></imgdir><imgdir name="14"><imgdir name="18"><int name="x1" value="-355"/><int name="y1" value="24"/><int name="x2" value="-246"/><int name="y2" value="24"/><int name="prev" value="19"/><int name="next" value="17"/><int name="piece" value="14"/></imgdir></imgdir><imgdir name="7"><imgdir name="19"><int name="x1" value="-457"/><int name="y1" value="24"/><int name="x2" value="-355"/><int name="y2" value="24"/><int name="prev" value="20"/><int name="next" value="18"/><int name="piece" value="15"/></imgdir><imgdir name="20"><int name="x1" value="-526"/><int name="y1" value="24"/><int name="x2" value="-457"/><int name="y2" value="24"/><int name="prev" value="21"/><int name="next" value="19"/><int name="piece" value="17"/></imgdir><imgdir name="21"><int name="x1" value="-616"/><int name="y1" value="24"/><int name="x2" value="-526"/><int name="y2" value="24"/><int name="prev" value="22"/><int name="next" value="20"/><int name="piece" value="18"/></imgdir></imgdir><imgdir name="16"><imgdir name="22"><int name="x1" value="-717"/><int name="y1" value="24"/><int name="x2" value="-616"/><int name="y2" value="24"/><int name="prev" value="23"/><int name="next" value="21"/><int name="piece" value="19"/></imgdir></imgdir><imgdir name="2"><imgdir name="23"><int name="x1" value="-811"/><int name="y1" value="24"/><int name="x2" value="-717"/><int name="y2" value="24"/><int name="prev" value="24"/><int name="next" value="22"/><int name="piece" value="20"/></imgdir></imgdir><imgdir name="5"><imgdir name="24"><int name="x1" value="-920"/><int name="y1" value="24"/><int name="x2" value="-811"/><int name="y2" value="24"/><int name="prev" value="0"/><int name="next" value="23"/><int name="piece" value="21"/></imgdir></imgdir></imgdir></imgdir><imgdir name="ladderRope"></imgdir><imgdir name="miniMap"><canvas name="canvas" width="141" height="75"><string name="_hash" value="8627fbdd05b1065b6423a81feb87693ffda9849b7665e02b9dbb4b469eccbbf2"/></canvas><int name="width" value="2258"/><int name="height" value="1215"/><int name="centerX" value="968"/><int name="centerY" value="883"/><int name="mag" value="4"/></imgdir><imgdir name="portal"><imgdir name="0"><string name="pn" value="sp"/><int name="pt" value="0"/><int name="x" value="166"/><int name="y" value="-13"/><int name="tm" value="999999999"/><string name="tn" value=""/><int name="horizontalImpact" value="0"/></imgdir></imgdir></imgdir>