<?xml version="1.0" encoding="UTF-8" standalone="yes"?><imgdir name="910120002.img"><imgdir name="info"><int name="version" value="10"/><int name="cloud" value="0"/><int name="town" value="0"/><int name="returnMap" value="101000000"/><float name="mobRate" value="1.999998"/><string name="bgm" value="Bgm01/MoonlightShadow"/><string name="mapDesc" value=""/><int name="forcedReturn" value="101020000"/><int name="hideMinimap" value="0"/><int name="moveLimit" value="0"/><string name="mapMark" value="Ellinia"/><string name="link" value="910120000"/><int name="swim" value="0"/><int name="fly" value="0"/><int name="noMapCmd" value="0"/><int name="fieldLimit" value="344252"/><int name="lvForceMove" value="20"/><string name="onFirstUserEnter" value=""/><string name="onUserEnter" value=""/></imgdir></imgdir>