<?xml version="1.0" encoding="UTF-8" standalone="yes"?><imgdir name="910160003.img"><imgdir name="info"><int name="version" value="10"/><int name="cloud" value="0"/><int name="town" value="0"/><int name="swim" value="0"/><int name="returnMap" value="910160100"/><int name="forcedReturn" value="910160100"/><float name="mobRate" value="2.999999"/><string name="bgm" value="Bgm00/GoPicnic"/><string name="mapMark" value="Goldrich"/><int name="fly" value="0"/><int name="noMapCmd" value="1"/><int name="hideMinimap" value="0"/><int name="fieldLimit" value="2433788"/><string name="onFirstUserEnter" value=""/><string name="onUserEnter" value=""/><int name="VRTop" value="-878"/><int name="VRLeft" value="-1169"/><int name="VRBottom" value="152"/><int name="VRRight" value="329"/><int name="standAlone" value="0"/><int name="fieldType" value="41"/><int name="timeLimit" value="1800"/><string name="fieldScript" value=""/><string name="link" value="910160000"/></imgdir></imgdir>