<?xml version="1.0" encoding="UTF-8" standalone="yes"?><imgdir name="910142075.img"><imgdir name="info"><int name="version" value="10"/><int name="cloud" value="0"/><int name="town" value="0"/><int name="swim" value="0"/><int name="returnMap" value="101000000"/><int name="forcedReturn" value="999999999"/><float name="mobRate" value="1.0"/><string name="bgm" value="Bgm26/DarkWoods"/><string name="mapMark" value="Ellinia"/><int name="fly" value="0"/><int name="standAlone" value="1"/><int name="partyStandAlone" value="0"/><int name="noMapCmd" value="0"/><int name="hideMinimap" value="1"/><int name="fieldLimit" value="74488"/><int name="VRTop" value="-670"/><int name="VRLeft" value="-715"/><int name="VRBottom" value="100"/><int name="VRRight" value="1070"/><string name="fieldScript" value=""/><string name="onFirstUserEnter" value=""/><string name="onUserEnter" value="enter_q25617"/><string name="link" value="910142060"/></imgdir></imgdir>