<?xml version="1.0" encoding="UTF-8" standalone="yes"?><imgdir name="910142210.img"><imgdir name="info"><int name="version" value="10"/><int name="cloud" value="0"/><int name="town" value="0"/><int name="returnMap" value="910142210"/><float name="mobRate" value="1.499998"/><string name="bgm" value="Bgm01/MoonlightShadow"/><string name="mapDesc" value=""/><int name="forcedReturn" value="999999999"/><int name="hideMinimap" value="0"/><int name="moveLimit" value="0"/><string name="mapMark" value="Ellinia"/><int name="swim" value="0"/><int name="fly" value="0"/><int name="noMapCmd" value="0"/><int name="fieldLimit" value="33825528"/><string name="fieldScript" value=""/><string name="onFirstUserEnter" value=""/><string name="onUserEnter" value="enter_910142210"/><int name="standAlone" value="1"/><int name="partyStandAlone" value="0"/><int name="VRTop" value="500"/><int name="VRLeft" value="-1550"/><int name="VRBottom" value="1500"/><int name="VRRight" value="-150"/><int name="noChair" value="1"/></imgdir><imgdir name="back"><imgdir name="0"><string name="bS" value="shineWood"/><int name="no" value="0"/><int name="x" value="-13"/><int name="y" value="3"/><int name="rx" value="-2"/><int name="ry" value="-10"/><int name="type" value="3"/><int name="cx" value="0"/><int name="cy" value="0"/><int name="a" value="255"/><int name="front" value="0"/><int name="ani" value="0"/><int name="f" value="0"/></imgdir><imgdir name="1"><string name="bS" value="shineWood"/><int name="no" value="1"/><int name="x" value="241"/><int name="y" value="-79"/><int name="rx" value="-3"/><int name="ry" value="-15"/><int name="type" value="2"/><int name="cx" value="0"/><int name="cy" value="0"/><int name="a" value="255"/><int name="front" value="0"/><int name="ani" value="0"/><int name="f" value="0"/></imgdir><imgdir name="2"><string name="bS" value="shineWood"/><int name="no" value="2"/><int name="x" value="-297"/><int name="y" value="-45"/><int name="rx" value="-3"/><int name="ry" value="-15"/><int name="type" value="2"/><int name="cx" value="0"/><int name="cy" value="0"/><int name="a" value="255"/><int name="front" value="0"/><int name="ani" value="0"/><int name="f" value="0"/></imgdir><imgdir name="5"><string name="bS" value="shineWood"/><int name="no" value="5"/><int name="x" value="-431"/><int name="y" value="-6"/><int name="rx" value="-18"/><int name="ry" value="-25"/><int name="type" value="3"/><int name="cx" value="600"/><int name="cy" value="0"/><int name="a" value="255"/><int name="front" value="0"/><int name="ani" value="0"/><int name="f" value="0"/></imgdir><imgdir name="4"><string name="bS" value="shineWood"/><int name="no" value="7"/><int name="x" value="128"/><int name="y" value="128"/><int name="rx" value="-15"/><int name="ry" value="-23"/><int name="type" value="3"/><int name="cx" value="400"/><int name="cy" value="0"/><int name="a" value="255"/><int name="front" value="0"/><int name="ani" value="0"/><int name="f" value="0"/></imgdir><imgdir name="6"><string name="bS" value="shineWood"/><int name="no" value="6"/><int name="x" value="-157"/><int name="y" value="367"/><int name="rx" value="-20"/><int name="ry" value="-25"/><int name="type" value="2"/><int name="cx" value="550"/><int name="cy" value="0"/><int name="a" value="255"/><int name="front" value="0"/><int name="ani" value="0"/><int name="f" value="0"/></imgdir><imgdir name="7"><string name="bS" value="shineWood"/><int name="no" value="10"/><int name="x" value="-229"/><int name="y" value="66"/><int name="rx" value="-25"/><int name="ry" value="-30"/><int name="type" value="3"/><int name="cx" value="500"/><int name="cy" value="0"/><int name="a" value="255"/><int name="front" value="0"/><int name="ani" value="0"/><int name="f" value="0"/></imgdir><imgdir name="3"><string name="bS" value="shineWood"/><int name="front" value="0"/><int name="ani" value="0"/><int name="no" value="7"/><int name="f" value="0"/><int name="x" value="-646"/><int name="y" value="44"/><int name="rx" value="-2"/><int name="ry" value="-10"/><int name="type" value="2"/><int name="cx" value="0"/><int name="cy" value="0"/><int name="a" value="255"/></imgdir><imgdir name="10"><string name="bS" value="shineWood"/><int name="no" value="16"/><int name="x" value="-297"/><int name="y" value="-370"/><int name="rx" value="-31"/><int name="ry" value="-31"/><int name="type" value="3"/><int name="cx" value="548"/><int name="cy" value="548"/><int name="a" value="255"/><int name="front" value="0"/><int name="ani" value="0"/><int name="f" value="0"/></imgdir><imgdir name="9"><string name="bS" value="shineWood"/><int name="no" value="16"/><int name="x" value="-434"/><int name="y" value="-507"/><int name="rx" value="-31"/><int name="ry" value="-31"/><int name="type" value="3"/><int name="cx" value="548"/><int name="cy" value="548"/><int name="a" value="255"/><int name="front" value="0"/><int name="ani" value="0"/><int name="f" value="0"/></imgdir><imgdir name="8"><string name="bS" value="shineWood"/><int name="no" value="10"/><int name="x" value="-516"/><int name="y" value="-223"/><int name="rx" value="-23"/><int name="ry" value="-28"/><int name="type" value="3"/><int name="cx" value="450"/><int name="cy" value="0"/><int name="a" value="255"/><int name="front" value="0"/><int name="ani" value="0"/><int name="f" value="0"/></imgdir><imgdir name="11"><string name="bS" value="shineWood"/><int name="no" value="16"/><int name="x" value="-160"/><int name="y" value="-233"/><int name="rx" value="-31"/><int name="ry" value="-31"/><int name="type" value="3"/><int name="cx" value="548"/><int name="cy" value="548"/><int name="a" value="255"/><int name="front" value="0"/><int name="ani" value="0"/><int name="f" value="0"/></imgdir><imgdir name="12"><string name="bS" value="shineWood"/><int name="no" value="16"/><int name="x" value="-23"/><int name="y" value="-96"/><int name="rx" value="-31"/><int name="ry" value="-31"/><int name="type" value="3"/><int name="cx" value="548"/><int name="cy" value="548"/><int name="a" value="255"/><int name="front" value="0"/><int name="ani" value="0"/><int name="f" value="0"/></imgdir><imgdir name="13"><string name="bS" value="shineWood"/><int name="no" value="12"/><int name="x" value="-244"/><int name="y" value="-392"/><int name="rx" value="-35"/><int name="ry" value="-35"/><int name="type" value="2"/><int name="cx" value="0"/><int name="cy" value="0"/><int name="a" value="255"/><int name="front" value="0"/><int name="ani" value="0"/><int name="f" value="0"/></imgdir><imgdir name="14"><string name="bS" value="shineWood"/><int name="no" value="15"/><int name="x" value="-1382"/><int name="y" value="-14"/><int name="rx" value="-100"/><int name="ry" value="-100"/><int name="type" value="2"/><int name="cx" value="0"/><int name="cy" value="0"/><int name="a" value="255"/><int name="front" value="0"/><int name="ani" value="0"/><int name="f" value="0"/></imgdir><imgdir name="15"><string name="bS" value="shineWood"/><int name="no" value="15"/><int name="x" value="-335"/><int name="y" value="-35"/><int name="rx" value="-100"/><int name="ry" value="-100"/><int name="type" value="2"/><int name="cx" value="0"/><int name="cy" value="0"/><int name="a" value="255"/><int name="front" value="0"/><int name="ani" value="0"/><int name="f" value="0"/></imgdir></imgdir><imgdir name="life"></imgdir><imgdir name="0"><imgdir name="info"></imgdir><imgdir name="tile"></imgdir><imgdir name="obj"></imgdir></imgdir><imgdir name="1"><imgdir name="info"></imgdir><imgdir name="tile"></imgdir><imgdir name="obj"><imgdir name="2"><string name="oS" value="acc2"/><string name="l0" value="shineWood"/><string name="l1" value="foot"/><string name="l2" value="24"/><int name="x" value="-577"/><int name="y" value="1290"/><int name="z" value="4"/><int name="f" value="0"/><int name="zM" value="2"/><int name="piece" value="2"/></imgdir><imgdir name="7"><string name="oS" value="acc2"/><string name="l0" value="shineWood"/><string name="l1" value="foot"/><string name="l2" value="2"/><int name="x" value="-908"/><int name="y" value="1347"/><int name="z" value="4"/><int name="f" value="0"/><int name="zM" value="1"/><int name="piece" value="7"/></imgdir><imgdir name="6"><string name="oS" value="acc2"/><string name="l0" value="shineWood"/><string name="l1" value="foot"/><string name="l2" value="23"/><int name="x" value="-1142"/><int name="y" value="1294"/><int name="z" value="3"/><int name="f" value="0"/><int name="zM" value="1"/><int name="piece" value="6"/></imgdir><imgdir name="4"><string name="oS" value="acc2"/><string name="l0" value="shineWood"/><string name="l1" value="foot"/><string name="l2" value="24"/><int name="x" value="-614"/><int name="y" value="1105"/><int name="z" value="3"/><int name="f" value="0"/><int name="zM" value="3"/><int name="piece" value="4"/></imgdir><imgdir name="3"><string name="oS" value="acc2"/><string name="l0" value="shineWood"/><string name="l1" value="foot"/><string name="l2" value="23"/><int name="x" value="-1102"/><int name="y" value="1116"/><int name="z" value="3"/><int name="f" value="0"/><int name="zM" value="1"/><int name="piece" value="3"/></imgdir><imgdir name="1"><string name="oS" value="acc2"/><string name="l0" value="shineWood"/><string name="l1" value="foot"/><string name="l2" value="2"/><int name="x" value="-855"/><int name="y" value="1164"/><int name="z" value="4"/><int name="f" value="0"/><int name="zM" value="1"/><int name="piece" value="1"/></imgdir><imgdir name="0"><string name="oS" value="acc2"/><string name="l0" value="shineWood"/><string name="l1" value="foot"/><string name="l2" value="0"/><int name="x" value="-708"/><int name="y" value="986"/><int name="z" value="2"/><int name="f" value="0"/><int name="zM" value="3"/><int name="piece" value="0"/></imgdir><imgdir name="9"><string name="oS" value="acc2"/><string name="l0" value="shineWood"/><string name="l1" value="foot"/><string name="l2" value="2"/><int name="x" value="-855"/><int name="y" value="970"/><int name="z" value="4"/><int name="f" value="0"/><int name="zM" value="3"/><int name="piece" value="9"/></imgdir><imgdir name="8"><string name="oS" value="acc2"/><string name="l0" value="shineWood"/><string name="l1" value="foot"/><string name="l2" value="2"/><int name="x" value="-968"/><int name="y" value="967"/><int name="z" value="3"/><int name="f" value="0"/><int name="zM" value="4"/><int name="piece" value="8"/></imgdir><imgdir name="5"><string name="oS" value="acc2"/><string name="l0" value="shineWood"/><string name="l1" value="minidungeon"/><string name="l2" value="0"/><int name="x" value="-345"/><int name="y" value="1166"/><int name="z" value="0"/><int name="f" value="0"/><int name="zM" value="3"/><int name="piece" value="5"/></imgdir><imgdir name="10"><string name="oS" value="acc2"/><string name="l0" value="shineWood"/><string name="l1" value="foot"/><string name="l2" value="2"/><int name="x" value="-804"/><int name="y" value="1349"/><int name="z" value="3"/><int name="f" value="0"/><int name="zM" value="3"/><int name="piece" value="10"/></imgdir><imgdir name="11"><string name="oS" value="acc2"/><string name="l0" value="shineWood"/><string name="l1" value="minidungeon"/><string name="l2" value="2"/><int name="x" value="-1382"/><int name="y" value="1189"/><int name="z" value="0"/><int name="f" value="0"/><int name="zM" value="1"/><int name="piece" value="11"/></imgdir></imgdir></imgdir><imgdir name="2"><imgdir name="info"></imgdir><imgdir name="tile"></imgdir><imgdir name="obj"></imgdir></imgdir><imgdir name="3"><imgdir name="info"></imgdir><imgdir name="tile"></imgdir><imgdir name="obj"></imgdir></imgdir><imgdir name="4"><imgdir name="info"></imgdir><imgdir name="tile"></imgdir><imgdir name="obj"></imgdir></imgdir><imgdir name="5"><imgdir name="info"></imgdir><imgdir name="tile"></imgdir><imgdir name="obj"></imgdir></imgdir><imgdir name="6"><imgdir name="info"></imgdir><imgdir name="tile"></imgdir><imgdir name="obj"></imgdir></imgdir><imgdir name="7"><imgdir name="info"></imgdir><imgdir name="tile"></imgdir><imgdir name="obj"></imgdir></imgdir><imgdir name="reactor"></imgdir><imgdir name="foothold"><imgdir name="1"><imgdir name="3"><imgdir name="1"><int name="x1" value="-780"/><int name="y1" value="960"/><int name="x2" value="-725"/><int name="y2" value="960"/><int name="prev" value="25"/><int name="next" value="2"/><int name="piece" value="0"/></imgdir><imgdir name="2"><int name="x1" value="-725"/><int name="y1" value="960"/><int name="x2" value="-709"/><int name="y2" value="956"/><int name="prev" value="1"/><int name="next" value="3"/><int name="piece" value="0"/></imgdir><imgdir name="3"><int name="x1" value="-709"/><int name="y1" value="956"/><int name="x2" value="-657"/><int name="y2" value="956"/><int name="prev" value="2"/><int name="next" value="4"/><int name="piece" value="0"/></imgdir><imgdir name="4"><int name="x1" value="-657"/><int name="y1" value="956"/><int name="x2" value="-647"/><int name="y2" value="951"/><int name="prev" value="3"/><int name="next" value="5"/><int name="piece" value="0"/></imgdir><imgdir name="5"><int name="x1" value="-647"/><int name="y1" value="951"/><int name="x2" value="-627"/><int name="y2" value="953"/><int name="prev" value="4"/><int name="next" value="6"/><int name="piece" value="0"/></imgdir><imgdir name="6"><int name="x1" value="-627"/><int name="y1" value="953"/><int name="x2" value="-612"/><int name="y2" value="959"/><int name="prev" value="5"/><int name="next" value="0"/><int name="piece" value="0"/></imgdir><imgdir name="7"><int name="x1" value="-780"/><int name="y1" value="1163"/><int name="x2" value="-757"/><int name="y2" value="1152"/><int name="prev" value="34"/><int name="next" value="8"/><int name="piece" value="4"/></imgdir><imgdir name="8"><int name="x1" value="-757"/><int name="y1" value="1152"/><int name="x2" value="-685"/><int name="y2" value="1149"/><int name="prev" value="7"/><int name="next" value="9"/><int name="piece" value="4"/></imgdir><imgdir name="9"><int name="x1" value="-685"/><int name="y1" value="1149"/><int name="x2" value="-649"/><int name="y2" value="1140"/><int name="prev" value="8"/><int name="next" value="10"/><int name="piece" value="4"/></imgdir><imgdir name="10"><int name="x1" value="-649"/><int name="y1" value="1140"/><int name="x2" value="-593"/><int name="y2" value="1119"/><int name="prev" value="9"/><int name="next" value="11"/><int name="piece" value="4"/></imgdir><imgdir name="11"><int name="x1" value="-593"/><int name="y1" value="1119"/><int name="x2" value="-549"/><int name="y2" value="1092"/><int name="prev" value="10"/><int name="next" value="12"/><int name="piece" value="4"/></imgdir><imgdir name="12"><int name="x1" value="-549"/><int name="y1" value="1092"/><int name="x2" value="-508"/><int name="y2" value="1054"/><int name="prev" value="11"/><int name="next" value="13"/><int name="piece" value="4"/></imgdir><imgdir name="13"><int name="x1" value="-508"/><int name="y1" value="1054"/><int name="x2" value="-491"/><int name="y2" value="1044"/><int name="prev" value="12"/><int name="next" value="14"/><int name="piece" value="4"/></imgdir><imgdir name="14"><int name="x1" value="-491"/><int name="y1" value="1044"/><int name="x2" value="-462"/><int name="y2" value="1040"/><int name="prev" value="13"/><int name="next" value="15"/><int name="piece" value="4"/></imgdir><imgdir name="15"><int name="x1" value="-462"/><int name="y1" value="1040"/><int name="x2" value="-431"/><int name="y2" value="1046"/><int name="prev" value="14"/><int name="next" value="16"/><int name="piece" value="4"/></imgdir><imgdir name="16"><int name="x1" value="-431"/><int name="y1" value="1046"/><int name="x2" value="-420"/><int name="y2" value="1054"/><int name="prev" value="15"/><int name="next" value="0"/><int name="piece" value="4"/></imgdir><imgdir name="17"><int name="x1" value="-447"/><int name="y1" value="1229"/><int name="x2" value="-424"/><int name="y2" value="1221"/><int name="prev" value="67"/><int name="next" value="18"/><int name="piece" value="5"/></imgdir><imgdir name="18"><int name="x1" value="-424"/><int name="y1" value="1221"/><int name="x2" value="-396"/><int name="y2" value="1228"/><int name="prev" value="17"/><int name="next" value="19"/><int name="piece" value="5"/></imgdir><imgdir name="19"><int name="x1" value="-396"/><int name="y1" value="1228"/><int name="x2" value="-331"/><int name="y2" value="1224"/><int name="prev" value="18"/><int name="next" value="0"/><int name="piece" value="5"/></imgdir><imgdir name="20"><int name="x1" value="-896"/><int name="y1" value="965"/><int name="x2" value="-882"/><int name="y2" value="960"/><int name="prev" value="73"/><int name="next" value="21"/><int name="piece" value="9"/></imgdir><imgdir name="21"><int name="x1" value="-882"/><int name="y1" value="960"/><int name="x2" value="-853"/><int name="y2" value="964"/><int name="prev" value="20"/><int name="next" value="22"/><int name="piece" value="9"/></imgdir><imgdir name="22"><int name="x1" value="-853"/><int name="y1" value="964"/><int name="x2" value="-823"/><int name="y2" value="964"/><int name="prev" value="21"/><int name="next" value="23"/><int name="piece" value="9"/></imgdir><imgdir name="23"><int name="x1" value="-823"/><int name="y1" value="964"/><int name="x2" value="-812"/><int name="y2" value="962"/><int name="prev" value="22"/><int name="next" value="24"/><int name="piece" value="9"/></imgdir><imgdir name="24"><int name="x1" value="-812"/><int name="y1" value="962"/><int name="x2" value="-790"/><int name="y2" value="967"/><int name="prev" value="23"/><int name="next" value="25"/><int name="piece" value="9"/></imgdir><imgdir name="25"><int name="x1" value="-790"/><int name="y1" value="967"/><int name="x2" value="-780"/><int name="y2" value="960"/><int name="prev" value="24"/><int name="next" value="1"/><int name="piece" value="0"/></imgdir><imgdir name="26"><int name="x1" value="-843"/><int name="y1" value="1343"/><int name="x2" value="-831"/><int name="y2" value="1339"/><int name="prev" value="57"/><int name="next" value="27"/><int name="piece" value="10"/></imgdir><imgdir name="27"><int name="x1" value="-831"/><int name="y1" value="1339"/><int name="x2" value="-802"/><int name="y2" value="1343"/><int name="prev" value="26"/><int name="next" value="28"/><int name="piece" value="10"/></imgdir><imgdir name="28"><int name="x1" value="-802"/><int name="y1" value="1343"/><int name="x2" value="-772"/><int name="y2" value="1343"/><int name="prev" value="27"/><int name="next" value="29"/><int name="piece" value="10"/></imgdir><imgdir name="29"><int name="x1" value="-772"/><int name="y1" value="1343"/><int name="x2" value="-761"/><int name="y2" value="1341"/><int name="prev" value="28"/><int name="next" value="30"/><int name="piece" value="10"/></imgdir><imgdir name="30"><int name="x1" value="-761"/><int name="y1" value="1341"/><int name="x2" value="-739"/><int name="y2" value="1346"/><int name="prev" value="29"/><int name="next" value="68"/><int name="piece" value="10"/></imgdir></imgdir><imgdir name="1"><imgdir name="31"><int name="x1" value="-882"/><int name="y1" value="1154"/><int name="x2" value="-853"/><int name="y2" value="1158"/><int name="prev" value="44"/><int name="next" value="32"/><int name="piece" value="1"/></imgdir><imgdir name="32"><int name="x1" value="-853"/><int name="y1" value="1158"/><int name="x2" value="-823"/><int name="y2" value="1158"/><int name="prev" value="31"/><int name="next" value="33"/><int name="piece" value="1"/></imgdir><imgdir name="33"><int name="x1" value="-823"/><int name="y1" value="1158"/><int name="x2" value="-812"/><int name="y2" value="1156"/><int name="prev" value="32"/><int name="next" value="34"/><int name="piece" value="1"/></imgdir><imgdir name="34"><int name="x1" value="-812"/><int name="y1" value="1156"/><int name="x2" value="-780"/><int name="y2" value="1163"/><int name="prev" value="33"/><int name="next" value="7"/><int name="piece" value="1"/></imgdir><imgdir name="35"><int name="x1" value="-1287"/><int name="y1" value="1052"/><int name="x2" value="-1262"/><int name="y2" value="1040"/><int name="prev" value="0"/><int name="next" value="36"/><int name="piece" value="3"/></imgdir><imgdir name="36"><int name="x1" value="-1262"/><int name="y1" value="1040"/><int name="x2" value="-1196"/><int name="y2" value="1043"/><int name="prev" value="35"/><int name="next" value="37"/><int name="piece" value="3"/></imgdir><imgdir name="37"><int name="x1" value="-1196"/><int name="y1" value="1043"/><int name="x2" value="-1160"/><int name="y2" value="1070"/><int name="prev" value="36"/><int name="next" value="38"/><int name="piece" value="3"/></imgdir><imgdir name="38"><int name="x1" value="-1160"/><int name="y1" value="1070"/><int name="x2" value="-1137"/><int name="y2" value="1089"/><int name="prev" value="37"/><int name="next" value="39"/><int name="piece" value="3"/></imgdir><imgdir name="39"><int name="x1" value="-1137"/><int name="y1" value="1089"/><int name="x2" value="-1111"/><int name="y2" value="1106"/><int name="prev" value="38"/><int name="next" value="40"/><int name="piece" value="3"/></imgdir><imgdir name="40"><int name="x1" value="-1111"/><int name="y1" value="1106"/><int name="x2" value="-1070"/><int name="y2" value="1125"/><int name="prev" value="39"/><int name="next" value="41"/><int name="piece" value="3"/></imgdir><imgdir name="41"><int name="x1" value="-1070"/><int name="y1" value="1125"/><int name="x2" value="-995"/><int name="y2" value="1144"/><int name="prev" value="40"/><int name="next" value="42"/><int name="piece" value="3"/></imgdir><imgdir name="42"><int name="x1" value="-995"/><int name="y1" value="1144"/><int name="x2" value="-952"/><int name="y2" value="1148"/><int name="prev" value="41"/><int name="next" value="43"/><int name="piece" value="3"/></imgdir><imgdir name="43"><int name="x1" value="-952"/><int name="y1" value="1148"/><int name="x2" value="-907"/><int name="y2" value="1164"/><int name="prev" value="42"/><int name="next" value="44"/><int name="piece" value="3"/></imgdir><imgdir name="44"><int name="x1" value="-907"/><int name="y1" value="1164"/><int name="x2" value="-882"/><int name="y2" value="1154"/><int name="prev" value="43"/><int name="next" value="31"/><int name="piece" value="1"/></imgdir><imgdir name="45"><int name="x1" value="-1302"/><int name="y1" value="1218"/><int name="x2" value="-1236"/><int name="y2" value="1221"/><int name="prev" value="60"/><int name="next" value="46"/><int name="piece" value="6"/></imgdir><imgdir name="46"><int name="x1" value="-1236"/><int name="y1" value="1221"/><int name="x2" value="-1200"/><int name="y2" value="1248"/><int name="prev" value="45"/><int name="next" value="47"/><int name="piece" value="6"/></imgdir><imgdir name="47"><int name="x1" value="-1200"/><int name="y1" value="1248"/><int name="x2" value="-1177"/><int name="y2" value="1267"/><int name="prev" value="46"/><int name="next" value="48"/><int name="piece" value="6"/></imgdir><imgdir name="48"><int name="x1" value="-1177"/><int name="y1" value="1267"/><int name="x2" value="-1151"/><int name="y2" value="1284"/><int name="prev" value="47"/><int name="next" value="49"/><int name="piece" value="6"/></imgdir><imgdir name="49"><int name="x1" value="-1151"/><int name="y1" value="1284"/><int name="x2" value="-1110"/><int name="y2" value="1303"/><int name="prev" value="48"/><int name="next" value="50"/><int name="piece" value="6"/></imgdir><imgdir name="50"><int name="x1" value="-1110"/><int name="y1" value="1303"/><int name="x2" value="-1035"/><int name="y2" value="1322"/><int name="prev" value="49"/><int name="next" value="51"/><int name="piece" value="6"/></imgdir><imgdir name="51"><int name="x1" value="-1035"/><int name="y1" value="1322"/><int name="x2" value="-992"/><int name="y2" value="1326"/><int name="prev" value="50"/><int name="next" value="52"/><int name="piece" value="6"/></imgdir><imgdir name="52"><int name="x1" value="-992"/><int name="y1" value="1326"/><int name="x2" value="-946"/><int name="y2" value="1341"/><int name="prev" value="51"/><int name="next" value="53"/><int name="piece" value="6"/></imgdir><imgdir name="53"><int name="x1" value="-946"/><int name="y1" value="1341"/><int name="x2" value="-935"/><int name="y2" value="1337"/><int name="prev" value="52"/><int name="next" value="54"/><int name="piece" value="7"/></imgdir><imgdir name="54"><int name="x1" value="-935"/><int name="y1" value="1337"/><int name="x2" value="-906"/><int name="y2" value="1341"/><int name="prev" value="53"/><int name="next" value="55"/><int name="piece" value="7"/></imgdir><imgdir name="55"><int name="x1" value="-906"/><int name="y1" value="1341"/><int name="x2" value="-876"/><int name="y2" value="1341"/><int name="prev" value="54"/><int name="next" value="56"/><int name="piece" value="7"/></imgdir><imgdir name="56"><int name="x1" value="-876"/><int name="y1" value="1341"/><int name="x2" value="-865"/><int name="y2" value="1339"/><int name="prev" value="55"/><int name="next" value="57"/><int name="piece" value="7"/></imgdir><imgdir name="57"><int name="x1" value="-865"/><int name="y1" value="1339"/><int name="x2" value="-843"/><int name="y2" value="1343"/><int name="prev" value="56"/><int name="next" value="26"/><int name="piece" value="7"/></imgdir><imgdir name="58"><int name="x1" value="-1423"/><int name="y1" value="1220"/><int name="x2" value="-1359"/><int name="y2" value="1224"/><int name="prev" value="0"/><int name="next" value="59"/><int name="piece" value="12"/></imgdir><imgdir name="59"><int name="x1" value="-1359"/><int name="y1" value="1224"/><int name="x2" value="-1306"/><int name="y2" value="1220"/><int name="prev" value="58"/><int name="next" value="60"/><int name="piece" value="12"/></imgdir><imgdir name="60"><int name="x1" value="-1306"/><int name="y1" value="1220"/><int name="x2" value="-1302"/><int name="y2" value="1218"/><int name="prev" value="59"/><int name="next" value="45"/><int name="piece" value="6"/></imgdir></imgdir><imgdir name="2"><imgdir name="61"><int name="x1" value="-720"/><int name="y1" value="1337"/><int name="x2" value="-648"/><int name="y2" value="1334"/><int name="prev" value="68"/><int name="next" value="62"/><int name="piece" value="2"/></imgdir><imgdir name="62"><int name="x1" value="-648"/><int name="y1" value="1334"/><int name="x2" value="-612"/><int name="y2" value="1325"/><int name="prev" value="61"/><int name="next" value="63"/><int name="piece" value="2"/></imgdir><imgdir name="63"><int name="x1" value="-612"/><int name="y1" value="1325"/><int name="x2" value="-556"/><int name="y2" value="1304"/><int name="prev" value="62"/><int name="next" value="64"/><int name="piece" value="2"/></imgdir><imgdir name="64"><int name="x1" value="-556"/><int name="y1" value="1304"/><int name="x2" value="-512"/><int name="y2" value="1277"/><int name="prev" value="63"/><int name="next" value="65"/><int name="piece" value="2"/></imgdir><imgdir name="65"><int name="x1" value="-512"/><int name="y1" value="1277"/><int name="x2" value="-471"/><int name="y2" value="1239"/><int name="prev" value="64"/><int name="next" value="66"/><int name="piece" value="2"/></imgdir><imgdir name="66"><int name="x1" value="-471"/><int name="y1" value="1239"/><int name="x2" value="-454"/><int name="y2" value="1229"/><int name="prev" value="65"/><int name="next" value="67"/><int name="piece" value="2"/></imgdir><imgdir name="67"><int name="x1" value="-454"/><int name="y1" value="1229"/><int name="x2" value="-447"/><int name="y2" value="1229"/><int name="prev" value="66"/><int name="next" value="17"/><int name="piece" value="2"/></imgdir><imgdir name="68"><int name="x1" value="-739"/><int name="y1" value="1346"/><int name="x2" value="-720"/><int name="y2" value="1337"/><int name="prev" value="30"/><int name="next" value="61"/><int name="piece" value="2"/></imgdir></imgdir><imgdir name="4"><imgdir name="69"><int name="x1" value="-1031"/><int name="y1" value="970"/><int name="x2" value="-995"/><int name="y2" value="957"/><int name="prev" value="0"/><int name="next" value="70"/><int name="piece" value="8"/></imgdir><imgdir name="70"><int name="x1" value="-995"/><int name="y1" value="957"/><int name="x2" value="-966"/><int name="y2" value="961"/><int name="prev" value="69"/><int name="next" value="71"/><int name="piece" value="8"/></imgdir><imgdir name="71"><int name="x1" value="-966"/><int name="y1" value="961"/><int name="x2" value="-936"/><int name="y2" value="961"/><int name="prev" value="70"/><int name="next" value="72"/><int name="piece" value="8"/></imgdir><imgdir name="72"><int name="x1" value="-936"/><int name="y1" value="961"/><int name="x2" value="-925"/><int name="y2" value="959"/><int name="prev" value="71"/><int name="next" value="73"/><int name="piece" value="8"/></imgdir><imgdir name="73"><int name="x1" value="-925"/><int name="y1" value="959"/><int name="x2" value="-896"/><int name="y2" value="965"/><int name="prev" value="72"/><int name="next" value="20"/><int name="piece" value="8"/></imgdir></imgdir></imgdir></imgdir><imgdir name="ladderRope"></imgdir><imgdir name="miniMap"><canvas name="canvas" width="88" height="42"><string name="_hash" value="da0bf2e992e2c0838537d556b6951943fe63d7031a7e80bcf63c037e312dd3a0"/></canvas><int name="width" value="1418"/><int name="height" value="675"/><int name="centerX" value="1567"/><int name="centerY" value="-781"/><int name="mag" value="4"/></imgdir><imgdir name="portal"><imgdir name="0"><string name="pn" value="sp"/><int name="pt" value="0"/><int name="x" value="-757"/><int name="y" value="1279"/><int name="tm" value="999999999"/><string name="tn" value=""/></imgdir></imgdir></imgdir>