<?xml version="1.0" encoding="UTF-8" standalone="yes"?>
<imgdir name="0002008.img">
<imgdir name="info">
<int name="componentNPC" value="1"/>
<imgdir name="component">
<int name="skin" value="3"/>
<int name="face" value="21397"/>
<int name="hair" value="37847"/>
<int name="cap" value="1003855"/>
<int name="clothes" value="1052245"/>
<int name="shoes" value="1072438"/>
</imgdir>
<imgdir name="script">
<imgdir name="0">
<string name="script" value="talk_sugarMaple"/>
</imgdir>
</imgdir>
</imgdir>
<imgdir name="stand">
<canvas name="0" width="45" height="74">
<vector name="origin" x="21" y="74"/>
<int name="z" value="0"/>
<int name="delay" value="900"/>
<string name="_hash" value="e4781a730b19157484dccedd012c6a07b0c00539a59f79aad30b8dcac9d4b345"/>
</canvas>
</imgdir>
</imgdir>
