<?xml version="1.0" encoding="UTF-8" standalone="yes"?>
<imgdir name="0002100.img">
<imgdir name="info">
<imgdir name="speak">
<string name="0" value="n0"/>
<string name="1" value="n1"/>
<string name="2" value="n2"/>
<string name="3" value="n3"/>
</imgdir>
</imgdir>
<imgdir name="stand">
<canvas name="0" width="51" height="67">
<vector name="origin" x="23" y="67"/>
<int name="z" value="0"/>
<string name="_hash" value="7c5abe838ebc285639f0ea17756ee584b5b5ecf677e5755c50bb7d9e002ec77f"/>
</canvas>
</imgdir>
<imgdir name="move">
<canvas name="0" width="51" height="67">
<vector name="origin" x="23" y="67"/>
<int name="z" value="0"/>
<string name="_hash" value="7ddaa65838990b58aa1597a07190cd954563a04a691bbc9e3ccda2bbbb73da4c"/>
</canvas>
<canvas name="1" width="50" height="68">
<vector name="origin" x="23" y="68"/>
<int name="z" value="0"/>
<string name="_hash" value="4ffe44f88b61ace49fbc87fa0db00cbade891750c9b1c4b4e42deb6cf321c73e"/>
</canvas>
<uol name="2" value="0"/>
<canvas name="3" width="51" height="68">
<vector name="origin" x="23" y="68"/>
<int name="z" value="0"/>
<string name="_hash" value="fdc518c15538e44b9222f352677ee526745db02dd7af5dda65a253458750a7dd"/>
</canvas>
</imgdir>
<imgdir name="blink">
<canvas name="0" width="51" height="67">
<vector name="origin" x="23" y="67"/>
<int name="z" value="0"/>
<string name="delay" value="150"/>
<string name="_hash" value="d5bc88bc98813633c32c000a6692255af33b9ed65a32cbddde5fa1fc63ca7113"/>
</canvas>
<canvas name="1" width="51" height="67">
<vector name="origin" x="23" y="67"/>
<int name="z" value="0"/>
<string name="delay" value="100"/>
<string name="_hash" value="021dc5383a93957b2dc86bad4f73601c0c8c6388623c045f29fde5afdae252fa"/>
</canvas>
<canvas name="2" width="1" height="1">
<vector name="origin" x="23" y="67"/>
<int name="z" value="0"/>
<string name="delay" value="1200"/>
<string name="_inlink" value="stand/0"/>
</canvas>
<uol name="3" value="0"/>
<uol name="4" value="1"/>
<uol name="5" value="2"/>
<uol name="6" value="0"/>
<uol name="7" value="1"/>
<uol name="8" value="2"/>
</imgdir>
<imgdir name="angry">
<canvas name="0" width="51" height="67">
<vector name="origin" x="23" y="67"/>
<int name="z" value="0"/>
<string name="delay" value="5000"/>
<string name="_hash" value="45aeddf4b07310ff9a95bcac333b8bc8b87563ed16a954fe969d9bbaca9608c5"/>
</canvas>
<imgdir name="speak">
<string name="0" value="a0"/>
</imgdir>
</imgdir>
<imgdir name="smile">
<canvas name="0" width="51" height="67">
<vector name="origin" x="23" y="67"/>
<int name="z" value="0"/>
<string name="delay" value="300"/>
<string name="_hash" value="47c5065b22bdff9a8d43cba92cbd60ddeb9dc7b384e06befe1461fb153ccba66"/>
</canvas>
<canvas name="1" width="51" height="67">
<vector name="origin" x="23" y="67"/>
<int name="z" value="0"/>
<string name="delay" value="4700"/>
<string name="_hash" value="195d5177b4221c72ac174f768cf123297448e67f173813821d09142a50854a6f"/>
</canvas>
<imgdir name="speak">
<string name="0" value="s0"/>
</imgdir>
</imgdir>
<imgdir name="image">
<canvas name="0" width="51" height="67">
<vector name="origin" x="23" y="67"/>
<int name="z" value="0"/>
<string name="delay" value="5000"/>
<string name="_hash" value="c4d2ae2fdd6f673128667ff8c70aecfe56404bc97356c2d7c616bbfd743e038f"/>
</canvas>
<imgdir name="speak">
<string name="0" value="i0"/>
</imgdir>
</imgdir>
<imgdir name="alert">
<canvas name="0" width="51" height="67">
<vector name="origin" x="23" y="67"/>
<int name="z" value="0"/>
<string name="delay" value="300"/>
<string name="_hash" value="b0dd20c2ecc5b1c11b912af906c31da805d1ca2e1af6c4a2d4e0d1b687111a70"/>
</canvas>
<canvas name="1" width="51" height="67">
<vector name="origin" x="23" y="67"/>
<int name="z" value="0"/>
<string name="delay" value="4700"/>
<string name="_hash" value="7af72708c356819c713e953a010cc498fb514b608154ec286667fdfc45f7d85e"/>
</canvas>
<imgdir name="speak">
<string name="0" value="l0"/>
</imgdir>
</imgdir>
<imgdir name="hair">
<canvas name="0" width="51" height="67">
<vector name="origin" x="23" y="67"/>
<int name="z" value="0"/>
<string name="delay" value="300"/>
<string name="_hash" value="c1eb4ebf541e25f1206c1d02187c0260833486e712700ec5769c9afe4adfe513"/>
</canvas>
<canvas name="1" width="51" height="67">
<vector name="origin" x="23" y="67"/>
<int name="z" value="0"/>
<string name="delay" value="300"/>
<string name="_hash" value="076155d371d2de1d046632a868156c4b8bccf67171c89f1e56877c3c8dde406c"/>
</canvas>
<canvas name="2" width="51" height="67">
<vector name="origin" x="23" y="67"/>
<int name="z" value="0"/>
<string name="delay" value="4400"/>
<string name="_hash" value="9cac19fa78d02f0266aeebb8ced3e490ab39d9f25a543454b206f1caec91ce74"/>
</canvas>
<imgdir name="speak">
<string name="0" value="h0"/>
</imgdir>
</imgdir>
</imgdir>
