<?xml version="1.0" encoding="UTF-8" standalone="yes"?>
<imgdir name="0002002.img">
<imgdir name="info">
<imgdir name="speak">
<string name="0" value="n0"/>
<string name="1" value="n1"/>
<string name="2" value="n2"/>
</imgdir>
</imgdir>
<imgdir name="stand">
<canvas name="0" width="52" height="70">
<vector name="origin" x="26" y="70"/>
<int name="z" value="0"/>
<int name="delay" value="5000"/>
<string name="_hash" value="6ee6957d6df20fa2ff4b7cd70f13e3ac1ebc8a9fa18d52885ff49f87fdfafb34"/>
</canvas>
</imgdir>
<imgdir name="finger">
<canvas name="0" width="52" height="70">
<vector name="origin" x="26" y="70"/>
<int name="z" value="0"/>
<int name="delay" value="5000"/>
<string name="_hash" value="06af5ae8ba6be6c1a5404f12537f93ba9f2a4f514812c44420e5d3e4a92ba530"/>
</canvas>
<imgdir name="speak">
<string name="0" value="f0"/>
<string name="1" value="f1"/>
</imgdir>
</imgdir>
<imgdir name="wink">
<canvas name="0" width="52" height="70">
<vector name="origin" x="26" y="70"/>
<int name="z" value="0"/>
<int name="delay" value="200"/>
<string name="_hash" value="b88913430518b29824118801924b8d8496b4df36cd915c716fb2a3301994083e"/>
</canvas>
<canvas name="1" width="1" height="1">
<vector name="origin" x="26" y="70"/>
<int name="z" value="0"/>
<int name="delay" value="4800"/>
<string name="_inlink" value="stand/0"/>
</canvas>
<imgdir name="speak">
<string name="0" value="w0"/>
<string name="1" value="w1"/>
<string name="2" value="w2"/>
</imgdir>
</imgdir>
<imgdir name="heart">
<canvas name="0" width="52" height="70">
<vector name="origin" x="26" y="70"/>
<int name="z" value="0"/>
<int name="delay" value="150"/>
<string name="_hash" value="f2b3d8e922d0ad04c32d72537720551bdebb89342249d3fab78c2ceb2356df2d"/>
</canvas>
<canvas name="1" width="51" height="71">
<vector name="origin" x="26" y="71"/>
<int name="z" value="0"/>
<int name="delay" value="150"/>
<string name="_hash" value="887ba68bc2de4b4171651485c78401842e9f9e0079282606415cca16f34c2d18"/>
</canvas>
<canvas name="2" width="51" height="71">
<vector name="origin" x="26" y="71"/>
<int name="z" value="0"/>
<int name="delay" value="150"/>
<string name="_hash" value="8e418323d011e278e2b7f8d94d15c58c80b73d3820a6ad1d751d95ebd293f69f"/>
</canvas>
<canvas name="3" width="51" height="71">
<vector name="origin" x="26" y="71"/>
<int name="z" value="0"/>
<int name="delay" value="150"/>
<string name="_hash" value="292881a1b28731d3138a12837cb6e873ae5395964396a4955689ebd108a3ba57"/>
</canvas>
<canvas name="4" width="51" height="71">
<vector name="origin" x="26" y="71"/>
<int name="z" value="0"/>
<int name="delay" value="150"/>
<string name="_hash" value="5623abc3c74e1900294f3b8916efc0b9b5b5c7546f2c2cb9038d7a11384eb5cf"/>
</canvas>
<canvas name="5" width="51" height="71">
<vector name="origin" x="26" y="71"/>
<int name="z" value="0"/>
<int name="delay" value="150"/>
<string name="_hash" value="553e7fb7c0959aa293907f71c908ab21de6a4c277b7bac13a43dff14a1fc8947"/>
</canvas>
<canvas name="6" width="51" height="71">
<vector name="origin" x="26" y="71"/>
<int name="z" value="0"/>
<int name="delay" value="200"/>
<string name="_hash" value="99dc2f5853ff834e651f791a2cbd3b926457884d8767b4ba43418d51572ce1bf"/>
</canvas>
<uol name="7" value="0"/>
<canvas name="8" width="1" height="1">
<vector name="origin" x="26" y="70"/>
<int name="z" value="0"/>
<int name="delay" value="3750"/>
<string name="_inlink" value="stand/0"/>
</canvas>
<imgdir name="speak">
<string name="0" value="h0"/>
<string name="1" value="h1"/>
</imgdir>
</imgdir>
</imgdir>
