<?xml version="1.0" encoding="UTF-8" standalone="yes"?>
<imgdir name="0011000.img">
<imgdir name="info">
</imgdir>
<imgdir name="stand">
<canvas name="0" width="75" height="88">
<vector name="origin" x="42" y="88"/>
<int name="z" value="0"/>
<int name="delay" value="1200"/>
<string name="_hash" value="9d195935196b08e01a5d9644db0c3bb71ab0c14946d746755dfe439ef6ef1f30"/>
</canvas>
<canvas name="1" width="75" height="88">
<vector name="origin" x="42" y="88"/>
<int name="z" value="0"/>
<int name="delay" value="120"/>
<string name="_hash" value="6ef63f154309b357a42f1cba9adcb7f3e5f355d22c54cea40d047d2dee5eb93d"/>
</canvas>
<canvas name="2" width="1" height="1">
<vector name="origin" x="42" y="88"/>
<int name="z" value="0"/>
<int name="delay" value="1200"/>
<string name="_inlink" value="stand/0"/>
</canvas>
<uol name="3" value="1"/>
<uol name="4" value="2"/>
<uol name="5" value="1"/>
<uol name="6" value="2"/>
</imgdir>
<imgdir name="say">
<canvas name="0" width="1" height="1">
<vector name="origin" x="42" y="88"/>
<int name="z" value="0"/>
<int name="delay" value="1200"/>
<string name="_inlink" value="stand/0"/>
</canvas>
<canvas name="1" width="75" height="88">
<vector name="origin" x="42" y="88"/>
<int name="z" value="0"/>
<int name="delay" value="120"/>
<string name="_hash" value="89947fe2b5d1987f28a762b661b7c3785e18ba2b4a952cb5b988b1a4d73eb635"/>
</canvas>
<canvas name="2" width="75" height="88">
<vector name="origin" x="42" y="88"/>
<int name="z" value="0"/>
<int name="delay" value="120"/>
<string name="_hash" value="9a6319ca24f0d7b4c47cb8702ac0d1b60774d648ba6c7cd3836e92a0ca0620c7"/>
</canvas>
<uol name="3" value="1"/>
<uol name="4" value="2"/>
<uol name="5" value="1"/>
<uol name="6" value="2"/>
<uol name="7" value="1"/>
<uol name="8" value="2"/>
<uol name="9" value="1"/>
<uol name="10" value="2"/>
<imgdir name="speak">
<string name="0" value="n0"/>
<string name="1" value="n1"/>
</imgdir>
</imgdir>
</imgdir>
