<?xml version="1.0" encoding="UTF-8" standalone="yes"?>
<imgdir name="0020002.img">
<imgdir name="info">
<imgdir name="speak">
<string name="0" value="n0"/>
<string name="1" value="n1"/>
<string name="2" value="n2"/>
</imgdir>
</imgdir>
<imgdir name="stand">
<canvas name="0" width="46" height="67">
<vector name="origin" x="23" y="67"/>
<int name="z" value="0"/>
<string name="_hash" value="5863fcd4f9b097b1e46196fba0eaa93ac172dc0c95d6a9821ddb0287b4e26663"/>
</canvas>
</imgdir>
<imgdir name="proud">
<canvas name="0" width="46" height="67">
<vector name="origin" x="23" y="67"/>
<int name="z" value="0"/>
<int name="delay" value="300"/>
<string name="_hash" value="966fd54d616a76c0410349c9523f30ded632655a5b77ab0f1d008af837957e14"/>
</canvas>
<canvas name="1" width="46" height="67">
<vector name="origin" x="23" y="67"/>
<int name="z" value="0"/>
<int name="delay" value="150"/>
<string name="_hash" value="c784a95b4df88278aad23f2224ce37b0478c50bb2fc40be61367269a0e414b0f"/>
</canvas>
<canvas name="2" width="46" height="67">
<vector name="origin" x="23" y="67"/>
<int name="z" value="0"/>
<int name="delay" value="300"/>
<string name="_hash" value="2f02d81f474c4c5ac0bf8769e76980da7ae602578acc4ab7fa82718b3a8e008a"/>
</canvas>
<uol name="3" value="1"/>
<uol name="4" value="0"/>
<uol name="5" value="1"/>
<uol name="6" value="2"/>
<uol name="7" value="1"/>
<uol name="8" value="0"/>
<uol name="9" value="1"/>
<uol name="10" value="2"/>
<uol name="11" value="1"/>
<uol name="12" value="0"/>
</imgdir>
<imgdir name="blink">
<canvas name="0" width="46" height="67">
<vector name="origin" x="23" y="67"/>
<int name="z" value="0"/>
<int name="delay" value="500"/>
<string name="_hash" value="b7a74fe07915facf83e902ae1ea128d74a68790973c41dcf5eb5d9832bb72720"/>
</canvas>
<canvas name="1" width="1" height="1">
<vector name="origin" x="23" y="67"/>
<int name="z" value="0"/>
<int name="delay" value="500"/>
<string name="_inlink" value="stand/0"/>
</canvas>
<canvas name="2" width="1" height="1">
<vector name="origin" x="23" y="67"/>
<int name="z" value="0"/>
<int name="delay" value="200"/>
<string name="_inlink" value="blink/0"/>
</canvas>
<canvas name="3" width="1" height="1">
<vector name="origin" x="23" y="67"/>
<int name="z" value="0"/>
<int name="delay" value="200"/>
<string name="_inlink" value="stand/0"/>
</canvas>
<uol name="4" value="2"/>
<uol name="5" value="3"/>
<uol name="6" value="2"/>
<uol name="7" value="1"/>
</imgdir>
</imgdir>
