<?xml version="1.0" encoding="UTF-8" standalone="yes"?>
<imgdir name="0020000.img">
<imgdir name="info">
<imgdir name="speak">
<string name="0" value="n0"/>
<string name="1" value="n1"/>
<string name="2" value="n2"/>
</imgdir>
</imgdir>
<imgdir name="stand">
<canvas name="0" width="67" height="67">
<vector name="origin" x="33" y="67"/>
<int name="z" value="0"/>
<int name="delay" value="500"/>
<string name="_hash" value="3053007735f13b202409e25e1f59466207fd29b6b662dd3dd7596ecb95f5f7b5"/>
</canvas>
<canvas name="1" width="67" height="67">
<vector name="origin" x="33" y="67"/>
<int name="z" value="0"/>
<int name="delay" value="250"/>
<string name="_hash" value="4150ed4d53298463121aa7e135911cd899bf17d57fba5f34e6519a4603b2e0dd"/>
</canvas>
<canvas name="2" width="67" height="67">
<vector name="origin" x="33" y="67"/>
<int name="z" value="0"/>
<int name="delay" value="120"/>
<string name="_hash" value="368688eeb339928e02743c488ccb32d7fad3ed0e09511852a5617ea57a93f508"/>
</canvas>
<canvas name="3" width="67" height="67">
<vector name="origin" x="33" y="67"/>
<int name="z" value="0"/>
<int name="delay" value="120"/>
<string name="_hash" value="9737d3fa7e30679323f9d508245fbae18629d769a62cdbc05d47faf4c1ffe37b"/>
</canvas>
<canvas name="4" width="67" height="67">
<vector name="origin" x="33" y="67"/>
<int name="z" value="0"/>
<int name="delay" value="120"/>
<string name="_hash" value="66d52b608e253ff7ed93946c84447e4ac76db4f849810d1ee8763218bbaa3833"/>
</canvas>
<uol name="5" value="0"/>
</imgdir>
<imgdir name="shake">
<canvas name="0" width="67" height="67">
<vector name="origin" x="33" y="67"/>
<int name="z" value="0"/>
<int name="delay" value="300"/>
<string name="_hash" value="afd60af64417fc4512d9a240840c415ceb723cadf06f09e395e3d2b1e91e6fc8"/>
</canvas>
<canvas name="1" width="1" height="1">
<vector name="origin" x="33" y="67"/>
<int name="z" value="0"/>
<int name="delay" value="150"/>
<string name="_inlink" value="stand/0"/>
</canvas>
<canvas name="2" width="67" height="67">
<vector name="origin" x="33" y="67"/>
<int name="z" value="0"/>
<int name="delay" value="300"/>
<string name="_hash" value="2e0648b1a18175cbc345dd7b7b67092c86353467e202efa773590fc5dbb3a420"/>
</canvas>
<uol name="3" value="1"/>
<uol name="4" value="0"/>
<uol name="5" value="1"/>
<uol name="6" value="2"/>
<uol name="7" value="1"/>
<uol name="8" value="0"/>
</imgdir>
<imgdir name="what">
<canvas name="0" width="67" height="67">
<vector name="origin" x="33" y="67"/>
<int name="z" value="0"/>
<int name="delay" value="500"/>
<string name="_hash" value="fcde7191e417302fe8f8445466998970efbbfd5d3e57e5453ad76d80bea5d126"/>
</canvas>
<canvas name="1" width="1" height="1">
<vector name="origin" x="33" y="67"/>
<int name="z" value="0"/>
<int name="delay" value="100"/>
<string name="_inlink" value="shake/0"/>
</canvas>
<canvas name="2" width="1" height="1">
<vector name="origin" x="33" y="67"/>
<int name="z" value="0"/>
<int name="delay" value="100"/>
<string name="_inlink" value="stand/0"/>
</canvas>
<canvas name="3" width="1" height="1">
<vector name="origin" x="33" y="67"/>
<int name="z" value="0"/>
<int name="delay" value="500"/>
<string name="_inlink" value="shake/2"/>
</canvas>
<canvas name="4" width="74" height="67">
<vector name="origin" x="33" y="67"/>
<int name="z" value="0"/>
<int name="delay" value="500"/>
<string name="_hash" value="e116f41bcb5476f86fef6a0cc5e4f51ec8a71a57f23179bdc0c7f24732e355e1"/>
</canvas>
<canvas name="5" width="74" height="67">
<vector name="origin" x="33" y="67"/>
<int name="z" value="0"/>
<int name="delay" value="100"/>
<string name="_hash" value="329e213745f83bf11cf06fe8b64c1a26dde522d62f8f75cc6e8590f614c2f896"/>
</canvas>
<uol name="6" value="4"/>
<canvas name="7" width="1" height="1">
<vector name="origin" x="33" y="67"/>
<int name="z" value="0"/>
<int name="delay" value="500"/>
<string name="_inlink" value="stand/0"/>
</canvas>
</imgdir>
<imgdir name="fish">
<canvas name="0" width="67" height="67">
<vector name="origin" x="33" y="67"/>
<int name="z" value="0"/>
<int name="delay" value="100"/>
<string name="_hash" value="d412cae33eb073036347c3661ea81bc14bf93aff32b63f3f735aee5ac4cfb4ec"/>
</canvas>
<canvas name="1" width="67" height="67">
<vector name="origin" x="33" y="67"/>
<int name="z" value="0"/>
<int name="delay" value="100"/>
<string name="_hash" value="c2b2166ab4716a699070aa5ebd43699777f0515cdabd90c66b2d9b270d9536b5"/>
</canvas>
<canvas name="2" width="67" height="67">
<vector name="origin" x="33" y="67"/>
<int name="z" value="0"/>
<int name="delay" value="100"/>
<string name="_hash" value="a86e69dce67da94dc4cb968384ce3b33516a4875c75f8c6af1e5a6dd27775b44"/>
</canvas>
<canvas name="3" width="67" height="67">
<vector name="origin" x="33" y="67"/>
<int name="z" value="0"/>
<int name="delay" value="1500"/>
<string name="_hash" value="f831207b65173dd3d3e11712ff77138585c2daaf37f6d9af64716e3abf16be9c"/>
</canvas>
<uol name="4" value="2"/>
<uol name="5" value="1"/>
<uol name="6" value="0"/>
<canvas name="7" width="1" height="1">
<vector name="origin" x="33" y="67"/>
<int name="z" value="0"/>
<int name="delay" value="1500"/>
<string name="_inlink" value="what/0"/>
</canvas>
</imgdir>
</imgdir>
