<?xml version="1.0" encoding="UTF-8" standalone="yes"?>
<imgdir name="0020001.img">
<imgdir name="info">
<imgdir name="speak">
<string name="0" value="n0"/>
</imgdir>
</imgdir>
<imgdir name="stand">
<canvas name="0" width="53" height="74">
<vector name="origin" x="28" y="74"/>
<int name="z" value="0"/>
<int name="delay" value="1200"/>
<string name="_hash" value="8cb1b8eab74700b363ce6fccdc32bc460de6a1d5bc81e6b6908d8800933ea44e"/>
</canvas>
<canvas name="1" width="53" height="74">
<vector name="origin" x="28" y="74"/>
<int name="z" value="0"/>
<int name="delay" value="100"/>
<string name="_hash" value="49b91bfc3d0b914961d4be1e80992f5568f2add375329b727ecb088b9f1a9170"/>
</canvas>
<canvas name="2" width="53" height="74">
<vector name="origin" x="28" y="74"/>
<int name="z" value="0"/>
<int name="delay" value="150"/>
<string name="_hash" value="742c9c8a9306e06a82ffb968608fedd3beb9abd4a0a7a43d17c3d26bf4d9d97b"/>
</canvas>
</imgdir>
<imgdir name="salute">
<canvas name="0" width="55" height="74">
<vector name="origin" x="30" y="74"/>
<int name="z" value="0"/>
<int name="delay" value="5000"/>
<string name="_hash" value="91b3cdd2f2ace46b1244201bcc71bd21ce8d4986f5c71860f8a730462796f5ac"/>
</canvas>
<imgdir name="speak">
<string name="0" value="s0"/>
</imgdir>
</imgdir>
<imgdir name="rub">
<canvas name="0" width="53" height="74">
<vector name="origin" x="28" y="74"/>
<int name="z" value="0"/>
<int name="delay" value="150"/>
<string name="_hash" value="9dbddecfeab7edd4e16b0d84079613284865c03c38891c4e61529ecb059d70f0"/>
</canvas>
<canvas name="1" width="53" height="74">
<vector name="origin" x="28" y="74"/>
<int name="z" value="0"/>
<int name="delay" value="100"/>
<string name="_hash" value="c57d7c0242ead76704ed132b00c92f9aeeef86f707159579c31505a8adcde200"/>
</canvas>
<canvas name="2" width="53" height="74">
<vector name="origin" x="28" y="74"/>
<int name="z" value="0"/>
<int name="delay" value="150"/>
<string name="_hash" value="937e92fe9ce180d207242343d276ddc0e97ad3b94f4f970de0a08bdc71261cfd"/>
</canvas>
<uol name="3" value="1"/>
<uol name="4" value="0"/>
<uol name="5" value="1"/>
<uol name="6" value="2"/>
<uol name="7" value="1"/>
<uol name="8" value="0"/>
<uol name="9" value="1"/>
<uol name="10" value="2"/>
<uol name="11" value="1"/>
<uol name="12" value="0"/>
</imgdir>
</imgdir>
