<?xml version="1.0" encoding="UTF-8" standalone="yes"?>
<imgdir name="0020100.img">
<imgdir name="info">
<imgdir name="speak">
<string name="0" value="n0"/>
</imgdir>
</imgdir>
<imgdir name="stand">
<canvas name="0" width="1" height="1">
<vector name="origin" x="38" y="74"/>
<int name="z" value="0"/>
<string name="_hash" value="04f0ca749e675a4a43cefceb0b090f3757899026a2c85499aabe9367fffeff7d"/>
<string name="_outlink" value="Npc/0002102.img/stand/0"/>
</canvas>
</imgdir>
<imgdir name="blink">
<canvas name="0" width="1" height="1">
<vector name="origin" x="38" y="74"/>
<int name="z" value="0"/>
<string name="delay" value="150"/>
<string name="_hash" value="44788836c259024c1e6c6998acde253a348d549f61a634f8134b44920f6ee3df"/>
<string name="_outlink" value="Npc/0002102.img/blink/0"/>
</canvas>
<canvas name="1" width="1" height="1">
<vector name="origin" x="38" y="74"/>
<int name="z" value="0"/>
<string name="delay" value="100"/>
<string name="_hash" value="75a4b8278ee243087bd7b85ce6d2a184dc60b08b9ed68f6ef385901052b5219b"/>
<string name="_outlink" value="Npc/0002102.img/blink/1"/>
</canvas>
<canvas name="2" width="1" height="1">
<vector name="origin" x="38" y="74"/>
<int name="z" value="0"/>
<string name="delay" value="350"/>
<string name="_outlink" value="Npc/0002102.img/stand/0"/>
</canvas>
<uol name="3" value="0"/>
<uol name="4" value="1"/>
<uol name="5" value="2"/>
<uol name="6" value="0"/>
<uol name="7" value="1"/>
<uol name="8" value="2"/>
<uol name="9" value="0"/>
<uol name="10" value="1"/>
<uol name="11" value="2"/>
</imgdir>
<imgdir name="shy">
<canvas name="0" width="1" height="1">
<vector name="origin" x="38" y="74"/>
<int name="z" value="0"/>
<string name="delay" value="1200"/>
<string name="_hash" value="848e4960a014e4911a2698fb700a91a37bcc6011fd40c5113e7234bf7e9f3deb"/>
<string name="_outlink" value="Npc/0002102.img/shy/0"/>
</canvas>
<canvas name="1" width="1" height="1">
<vector name="origin" x="38" y="74"/>
<int name="z" value="0"/>
<string name="delay" value="100"/>
<string name="_hash" value="2d66c54d08202019d8eaf9d2000760ae50130d5257adf683579490b2844c11c6"/>
<string name="_outlink" value="Npc/0002102.img/shy/1"/>
</canvas>
<canvas name="2" width="1" height="1">
<vector name="origin" x="38" y="74"/>
<int name="z" value="0"/>
<string name="delay" value="1200"/>
<string name="_hash" value="f6068b8b781a55c28f449a744d017e58afc93c4214c169ebbd52bbbddf73a167"/>
<string name="_outlink" value="Npc/0002102.img/shy/2"/>
</canvas>
<uol name="3" value="1"/>
<uol name="4" value="0"/>
<uol name="5" value="1"/>
<uol name="6" value="2"/>
<uol name="7" value="1"/>
<canvas name="8" width="1" height="1">
<vector name="origin" x="38" y="74"/>
<int name="z" value="0"/>
<string name="delay" value="1200"/>
<string name="_outlink" value="Npc/0002102.img/stand/0"/>
</canvas>
</imgdir>
<imgdir name="up">
<canvas name="0" width="1" height="1">
<vector name="origin" x="38" y="75"/>
<int name="z" value="0"/>
<string name="delay" value="300"/>
<string name="_hash" value="e3eaf8de923c05918e57c9f1d038839c2a69f1773edc15d74eab5946dbec595a"/>
<string name="_outlink" value="Npc/0002102.img/up/0"/>
</canvas>
<canvas name="1" width="1" height="1">
<vector name="origin" x="38" y="74"/>
<int name="z" value="0"/>
<string name="delay" value="1000"/>
<string name="_outlink" value="Npc/0002102.img/stand/0"/>
</canvas>
<uol name="2" value="0"/>
<uol name="3" value="1"/>
</imgdir>
</imgdir>
