<?xml version="1.0" encoding="UTF-8" standalone="yes"?>
<imgdir name="0021000.img">
<imgdir name="info">
</imgdir>
<imgdir name="stand">
<canvas name="0" width="75" height="69">
<vector name="origin" x="29" y="69"/>
<int name="z" value="0"/>
<int name="delay" value="1200"/>
<string name="_hash" value="02ada3d0e6ac03edad71f6bc7f7b2c79e47ae728f08cf0ef8ad3315e6943b22e"/>
</canvas>
<canvas name="1" width="75" height="69">
<vector name="origin" x="29" y="69"/>
<int name="z" value="0"/>
<int name="delay" value="120"/>
<string name="_hash" value="2de763f5725ed9e04363df9a33d159ec07b422d52ed171e50df4d62eb4606e84"/>
</canvas>
<canvas name="2" width="1" height="1">
<vector name="origin" x="29" y="69"/>
<int name="z" value="0"/>
<int name="delay" value="120"/>
<string name="_inlink" value="stand/0"/>
</canvas>
<uol name="3" value="1"/>
<uol name="4" value="2"/>
<uol name="5" value="1"/>
<uol name="6" value="2"/>
</imgdir>
<imgdir name="say">
<canvas name="0" width="1" height="1">
<vector name="origin" x="29" y="69"/>
<int name="z" value="0"/>
<int name="delay" value="1200"/>
<string name="_inlink" value="stand/0"/>
</canvas>
<canvas name="1" width="88" height="69">
<vector name="origin" x="42" y="69"/>
<int name="z" value="0"/>
<int name="delay" value="120"/>
<string name="_hash" value="da2ecce69c06304dd435b273cb046ea0d2e4a3876ccfc9d7f742546ddbcdb44a"/>
</canvas>
<canvas name="2" width="88" height="69">
<vector name="origin" x="42" y="69"/>
<int name="z" value="0"/>
<int name="delay" value="120"/>
<string name="_hash" value="841a60fdcd3d314171fdd4f3549ce8fe7d701c63368b296b0a96a71730cac8b2"/>
</canvas>
<uol name="3" value="1"/>
<uol name="4" value="2"/>
<uol name="5" value="1"/>
<uol name="6" value="2"/>
<uol name="7" value="1"/>
<uol name="8" value="2"/>
<uol name="9" value="1"/>
<uol name="10" value="2"/>
<imgdir name="speak">
<string name="0" value="n0"/>
<string name="1" value="n1"/>
<string name="2" value="n2"/>
</imgdir>
</imgdir>
</imgdir>
