<?xml version="1.0" encoding="UTF-8" standalone="yes"?>
<imgdir name="1001000.img">
<imgdir name="info">
<imgdir name="speak">
<string name="0" value="n0"/>
<string name="1" value="n1"/>
</imgdir>
<int name="shop" value="1"/>
</imgdir>
<imgdir name="stand">
<canvas name="0" width="55" height="83">
<vector name="origin" x="27" y="83"/>
<int name="z" value="0"/>
<string name="_hash" value="87fb43c48364d48fa2f5bd874977112d911e8818cbf724399feb0d4e03410046"/>
</canvas>
</imgdir>
</imgdir>
