<?xml version="1.0" encoding="UTF-8" standalone="yes"?>
<imgdir name="1001001.img">
<imgdir name="info">
<imgdir name="speak">
<string name="0" value="n0"/>
<string name="1" value="n1"/>
<string name="2" value="n2"/>
</imgdir>
<int name="shop" value="1"/>
</imgdir>
<imgdir name="stand">
<canvas name="0" width="45" height="76">
<vector name="origin" x="22" y="76"/>
<string name="_hash" value="d396e3dda23a796ece19e3d5d4988f697a3af349eb341d5cf1f10288a747230c"/>
</canvas>
</imgdir>
</imgdir>
