<?xml version="1.0" encoding="UTF-8" standalone="yes"?>
<imgdir name="1001100.img">
<imgdir name="info">
<imgdir name="speak">
<string name="0" value="n0"/>
<string name="1" value="n1"/>
<string name="2" value="n2"/>
</imgdir>
<int name="shop" value="1"/>
</imgdir>
<imgdir name="stand">
<canvas name="0" width="1" height="1">
<vector name="origin" x="27" y="69"/>
<int name="z" value="0"/>
<int name="delay" value="1200"/>
<string name="_hash" value="1dcae26e85bbc7024c443b1a61dba72a59f9827c453394b6abaa2dabd3217b67"/>
<string name="_outlink" value="Npc/0011100.img/stand/0"/>
</canvas>
<canvas name="1" width="1" height="1">
<vector name="origin" x="27" y="69"/>
<int name="z" value="0"/>
<int name="delay" value="100"/>
<string name="_hash" value="0e54f6aa7002443f48f52ad8e9bc24655960450c955cda5dfb2df9fec7604b97"/>
<string name="_outlink" value="Npc/0011100.img/stand/1"/>
</canvas>
<canvas name="2" width="1" height="1">
<vector name="origin" x="27" y="69"/>
<int name="z" value="0"/>
<int name="delay" value="150"/>
<string name="_hash" value="4404d14a501005180bff0ae2f47ab4db0e0b9b65f737c769f659ef1f6ba689f1"/>
<string name="_outlink" value="Npc/0011100.img/stand/2"/>
</canvas>
</imgdir>
<imgdir name="smile">
<canvas name="0" width="1" height="1">
<vector name="origin" x="27" y="69"/>
<int name="z" value="0"/>
<int name="delay" value="5000"/>
<string name="_hash" value="5c704d45d75cff5057f59b77b5a31c3484da9524102a3bb6e34db74240cc49ed"/>
<string name="_outlink" value="Npc/0011100.img/smile/0"/>
</canvas>
</imgdir>
<imgdir name="arm">
<canvas name="0" width="1" height="1">
<vector name="origin" x="27" y="69"/>
<int name="z" value="0"/>
<int name="delay" value="5000"/>
<string name="_hash" value="4d49a24c2302925cab4ad2a3398e43ae119c252d301efbc7b5950307bda175bc"/>
<string name="_outlink" value="Npc/0011100.img/arm/0"/>
</canvas>
</imgdir>
</imgdir>
