<?xml version="1.0" encoding="UTF-8" standalone="yes"?>
<imgdir name="1002003.img">
<imgdir name="info">
<imgdir name="speak">
<string name="0" value="n0"/>
<string name="1" value="n1"/>
</imgdir>
<imgdir name="script">
<imgdir name="0">
<string name="script" value="friend00"/>
</imgdir>
</imgdir>
<imgdir name="reg">
<int name="level" value="0"/>
</imgdir>
</imgdir>
<imgdir name="stand">
<canvas name="0" width="49" height="77">
<vector name="origin" x="24" y="77"/>
<string name="_hash" value="24f4b4717cc859d6799061b151cf650de098fef078e93044b6d52ef8dffa09f5"/>
</canvas>
</imgdir>
</imgdir>
