<?xml version="1.0" encoding="UTF-8" standalone="yes"?>
<imgdir name="1002010.img">
<imgdir name="info">
<imgdir name="script">
<imgdir name="0">
<string name="script" value="dolphin1_feed"/>
</imgdir>
</imgdir>
<int name="dcLeft" value="-50"/>
<int name="dcTop" value="-100"/>
<int name="dcRight" value="30"/>
<int name="dcBottom" value="0"/>
</imgdir>
<imgdir name="stand">
<canvas name="0" width="78" height="110">
<vector name="origin" x="50" y="111"/>
<int name="z" value="0"/>
<int name="delay" value="210"/>
<string name="_hash" value="f6f4d2c972b9f657be3fa297b8c421203f6623e736542311ecb5e8e08b20c164"/>
</canvas>
<canvas name="1" width="77" height="112">
<vector name="origin" x="49" y="112"/>
<int name="z" value="0"/>
<int name="delay" value="210"/>
<string name="_hash" value="9fd3f740eb2091e2cdc5247d1330a5ef6570bf7e286663e7c001bc90cb9d63ef"/>
</canvas>
<canvas name="2" width="77" height="110">
<vector name="origin" x="49" y="111"/>
<int name="z" value="0"/>
<int name="delay" value="210"/>
<string name="_hash" value="5fcdf3004be6b6fab2a7aff55c8b0db5b0d467f1b43672c7b2505958ae4de384"/>
</canvas>
<canvas name="3" width="78" height="112">
<vector name="origin" x="50" y="110"/>
<int name="z" value="0"/>
<int name="delay" value="210"/>
<string name="_hash" value="36f79b298001e6cf87795cdaec6b5cd96b5b9878f6d30863e935df389e32fddc"/>
</canvas>
</imgdir>
<imgdir name="smile">
<canvas name="0" width="77" height="112">
<vector name="origin" x="49" y="108"/>
<int name="z" value="0"/>
<int name="delay" value="210"/>
<string name="_hash" value="c77314a943feb108408b1c0703da4508fb4dd7374ef89c7e8e9d14b527014830"/>
</canvas>
<canvas name="1" width="76" height="111">
<vector name="origin" x="47" y="112"/>
<int name="z" value="0"/>
<int name="delay" value="210"/>
<string name="_hash" value="5fb8775d543fb1f2f94547cb88f7eb7afa42bb8168b848dc895e6dd05e4fb15d"/>
</canvas>
<canvas name="2" width="1" height="1">
<vector name="origin" x="49" y="108"/>
<int name="z" value="0"/>
<int name="delay" value="210"/>
<string name="_inlink" value="smile/0"/>
</canvas>
<canvas name="3" width="1" height="1">
<vector name="origin" x="47" y="112"/>
<int name="z" value="0"/>
<int name="delay" value="210"/>
<string name="_inlink" value="smile/1"/>
</canvas>
<canvas name="4" width="1" height="1">
<vector name="origin" x="49" y="108"/>
<int name="z" value="0"/>
<int name="delay" value="210"/>
<string name="_inlink" value="smile/0"/>
</canvas>
</imgdir>
<imgdir name="summon">
<canvas name="0" width="70" height="110">
<vector name="origin" x="-45" y="-13"/>
<int name="z" value="0"/>
<string name="_hash" value="fbedec431e0949742c6bf85f21d37e34ccf50ebda0a38dd7856a33b85cf39145"/>
</canvas>
<canvas name="1" width="77" height="103">
<vector name="origin" x="-6" y="25"/>
<int name="z" value="0"/>
<string name="_hash" value="c990f547ca0705e57e36631af50b1dc4adffe4915a19174f434eff43d174de8a"/>
</canvas>
<canvas name="2" width="70" height="110">
<vector name="origin" x="15" y="54"/>
<int name="z" value="0"/>
<string name="_hash" value="88083d15f8ee38ef0f5db86b16c5aa0b7365e85f70662c5e45483e6381bf75ae"/>
</canvas>
<canvas name="3" width="77" height="103">
<vector name="origin" x="33" y="83"/>
<int name="z" value="0"/>
<string name="_hash" value="bee461c87744b6aa2ddad45e38473cf8194ff8147f4aabd471223e4f2fb80d94"/>
</canvas>
<canvas name="4" width="76" height="104">
<vector name="origin" x="40" y="99"/>
<int name="z" value="0"/>
<string name="_hash" value="16f491d91b0b299baed4f712b0fee655a912999ecb0d8e7ded7433e77838dac7"/>
</canvas>
<canvas name="5" width="1" height="1">
<vector name="origin" x="50" y="111"/>
<int name="z" value="0"/>
<string name="_inlink" value="stand/0"/>
</canvas>
<int name="special" value="1"/>
</imgdir>
<imgdir name="vanish">
<canvas name="0" width="78" height="110">
<vector name="origin" x="50" y="111"/>
<int name="z" value="0"/>
<int name="delay" value="210"/>
<string name="_hash" value="47663814047fa81604d578d5369f071cada87ff8274389cddd4f92045a0d1b90"/>
</canvas>
<canvas name="1" width="106" height="81">
<vector name="origin" x="53" y="99"/>
<int name="z" value="0"/>
<int name="delay" value="210"/>
<string name="_hash" value="6dc15dd5d142f9747dbe49487feea0f09fb1439e5d0915e3af16954d09f4d0d1"/>
</canvas>
<canvas name="2" width="97" height="92">
<vector name="origin" x="59" y="84"/>
<int name="z" value="0"/>
<int name="delay" value="210"/>
<string name="_hash" value="b161938d04c313560b391b2b288479594879f163181644a1ca0fb91311142e96"/>
</canvas>
<canvas name="3" width="92" height="87">
<vector name="origin" x="109" y="56"/>
<int name="z" value="0"/>
<int name="delay" value="210"/>
<string name="_hash" value="7f162a019c6a4b965977020190a1e7395bfae0d6933cc029cd9bbb7d806f6cb4"/>
</canvas>
<canvas name="4" width="92" height="87">
<vector name="origin" x="139" y="38"/>
<int name="z" value="0"/>
<int name="delay" value="210"/>
<string name="_hash" value="5ddc2cc58cb44cb978286390851eb92b10e2a59bd17bbe7f81e68f6b314834e9"/>
</canvas>
<canvas name="5" width="92" height="87">
<vector name="origin" x="171" y="12"/>
<int name="z" value="0"/>
<int name="delay" value="5000"/>
<string name="_hash" value="4a2708d5f9de21d812920be35cf68e0a5993bfad88baf6c8632cbf3203285398"/>
</canvas>
<int name="special" value="1"/>
</imgdir>
</imgdir>
