<?xml version="1.0" encoding="UTF-8" standalone="yes"?>
<imgdir name="1002008.img">
<imgdir name="info">
<canvas name="default" width="1" height="1">
<vector name="origin" x="27" y="75"/>
<string name="_hash" value="7513b35ef99fa12de3ea05a1c5354003e9fb480b2ef7143cc10d1fe737f2b538"/>
<string name="_outlink" value="Npc/1002002.img/stand/0"/>
</canvas>
<int name="hide" value="1"/>
</imgdir>
<imgdir name="stand">
<canvas name="0" width="1" height="1">
<vector name="origin" x="27" y="75"/>
<string name="_outlink" value="Npc/1002002.img/stand/0"/>
</canvas>
</imgdir>
</imgdir>
