<?xml version="1.0" encoding="UTF-8" standalone="yes"?>
<imgdir name="1002104.img">
<imgdir name="info">
</imgdir>
<imgdir name="stand">
<canvas name="0" width="53" height="77">
<vector name="origin" x="27" y="77"/>
<int name="z" value="0"/>
<int name="delay" value="3000"/>
<string name="_hash" value="a5beb18bcb60c2ff02b6c807091e807e19b11dd636d9cfb247d610dd4d4db8ff"/>
</canvas>
</imgdir>
<imgdir name="say">
<canvas name="0" width="1" height="1">
<vector name="origin" x="27" y="77"/>
<int name="z" value="0"/>
<int name="delay" value="180"/>
<string name="_inlink" value="stand/0"/>
</canvas>
<canvas name="1" width="53" height="77">
<vector name="origin" x="27" y="77"/>
<int name="z" value="0"/>
<int name="delay" value="180"/>
<string name="_hash" value="2faa0e78848010a97b96e520857c0dea2cc5464cd7f919cf7941871b5b54298f"/>
</canvas>
<uol name="2" value="0"/>
<uol name="3" value="1"/>
<uol name="4" value="0"/>
<uol name="5" value="1"/>
<uol name="6" value="0"/>
<uol name="7" value="1"/>
<uol name="8" value="0"/>
<uol name="9" value="1"/>
<uol name="10" value="0"/>
<uol name="11" value="1"/>
<imgdir name="speak">
<string name="0" value="d0"/>
<string name="1" value="d1"/>
</imgdir>
</imgdir>
<imgdir name="smile">
<canvas name="0" width="1" height="1">
<vector name="origin" x="27" y="77"/>
<int name="z" value="0"/>
<int name="delay" value="150"/>
<string name="_inlink" value="stand/0"/>
</canvas>
<canvas name="1" width="53" height="78">
<vector name="origin" x="27" y="78"/>
<int name="z" value="0"/>
<int name="delay" value="150"/>
<string name="_hash" value="9e413b21be2ed56484849c8e8cfd7df0440476ac136509172eecfe90f0b97503"/>
</canvas>
<canvas name="2" width="53" height="77">
<vector name="origin" x="27" y="77"/>
<int name="z" value="0"/>
<int name="delay" value="150"/>
<string name="_hash" value="936c8d820532ccc21a89889f371ef910f65a2081fe59088a331ce242bca34636"/>
</canvas>
<canvas name="3" width="1" height="1">
<vector name="origin" x="27" y="78"/>
<int name="z" value="0"/>
<int name="delay" value="150"/>
<string name="_inlink" value="smile/1"/>
</canvas>
<canvas name="4" width="1" height="1">
<vector name="origin" x="27" y="77"/>
<int name="z" value="0"/>
<int name="delay" value="150"/>
<string name="_inlink" value="smile/2"/>
</canvas>
<uol name="5" value="3"/>
<uol name="6" value="4"/>
</imgdir>
</imgdir>
