<?xml version="1.0" encoding="UTF-8" standalone="yes"?>
<imgdir name="1002101.img">
<imgdir name="info">
<imgdir name="speak">
<string name="0" value="n0"/>
<string name="1" value="n1"/>
</imgdir>
<imgdir name="script">
<imgdir name="0">
<string name="script" value="contimoveSDIRit"/>
</imgdir>
</imgdir>
</imgdir>
<imgdir name="stand">
<canvas name="0" width="66" height="85">
<vector name="origin" x="27" y="85"/>
<int name="delay" value="2000"/>
<string name="_hash" value="c1e4d715be65873a4c95b94dbf668a664a4d4502e00617f2b679af41d30206ab"/>
</canvas>
<canvas name="1" width="66" height="85">
<vector name="origin" x="27" y="85"/>
<int name="delay" value="200"/>
<string name="_hash" value="5c326f824433ace5647f4dd61c361aef381b7cb05941284f7e68e547b6a364fb"/>
</canvas>
<canvas name="2" width="1" height="1">
<vector name="origin" x="27" y="85"/>
<int name="delay" value="200"/>
<string name="_inlink" value="stand/0"/>
</canvas>
<uol name="3" value="1"/>
<canvas name="4" width="1" height="1">
<vector name="origin" x="27" y="85"/>
<int name="delay" value="500"/>
<string name="_inlink" value="stand/0"/>
</canvas>
<uol name="5" value="1"/>
</imgdir>
<imgdir name="say">
<canvas name="0" width="66" height="85">
<vector name="origin" x="27" y="85"/>
<int name="delay" value="1000"/>
<string name="_hash" value="039d162dd75be23e1e21d8aab11d44fd516ebc5fd72daf36dbed4d231bf9fdbf"/>
</canvas>
<canvas name="1" width="66" height="85">
<vector name="origin" x="27" y="85"/>
<int name="delay" value="200"/>
<string name="_hash" value="b89c7a0a438779d673f5407f84dd10f0cefac28fbe0b10e62489e01aa83c5322"/>
</canvas>
<canvas name="2" width="1" height="1">
<vector name="origin" x="27" y="85"/>
<int name="delay" value="300"/>
<string name="_inlink" value="say/0"/>
</canvas>
<uol name="3" value="1"/>
<canvas name="4" width="1" height="1">
<vector name="origin" x="27" y="85"/>
<int name="delay" value="200"/>
<string name="_inlink" value="say/0"/>
</canvas>
<uol name="5" value="1"/>
<uol name="6" value="2"/>
<uol name="7" value="1"/>
<uol name="8" value="4"/>
<canvas name="9" width="1" height="1">
<vector name="origin" x="27" y="85"/>
<int name="delay" value="300"/>
<string name="_inlink" value="say/1"/>
</canvas>
<uol name="10" value="4"/>
<imgdir name="speak">
<string name="0" value="s0"/>
<string name="1" value="s1"/>
<string name="2" value="s2"/>
<string name="3" value="s3"/>
<string name="4" value="s4"/>
</imgdir>
</imgdir>
</imgdir>
