<?xml version="1.0" encoding="UTF-8" standalone="yes"?>
<imgdir name="1011001.img">
<imgdir name="info">
<imgdir name="speak">
<string name="0" value="n0"/>
<string name="1" value="n1"/>
</imgdir>
<int name="shop" value="1"/>
</imgdir>
<imgdir name="stand">
<canvas name="0" width="53" height="58">
<vector name="origin" x="25" y="58"/>
<int name="z" value="0"/>
<int name="delay" value="150"/>
<string name="_hash" value="23931f0741ba4407804d419bade76e6bffe119ad03b3ffe9497e36b466458a47"/>
</canvas>
<canvas name="1" width="53" height="58">
<vector name="origin" x="25" y="58"/>
<int name="z" value="0"/>
<int name="delay" value="150"/>
<string name="_hash" value="50fdd1f3e8c2dc475bbb1fb6ca8a074f072c012ca18854b9734b17503bac9484"/>
</canvas>
<canvas name="2" width="53" height="58">
<vector name="origin" x="25" y="58"/>
<int name="z" value="0"/>
<int name="delay" value="150"/>
<string name="_hash" value="bb4ed1579c00562b76ae40da35b2a275f442e4b031cad2c4729ebe4ac8ef31d6"/>
</canvas>
<canvas name="3" width="53" height="58">
<vector name="origin" x="25" y="58"/>
<int name="z" value="0"/>
<int name="delay" value="150"/>
<string name="_hash" value="aff19b2a8c1a0f803525869b1b33250f19fba872283d075ff55a2739c2f83022"/>
</canvas>
<canvas name="4" width="1" height="1">
<vector name="origin" x="25" y="58"/>
<int name="z" value="0"/>
<int name="delay" value="150"/>
<string name="_inlink" value="stand/2"/>
</canvas>
<canvas name="5" width="1" height="1">
<vector name="origin" x="25" y="58"/>
<int name="z" value="0"/>
<int name="delay" value="150"/>
<string name="_inlink" value="stand/3"/>
</canvas>
<canvas name="6" width="53" height="58">
<vector name="origin" x="25" y="58"/>
<int name="z" value="0"/>
<int name="delay" value="150"/>
<string name="_hash" value="8dca8a965f446d4e073d7243232c255a2eededce710cc0ab94055f128923609b"/>
</canvas>
</imgdir>
<imgdir name="eye">
<canvas name="0" width="1" height="1">
<vector name="origin" x="25" y="58"/>
<int name="z" value="0"/>
<int name="delay" value="150"/>
<string name="_inlink" value="stand/0"/>
</canvas>
<canvas name="1" width="53" height="58">
<vector name="origin" x="25" y="58"/>
<int name="z" value="0"/>
<int name="delay" value="150"/>
<string name="_hash" value="e416237fbc82bd7cdd654b240918d5b373ccef4407d60bce3cda28a05552d48c"/>
</canvas>
<canvas name="2" width="1" height="1">
<vector name="origin" x="25" y="58"/>
<int name="z" value="0"/>
<int name="delay" value="1500"/>
<string name="_inlink" value="stand/0"/>
</canvas>
<uol name="3" value="1"/>
<uol name="4" value="0"/>
<uol name="5" value="2"/>
<uol name="6" value="2"/>
</imgdir>
</imgdir>
