<?xml version="1.0" encoding="UTF-8" standalone="yes"?>
<imgdir name="1011000.img">
<imgdir name="info">
<int name="shop" value="1"/>
</imgdir>
<imgdir name="stand">
<canvas name="0" width="51" height="65">
<vector name="origin" x="24" y="65"/>
<int name="z" value="0"/>
<string name="_hash" value="e71a224115460d73ee3f411a8e6e93f00dd2cf729f4ec5171f19b4153aaff9b9"/>
</canvas>
</imgdir>
<imgdir name="say">
<canvas name="0" width="1" height="1">
<vector name="origin" x="24" y="65"/>
<int name="z" value="0"/>
<int name="delay" value="150"/>
<string name="_inlink" value="stand/0"/>
</canvas>
<canvas name="1" width="51" height="65">
<vector name="origin" x="24" y="65"/>
<int name="z" value="0"/>
<int name="delay" value="150"/>
<string name="_hash" value="32a3d5debe87b902e37640f6eb6570f9099cff7ef8eae2d424f716965b1862f8"/>
</canvas>
<uol name="2" value="0"/>
<uol name="3" value="1"/>
<uol name="4" value="0"/>
<uol name="5" value="0"/>
<uol name="6" value="1"/>
<uol name="7" value="0"/>
<uol name="8" value="0"/>
<uol name="9" value="1"/>
<uol name="10" value="0"/>
<uol name="11" value="1"/>
<uol name="12" value="0"/>
<uol name="13" value="1"/>
<uol name="14" value="0"/>
<uol name="15" value="0"/>
<uol name="16" value="1"/>
<imgdir name="speak">
<string name="0" value="n0"/>
<string name="1" value="n1"/>
</imgdir>
</imgdir>
</imgdir>
