<?xml version="1.0" encoding="UTF-8" standalone="yes"?>
<imgdir name="1011100.img">
<imgdir name="info">
<int name="shop" value="1"/>
</imgdir>
<imgdir name="stand">
<canvas name="0" width="53" height="71">
<vector name="origin" x="24" y="71"/>
<int name="z" value="0"/>
<int name="delay" value="900"/>
<string name="_hash" value="c1c5fef38283dd7916dbe624c4da38d13f15768fc71e963d5e8fec961b41fed9"/>
</canvas>
<canvas name="1" width="53" height="71">
<vector name="origin" x="24" y="71"/>
<int name="z" value="0"/>
<int name="delay" value="360"/>
<string name="_hash" value="646b6f0986d40e207f3a238c68b31e8e61a5e4df56ec2b621141c735a7c65aa9"/>
</canvas>
<canvas name="2" width="1" height="1">
<vector name="origin" x="24" y="71"/>
<int name="z" value="0"/>
<int name="delay" value="180"/>
<string name="_inlink" value="stand/0"/>
</canvas>
<uol name="3" value="1"/>
<uol name="4" value="2"/>
</imgdir>
<imgdir name="say">
<canvas name="0" width="1" height="1">
<vector name="origin" x="24" y="71"/>
<int name="z" value="0"/>
<string name="_inlink" value="stand/0"/>
</canvas>
<canvas name="1" width="53" height="71">
<vector name="origin" x="24" y="71"/>
<int name="z" value="0"/>
<string name="_hash" value="cce639bf947fe0785bfb27f3481da632815d06d515206039820cf2c3f8a45a91"/>
</canvas>
<uol name="2" value="0"/>
<uol name="3" value="1"/>
<uol name="4" value="0"/>
<uol name="5" value="0"/>
<uol name="6" value="0"/>
<uol name="7" value="0"/>
<uol name="8" value="1"/>
<imgdir name="speak">
<string name="0" value="n0"/>
</imgdir>
</imgdir>
</imgdir>
