<?xml version="1.0" encoding="UTF-8" standalone="yes"?>
<imgdir name="1011101.img">
<imgdir name="info">
<int name="shop" value="1"/>
</imgdir>
<imgdir name="stand">
<canvas name="0" width="95" height="73">
<vector name="origin" x="45" y="73"/>
<int name="z" value="0"/>
<int name="delay" value="3000"/>
<string name="_hash" value="ac4088a62e2d17d4c8583a12e479038583ca26c3d4e17f5aac7f86cee14e8eff"/>
</canvas>
</imgdir>
<imgdir name="say">
<canvas name="0" width="1" height="1">
<vector name="origin" x="45" y="73"/>
<int name="z" value="0"/>
<int name="delay" value="180"/>
<string name="_inlink" value="stand/0"/>
</canvas>
<canvas name="1" width="95" height="73">
<vector name="origin" x="45" y="73"/>
<int name="z" value="0"/>
<int name="delay" value="180"/>
<string name="_hash" value="497a2ab7eb290cc9e76525cff287ca0694428afb2b806f00cc2ac9fbd751c8c6"/>
</canvas>
<uol name="2" value="0"/>
<uol name="3" value="1"/>
<uol name="4" value="0"/>
<uol name="5" value="1"/>
<uol name="6" value="0"/>
<uol name="7" value="1"/>
<uol name="8" value="0"/>
<uol name="9" value="1"/>
<uol name="10" value="0"/>
<uol name="11" value="1"/>
<imgdir name="speak">
<string name="0" value="n0"/>
<string name="1" value="n1"/>
</imgdir>
</imgdir>
<imgdir name="hand">
<canvas name="0" width="1" height="1">
<vector name="origin" x="45" y="73"/>
<int name="z" value="0"/>
<int name="delay" value="150"/>
<string name="_inlink" value="stand/0"/>
</canvas>
<canvas name="1" width="95" height="73">
<vector name="origin" x="45" y="73"/>
<int name="z" value="0"/>
<int name="delay" value="150"/>
<string name="_hash" value="4dd9b6c4f625a6d549c5f2b4f3eb94941b5ffeeae70edff5f33817a4580a66a0"/>
</canvas>
<canvas name="2" width="95" height="73">
<vector name="origin" x="45" y="73"/>
<int name="z" value="0"/>
<int name="delay" value="150"/>
<string name="_hash" value="801ed1de1dc2d0fe81dfc180ab67082b1244a10db7f1b83802e6299123c76f74"/>
</canvas>
<canvas name="3" width="1" height="1">
<vector name="origin" x="45" y="73"/>
<int name="z" value="0"/>
<int name="delay" value="150"/>
<string name="_inlink" value="hand/2"/>
</canvas>
<canvas name="4" width="1" height="1">
<vector name="origin" x="45" y="73"/>
<int name="z" value="0"/>
<int name="delay" value="150"/>
<string name="_inlink" value="hand/1"/>
</canvas>
</imgdir>
<imgdir name="smile">
<canvas name="0" width="1" height="1">
<vector name="origin" x="45" y="73"/>
<int name="z" value="0"/>
<string name="_inlink" value="stand/0"/>
</canvas>
<canvas name="1" width="95" height="74">
<vector name="origin" x="45" y="74"/>
<int name="z" value="0"/>
<string name="_hash" value="c6a05447a9ba344305998bde5523579a6824695e689832a3f609dfb64b5b8ee2"/>
</canvas>
<canvas name="2" width="95" height="73">
<vector name="origin" x="45" y="73"/>
<int name="z" value="0"/>
<string name="_hash" value="fe5b079005e241c0f8798fcd2e56cb8809a2dec18c37597118ffa19105cd77f1"/>
</canvas>
<canvas name="3" width="1" height="1">
<vector name="origin" x="45" y="74"/>
<int name="z" value="0"/>
<string name="_inlink" value="smile/1"/>
</canvas>
<canvas name="4" width="1" height="1">
<vector name="origin" x="45" y="73"/>
<int name="z" value="0"/>
<string name="_inlink" value="smile/2"/>
</canvas>
<canvas name="5" width="1" height="1">
<vector name="origin" x="45" y="74"/>
<int name="z" value="0"/>
<string name="_inlink" value="smile/1"/>
</canvas>
<canvas name="6" width="1" height="1">
<vector name="origin" x="45" y="73"/>
<int name="z" value="0"/>
<string name="_inlink" value="smile/2"/>
</canvas>
<canvas name="7" width="95" height="73">
<vector name="origin" x="45" y="73"/>
<int name="z" value="0"/>
<string name="_hash" value="1b9c02624c9b3cd4d8cebfcdbab8c527664d90081d1066a258e2de1ad7e0f251"/>
</canvas>
</imgdir>
</imgdir>
