<?xml version="1.0" encoding="UTF-8" standalone="yes"?>
<imgdir name="1012003.img">
<imgdir name="info">
<imgdir name="speak">
<string name="0" value="n0"/>
<string name="1" value="n1"/>
</imgdir>
</imgdir>
<imgdir name="stand">
<canvas name="0" width="1" height="1">
<vector name="origin" x="24" y="73"/>
<int name="z" value="0"/>
<int name="delay" value="900"/>
<string name="_hash" value="df88e9b7c6c63f448ef5f42c795d60345836f742e46dad4d00dd5bd9f5634d78"/>
<string name="_outlink" value="Npc/0010300.img/stand/0"/>
</canvas>
</imgdir>
<imgdir name="move">
<canvas name="0" width="1" height="1">
<vector name="origin" x="24" y="74"/>
<int name="z" value="0"/>
<int name="delay" value="270"/>
<string name="_hash" value="e169d6580e67c8959289b2384f01bb432646e3e172fe792bc6bfaf1828aa8e82"/>
<string name="_outlink" value="Npc/0010300.img/move/0"/>
</canvas>
<canvas name="1" width="49" height="73">
<vector name="origin" x="23" y="73"/>
<int name="z" value="0"/>
<int name="delay" value="270"/>
<string name="_hash" value="dd9447e35489d8567cb101f93b9387fe66116ec55c113dec1207dd1945f90421"/>
</canvas>
<canvas name="2" width="47" height="74">
<vector name="origin" x="21" y="74"/>
<int name="z" value="0"/>
<int name="delay" value="270"/>
<string name="_hash" value="1f6d5f83ca922b00278fbb6f4e240aa626e4c7ecf570be9001fa1adf197ce3fb"/>
</canvas>
<canvas name="3" width="49" height="73">
<vector name="origin" x="23" y="73"/>
<int name="z" value="0"/>
<int name="delay" value="270"/>
<string name="_hash" value="aff164bb615383ce5d3c83bb0fea5ce4eec1831a215d227cc5d91b9ecc501a80"/>
</canvas>
</imgdir>
<imgdir name="eye">
<canvas name="0" width="1" height="1">
<vector name="origin" x="24" y="73"/>
<int name="z" value="0"/>
<string name="_outlink" value="Npc/0010300.img/stand/0"/>
</canvas>
<canvas name="1" width="50" height="73">
<vector name="origin" x="24" y="73"/>
<int name="z" value="0"/>
<string name="_hash" value="1780131d9d4eaf237dee35726f737909124ddf0fe0211601d0cb267ed11cf1e9"/>
</canvas>
<canvas name="2" width="1" height="1">
<vector name="origin" x="24" y="73"/>
<int name="z" value="0"/>
<string name="_inlink" value="eye/1"/>
</canvas>
<canvas name="3" width="1" height="1">
<vector name="origin" x="24" y="73"/>
<int name="z" value="0"/>
<string name="_inlink" value="eye/1"/>
</canvas>
<canvas name="4" width="1" height="1">
<vector name="origin" x="24" y="73"/>
<int name="z" value="0"/>
<string name="_outlink" value="Npc/0010300.img/stand/0"/>
</canvas>
<uol name="5" value="0"/>
<uol name="6" value="1"/>
<uol name="7" value="2"/>
<uol name="8" value="3"/>
<uol name="9" value="4"/>
<uol name="10" value="0"/>
<uol name="11" value="0"/>
<uol name="12" value="0"/>
<uol name="13" value="0"/>
</imgdir>
<imgdir name="say">
<canvas name="0" width="1" height="1">
<vector name="origin" x="24" y="73"/>
<int name="z" value="0"/>
<string name="_outlink" value="Npc/0010300.img/stand/0"/>
</canvas>
<canvas name="1" width="50" height="73">
<vector name="origin" x="24" y="73"/>
<int name="z" value="0"/>
<string name="_hash" value="ab2557b388e0a81dff14c5b7492845cc6502906f2506bc78ab082b84ce812eaa"/>
</canvas>
<canvas name="2" width="1" height="1">
<vector name="origin" x="24" y="73"/>
<int name="z" value="0"/>
<string name="_outlink" value="Npc/0010300.img/stand/0"/>
</canvas>
<canvas name="3" width="1" height="1">
<vector name="origin" x="24" y="73"/>
<int name="z" value="0"/>
<string name="_inlink" value="say/1"/>
</canvas>
<canvas name="4" width="1" height="1">
<vector name="origin" x="24" y="73"/>
<int name="z" value="0"/>
<string name="_outlink" value="Npc/0010300.img/stand/0"/>
</canvas>
<uol name="5" value="0"/>
<uol name="6" value="1"/>
<uol name="7" value="2"/>
<uol name="8" value="3"/>
<uol name="9" value="4"/>
<uol name="10" value="0"/>
<uol name="11" value="0"/>
<uol name="12" value="0"/>
<uol name="13" value="0"/>
<uol name="14" value="0"/>
<uol name="15" value="0"/>
<imgdir name="speak">
<string name="0" value="n0"/>
<string name="1" value="n1"/>
</imgdir>
</imgdir>
</imgdir>
