<?xml version="1.0" encoding="UTF-8" standalone="yes"?>
<imgdir name="1012002.img">
<imgdir name="info">
<int name="dcLeft" value="-38"/>
<int name="dcTop" value="-73"/>
<int name="dcRight" value="2"/>
<int name="dcBottom" value="0"/>
<imgdir name="script">
<imgdir name="0">
<string name="script" value="make_alert"/>
</imgdir>
</imgdir>
</imgdir>
<imgdir name="stand">
<canvas name="0" width="82" height="78">
<vector name="origin" x="41" y="78"/>
<int name="z" value="0"/>
<int name="delay" value="150"/>
<string name="_hash" value="fe6c63064d4a775740914d3d6e43bf2531c67e6c16cecafcfc4d64e101a43945"/>
</canvas>
</imgdir>
<imgdir name="say0">
<canvas name="0" width="1" height="1">
<vector name="origin" x="41" y="78"/>
<int name="z" value="0"/>
<string name="_inlink" value="stand/0"/>
</canvas>
<canvas name="1" width="82" height="78">
<vector name="origin" x="41" y="78"/>
<int name="z" value="0"/>
<string name="_hash" value="d6679c4bd826733b13fb92cff4a07c88f47a0b6eab64f6d3937f0590e1a5cb09"/>
</canvas>
<canvas name="2" width="82" height="78">
<vector name="origin" x="41" y="78"/>
<int name="z" value="0"/>
<string name="_hash" value="8c2745cc5a5be5c33bcab7731176552501dce6b7aec361c8b55379afc08c3b14"/>
</canvas>
<canvas name="3" width="1" height="1">
<vector name="origin" x="41" y="78"/>
<int name="z" value="0"/>
<string name="_inlink" value="say0/1"/>
</canvas>
<canvas name="4" width="82" height="78">
<vector name="origin" x="41" y="78"/>
<int name="z" value="0"/>
<string name="_hash" value="eff34dea5ea7c622071edf09fdda834474a666f41a578dcde579148c0f9ec7c4"/>
</canvas>
<uol name="5" value="0"/>
<uol name="6" value="1"/>
<uol name="7" value="2"/>
<uol name="8" value="3"/>
<uol name="9" value="4"/>
<imgdir name="speak">
<string name="0" value="n0"/>
</imgdir>
</imgdir>
<imgdir name="smile">
<canvas name="0" width="1" height="1">
<vector name="origin" x="41" y="78"/>
<int name="z" value="0"/>
<string name="_inlink" value="stand/0"/>
</canvas>
<canvas name="1" width="82" height="78">
<vector name="origin" x="41" y="78"/>
<int name="z" value="0"/>
<string name="_hash" value="f908e503d0d0ed5d23ebdc55dce4d2ab2a74110f9d68e869964a568f65d36b17"/>
</canvas>
<canvas name="2" width="82" height="78">
<vector name="origin" x="41" y="78"/>
<int name="z" value="0"/>
<string name="_hash" value="78268a46d830a774a3073ba416ccb59fa39c747f20db9126ec0777426bf4de45"/>
</canvas>
<uol name="3" value="0"/>
<uol name="4" value="1"/>
<uol name="5" value="2"/>
<uol name="6" value="0"/>
<uol name="7" value="0"/>
<uol name="8" value="0"/>
<uol name="9" value="0"/>
<uol name="10" value="0"/>
</imgdir>
</imgdir>
