<?xml version="1.0" encoding="UTF-8" standalone="yes"?>
<imgdir name="1012104.img">
<imgdir name="info">
<imgdir name="script">
<imgdir name="0">
<string name="script" value="hair_henesys2"/>
</imgdir>
</imgdir>
</imgdir>
<imgdir name="stand">
<canvas name="0" width="47" height="71">
<vector name="origin" x="26" y="71"/>
<int name="z" value="0"/>
<int name="delay" value="300"/>
<string name="_hash" value="9868729d3bd3b076e4b2b975a98274107f7aeae740e14037a3775294dbe9eeb1"/>
</canvas>
</imgdir>
<imgdir name="say">
<canvas name="0" width="1" height="1">
<vector name="origin" x="26" y="71"/>
<int name="z" value="0"/>
<string name="_inlink" value="stand/0"/>
</canvas>
<canvas name="1" width="47" height="71">
<vector name="origin" x="26" y="71"/>
<int name="z" value="0"/>
<string name="_hash" value="4283bbe3dcb13a04c31419e0ee9c9502ecd210bc3ad0394fbb2f948f92c5d614"/>
</canvas>
<uol name="2" value="0"/>
<uol name="3" value="1"/>
<uol name="4" value="0"/>
<uol name="5" value="0"/>
<uol name="6" value="0"/>
<uol name="7" value="0"/>
<imgdir name="speak">
<string name="0" value="n0"/>
<string name="1" value="n1"/>
</imgdir>
</imgdir>
<imgdir name="laugh">
<canvas name="0" width="1" height="1">
<vector name="origin" x="26" y="71"/>
<int name="z" value="0"/>
<string name="_inlink" value="stand/0"/>
</canvas>
<canvas name="1" width="49" height="71">
<vector name="origin" x="28" y="71"/>
<int name="z" value="0"/>
<string name="_hash" value="5289274535ee514f281e88812737fedd93a7d7a1309bd2d8935c10f9128fb8c5"/>
</canvas>
<canvas name="2" width="48" height="70">
<vector name="origin" x="27" y="70"/>
<int name="z" value="0"/>
<string name="_hash" value="4292264f7a765f6f27d9f00f6f5462d60645814a95601eac85bedc50681d60e9"/>
</canvas>
<canvas name="3" width="48" height="71">
<vector name="origin" x="27" y="71"/>
<int name="z" value="0"/>
<string name="_hash" value="1ce9baebd35d0c3d62bb3e2f9db9bb94f0fbc24dd5afa80ed7001e20216e8441"/>
</canvas>
<canvas name="4" width="1" height="1">
<vector name="origin" x="27" y="70"/>
<int name="z" value="0"/>
<string name="_inlink" value="laugh/2"/>
</canvas>
<canvas name="5" width="49" height="71">
<vector name="origin" x="28" y="71"/>
<int name="z" value="0"/>
<string name="_hash" value="5d0de538f07ddcbfc854cd3120ec0200d58582bee118d277f7ec8786af3eaa48"/>
</canvas>
</imgdir>
</imgdir>
