<?xml version="1.0" encoding="UTF-8" standalone="yes"?>
<imgdir name="1012122.img">
<imgdir name="info">
<int name="shop" value="1"/>
</imgdir>
<imgdir name="stand">
<canvas name="0" width="92" height="83">
<vector name="origin" x="32" y="83"/>
<int name="delay" value="3000"/>
<string name="_hash" value="d1b7eec8e2dcb8ba78e8721e7259ad837db4abaecacb039339193ee1bbf77c32"/>
</canvas>
</imgdir>
<imgdir name="say">
<canvas name="0" width="1" height="1">
<vector name="origin" x="32" y="83"/>
<int name="delay" value="180"/>
<string name="_inlink" value="stand/0"/>
</canvas>
<canvas name="1" width="92" height="83">
<vector name="origin" x="32" y="83"/>
<int name="delay" value="180"/>
<string name="_hash" value="a39014a7e417ac11a4d75cd965c3072debd57173f4388c6510ce2f7394f2414e"/>
</canvas>
<uol name="2" value="0"/>
<uol name="3" value="1"/>
<uol name="4" value="0"/>
<uol name="5" value="1"/>
<uol name="6" value="0"/>
<uol name="7" value="1"/>
<uol name="8" value="0"/>
<uol name="9" value="1"/>
<uol name="10" value="0"/>
<uol name="11" value="1"/>
<uol name="12" value="0"/>
<uol name="13" value="1"/>
<uol name="14" value="0"/>
<uol name="15" value="1"/>
<imgdir name="speak">
<string name="0" value="n0"/>
<string name="1" value="n1"/>
</imgdir>
</imgdir>
<imgdir name="eye">
<canvas name="0" width="1" height="1">
<vector name="origin" x="32" y="83"/>
<int name="delay" value="150"/>
<string name="_inlink" value="stand/0"/>
</canvas>
<canvas name="1" width="92" height="83">
<vector name="origin" x="32" y="83"/>
<int name="delay" value="150"/>
<string name="_hash" value="d56e34c12018c80458d545c5c5edcd9b436919d71464da69611dd52f79eb39d1"/>
</canvas>
<canvas name="2" width="92" height="83">
<vector name="origin" x="32" y="83"/>
<int name="delay" value="150"/>
<string name="_hash" value="affcecdf0ef044451532afa8f5f3f48b3ce9b379322e782b16715776b0feb6b7"/>
</canvas>
<canvas name="3" width="1" height="1">
<vector name="origin" x="32" y="83"/>
<int name="delay" value="150"/>
<string name="_inlink" value="eye/1"/>
</canvas>
</imgdir>
<imgdir name="hand">
<canvas name="0" width="1" height="1">
<vector name="origin" x="32" y="83"/>
<int name="delay" value="150"/>
<string name="_inlink" value="stand/0"/>
</canvas>
<canvas name="1" width="92" height="83">
<vector name="origin" x="32" y="83"/>
<int name="delay" value="150"/>
<string name="_hash" value="de42d6940fdfd99acb8979af0fbbbf23154b23e805e8686f76aed944b130282d"/>
</canvas>
<canvas name="2" width="92" height="83">
<vector name="origin" x="32" y="83"/>
<int name="delay" value="150"/>
<string name="_hash" value="f9eb5feef005aada4cfd38ed699fed0456027261c8b722b519efb3481f5bfedf"/>
</canvas>
<canvas name="3" width="92" height="83">
<vector name="origin" x="32" y="83"/>
<int name="delay" value="150"/>
<string name="_hash" value="55de8729a8be82d5b60f1725ec371f739d021937c23d27f34710e6f0a2a9925e"/>
</canvas>
<canvas name="4" width="92" height="83">
<vector name="origin" x="32" y="83"/>
<int name="delay" value="150"/>
<string name="_hash" value="c597337caeb2ce6fd7e33b58b695e6ab5cef8e295799f0bf8618ab54a16bfb90"/>
</canvas>
<canvas name="5" width="92" height="83">
<vector name="origin" x="32" y="83"/>
<int name="delay" value="150"/>
<string name="_hash" value="5ae27e30dd1498d8421a3119339d6b30ee306a737a9057e9146da04a14f8c9d4"/>
</canvas>
</imgdir>
<imgdir name="smile">
<canvas name="0" width="92" height="82">
<vector name="origin" x="32" y="82"/>
<int name="z" value="0"/>
<string name="_hash" value="f6abf35a016bd8b95a141e3298fecde52c8ee4a762881eefe9d658c9561e018c"/>
</canvas>
<canvas name="1" width="92" height="83">
<vector name="origin" x="32" y="83"/>
<int name="z" value="0"/>
<string name="_hash" value="93bf4e0f15d0499b4b56894820182417371240269e917e3f80ab2fe0934c0746"/>
</canvas>
<canvas name="2" width="1" height="1">
<vector name="origin" x="32" y="82"/>
<int name="z" value="0"/>
<string name="_inlink" value="smile/0"/>
</canvas>
</imgdir>
</imgdir>
