<?xml version="1.0" encoding="UTF-8" standalone="yes"?>
<imgdir name="1012133.img">
<imgdir name="info">
<canvas name="default" width="48" height="54">
<vector name="origin" x="24" y="54"/>
<int name="z" value="0"/>
<string name="_hash" value="8a7660cebeeeb8cbdb4a7da9c8dade41f4618d3dea7999536aab3e8a2caf0c5f"/>
</canvas>
</imgdir>
<imgdir name="stand">
<canvas name="0" width="44" height="69">
<vector name="origin" x="22" y="69"/>
<int name="z" value="0"/>
<string name="_hash" value="d9af40a5f349b3aad132fa058ae66913ae7d85179e481e562e43dea95d148241"/>
</canvas>
</imgdir>
</imgdir>
