<?xml version="1.0" encoding="UTF-8" standalone="yes"?>
<imgdir name="1012008.img">
<imgdir name="info">
<imgdir name="script">
<imgdir name="0">
<string name="script" value="minigame00"/>
</imgdir>
</imgdir>
</imgdir>
<imgdir name="stand">
<canvas name="0" width="61" height="77">
<vector name="origin" x="33" y="77"/>
<int name="z" value="0"/>
<string name="_hash" value="d96f95269156e749146571df558092c71e1b75ec8f36a4cd082b84592d99b1e3"/>
</canvas>
</imgdir>
<imgdir name="say">
<canvas name="0" width="1" height="1">
<vector name="origin" x="33" y="77"/>
<int name="z" value="0"/>
<string name="_inlink" value="stand/0"/>
</canvas>
<canvas name="1" width="61" height="77">
<vector name="origin" x="33" y="77"/>
<int name="z" value="0"/>
<string name="_hash" value="79e42931fa17c1d38ba9f69f006d493001025f9bb323e0fd701f15cf9d1c4c3e"/>
</canvas>
<canvas name="2" width="1" height="1">
<vector name="origin" x="33" y="77"/>
<int name="z" value="0"/>
<string name="_inlink" value="stand/0"/>
</canvas>
<canvas name="3" width="1" height="1">
<vector name="origin" x="33" y="77"/>
<int name="z" value="0"/>
<string name="_inlink" value="say/1"/>
</canvas>
<uol name="4" value="0"/>
<uol name="5" value="1"/>
<uol name="6" value="2"/>
<uol name="7" value="3"/>
<uol name="8" value="3"/>
<uol name="9" value="3"/>
<uol name="10" value="3"/>
<imgdir name="speak">
<string name="0" value="n0"/>
<string name="1" value="n1"/>
</imgdir>
</imgdir>
<imgdir name="eye">
<canvas name="0" width="61" height="77">
<vector name="origin" x="33" y="77"/>
<int name="z" value="0"/>
<string name="_hash" value="9f9ffbf37f25f0249a9c6d9addc05fb78c84bbf355ad22d38251150cb5e550c3"/>
</canvas>
<canvas name="1" width="61" height="77">
<vector name="origin" x="33" y="77"/>
<int name="z" value="0"/>
<string name="_hash" value="f0dafed038996813bc828a708ca68df0ea2b05a6e2203df9ceb3bab6adcd2f42"/>
</canvas>
<canvas name="2" width="61" height="77">
<vector name="origin" x="33" y="77"/>
<int name="z" value="0"/>
<string name="_hash" value="fc808fd22e1f4002f122c2d13d130829bd52e60b50b9b62bbcc7bcb8d6e9eabc"/>
</canvas>
<canvas name="3" width="1" height="1">
<vector name="origin" x="33" y="77"/>
<int name="z" value="0"/>
<string name="_inlink" value="eye/0"/>
</canvas>
</imgdir>
<imgdir name="bowtie">
<canvas name="0" width="1" height="1">
<vector name="origin" x="33" y="77"/>
<int name="z" value="0"/>
<string name="_inlink" value="stand/0"/>
</canvas>
<canvas name="1" width="61" height="77">
<vector name="origin" x="33" y="77"/>
<int name="z" value="0"/>
<string name="_hash" value="cade75bba442c6a27c13c404e0d9972548295df404e87ad628362e54e54db4bb"/>
</canvas>
<canvas name="2" width="61" height="77">
<vector name="origin" x="33" y="77"/>
<int name="z" value="0"/>
<string name="_hash" value="5ab6504971151c085c854a57ca3fcfe51186c6c51f99b329aa3abe9b57ade7e9"/>
</canvas>
<canvas name="3" width="1" height="1">
<vector name="origin" x="33" y="77"/>
<int name="z" value="0"/>
<string name="_inlink" value="bowtie/1"/>
</canvas>
<canvas name="4" width="1" height="1">
<vector name="origin" x="33" y="77"/>
<int name="z" value="0"/>
<string name="_inlink" value="bowtie/2"/>
</canvas>
<canvas name="5" width="61" height="77">
<vector name="origin" x="33" y="77"/>
<int name="z" value="0"/>
<string name="_hash" value="178ceb5a02aa8bd90033f673a233bfde881271bc35bb0782daafff8c46e0c46e"/>
</canvas>
</imgdir>
</imgdir>
