<?xml version="1.0" encoding="UTF-8" standalone="yes"?>
<imgdir name="1012105.img">
<imgdir name="info">
<imgdir name="script">
<imgdir name="0">
<string name="script" value="skin_henesys1"/>
</imgdir>
</imgdir>
</imgdir>
<imgdir name="stand">
<canvas name="0" width="65" height="80">
<vector name="origin" x="29" y="76"/>
<int name="z" value="0"/>
<int name="delay" value="300"/>
<string name="_hash" value="b950f4f691e12dedc9807c071a2c8d63f6135d4876d7d500e66f6149959db789"/>
</canvas>
</imgdir>
<imgdir name="eye">
<canvas name="0" width="1" height="1">
<vector name="origin" x="29" y="76"/>
<int name="z" value="0"/>
<string name="_inlink" value="stand/0"/>
</canvas>
<canvas name="1" width="65" height="80">
<vector name="origin" x="29" y="76"/>
<int name="z" value="0"/>
<string name="_hash" value="13505ec882bf69d4567c94eae08619f8b7ac7ba573f0646115f4a34be0473acf"/>
</canvas>
<uol name="2" value="1"/>
<uol name="3" value="1"/>
<canvas name="4" width="1" height="1">
<vector name="origin" x="29" y="76"/>
<int name="z" value="0"/>
<string name="_inlink" value="eye/1"/>
</canvas>
<canvas name="5" width="65" height="80">
<vector name="origin" x="29" y="76"/>
<int name="z" value="0"/>
<string name="_hash" value="2947276b336e1c1f7c9f39b7b2828adea874f56ddcc88d7c8c5ca99b2e6c91c3"/>
</canvas>
</imgdir>
<imgdir name="say">
<canvas name="0" width="1" height="1">
<vector name="origin" x="29" y="76"/>
<int name="z" value="0"/>
<string name="_inlink" value="stand/0"/>
</canvas>
<canvas name="1" width="65" height="80">
<vector name="origin" x="29" y="76"/>
<int name="z" value="0"/>
<string name="_hash" value="a46fb1c5711f15e4aeb719d0308771711448393487196820d1d8d5f2d03aaa1e"/>
</canvas>
<uol name="2" value="0"/>
<uol name="3" value="1"/>
<uol name="4" value="0"/>
<uol name="5" value="0"/>
<uol name="6" value="0"/>
<uol name="7" value="0"/>
<imgdir name="speak">
<string name="0" value="n0"/>
<string name="1" value="n1"/>
<string name="2" value="n2"/>
</imgdir>
</imgdir>
</imgdir>
