<?xml version="1.0" encoding="UTF-8" standalone="yes"?>
<imgdir name="1012106.img">
<imgdir name="info">
</imgdir>
<imgdir name="stand">
<canvas name="0" width="47" height="69">
<vector name="origin" x="23" y="67"/>
<int name="z" value="0"/>
<int name="delay" value="300"/>
<string name="_hash" value="ce9354e60cb5af10c81956b60baa22db622eb59be73ab9ae471f614b19c9dd22"/>
</canvas>
</imgdir>
<imgdir name="move">
<canvas name="0" width="1" height="1">
<vector name="origin" x="23" y="67"/>
<int name="z" value="0"/>
<int name="delay" value="270"/>
<string name="_inlink" value="stand/0"/>
</canvas>
<canvas name="1" width="47" height="68">
<vector name="origin" x="23" y="66"/>
<int name="z" value="0"/>
<int name="delay" value="270"/>
<string name="_hash" value="3b1b805b812988d5d26ae7a43e3a10afb7dff1d51a1b4ccb513a5cadb80e1002"/>
</canvas>
<canvas name="2" width="1" height="1">
<vector name="origin" x="23" y="67"/>
<int name="z" value="0"/>
<int name="delay" value="270"/>
<string name="_inlink" value="stand/0"/>
</canvas>
<canvas name="3" width="47" height="68">
<vector name="origin" x="23" y="66"/>
<int name="z" value="0"/>
<int name="delay" value="270"/>
<string name="_hash" value="c8bcb8297fa18b47930483433073e834eb5ff5597ebb045a7981eeeaddd44536"/>
</canvas>
</imgdir>
<imgdir name="eye">
<canvas name="0" width="1" height="1">
<vector name="origin" x="23" y="67"/>
<int name="z" value="0"/>
<int name="delay" value="180"/>
<string name="_inlink" value="stand/0"/>
</canvas>
<canvas name="1" width="47" height="69">
<vector name="origin" x="23" y="67"/>
<int name="z" value="0"/>
<int name="delay" value="180"/>
<string name="_hash" value="1002f8d144fa409796bce4d56cf95e33fe9ab46eb8816da8e9f03beae9ed97e2"/>
</canvas>
<canvas name="2" width="47" height="69">
<vector name="origin" x="23" y="67"/>
<int name="z" value="0"/>
<int name="delay" value="180"/>
<string name="_hash" value="440361d4b8ad57b4baea5c5add9e69d271bb73f9f0a5d821cb814b91e118b666"/>
</canvas>
</imgdir>
<imgdir name="say">
<canvas name="0" width="1" height="1">
<vector name="origin" x="23" y="67"/>
<int name="z" value="0"/>
<string name="_inlink" value="stand/0"/>
</canvas>
<canvas name="1" width="47" height="69">
<vector name="origin" x="23" y="67"/>
<int name="z" value="0"/>
<string name="_hash" value="f0500d192162f736cc0cd08a7b0c3b9812f8eee14bf3eb7e048caa8cc498a107"/>
</canvas>
<uol name="2" value="0"/>
<uol name="3" value="1"/>
<uol name="4" value="0"/>
<uol name="5" value="0"/>
<uol name="6" value="0"/>
<uol name="7" value="0"/>
<imgdir name="speak">
<string name="0" value="s0"/>
<string name="1" value="s1"/>
<string name="2" value="s2"/>
</imgdir>
</imgdir>
</imgdir>
