<?xml version="1.0" encoding="UTF-8" standalone="yes"?>
<imgdir name="1012000.img">
<imgdir name="info">
<int name="dcLeft" value="-60"/>
<int name="dcTop" value="-90"/>
<int name="dcRight" value="60"/>
<int name="dcBottom" value="0"/>
<imgdir name="script">
<imgdir name="0">
<string name="script" value="victoria_taxi"/>
</imgdir>
</imgdir>
</imgdir>
<imgdir name="stand">
<canvas name="0" width="127" height="88">
<vector name="origin" x="61" y="88"/>
<int name="z" value="0"/>
<int name="delay" value="5000"/>
<string name="_hash" value="b973fde4ab7a582df996935f2f5d92e6610e56a6b3adff84ef6c410cf91fced5"/>
</canvas>
</imgdir>
</imgdir>
