<?xml version="1.0" encoding="UTF-8" standalone="yes"?>
<imgdir name="1012134.img">
<imgdir name="info">
<imgdir name="speak">
<string name="0" value="n0"/>
</imgdir>
</imgdir>
<imgdir name="stand">
<canvas name="0" width="1" height="1">
<vector name="origin" x="41" y="80"/>
<int name="z" value="0"/>
<int name="delay" value="3000"/>
<string name="_hash" value="58c4d64de2eed809b449c832390628e20113a7ca49752fd6d7ff2b2570c41bad"/>
<string name="_outlink" value="Npc/0010200.img/stand/0"/>
</canvas>
</imgdir>
<imgdir name="say">
<canvas name="0" width="1" height="1">
<vector name="origin" x="41" y="80"/>
<int name="z" value="0"/>
<int name="delay" value="180"/>
<string name="_outlink" value="Npc/0010200.img/stand/0"/>
</canvas>
<canvas name="1" width="1" height="1">
<vector name="origin" x="41" y="80"/>
<int name="z" value="0"/>
<int name="delay" value="180"/>
<string name="_hash" value="f278ca2281aed81b39b87404451329818c062e8b6f76d159131906c6915f7c4b"/>
<string name="_outlink" value="Npc/1012100.img/say/1"/>
</canvas>
<uol name="2" value="0"/>
<uol name="3" value="1"/>
<uol name="4" value="0"/>
<uol name="5" value="1"/>
<uol name="6" value="0"/>
<uol name="7" value="1"/>
<uol name="8" value="0"/>
<uol name="9" value="1"/>
<uol name="10" value="0"/>
<uol name="11" value="1"/>
<uol name="12" value="0"/>
<uol name="13" value="1"/>
</imgdir>
<imgdir name="eye">
<canvas name="0" width="1" height="1">
<vector name="origin" x="41" y="80"/>
<int name="z" value="0"/>
<string name="_outlink" value="Npc/0010200.img/stand/0"/>
</canvas>
<canvas name="1" width="1" height="1">
<vector name="origin" x="41" y="80"/>
<int name="z" value="0"/>
<string name="_hash" value="f8bfc4458f3ece78e6df71e13f2205ad6c84776082fa4af1400182d47ece9485"/>
<string name="_outlink" value="Npc/1012100.img/eye/1"/>
</canvas>
<canvas name="2" width="1" height="1">
<vector name="origin" x="41" y="80"/>
<int name="z" value="0"/>
<string name="_hash" value="9eb17ba2593c8d4b1ed091e0ef2e20678ddd27d44c353a4e939186f6679257d4"/>
<string name="_outlink" value="Npc/1012100.img/eye/2"/>
</canvas>
</imgdir>
</imgdir>
