<?xml version="1.0" encoding="UTF-8" standalone="yes"?>
<imgdir name="1012009.img">
<imgdir name="info">
<imgdir name="speak">
<string name="0" value="n0"/>
<string name="1" value="n1"/>
</imgdir>
<int name="trunkPut" value="100"/>
</imgdir>
<imgdir name="stand">
<canvas name="0" width="49" height="72">
<vector name="origin" x="22" y="72"/>
<int name="z" value="0"/>
<string name="_hash" value="ca7afc7266250b4437a035ee2a633b0201f0b16550d49582f4cd168a8c291e02"/>
</canvas>
<canvas name="1" width="49" height="72">
<vector name="origin" x="22" y="72"/>
<int name="z" value="0"/>
<string name="_hash" value="5ecfff61a8a61c7f0ee8b74d77ec2fefc98d84c48804d6a88b68fad8a40ed6d2"/>
</canvas>
</imgdir>
<imgdir name="say">
<canvas name="0" width="49" height="72">
<vector name="origin" x="22" y="72"/>
<int name="z" value="0"/>
<string name="_hash" value="9ad2dfb64d537a0256c6e552c0784d6c4787ba6454c007e0250a27608dd86b70"/>
</canvas>
<canvas name="1" width="49" height="72">
<vector name="origin" x="22" y="72"/>
<int name="z" value="0"/>
<string name="_hash" value="f271bbc2864c560ac9e47a505a3afd4e478475cd10db13d8fbffeff10c8b1a7b"/>
</canvas>
<uol name="2" value="0"/>
<uol name="3" value="1"/>
<uol name="4" value="0"/>
<uol name="5" value="0"/>
<uol name="6" value="0"/>
<uol name="7" value="0"/>
<uol name="8" value="0"/>
<uol name="9" value="0"/>
</imgdir>
</imgdir>
