<?xml version="1.0" encoding="UTF-8" standalone="yes"?>
<imgdir name="1012005.img">
<imgdir name="info">
<imgdir name="script">
<imgdir name="0">
<string name="script" value="petmaster"/>
</imgdir>
</imgdir>
</imgdir>
<imgdir name="stand">
<canvas name="0" width="73" height="70">
<vector name="origin" x="37" y="70"/>
<int name="z" value="0"/>
<int name="delay" value="150"/>
<string name="_hash" value="9860c2d69aa3badfd50915045e4b523c22d2e22e144bc15dea23146f6e3255db"/>
</canvas>
</imgdir>
<imgdir name="say">
<canvas name="0" width="73" height="70">
<vector name="origin" x="37" y="70"/>
<int name="z" value="0"/>
<string name="_hash" value="2e666ec0dbbd66ea38793752b359a9d1c323a44f43b3da8450d4c652d8319b2b"/>
</canvas>
<uol name="1" value="0"/>
<canvas name="2" width="1" height="1">
<vector name="origin" x="37" y="70"/>
<int name="z" value="0"/>
<string name="_inlink" value="stand/0"/>
</canvas>
<uol name="3" value="0"/>
<uol name="4" value="0"/>
<uol name="5" value="2"/>
<uol name="6" value="0"/>
<uol name="7" value="0"/>
<uol name="8" value="2"/>
<uol name="9" value="2"/>
<uol name="10" value="2"/>
<uol name="11" value="2"/>
<imgdir name="speak">
<string name="0" value="n0"/>
<string name="1" value="n1"/>
</imgdir>
</imgdir>
<imgdir name="bowwow">
<canvas name="0" width="1" height="1">
<vector name="origin" x="37" y="70"/>
<int name="z" value="0"/>
<string name="_inlink" value="stand/0"/>
</canvas>
<canvas name="1" width="73" height="70">
<vector name="origin" x="37" y="70"/>
<int name="z" value="0"/>
<string name="_hash" value="d52a6cc7eeef2ed1e4e24b90650dce6d493c55ef21ebb6c9b6ee3ab86b58f696"/>
</canvas>
<canvas name="2" width="1" height="1">
<vector name="origin" x="37" y="70"/>
<int name="z" value="0"/>
<string name="_inlink" value="stand/0"/>
</canvas>
<canvas name="3" width="1" height="1">
<vector name="origin" x="37" y="70"/>
<int name="z" value="0"/>
<string name="_inlink" value="bowwow/1"/>
</canvas>
</imgdir>
</imgdir>
