<?xml version="1.0" encoding="UTF-8" standalone="yes"?>
<imgdir name="1013522.img">
<imgdir name="info">
<imgdir name="speak">
<string name="0" value="n0"/>
<string name="1" value="n1"/>
<int name="delay" value="180"/>
</imgdir>
<int name="hideName" value="1"/>
</imgdir>
<imgdir name="stand">
<canvas name="0" width="82" height="73">
<vector name="origin" x="45" y="72"/>
<int name="z" value="0"/>
<int name="delay" value="200"/>
<string name="_hash" value="acd9825340b6ec74f2269ec59ce4341b6e3f1aeca1462bf35d0554db6a0c5403"/>
</canvas>
<canvas name="1" width="82" height="73">
<vector name="origin" x="45" y="72"/>
<int name="z" value="0"/>
<int name="delay" value="200"/>
<string name="_hash" value="c12cc21cc03514d7c94b73f2f229a78ffeb1c810a104ae77b0db78d394c972a3"/>
</canvas>
<canvas name="2" width="1" height="1">
<vector name="origin" x="45" y="72"/>
<int name="z" value="0"/>
<int name="delay" value="200"/>
<string name="_inlink" value="stand/0"/>
</canvas>
<canvas name="3" width="1" height="1">
<vector name="origin" x="45" y="72"/>
<int name="z" value="0"/>
<int name="delay" value="200"/>
<string name="_inlink" value="stand/1"/>
</canvas>
<canvas name="4" width="81" height="73">
<vector name="origin" x="44" y="72"/>
<int name="z" value="0"/>
<int name="delay" value="200"/>
<string name="_hash" value="8fe89102230e315d17bd55039d5b30bca2adb9e6b38a8c4e97dc5dcee7000f38"/>
</canvas>
<canvas name="5" width="81" height="73">
<vector name="origin" x="44" y="72"/>
<int name="z" value="0"/>
<int name="delay" value="200"/>
<string name="_hash" value="18abee409b95f4b957e555e35d2bb6bab2afc84f645491d62d0a042df8e7e08e"/>
</canvas>
<canvas name="6" width="81" height="75">
<vector name="origin" x="44" y="72"/>
<int name="z" value="0"/>
<int name="delay" value="200"/>
<string name="_hash" value="ce0a3f3e873df3bc7d77337a804236fc0cfef4d1a3d3a321543dc0354167180a"/>
</canvas>
<canvas name="7" width="84" height="76">
<vector name="origin" x="47" y="72"/>
<int name="z" value="0"/>
<int name="delay" value="200"/>
<string name="_hash" value="c31290cf3a5b94efb166c304e50ca17fd74142c92423478413c4c1bce7b3af4a"/>
</canvas>
<canvas name="8" width="84" height="77">
<vector name="origin" x="47" y="72"/>
<int name="z" value="0"/>
<int name="delay" value="200"/>
<string name="_hash" value="9d03bd1b3c5fbce172197874bf8b1093d9d89d62d77a64785ca9527333519a2a"/>
</canvas>
<canvas name="9" width="85" height="77">
<vector name="origin" x="48" y="72"/>
<int name="z" value="0"/>
<int name="delay" value="200"/>
<string name="_hash" value="b046c315a63992e59880d6a1b9dbef0f0cca194465bfdff18bbf758d00e7575c"/>
</canvas>
</imgdir>
</imgdir>
