<?xml version="1.0" encoding="UTF-8" standalone="yes"?>
<imgdir name="1013514.img">
<imgdir name="info">
</imgdir>
<imgdir name="stand">
<canvas name="0" width="67" height="66">
<vector name="origin" x="33" y="60"/>
<int name="z" value="0"/>
<string name="_hash" value="1d025cad0708c01ca5b045fdfe50e7730d8e6e683a0cb1ffeff93e1abdc31a41"/>
</canvas>
<canvas name="1" width="69" height="65">
<vector name="origin" x="34" y="59"/>
<int name="z" value="0"/>
<string name="_hash" value="3f0204df48961fad1592e7cc97dd29c9cec1851585074fdf0c302403b48a1390"/>
</canvas>
<canvas name="2" width="71" height="63">
<vector name="origin" x="35" y="58"/>
<int name="z" value="0"/>
<string name="_hash" value="e3c9430724715ef84f7fce9711e9df29b0178fe6ef0e497af10de805b6a961ff"/>
</canvas>
<canvas name="3" width="69" height="65">
<vector name="origin" x="34" y="59"/>
<int name="z" value="0"/>
<string name="_hash" value="a8c4429b8206dd6b1de99bfa1a0336955ffd244a5e758dc0684d730510d10049"/>
</canvas>
<canvas name="4" width="67" height="66">
<vector name="origin" x="33" y="60"/>
<int name="z" value="0"/>
<string name="_hash" value="437c42dc68cb499ef5bff114e70526c8e674d8e1b3e326f9533994ef17f97a5a"/>
</canvas>
<canvas name="5" width="65" height="67">
<vector name="origin" x="32" y="61"/>
<int name="z" value="0"/>
<string name="_hash" value="be805d92d1f63fcb719d96d55ea1130e61d1298bb7e7f346d1465921046fb109"/>
</canvas>
<canvas name="6" width="63" height="68">
<vector name="origin" x="31" y="62"/>
<int name="z" value="0"/>
<string name="_hash" value="67811de1731981915ca4879e4e60cb9f012266eed4d5d9f99e02bf1ca9281b2b"/>
</canvas>
<canvas name="7" width="65" height="67">
<vector name="origin" x="32" y="61"/>
<int name="z" value="0"/>
<string name="_hash" value="eb2196f72a3765903d906b4a02fd128b8fd3e1225368c120dc229a0905452d19"/>
</canvas>
</imgdir>
<imgdir name="eye">
<canvas name="0" width="1" height="1">
<vector name="origin" x="33" y="60"/>
<int name="z" value="0"/>
<string name="_inlink" value="stand/0"/>
</canvas>
<canvas name="1" width="69" height="65">
<vector name="origin" x="34" y="59"/>
<int name="z" value="0"/>
<string name="_hash" value="52d7de5d07aaaafedccfe8cc92c7170fa9314a2ff8c38992fe12a8e00d958698"/>
</canvas>
<canvas name="2" width="67" height="66">
<vector name="origin" x="33" y="60"/>
<int name="z" value="0"/>
<string name="_hash" value="fe9890f7f867696450cd0bdafba67ba7a02664e2523038786792786ca60b9b66"/>
</canvas>
<canvas name="3" width="65" height="67">
<vector name="origin" x="32" y="61"/>
<int name="z" value="0"/>
<string name="_hash" value="a41a4760d669332b5c95009a6f39a94b2e17303f1278d07f29cebbe8e7da0908"/>
</canvas>
</imgdir>
<imgdir name="say">
<canvas name="0" width="69" height="65">
<vector name="origin" x="34" y="59"/>
<int name="z" value="0"/>
<string name="_hash" value="a1ad5ce16f778924d7479e5c3cc516e5118f7ed9fa6a4e1b2aa60702acd15bf6"/>
</canvas>
<canvas name="1" width="71" height="63">
<vector name="origin" x="35" y="58"/>
<int name="z" value="0"/>
<string name="_hash" value="a4d29dc8140c123d3d1939b1f92e203c7ae03e13f89faf283de70bcce0babbed"/>
</canvas>
<canvas name="2" width="69" height="65">
<vector name="origin" x="34" y="59"/>
<int name="z" value="0"/>
<string name="_hash" value="cc14854d0d0a04fc75cbd99a0ca8b56f3a6e7f49a16566ba03f2fcf71292ddff"/>
</canvas>
<canvas name="3" width="63" height="68">
<vector name="origin" x="31" y="62"/>
<int name="z" value="0"/>
<string name="_hash" value="1fd221717e7d1a86288a88ef11960db0ad12f338b3a5bacaf145f1497fd339c0"/>
</canvas>
</imgdir>
<imgdir name="buruburu">
<canvas name="0" width="1" height="1">
<vector name="origin" x="33" y="60"/>
<int name="z" value="0"/>
<int name="delay" value="150"/>
<string name="_inlink" value="stand/0"/>
</canvas>
<canvas name="1" width="1" height="1">
<vector name="origin" x="35" y="58"/>
<int name="z" value="0"/>
<int name="delay" value="150"/>
<string name="_inlink" value="stand/2"/>
</canvas>
<canvas name="2" width="72" height="75">
<vector name="origin" x="40" y="69"/>
<int name="z" value="0"/>
<int name="delay" value="150"/>
<string name="_hash" value="0ae3156c3434ad9c0dbdf1e4c7e71aa3737b3bbc3cc3f798b1a2ad2844aaa666"/>
</canvas>
<canvas name="3" width="73" height="78">
<vector name="origin" x="42" y="72"/>
<int name="z" value="0"/>
<int name="delay" value="150"/>
<string name="_hash" value="34ebf27f126de2338173d37f3213d5f37a36df2b4012d637c0fe9179adf14a33"/>
</canvas>
<canvas name="4" width="74" height="79">
<vector name="origin" x="43" y="73"/>
<int name="z" value="0"/>
<int name="delay" value="150"/>
<string name="_hash" value="f70d2beefac87aa3832f372543bda3d91ff4b45c1e3e386b390d2f39dad46c9f"/>
</canvas>
<canvas name="5" width="63" height="70">
<vector name="origin" x="32" y="64"/>
<int name="z" value="0"/>
<int name="delay" value="600"/>
<string name="_hash" value="03dcadd64b69a9abc3e51839bc1c135dc12a21c3e4c9d6c5fe328f566eb11c2e"/>
</canvas>
<canvas name="6" width="73" height="69">
<vector name="origin" x="37" y="63"/>
<int name="z" value="0"/>
<int name="delay" value="150"/>
<string name="_hash" value="e9830071d31a56ce52879e3d3daef482fd1345e06a06a291e0e569fba4ced02d"/>
</canvas>
<canvas name="7" width="72" height="69">
<vector name="origin" x="36" y="63"/>
<int name="z" value="0"/>
<int name="delay" value="150"/>
<string name="_hash" value="97f4d321a4e4a05c42de82d2dc336469ad6886527c588f7463b3a1cc3b1f0839"/>
</canvas>
<canvas name="8" width="1" height="1">
<vector name="origin" x="37" y="63"/>
<int name="z" value="0"/>
<int name="delay" value="150"/>
<string name="_inlink" value="buruburu/6"/>
</canvas>
<canvas name="9" width="1" height="1">
<vector name="origin" x="36" y="63"/>
<int name="z" value="0"/>
<int name="delay" value="150"/>
<string name="_inlink" value="buruburu/7"/>
</canvas>
<canvas name="10" width="1" height="1">
<vector name="origin" x="37" y="63"/>
<int name="z" value="0"/>
<int name="delay" value="150"/>
<string name="_inlink" value="buruburu/6"/>
</canvas>
<canvas name="11" width="1" height="1">
<vector name="origin" x="36" y="63"/>
<int name="z" value="0"/>
<int name="delay" value="150"/>
<string name="_inlink" value="buruburu/7"/>
</canvas>
<canvas name="12" width="1" height="1">
<vector name="origin" x="37" y="63"/>
<int name="z" value="0"/>
<int name="delay" value="150"/>
<string name="_inlink" value="buruburu/6"/>
</canvas>
<canvas name="13" width="1" height="1">
<vector name="origin" x="36" y="63"/>
<int name="z" value="0"/>
<int name="delay" value="150"/>
<string name="_inlink" value="buruburu/7"/>
</canvas>
<int name="special" value="1"/>
</imgdir>
<imgdir name="buruburu2">
<canvas name="0" width="1" height="1">
<vector name="origin" x="33" y="60"/>
<int name="z" value="0"/>
<int name="delay" value="150"/>
<string name="_inlink" value="stand/0"/>
</canvas>
<canvas name="1" width="55" height="55">
<vector name="origin" x="27" y="49"/>
<int name="z" value="0"/>
<int name="delay" value="150"/>
<string name="_hash" value="252ff15f7a3fcbcfb4ebf3829b8249313c8f3528e0c1a0bf3003bed8738c7fb2"/>
</canvas>
<canvas name="2" width="53" height="53">
<vector name="origin" x="26" y="47"/>
<int name="z" value="0"/>
<int name="delay" value="600"/>
<string name="_hash" value="63250b0aec8d7933f4a3177766b51790690ad2c2e873532396699461b49a621e"/>
</canvas>
<canvas name="3" width="64" height="53">
<vector name="origin" x="32" y="47"/>
<int name="z" value="0"/>
<int name="delay" value="150"/>
<string name="_hash" value="4f088da5c6ebe116cd78e02e74f997a12d382f408cade952915f6c88cb8d1350"/>
</canvas>
<canvas name="4" width="65" height="53">
<vector name="origin" x="33" y="47"/>
<int name="z" value="0"/>
<int name="delay" value="150"/>
<string name="_hash" value="8fc02f7ad47904196b15843501854de9b3829600bab8f7367d07b556efbda100"/>
</canvas>
<canvas name="5" width="1" height="1">
<vector name="origin" x="32" y="47"/>
<int name="z" value="0"/>
<int name="delay" value="150"/>
<string name="_inlink" value="buruburu2/3"/>
</canvas>
<canvas name="6" width="1" height="1">
<vector name="origin" x="33" y="47"/>
<int name="z" value="0"/>
<int name="delay" value="150"/>
<string name="_inlink" value="buruburu2/4"/>
</canvas>
<canvas name="7" width="1" height="1">
<vector name="origin" x="32" y="47"/>
<int name="z" value="0"/>
<int name="delay" value="150"/>
<string name="_inlink" value="buruburu2/3"/>
</canvas>
<canvas name="8" width="1" height="1">
<vector name="origin" x="33" y="47"/>
<int name="z" value="0"/>
<int name="delay" value="150"/>
<string name="_inlink" value="buruburu2/4"/>
</canvas>
<canvas name="9" width="1" height="1">
<vector name="origin" x="32" y="47"/>
<int name="z" value="0"/>
<int name="delay" value="150"/>
<string name="_inlink" value="buruburu2/3"/>
</canvas>
<canvas name="10" width="1" height="1">
<vector name="origin" x="33" y="47"/>
<int name="z" value="0"/>
<int name="delay" value="150"/>
<string name="_inlink" value="buruburu2/4"/>
</canvas>
<int name="special" value="1"/>
</imgdir>
<imgdir name="return">
<canvas name="0" width="1" height="1">
<vector name="origin" x="33" y="60"/>
<int name="z" value="0"/>
<int name="delay" value="120"/>
<string name="_inlink" value="stand/0"/>
</canvas>
<canvas name="1" width="1" height="1">
<vector name="origin" x="27" y="49"/>
<int name="z" value="0"/>
<int name="delay" value="120"/>
<string name="_inlink" value="buruburu2/1"/>
</canvas>
<canvas name="2" width="1" height="1">
<vector name="origin" x="26" y="47"/>
<int name="z" value="0"/>
<int name="delay" value="600"/>
<string name="_inlink" value="buruburu2/2"/>
</canvas>
<canvas name="3" width="65" height="67">
<vector name="origin" x="32" y="61"/>
<int name="z" value="0"/>
<int name="delay" value="120"/>
<string name="_hash" value="dd8cffe5c14aeabe7a7d0f04d4d8f9a6ff7f01faa86575750932f9c09a4c8f28"/>
</canvas>
<int name="special" value="1"/>
</imgdir>
</imgdir>
