<?xml version="1.0" encoding="UTF-8" standalone="yes"?>
<imgdir name="1013000.img">
<imgdir name="info">
<imgdir name="script">
<imgdir name="0">
<string name="script" value="mir"/>
</imgdir>
</imgdir>
</imgdir>
<imgdir name="stand">
<canvas name="0" width="54" height="51">
<vector name="origin" x="35" y="51"/>
<int name="delay" value="90"/>
<string name="_hash" value="f2175eea7d6024f309347ddbcba4f9cf529286e0004b79c27d84daf8c5f65075"/>
</canvas>
<canvas name="1" width="53" height="51">
<vector name="origin" x="35" y="50"/>
<int name="delay" value="90"/>
<string name="_hash" value="73031f19cf5dbe5b93546a82b0334205b1e70aa010a2fd6b75cac55ac6c67c5b"/>
</canvas>
<canvas name="2" width="54" height="51">
<vector name="origin" x="35" y="49"/>
<int name="delay" value="90"/>
<string name="_hash" value="18abee91f2f5fc3525dda8e71d347fe0c0bfe84f5bf62cd66c6e85805c95eb62"/>
</canvas>
<canvas name="3" width="54" height="52">
<vector name="origin" x="35" y="50"/>
<int name="delay" value="90"/>
<string name="_hash" value="137eddd07200205cfcd963744fc06b91a6f6d6f0f4ae1ca9827a2c8c3a3d9f4a"/>
</canvas>
<canvas name="4" width="54" height="52">
<vector name="origin" x="35" y="51"/>
<int name="delay" value="90"/>
<string name="_hash" value="bf941de60b1abe6b22c45ee862d978ee5feea287ba18231d1096da4d388b9c20"/>
</canvas>
<canvas name="5" width="54" height="52">
<vector name="origin" x="35" y="52"/>
<int name="delay" value="90"/>
<string name="_hash" value="f74ce19a1243ca68480eb08ddc365bcd18da4fa4ec6b75c9eeaca7c0c3c562fc"/>
</canvas>
<canvas name="6" width="1" height="1">
<vector name="origin" x="35" y="51"/>
<int name="delay" value="90"/>
<string name="_inlink" value="stand/0"/>
</canvas>
<canvas name="7" width="53" height="51">
<vector name="origin" x="35" y="50"/>
<int name="delay" value="90"/>
<string name="_hash" value="833f4e732102b856e80a1c16bc7323bdb1a4a252b18ad4199df4980d9d3a18ff"/>
</canvas>
<canvas name="8" width="54" height="51">
<vector name="origin" x="35" y="49"/>
<int name="delay" value="90"/>
<string name="_hash" value="d8f51b046ab52ac190c6f6b492167e885ec66c6f5158021b6e104ba3cd1518f3"/>
</canvas>
<canvas name="9" width="54" height="52">
<vector name="origin" x="35" y="50"/>
<int name="delay" value="90"/>
<string name="_hash" value="cc4dd8b681b4ef5ef17a09bed4b60c1258760eccc41679dc67c6ee645cb1018e"/>
</canvas>
<canvas name="10" width="1" height="1">
<vector name="origin" x="35" y="51"/>
<int name="delay" value="90"/>
<string name="_inlink" value="stand/4"/>
</canvas>
<canvas name="11" width="1" height="1">
<vector name="origin" x="35" y="52"/>
<int name="delay" value="90"/>
<string name="_inlink" value="stand/5"/>
</canvas>
</imgdir>
<imgdir name="condition1">
<int name="22133" value="2"/>
<imgdir name="stand">
<canvas name="0" width="202" height="154">
<vector name="origin" x="97" y="152"/>
<int name="delay" value="150"/>
<string name="_hash" value="09d8be0fba6ec81c3d9ce4dd3c83e9b6e44239bfb0d7236a21e0eab950c9a792"/>
</canvas>
<canvas name="1" width="194" height="196">
<vector name="origin" x="97" y="196"/>
<int name="delay" value="150"/>
<string name="_hash" value="b5d98942ee5721a93370dd833e8b234b279a5e9a2fd64b2895b07beaf645f013"/>
</canvas>
<canvas name="2" width="194" height="176">
<vector name="origin" x="97" y="177"/>
<int name="delay" value="150"/>
<string name="_hash" value="3dec694b8cb88e05779e71f93adbd558ddb75a42a28100037c738a265eed3940"/>
</canvas>
<canvas name="3" width="200" height="143">
<vector name="origin" x="97" y="141"/>
<int name="delay" value="150"/>
<string name="_hash" value="57b0e9503f26fde605578b8532a070b52d44853336b9a7b6261e2b6b3e5c2d81"/>
</canvas>
<canvas name="4" width="200" height="145">
<vector name="origin" x="97" y="140"/>
<int name="delay" value="150"/>
<string name="_hash" value="ab4025448e2006558196850c0293241bc271fdc7a8c892a33001b1a4cf7f9a02"/>
</canvas>
<canvas name="5" width="200" height="147">
<vector name="origin" x="97" y="141"/>
<int name="delay" value="150"/>
<string name="_hash" value="bdcf298bd5f9e841dd1569ddf9040fa1484d7122f20f628679ff3377ee218b05"/>
</canvas>
<canvas name="6" width="1" height="1">
<vector name="origin" x="97" y="152"/>
<int name="delay" value="150"/>
<string name="_inlink" value="condition1/stand/0"/>
</canvas>
<canvas name="7" width="1" height="1">
<vector name="origin" x="97" y="196"/>
<int name="delay" value="150"/>
<string name="_inlink" value="condition1/stand/1"/>
</canvas>
<canvas name="8" width="1" height="1">
<vector name="origin" x="97" y="177"/>
<int name="delay" value="150"/>
<string name="_inlink" value="condition1/stand/2"/>
</canvas>
<canvas name="9" width="200" height="143">
<vector name="origin" x="97" y="141"/>
<int name="delay" value="150"/>
<string name="_hash" value="cc3db18a1b955eb3f1e4ed352e5e281d939bbd3b9d4851d13be1b577be52a807"/>
</canvas>
<canvas name="10" width="200" height="145">
<vector name="origin" x="97" y="140"/>
<int name="delay" value="150"/>
<string name="_hash" value="ac01518b11f39588828bf284668080e1fd90002108dbb3c3fb75c49064280485"/>
</canvas>
<canvas name="11" width="200" height="147">
<vector name="origin" x="97" y="141"/>
<int name="delay" value="150"/>
<string name="_hash" value="02fef4a06ef6e07cba4c56cde823ecf0fdb111420fa37aa07871fb1bdbd8f803"/>
</canvas>
</imgdir>
</imgdir>
<imgdir name="condition2">
<int name="22132" value="2"/>
<imgdir name="stand">
<canvas name="0" width="171" height="121">
<vector name="origin" x="79" y="121"/>
<int name="delay" value="150"/>
<string name="_hash" value="e5938e811bf0273295de1209bc0ba174637a8f7a9b044cc6d48d97a7432ffd3e"/>
</canvas>
<canvas name="1" width="166" height="150">
<vector name="origin" x="79" y="152"/>
<int name="delay" value="150"/>
<string name="_hash" value="003a6993ec081fe795e444f98714f9b320502781cfba6ef3216d787d9d9b3a6f"/>
</canvas>
<canvas name="2" width="164" height="136">
<vector name="origin" x="79" y="139"/>
<int name="delay" value="150"/>
<string name="_hash" value="5113d68c56b7c5e8d38e3bd72cca01b17d5a10cd953caf98c4bd19aea35178f2"/>
</canvas>
<canvas name="3" width="171" height="120">
<vector name="origin" x="79" y="120"/>
<int name="delay" value="150"/>
<string name="_hash" value="040a9c6cb9c2123b14158a90b1e65d87da6a341401046e405c693e87490f443a"/>
</canvas>
<canvas name="4" width="173" height="120">
<vector name="origin" x="79" y="119"/>
<int name="delay" value="150"/>
<string name="_hash" value="ce8aa577235ffd777e1581c71956495ef3bc7b65a61571bb9e86cbdb1748ef2e"/>
</canvas>
<canvas name="5" width="173" height="122">
<vector name="origin" x="79" y="120"/>
<int name="delay" value="150"/>
<string name="_hash" value="a80a6e94d825c50d6f66b82b643488fda58f705607d70c3eae643c682c7366c0"/>
</canvas>
<canvas name="6" width="1" height="1">
<vector name="origin" x="79" y="121"/>
<int name="delay" value="150"/>
<string name="_inlink" value="condition2/stand/0"/>
</canvas>
<canvas name="7" width="1" height="1">
<vector name="origin" x="79" y="152"/>
<int name="delay" value="150"/>
<string name="_inlink" value="condition2/stand/1"/>
</canvas>
<canvas name="8" width="1" height="1">
<vector name="origin" x="79" y="139"/>
<int name="delay" value="150"/>
<string name="_inlink" value="condition2/stand/2"/>
</canvas>
<canvas name="9" width="171" height="120">
<vector name="origin" x="79" y="120"/>
<int name="delay" value="150"/>
<string name="_hash" value="c57ff434e60272dd1f6baf269c450e3a8b03849d25796555b118483b93184518"/>
</canvas>
<canvas name="10" width="173" height="120">
<vector name="origin" x="79" y="119"/>
<int name="delay" value="150"/>
<string name="_hash" value="854f5bdbb3b6c99ae980de2659a8c5f2ecdae4f3d6e0720761ae9cc5da76b0a0"/>
</canvas>
<canvas name="11" width="173" height="122">
<vector name="origin" x="79" y="120"/>
<int name="delay" value="150"/>
<string name="_hash" value="0085dbfff4952c9d737c77cc7ba894c5fa1f3a0c19ee701272f041fe2357d47a"/>
</canvas>
</imgdir>
</imgdir>
<imgdir name="condition3">
<int name="22131" value="2"/>
<imgdir name="stand">
<canvas name="0" width="125" height="90">
<vector name="origin" x="71" y="90"/>
<int name="delay" value="120"/>
<string name="_hash" value="5cbef287b9d3600cfee75f0f99e1d06bc1357a88b86d21f62698b7f19aaf7bcb"/>
</canvas>
<canvas name="1" width="125" height="90">
<vector name="origin" x="71" y="89"/>
<int name="delay" value="120"/>
<string name="_hash" value="9271425e3777f1202cebaf13123045c8ae8b75ad75768fb1a17c956afe0ce9f4"/>
</canvas>
<canvas name="2" width="124" height="90">
<vector name="origin" x="71" y="88"/>
<int name="delay" value="120"/>
<string name="_hash" value="e5cb6da0537471f5af1a0761e2ab17fb5dd4c7953e5560ee4c99a1b6fa47ee6f"/>
</canvas>
<canvas name="3" width="128" height="92">
<vector name="origin" x="71" y="89"/>
<int name="delay" value="120"/>
<string name="_hash" value="1ff87487793876b9faf1c9a2bb6ab44621fbc5137bf32a42f6059337ba800384"/>
</canvas>
<canvas name="4" width="127" height="92">
<vector name="origin" x="71" y="90"/>
<int name="delay" value="120"/>
<string name="_hash" value="ddf2f03ec6dbfe9c6da9786bcaa7b640208e7f36905cf513807b500ac945e195"/>
</canvas>
<canvas name="5" width="127" height="92">
<vector name="origin" x="71" y="91"/>
<int name="delay" value="120"/>
<string name="_hash" value="1aa1440d8d4568877fe1d298db660f360c9fde14c060efa6adc34b92ccbd44b8"/>
</canvas>
<canvas name="6" width="1" height="1">
<vector name="origin" x="71" y="90"/>
<int name="delay" value="120"/>
<string name="_inlink" value="condition3/stand/0"/>
</canvas>
<canvas name="7" width="125" height="90">
<vector name="origin" x="71" y="89"/>
<int name="delay" value="120"/>
<string name="_hash" value="c18c4cd901547c0e56ca51b7155a73eaf8c6c4281cc528b790d886ff3bf77273"/>
</canvas>
<canvas name="8" width="124" height="90">
<vector name="origin" x="71" y="88"/>
<int name="delay" value="120"/>
<string name="_hash" value="86f8cd4f8cf0169ff2045cc5b43f29a4e229c5d4228f0468ab93e70aa5a3cdd2"/>
</canvas>
<canvas name="9" width="128" height="92">
<vector name="origin" x="71" y="89"/>
<int name="delay" value="120"/>
<string name="_hash" value="131b018a31677644f96a995005c029da5253780ab042a13a383e49466c4d5407"/>
</canvas>
<canvas name="10" width="127" height="92">
<vector name="origin" x="71" y="90"/>
<int name="delay" value="120"/>
<string name="_hash" value="ad2582e0ed2c35c6803893dfe405bde8a4ad16484666f0c9baaab1b78ac45723"/>
</canvas>
<canvas name="11" width="1" height="1">
<vector name="origin" x="71" y="91"/>
<int name="delay" value="120"/>
<string name="_inlink" value="condition3/stand/5"/>
</canvas>
</imgdir>
</imgdir>
<imgdir name="condition4">
<int name="22130" value="2"/>
<imgdir name="stand">
<canvas name="0" width="1" height="1">
<vector name="origin" x="35" y="51"/>
<int name="delay" value="90"/>
<string name="_inlink" value="stand/0"/>
</canvas>
<canvas name="1" width="1" height="1">
<vector name="origin" x="35" y="50"/>
<int name="delay" value="90"/>
<string name="_inlink" value="stand/1"/>
</canvas>
<canvas name="2" width="1" height="1">
<vector name="origin" x="35" y="49"/>
<int name="delay" value="90"/>
<string name="_inlink" value="stand/2"/>
</canvas>
<canvas name="3" width="1" height="1">
<vector name="origin" x="35" y="50"/>
<int name="delay" value="90"/>
<string name="_inlink" value="stand/3"/>
</canvas>
<canvas name="4" width="1" height="1">
<vector name="origin" x="35" y="51"/>
<int name="delay" value="90"/>
<string name="_inlink" value="stand/4"/>
</canvas>
<canvas name="5" width="1" height="1">
<vector name="origin" x="35" y="52"/>
<int name="delay" value="90"/>
<string name="_inlink" value="stand/5"/>
</canvas>
<canvas name="6" width="1" height="1">
<vector name="origin" x="35" y="51"/>
<int name="delay" value="90"/>
<string name="_inlink" value="stand/0"/>
</canvas>
<canvas name="7" width="1" height="1">
<vector name="origin" x="35" y="50"/>
<int name="delay" value="90"/>
<string name="_inlink" value="stand/7"/>
</canvas>
<canvas name="8" width="1" height="1">
<vector name="origin" x="35" y="49"/>
<int name="delay" value="90"/>
<string name="_inlink" value="stand/8"/>
</canvas>
<canvas name="9" width="1" height="1">
<vector name="origin" x="35" y="50"/>
<int name="delay" value="90"/>
<string name="_inlink" value="stand/9"/>
</canvas>
<canvas name="10" width="1" height="1">
<vector name="origin" x="35" y="51"/>
<int name="delay" value="90"/>
<string name="_inlink" value="stand/4"/>
</canvas>
<canvas name="11" width="1" height="1">
<vector name="origin" x="35" y="52"/>
<int name="delay" value="90"/>
<string name="_inlink" value="stand/5"/>
</canvas>
</imgdir>
</imgdir>
</imgdir>
