<?xml version="1.0" encoding="UTF-8" standalone="yes"?>
<imgdir name="1013310.img">
<imgdir name="info">
<imgdir name="speak">
<string name="0" value="n0"/>
<string name="1" value="n1"/>
</imgdir>
</imgdir>
<imgdir name="stand">
<canvas name="0" width="35" height="53">
<vector name="origin" x="15" y="53"/>
<int name="z" value="0"/>
<string name="_hash" value="074254394e9c37318262f98128c2cf5e1d5c8dbae76ebc09e2e0cd6b6d6b7b86"/>
</canvas>
</imgdir>
<imgdir name="say">
<canvas name="0" width="1" height="1">
<vector name="origin" x="15" y="53"/>
<int name="z" value="0"/>
<string name="_inlink" value="stand/0"/>
</canvas>
<canvas name="1" width="35" height="53">
<vector name="origin" x="15" y="53"/>
<int name="z" value="0"/>
<string name="_hash" value="86da292f4917e21c5b1beded489fea8d4786def5ff7bfc9985ccd527cf8d1e49"/>
</canvas>
<canvas name="2" width="35" height="53">
<vector name="origin" x="15" y="53"/>
<int name="z" value="0"/>
<string name="_hash" value="2ecfc6c7eb51bdbb43b2980d0eec11e6c6498cb161729660e77b1c311c917f25"/>
</canvas>
<canvas name="3" width="1" height="1">
<vector name="origin" x="15" y="53"/>
<int name="z" value="0"/>
<string name="_inlink" value="say/1"/>
</canvas>
</imgdir>
<imgdir name="condition2">
<imgdir name="35948">
<imgdir name="0">
<string name="key" value="10"/>
<string name="value" value="h0"/>
</imgdir>
</imgdir>
<uol name="stand" value="../stand"/>
<uol name="say" value="../say"/>
<int name="hide" value="1"/>
</imgdir>
<imgdir name="condition3">
<imgdir name="35948">
<imgdir name="0">
<string name="key" value="10"/>
<string name="value" value="h1"/>
</imgdir>
</imgdir>
<uol name="stand" value="../stand"/>
<uol name="say" value="../say"/>
</imgdir>
</imgdir>
