<?xml version="1.0" encoding="UTF-8" standalone="yes"?>
<imgdir name="1013355.img">
<imgdir name="info">
<int name="hideName" value="1"/>
</imgdir>
<imgdir name="stand">
<canvas name="0" width="1" height="1">
<vector name="origin" x="38" y="59"/>
<int name="z" value="0"/>
<string name="_hash" value="fda72ec50f75de8a30de80570d9a75a4364b449caf5c9d34c914bb3f4a027e36"/>
<string name="_outlink" value="Npc/1013304.img/stand/0"/>
</canvas>
</imgdir>
<imgdir name="say">
<canvas name="0" width="1" height="1">
<vector name="origin" x="38" y="59"/>
<int name="z" value="0"/>
<int name="delay" value="180"/>
<string name="_outlink" value="Npc/1013304.img/stand/0"/>
</canvas>
<canvas name="1" width="1" height="1">
<vector name="origin" x="38" y="59"/>
<int name="z" value="0"/>
<int name="delay" value="180"/>
<string name="_hash" value="e4910376f5c4c4f45aec87d253eaad080f431dabe91ddfde0a857e300cc40b68"/>
<string name="_outlink" value="Npc/1013304.img/say/1"/>
</canvas>
<canvas name="2" width="1" height="1">
<vector name="origin" x="38" y="59"/>
<int name="z" value="0"/>
<int name="delay" value="180"/>
<string name="_outlink" value="Npc/1013304.img/stand/0"/>
</canvas>
<canvas name="3" width="1" height="1">
<vector name="origin" x="38" y="59"/>
<int name="z" value="0"/>
<int name="delay" value="180"/>
<string name="_hash" value="5d6ca8f7cc0e2d179f34d88857a12ad8f27cb8f5725b636baa31aa2d6c4038a1"/>
<string name="_outlink" value="Npc/1013304.img/say/3"/>
</canvas>
</imgdir>
<imgdir name="blink">
<canvas name="0" width="1" height="1">
<vector name="origin" x="38" y="59"/>
<int name="z" value="0"/>
<string name="_outlink" value="Npc/1013304.img/stand/0"/>
</canvas>
<canvas name="1" width="1" height="1">
<vector name="origin" x="38" y="59"/>
<int name="z" value="0"/>
<string name="_hash" value="abb0877381d67dbe62f1794af48c5153d5ebeb7249a416745112e04db4cf4102"/>
<string name="_outlink" value="Npc/1013304.img/blink/1"/>
</canvas>
<canvas name="2" width="1" height="1">
<vector name="origin" x="38" y="59"/>
<int name="z" value="0"/>
<string name="_hash" value="9369ceed7f4ff8c112c99b17a9e63641717253abef52738d5bd3fe9d31206224"/>
<string name="_outlink" value="Npc/1013304.img/blink/2"/>
</canvas>
</imgdir>
</imgdir>
