<?xml version="1.0" encoding="UTF-8" standalone="yes"?>
<imgdir name="1013322.img">
<imgdir name="info">
<int name="hideName" value="1"/>
</imgdir>
<imgdir name="stand">
<canvas name="0" width="47" height="49">
<vector name="origin" x="16" y="49"/>
<int name="z" value="0"/>
<string name="_hash" value="42a73c8499ee2395239789ab9a86aa0f82177f91a0a32219284c99726acfc12f"/>
</canvas>
</imgdir>
<imgdir name="blink">
<canvas name="0" width="1" height="1">
<vector name="origin" x="16" y="49"/>
<int name="z" value="0"/>
<int name="delay" value="180"/>
<string name="_inlink" value="stand/0"/>
</canvas>
<canvas name="1" width="47" height="49">
<vector name="origin" x="16" y="49"/>
<int name="z" value="0"/>
<int name="delay" value="180"/>
<string name="_hash" value="0f24ff98d09fd506266a78cc1a5576244f0d11ead84078db1d5f73fa725a661b"/>
</canvas>
</imgdir>
<imgdir name="condition2">
<imgdir name="35948">
<imgdir name="0">
<string name="key" value="22"/>
<string name="value" value="h0"/>
</imgdir>
</imgdir>
<uol name="stand" value="../stand"/>
<uol name="blink" value="../blink"/>
<int name="hide" value="1"/>
</imgdir>
<imgdir name="condition3">
<imgdir name="35948">
<imgdir name="0">
<string name="key" value="22"/>
<string name="value" value="h1"/>
</imgdir>
</imgdir>
<uol name="stand" value="../stand"/>
<uol name="blink" value="../blink"/>
</imgdir>
</imgdir>
