<?xml version="1.0" encoding="UTF-8" standalone="yes"?>
<imgdir name="1013600.img">
<imgdir name="info">
<int name="hideName" value="1"/>
<int name="dcLeft" value="-57"/>
<int name="dcTop" value="-101"/>
<int name="dcRight" value="29"/>
<int name="dcBottom" value="0"/>
<int name="shop" value="1"/>
</imgdir>
<imgdir name="stand">
<canvas name="0" width="308" height="299">
<vector name="origin" x="168" y="299"/>
<int name="z" value="0"/>
<int name="delay" value="200"/>
<string name="_hash" value="0b13de1dbf19e2e19f249ea9b28758020ab2fd7ed07648a45c497e1b0e467b9b"/>
</canvas>
<canvas name="1" width="304" height="299">
<vector name="origin" x="168" y="299"/>
<int name="z" value="0"/>
<int name="delay" value="200"/>
<string name="_hash" value="bdfb100fa38178461c2060cf6be6b4bf41e98e70c1ed5d76b70a5a97977ba980"/>
</canvas>
<canvas name="2" width="303" height="299">
<vector name="origin" x="167" y="299"/>
<int name="z" value="0"/>
<int name="delay" value="200"/>
<string name="_hash" value="75f689d07a12abae06a8e80473f9fd0891c70e460145879283ec398f739c1ce5"/>
</canvas>
<canvas name="3" width="295" height="299">
<vector name="origin" x="159" y="299"/>
<int name="z" value="0"/>
<int name="delay" value="200"/>
<string name="_hash" value="e7f6bc87d9c6736e762ae0e109a54dee5faf8ef0ef7819e9a10504f4a8548e52"/>
</canvas>
<canvas name="4" width="295" height="299">
<vector name="origin" x="152" y="299"/>
<int name="z" value="0"/>
<int name="delay" value="200"/>
<string name="_hash" value="1a6d2d36f7e03f773fe63199f0d07946f6c1439da4153240e312493738d523f1"/>
</canvas>
<canvas name="5" width="292" height="299">
<vector name="origin" x="146" y="299"/>
<int name="z" value="0"/>
<int name="delay" value="200"/>
<string name="_hash" value="a877c7b81a93ce98cad86a83c098d9695f0b8e9629020a8e997993adc2181d0d"/>
</canvas>
<canvas name="6" width="311" height="299">
<vector name="origin" x="168" y="299"/>
<int name="z" value="0"/>
<int name="delay" value="200"/>
<string name="_hash" value="36509cc5cfa20342a2826a51ca9de16857f2079b44929e094af75221a630002f"/>
</canvas>
<canvas name="7" width="311" height="299">
<vector name="origin" x="168" y="299"/>
<int name="z" value="0"/>
<int name="delay" value="200"/>
<string name="_hash" value="fc221899fe9d8ad0a9945e5e56eaff3b72410ec97175aadad5e6a2903f6c28c1"/>
</canvas>
</imgdir>
<imgdir name="releaseB">
<canvas name="0" width="308" height="299">
<vector name="origin" x="168" y="299"/>
<int name="z" value="0"/>
<int name="delay" value="200"/>
<string name="_hash" value="8ddbf354bb9118f89f12067bc9c0a967c7ed49fd887b78ddf9ca94da428e3636"/>
</canvas>
<canvas name="1" width="431" height="543">
<vector name="origin" x="168" y="434"/>
<int name="z" value="0"/>
<int name="delay" value="200"/>
<string name="_hash" value="6812c29fcdc14520174b5a9e2872a2030e867d3bf727aea2df7cd1613877781b"/>
</canvas>
<canvas name="2" width="391" height="465">
<vector name="origin" x="167" y="397"/>
<int name="z" value="0"/>
<int name="delay" value="200"/>
<string name="_hash" value="a4761874af501409411c2f92db122109cfe5732417671c1940ec7078bbdb740c"/>
</canvas>
<canvas name="3" width="341" height="383">
<vector name="origin" x="159" y="359"/>
<int name="z" value="0"/>
<int name="delay" value="200"/>
<string name="_hash" value="9ea4a03a58b6fe0c54dd9f95b613c6a51f9fe5d8b290659887df051a8f807a74"/>
</canvas>
<canvas name="4" width="316" height="327">
<vector name="origin" x="152" y="319"/>
<int name="z" value="0"/>
<int name="delay" value="200"/>
<string name="_hash" value="a5be25bc46b848498841df64512f720ca5f0d1084e2dcb1ec1bf13ea3aae772d"/>
</canvas>
<canvas name="5" width="406" height="315">
<vector name="origin" x="253" y="307"/>
<int name="z" value="0"/>
<int name="delay" value="200"/>
<string name="_hash" value="8f03d0f4799836d52916753a2e17a74351493f2a2aa60a267740d8306bf2ac2c"/>
</canvas>
<canvas name="6" width="382" height="448">
<vector name="origin" x="235" y="440"/>
<int name="z" value="0"/>
<int name="delay" value="200"/>
<string name="_hash" value="58f6de63971c23fc48bf6a46b5fe41e16dcd0a7d24b89948e4a9ab3ace055014"/>
</canvas>
<canvas name="7" width="361" height="429">
<vector name="origin" x="216" y="421"/>
<int name="z" value="0"/>
<int name="delay" value="200"/>
<string name="_hash" value="f76390bd5f2e9b9be62e6b71d691429f3313359092391b722f96728065638b64"/>
</canvas>
<canvas name="8" width="612" height="602">
<vector name="origin" x="316" y="473"/>
<int name="z" value="0"/>
<int name="delay" value="200"/>
<string name="_hash" value="8bbd6eea05aeb0e5582c6cc0d1f736dac5b5ea1ea5cc75c23dee3be3b304f356"/>
</canvas>
<canvas name="9" width="661" height="622">
<vector name="origin" x="350" y="483"/>
<int name="z" value="0"/>
<int name="delay" value="200"/>
<string name="_hash" value="11090f793f799c59961e13d01a5d69027b407bd5244be3a007f8377d9da6ba44"/>
</canvas>
<canvas name="10" width="702" height="666">
<vector name="origin" x="356" y="495"/>
<int name="z" value="0"/>
<int name="delay" value="200"/>
<string name="_hash" value="fd04c9e0c48c65d9ae371d875f6fc71161b72240c73c997a0a38e55bb507e9f2"/>
</canvas>
<canvas name="11" width="717" height="691">
<vector name="origin" x="330" y="502"/>
<int name="z" value="0"/>
<int name="delay" value="200"/>
<string name="_hash" value="4216ccb7e9282f03f8f8e9676fc1bdda1b7924197a0be092907b283753eb8cf8"/>
</canvas>
<canvas name="12" width="740" height="734">
<vector name="origin" x="323" y="551"/>
<int name="z" value="0"/>
<int name="delay" value="200"/>
<string name="_hash" value="4b1a08b3ce282d9387288246d1c8f23a34a3c2e66c232f6a2353053b66e92662"/>
</canvas>
<canvas name="13" width="803" height="829">
<vector name="origin" x="382" y="604"/>
<int name="z" value="0"/>
<int name="delay" value="200"/>
<string name="_hash" value="4edfc0f89a44124fd51d9d87498500cbb72146abd90a9b8fb4cbbd15b395f036"/>
</canvas>
<canvas name="14" width="800" height="792">
<vector name="origin" x="410" y="572"/>
<int name="z" value="0"/>
<int name="delay" value="200"/>
<string name="_hash" value="cd9788f2a84709fbd6f4b56c8d8c8370b8bc7996ac16d8ec2d101b387010f53f"/>
</canvas>
<canvas name="15" width="805" height="840">
<vector name="origin" x="397" y="593"/>
<int name="z" value="0"/>
<int name="delay" value="200"/>
<string name="_hash" value="4fee310c862c93f2f31e587070b5c5f72b97f44a081b7298d07a4f945add0990"/>
</canvas>
<int name="special" value="1"/>
</imgdir>
<imgdir name="releaseL">
<canvas name="0" width="825" height="802">
<vector name="origin" x="425" y="583"/>
<int name="z" value="0"/>
<int name="delay" value="200"/>
<string name="_hash" value="0a7b13eeb74d11f54e26f445b1d29146a462cca84d1184523b18c252d716462e"/>
</canvas>
<canvas name="1" width="838" height="773">
<vector name="origin" x="458" y="585"/>
<int name="z" value="0"/>
<int name="delay" value="200"/>
<string name="_hash" value="244a0d6f69ce31766d898a8449024bcd2d4f317c37cb0df9f67863f0c2ac6943"/>
</canvas>
<canvas name="2" width="786" height="863">
<vector name="origin" x="429" y="619"/>
<int name="z" value="0"/>
<int name="delay" value="200"/>
<string name="_hash" value="d0878caa8bfb923358f46a32dc73e4ac235c1133ba396e2232a77149df971967"/>
</canvas>
<canvas name="3" width="772" height="839">
<vector name="origin" x="405" y="590"/>
<int name="z" value="0"/>
<int name="delay" value="200"/>
<string name="_hash" value="6c5c708f4a51ed01efddac132a5888a96ca0931b7c17d13eee4f899bfd642aff"/>
</canvas>
<canvas name="4" width="778" height="802">
<vector name="origin" x="394" y="564"/>
<int name="z" value="0"/>
<int name="delay" value="200"/>
<string name="_hash" value="fb349a90a6c8b8d30f27465495809fc22d6be23899fc1d994ff9f809d41b6dda"/>
</canvas>
<canvas name="5" width="831" height="873">
<vector name="origin" x="425" y="592"/>
<int name="z" value="0"/>
<int name="delay" value="200"/>
<string name="_hash" value="ca7cd9c540ed22c91ceb6b4acea3640a110ce27c0da1ac01a0e5d51a05c6b8b2"/>
</canvas>
<canvas name="6" width="853" height="875">
<vector name="origin" x="435" y="584"/>
<int name="z" value="0"/>
<int name="delay" value="200"/>
<string name="_hash" value="8fc44e64bfb99fd751946d0e630cb8c6bffa564b12a3238f59d6fbde8d67a475"/>
</canvas>
<canvas name="7" width="804" height="864">
<vector name="origin" x="410" y="611"/>
<int name="z" value="0"/>
<int name="delay" value="200"/>
<string name="_hash" value="ef759d61f7472f6966a7287631868e3c9d48a99accf49af1162e574ec78e9366"/>
</canvas>
<canvas name="8" width="801" height="822">
<vector name="origin" x="419" y="589"/>
<int name="z" value="0"/>
<int name="delay" value="200"/>
<string name="_hash" value="027cedb89cf59e8ed0b9dc2d0c6c9c5f56d85cbb0afd1d4ebfde120ab86c44bb"/>
</canvas>
<canvas name="9" width="829" height="782">
<vector name="origin" x="440" y="574"/>
<int name="z" value="0"/>
<int name="delay" value="200"/>
<string name="_hash" value="4b3547a2fd339ae14edaac37793d62a4fde65cce2859ab93434a0f97350ed01c"/>
</canvas>
<canvas name="10" width="830" height="781">
<vector name="origin" x="418" y="558"/>
<int name="z" value="0"/>
<int name="delay" value="200"/>
<string name="_hash" value="4b86a49fff7334519317d4cd5e4ea8e3dc8a08295596c368c7673700d5b0ca50"/>
</canvas>
<canvas name="11" width="806" height="764">
<vector name="origin" x="387" y="536"/>
<int name="z" value="0"/>
<int name="delay" value="200"/>
<string name="_hash" value="a240f749a22b3f40d1f63ab54e0398d1bf993b306d302dbd531bc52de1ec08f1"/>
</canvas>
<canvas name="12" width="805" height="803">
<vector name="origin" x="360" y="592"/>
<int name="z" value="0"/>
<int name="delay" value="200"/>
<string name="_hash" value="53e62206128f065e5d9a82f7e5d561f48d0beb9f3dc50a41c6bb61b10a465163"/>
</canvas>
<canvas name="13" width="803" height="829">
<vector name="origin" x="382" y="604"/>
<int name="z" value="0"/>
<int name="delay" value="200"/>
<string name="_hash" value="26899c389476797cdab44526b3e8f054ee355bec0116107e625f83df2eb21dbc"/>
</canvas>
<canvas name="14" width="800" height="792">
<vector name="origin" x="410" y="572"/>
<int name="z" value="0"/>
<int name="delay" value="200"/>
<string name="_hash" value="1a398ee19c89efd469dc31f358ac8def0429b34ed8e845b7b64bb1208308c3a2"/>
</canvas>
<canvas name="15" width="805" height="840">
<vector name="origin" x="397" y="593"/>
<int name="z" value="0"/>
<int name="delay" value="200"/>
<string name="_hash" value="7724aebc260a96c5d77131376d72da9343e27e34c1649f47f71e50d9c959e5ca"/>
</canvas>
<int name="special" value="1"/>
</imgdir>
<imgdir name="releaseE">
<canvas name="0" width="825" height="802">
<vector name="origin" x="425" y="583"/>
<int name="z" value="0"/>
<int name="delay" value="80"/>
<string name="_hash" value="c865fceac69bd7bae6a6fa52c8538cfc53a5e68daae750d5357ef5dc973cbb71"/>
</canvas>
<canvas name="1" width="838" height="773">
<vector name="origin" x="458" y="585"/>
<int name="z" value="0"/>
<int name="delay" value="80"/>
<string name="_hash" value="632b1fe312ba3e71f7756f0140186d34caa972ea24a4060939e57b457e0af9df"/>
</canvas>
<canvas name="2" width="786" height="863">
<vector name="origin" x="429" y="619"/>
<int name="z" value="0"/>
<int name="delay" value="80"/>
<string name="_hash" value="b0148d6a813d9a2e5d41a633ee2d479f1b7301cf342d91c59caa89524b81eb03"/>
</canvas>
<canvas name="3" width="772" height="839">
<vector name="origin" x="405" y="590"/>
<int name="z" value="0"/>
<int name="delay" value="80"/>
<string name="_hash" value="1f0a94b01c1edee30a4b649cabe90fd70d405e59713b03330953d952630656d0"/>
</canvas>
<canvas name="4" width="778" height="802">
<vector name="origin" x="394" y="564"/>
<int name="z" value="0"/>
<int name="delay" value="80"/>
<string name="_hash" value="d114535410aa1892ee06f27069d83ae8c0e1f19e3715e743c00361cce4de27c2"/>
</canvas>
<canvas name="5" width="831" height="873">
<vector name="origin" x="425" y="592"/>
<int name="z" value="0"/>
<int name="delay" value="80"/>
<string name="_hash" value="badbbae3d718c07b873df3d45cd8ee848dd9aff552cb819696523944a28c88af"/>
</canvas>
<canvas name="6" width="853" height="875">
<vector name="origin" x="435" y="584"/>
<int name="z" value="0"/>
<int name="delay" value="80"/>
<string name="_hash" value="24e09177902c31b33117ace10bc1cd3527ffc7abeecc9adb593d64cd08847f5b"/>
</canvas>
<canvas name="7" width="806" height="864">
<vector name="origin" x="410" y="611"/>
<int name="z" value="0"/>
<int name="delay" value="80"/>
<string name="_hash" value="e46621ce717405a20d01b4251dce37b2234cd0aefe442a6c7dfdf31d9aac88cc"/>
</canvas>
<canvas name="8" width="868" height="822">
<vector name="origin" x="428" y="589"/>
<int name="z" value="0"/>
<int name="delay" value="80"/>
<string name="_hash" value="1dbe47b4433e2a2b0c1e24a8fb0038359ec963c23f40314972598475783067b8"/>
</canvas>
<canvas name="9" width="952" height="782">
<vector name="origin" x="469" y="574"/>
<int name="z" value="0"/>
<int name="delay" value="80"/>
<string name="_hash" value="0fe2da5a732bf67e5a561ce509604ef786d6525c90707a3e0c8559a5059c1064"/>
</canvas>
<canvas name="10" width="830" height="807">
<vector name="origin" x="418" y="558"/>
<int name="z" value="0"/>
<int name="delay" value="80"/>
<string name="_hash" value="3845fc8a1bb62ab404ac4ad46cbe59974fda810ebc12bd0892a049fd2fe1fcd2"/>
</canvas>
<canvas name="11" width="914" height="914">
<vector name="origin" x="465" y="605"/>
<int name="z" value="0"/>
<int name="delay" value="80"/>
<string name="_hash" value="43c75512e83b60db938bdf6f689ca2f9e5219e55c5706ec1c4c95aeaa180e208"/>
</canvas>
<canvas name="12" width="1039" height="1003">
<vector name="origin" x="529" y="654"/>
<int name="z" value="0"/>
<int name="delay" value="80"/>
<string name="_hash" value="f01b303265d664abf5847bbb5d4232127881ba7d892b9a0f10b982ba9305dd20"/>
</canvas>
<canvas name="13" width="1129" height="1081">
<vector name="origin" x="575" y="702"/>
<int name="z" value="0"/>
<int name="delay" value="80"/>
<string name="_hash" value="749a42f4ab6a23d7ecf55a3866cd44718f97371085c34481c110dd6ac6e5aae4"/>
</canvas>
<canvas name="14" width="1178" height="1140">
<vector name="origin" x="598" y="745"/>
<int name="z" value="0"/>
<int name="delay" value="80"/>
<string name="_hash" value="8802bbba653a5fe5c51ee8043c179f98ee89782853f118d23b5b25334a47b78c"/>
</canvas>
<canvas name="15" width="1216" height="1193">
<vector name="origin" x="615" y="785"/>
<int name="z" value="0"/>
<int name="delay" value="80"/>
<string name="_hash" value="27075cae0431e65ee826ed6776427ae1af6eebeea52e41589f79314ef9055219"/>
</canvas>
<canvas name="16" width="1262" height="1251">
<vector name="origin" x="636" y="826"/>
<int name="z" value="0"/>
<int name="delay" value="80"/>
<string name="_hash" value="6223256ff3fc59269e2343e93d369293612f2bc1fc6f624731e6d6a038030655"/>
</canvas>
<canvas name="17" width="1293" height="1298">
<vector name="origin" x="649" y="859"/>
<int name="z" value="0"/>
<int name="delay" value="80"/>
<string name="_hash" value="40a51e3ded610b6e8e0464ff4cb95bbeba31ffe5afd00f89a075ccb2c28b5f95"/>
</canvas>
<canvas name="18" width="1315" height="1336">
<vector name="origin" x="658" y="884"/>
<int name="z" value="0"/>
<int name="delay" value="80"/>
<string name="_hash" value="c6d103011700fafffcc7c036143c30d71b9f066681146323ca196337e4f4b008"/>
</canvas>
<canvas name="19" width="1329" height="1365">
<vector name="origin" x="663" y="902"/>
<int name="z" value="0"/>
<int name="delay" value="80"/>
<string name="_hash" value="ad3f477568e659d15b763c2af4a52a0d89fda189e8c8f67ad042ba9c1ab7a3f8"/>
</canvas>
<canvas name="20" width="1091" height="1375">
<vector name="origin" x="418" y="907"/>
<int name="z" value="0"/>
<int name="delay" value="80"/>
<string name="_hash" value="ff87f52ca6a2352a1a0132a4a6e0731a80f7ab2e0009fe860c944d3a34514631"/>
</canvas>
<canvas name="21" width="1097" height="1375">
<vector name="origin" x="419" y="907"/>
<int name="z" value="0"/>
<int name="delay" value="80"/>
<string name="_hash" value="f642f2ba49fa58418e932a286dcd9280498405684142dce9bd99e9b636109e9b"/>
</canvas>
<canvas name="22" width="1033" height="1268">
<vector name="origin" x="350" y="907"/>
<int name="z" value="0"/>
<int name="delay" value="80"/>
<string name="_hash" value="849f8c6651f8303a2404d6a0fd80177e7c42ff90a959a9e3378cb391aa94c631"/>
</canvas>
<canvas name="23" width="1032" height="1259">
<vector name="origin" x="344" y="907"/>
<int name="z" value="0"/>
<int name="delay" value="80"/>
<string name="_hash" value="6fdc8a2458b16260c60778e48f1e376da2deb12f06ee482ba24536b204a57c3e"/>
</canvas>
<canvas name="24" width="994" height="1221">
<vector name="origin" x="317" y="907"/>
<int name="z" value="0"/>
<int name="delay" value="80"/>
<string name="_hash" value="34b20a101e1cba457917ed53cb27c779ae78f03d5109bfed714d7b5bf4488490"/>
</canvas>
<canvas name="25" width="980" height="1028">
<vector name="origin" x="307" y="907"/>
<int name="z" value="0"/>
<int name="delay" value="80"/>
<string name="_hash" value="312aa3ce3cbf5eea2786fe614eae8f19477816bfe3861f80d3d078883e225706"/>
</canvas>
<canvas name="26" width="966" height="1030">
<vector name="origin" x="307" y="907"/>
<int name="z" value="0"/>
<int name="delay" value="80"/>
<string name="_hash" value="b111ac18e51187ad482ac05c98337108fcc09d81a63272b0dacdfb8676997312"/>
</canvas>
<int name="special" value="1"/>
</imgdir>
</imgdir>
