<?xml version="1.0" encoding="UTF-8" standalone="yes"?>
<imgdir name="1013303.img">
<imgdir name="info">
<int name="shop" value="1"/>
<imgdir name="speak">
<string name="0" value="n0"/>
<string name="1" value="n1"/>
</imgdir>
</imgdir>
<imgdir name="stand">
<canvas name="0" width="63" height="65">
<vector name="origin" x="19" y="65"/>
<int name="z" value="0"/>
<string name="_hash" value="d0b951fb4dc54eac48aed30df8c06a9c01542cc2cd70e7320194e7bed9a0c558"/>
</canvas>
</imgdir>
<imgdir name="say">
<canvas name="0" width="1" height="1">
<vector name="origin" x="19" y="65"/>
<int name="z" value="0"/>
<int name="delay" value="210"/>
<string name="_inlink" value="stand/0"/>
</canvas>
<canvas name="1" width="63" height="65">
<vector name="origin" x="19" y="65"/>
<int name="z" value="0"/>
<int name="delay" value="210"/>
<string name="_hash" value="821682296577281826bd039ea2fe2808f6853c5c11c4fe18bea158b4c3f482e1"/>
</canvas>
<canvas name="2" width="1" height="1">
<vector name="origin" x="19" y="65"/>
<int name="z" value="0"/>
<int name="delay" value="210"/>
<string name="_inlink" value="stand/0"/>
</canvas>
<canvas name="3" width="63" height="65">
<vector name="origin" x="19" y="65"/>
<int name="z" value="0"/>
<int name="delay" value="210"/>
<string name="_hash" value="b0146e5e162d732b0d80c9142ae4ccb544e181800ceea02b25bdfcd9baeabca8"/>
</canvas>
</imgdir>
<imgdir name="blink">
<canvas name="0" width="1" height="1">
<vector name="origin" x="19" y="65"/>
<int name="z" value="0"/>
<string name="_inlink" value="stand/0"/>
</canvas>
<canvas name="1" width="63" height="65">
<vector name="origin" x="19" y="65"/>
<int name="z" value="0"/>
<string name="_hash" value="1887d571956d7413887d617ba82783f8ba60e21d6aa8e1d86dd3b2c506379218"/>
</canvas>
<canvas name="2" width="63" height="65">
<vector name="origin" x="19" y="65"/>
<int name="z" value="0"/>
<string name="_hash" value="fea98225d5fc78cf5b5f465dcdba314b08776c4db10056bf5e4934cfe588e3ba"/>
</canvas>
</imgdir>
</imgdir>
