<?xml version="1.0" encoding="UTF-8" standalone="yes"?>
<imgdir name="1013508.img">
<imgdir name="info">
</imgdir>
<imgdir name="stand">
<canvas name="0" width="67" height="57">
<vector name="origin" x="36" y="57"/>
<int name="z" value="0"/>
<string name="_hash" value="c2958d8561f936ae201615e231a7681349a39100e32bc633fc04fb8e54f08753"/>
</canvas>
<canvas name="1" width="1" height="1">
<vector name="origin" x="36" y="57"/>
<int name="z" value="0"/>
<string name="_inlink" value="stand/0"/>
</canvas>
<canvas name="2" width="67" height="56">
<vector name="origin" x="36" y="56"/>
<int name="z" value="0"/>
<string name="_hash" value="ecf643c63519873551bdc0f88331b51dd378d0557604cbb1e52bd6faf513c4dc"/>
</canvas>
<canvas name="3" width="67" height="56">
<vector name="origin" x="36" y="56"/>
<int name="z" value="0"/>
<string name="_hash" value="1157ccfa1738ca85abb61bc0203ddb964e2e9edc5949ba97c571cde699597f74"/>
</canvas>
<canvas name="4" width="1" height="1">
<vector name="origin" x="36" y="56"/>
<int name="z" value="0"/>
<string name="_inlink" value="stand/2"/>
</canvas>
<canvas name="5" width="67" height="57">
<vector name="origin" x="36" y="57"/>
<int name="z" value="0"/>
<string name="_hash" value="6ff78a6f136d9e2422e8a8e81468fce23f711867100d00261b01f5535e85180d"/>
</canvas>
</imgdir>
<imgdir name="eye">
<canvas name="0" width="1" height="1">
<vector name="origin" x="36" y="57"/>
<int name="z" value="0"/>
<string name="_inlink" value="stand/0"/>
</canvas>
<canvas name="1" width="1" height="1">
<vector name="origin" x="36" y="57"/>
<int name="z" value="0"/>
<string name="_inlink" value="stand/0"/>
</canvas>
<canvas name="2" width="1" height="1">
<vector name="origin" x="36" y="56"/>
<int name="z" value="0"/>
<string name="_inlink" value="stand/2"/>
</canvas>
<canvas name="3" width="1" height="1">
<vector name="origin" x="36" y="56"/>
<int name="z" value="0"/>
<string name="_inlink" value="stand/3"/>
</canvas>
<canvas name="4" width="1" height="1">
<vector name="origin" x="36" y="56"/>
<int name="z" value="0"/>
<string name="_inlink" value="stand/2"/>
</canvas>
<canvas name="5" width="1" height="1">
<vector name="origin" x="36" y="57"/>
<int name="z" value="0"/>
<string name="_inlink" value="stand/5"/>
</canvas>
</imgdir>
<imgdir name="say">
<canvas name="0" width="1" height="1">
<vector name="origin" x="36" y="57"/>
<int name="z" value="0"/>
<string name="_inlink" value="stand/5"/>
</canvas>
<canvas name="1" width="67" height="56">
<vector name="origin" x="36" y="56"/>
<int name="z" value="0"/>
<string name="_hash" value="a3d29a31e4f6db4b6abda18c650f9f8adb2f57d517b24428a1485f0ea6eefdec"/>
</canvas>
<canvas name="2" width="1" height="1">
<vector name="origin" x="36" y="57"/>
<int name="z" value="0"/>
<string name="_inlink" value="stand/5"/>
</canvas>
<canvas name="3" width="1" height="1">
<vector name="origin" x="36" y="56"/>
<int name="z" value="0"/>
<string name="_inlink" value="say/1"/>
</canvas>
</imgdir>
<imgdir name="full">
<canvas name="0" width="1" height="1">
<vector name="origin" x="36" y="56"/>
<int name="z" value="0"/>
<string name="_inlink" value="stand/2"/>
</canvas>
<canvas name="1" width="67" height="57">
<vector name="origin" x="36" y="57"/>
<int name="z" value="0"/>
<string name="_hash" value="51180faff52f5947db484091f5c6d77fd780be81e135c69c4ef412c6c36b8ead"/>
</canvas>
<canvas name="2" width="68" height="56">
<vector name="origin" x="36" y="56"/>
<int name="z" value="0"/>
<string name="_hash" value="e5a2316fee526fc84caa7a0bffcc905a62b7838ef2b52e2fa824c9c839386191"/>
</canvas>
<canvas name="3" width="69" height="57">
<vector name="origin" x="36" y="57"/>
<int name="z" value="0"/>
<string name="_hash" value="48dd20516f79d63a374611797443a145f25c4d74d2f52e681218d3a24cc023fc"/>
</canvas>
<canvas name="4" width="70" height="57">
<vector name="origin" x="36" y="57"/>
<int name="z" value="0"/>
<string name="_hash" value="1738ec4f27cfe50b7eb63d5c10ea85287dc3c0630e039bb300a59444e4333866"/>
</canvas>
<canvas name="5" width="1" height="1">
<vector name="origin" x="36" y="57"/>
<int name="z" value="0"/>
<string name="_inlink" value="full/4"/>
</canvas>
<canvas name="6" width="70" height="58">
<vector name="origin" x="35" y="58"/>
<int name="z" value="0"/>
<string name="_hash" value="9d2a0020d3d0e693b6bf31c9e8e5087b72e1b00b99866b713cab82c84696420c"/>
</canvas>
<canvas name="7" width="1" height="1">
<vector name="origin" x="36" y="57"/>
<int name="z" value="0"/>
<string name="_inlink" value="full/4"/>
</canvas>
<canvas name="8" width="72" height="57">
<vector name="origin" x="37" y="57"/>
<int name="z" value="0"/>
<string name="_hash" value="096b12097188df97333dc63971b1d1af002e50e0d6ef080cef2db475d2175943"/>
</canvas>
<canvas name="9" width="1" height="1">
<vector name="origin" x="36" y="57"/>
<int name="z" value="0"/>
<string name="_inlink" value="full/4"/>
</canvas>
<canvas name="10" width="1" height="1">
<vector name="origin" x="35" y="58"/>
<int name="z" value="0"/>
<string name="_inlink" value="full/6"/>
</canvas>
<canvas name="11" width="1" height="1">
<vector name="origin" x="36" y="57"/>
<int name="z" value="0"/>
<string name="_inlink" value="full/4"/>
</canvas>
<canvas name="12" width="1" height="1">
<vector name="origin" x="37" y="57"/>
<int name="z" value="0"/>
<string name="_inlink" value="full/8"/>
</canvas>
<canvas name="13" width="1" height="1">
<vector name="origin" x="36" y="57"/>
<int name="z" value="0"/>
<string name="_inlink" value="full/4"/>
</canvas>
<int name="special" value="1"/>
</imgdir>
</imgdir>
