<?xml version="1.0" encoding="UTF-8" standalone="yes"?>
<imgdir name="1013318.img">
<imgdir name="info">
<canvas name="default" width="100" height="115">
<vector name="origin" x="50" y="114"/>
<int name="z" value="0"/>
<string name="_hash" value="5a1d24707bac42e8c8258ab323254aa1d5696441ace20d08643c19449331cfe9"/>
</canvas>
<int name="hideName" value="1"/>
<int name="dcLeft" value="-150"/>
<int name="dcTop" value="-300"/>
<int name="dcRight" value="150"/>
<int name="dcBottom" value="0"/>
</imgdir>
<imgdir name="stand">
<canvas name="0" width="212" height="243">
<vector name="origin" x="102" y="252"/>
<int name="z" value="0"/>
<string name="_hash" value="fb81be38a9e728dc6139116e6f80f15933a27593502d1e0299491d5a61bb14a7"/>
</canvas>
<canvas name="1" width="212" height="243">
<vector name="origin" x="102" y="252"/>
<int name="z" value="0"/>
<string name="_hash" value="fd4bd957004fbdf5e0279315739acd840476104893d2c6cb4ef6afdecc9bf7bd"/>
</canvas>
<canvas name="2" width="212" height="243">
<vector name="origin" x="102" y="251"/>
<int name="z" value="0"/>
<string name="_hash" value="4a32925dff0e8f5cb34e02bf2d276d14baf2c0bb6bb73eddac12d488b44b52cc"/>
</canvas>
<canvas name="3" width="212" height="243">
<vector name="origin" x="102" y="251"/>
<int name="z" value="0"/>
<string name="_hash" value="28837fa4bb3a2b2f3142e7a85b8557107f4792ea5d323ed1b75e48aba567dc89"/>
</canvas>
<canvas name="4" width="212" height="243">
<vector name="origin" x="102" y="250"/>
<int name="z" value="0"/>
<string name="_hash" value="219057c811c19a93ce660600b3a6d56ded088b52cffecdb5ef6835965c5cafeb"/>
</canvas>
<canvas name="5" width="212" height="243">
<vector name="origin" x="102" y="250"/>
<int name="z" value="0"/>
<string name="_hash" value="4820eb39545015e540943ce9ab261c91acde8b8a2e5d094c323f9b4d73d33483"/>
</canvas>
<canvas name="6" width="212" height="243">
<vector name="origin" x="102" y="251"/>
<int name="z" value="0"/>
<string name="_hash" value="031e93dc4fdb874876928c16b15ac8186b3afd1faa0f9bc23622d68e394a292c"/>
</canvas>
<canvas name="7" width="1" height="1">
<vector name="origin" x="102" y="251"/>
<int name="z" value="0"/>
<string name="_inlink" value="stand/5"/>
</canvas>
<canvas name="8" width="1" height="1">
<vector name="origin" x="102" y="252"/>
<int name="z" value="0"/>
<string name="_inlink" value="stand/4"/>
</canvas>
<canvas name="9" width="1" height="1">
<vector name="origin" x="102" y="252"/>
<int name="z" value="0"/>
<string name="_inlink" value="stand/3"/>
</canvas>
<canvas name="10" width="212" height="243">
<vector name="origin" x="102" y="253"/>
<int name="z" value="0"/>
<string name="_hash" value="52d93198911bb6933b19e986f175591f2bae5b9ce83c4cd2703747714e0fd8ec"/>
</canvas>
<canvas name="11" width="212" height="243">
<vector name="origin" x="102" y="253"/>
<int name="z" value="0"/>
<string name="_hash" value="3d9e8ca2262c4a747dbd442f3a6bba67c0e170dd424fd2a57b2f52198e9af798"/>
</canvas>
</imgdir>
</imgdir>
