<?xml version="1.0" encoding="UTF-8" standalone="yes"?>
<imgdir name="1013521.img">
<imgdir name="info">
<imgdir name="speak">
<string name="0" value="n0"/>
<string name="1" value="n1"/>
<int name="delay" value="180"/>
</imgdir>
<int name="hideName" value="1"/>
</imgdir>
<imgdir name="stand">
<canvas name="0" width="76" height="56">
<vector name="origin" x="27" y="57"/>
<int name="z" value="0"/>
<int name="delay" value="200"/>
<string name="_hash" value="5dbc981eb7b95b98a88774efa42d1ead12a582616ad0d1886fdcf8a87e4cd3f0"/>
</canvas>
<canvas name="1" width="76" height="56">
<vector name="origin" x="27" y="57"/>
<int name="z" value="0"/>
<int name="delay" value="200"/>
<string name="_hash" value="4f779e5d67e4eb125c174d9a224239c9a38ff59902e3e4eded70e3c50c578fea"/>
</canvas>
<canvas name="2" width="76" height="57">
<vector name="origin" x="27" y="58"/>
<int name="z" value="0"/>
<int name="delay" value="200"/>
<string name="_hash" value="4d52a897e49e3430cef38fdf94ab71f2e9cf53964b99252869c7195e842a9a1f"/>
</canvas>
<canvas name="3" width="76" height="62">
<vector name="origin" x="27" y="63"/>
<int name="z" value="0"/>
<int name="delay" value="200"/>
<string name="_hash" value="91e04f539c668d4eea52f85c592cc223aeb5a26082fb63fda147dea98a6cb638"/>
</canvas>
<canvas name="4" width="76" height="63">
<vector name="origin" x="27" y="64"/>
<int name="z" value="0"/>
<int name="delay" value="200"/>
<string name="_hash" value="1b86ac193579a5820bcc60c721f4c60a1bdefeeab79d94e2c9a332d88b178ac4"/>
</canvas>
<canvas name="5" width="76" height="64">
<vector name="origin" x="27" y="65"/>
<int name="z" value="0"/>
<int name="delay" value="200"/>
<string name="_hash" value="04b9104f8d92a06eb8e4eafdc8a9068023cf7586efceef9be92ff8cb4267504b"/>
</canvas>
<canvas name="6" width="77" height="65">
<vector name="origin" x="28" y="66"/>
<int name="z" value="0"/>
<int name="delay" value="200"/>
<string name="_hash" value="09873f221be6e61a369453ca0952fed20d44c57f44ac66e18bd1afd548265cfb"/>
</canvas>
<canvas name="7" width="77" height="66">
<vector name="origin" x="28" y="67"/>
<int name="z" value="0"/>
<int name="delay" value="200"/>
<string name="_hash" value="7076328792b0baab1e5dbb7d403d0013470cb0cb8e7d23b417fac0e3fa73e6b8"/>
</canvas>
<canvas name="8" width="77" height="66">
<vector name="origin" x="28" y="67"/>
<int name="z" value="0"/>
<int name="delay" value="200"/>
<string name="_hash" value="df08c0b4d6726617dda0349e70b32dd76f0b2e6101b7c9c9ed31dfda07f50524"/>
</canvas>
<canvas name="9" width="77" height="58">
<vector name="origin" x="28" y="59"/>
<int name="z" value="0"/>
<int name="delay" value="200"/>
<string name="_hash" value="f2e7eb598ab92ab28a2ebc92a51f47fac387daea71f745b6c7227f689f4ce547"/>
</canvas>
<canvas name="10" width="77" height="59">
<vector name="origin" x="28" y="60"/>
<int name="z" value="0"/>
<int name="delay" value="200"/>
<string name="_hash" value="574b8b9e4717322857efd125876c726a8b94533b15f6a4cc0bf70444d1be212b"/>
</canvas>
<canvas name="11" width="77" height="59">
<vector name="origin" x="28" y="60"/>
<int name="z" value="0"/>
<int name="delay" value="200"/>
<string name="_hash" value="6826a0d43377104b48ad990f87abf7310ae52151ee50889e37385daef0003dca"/>
</canvas>
</imgdir>
</imgdir>
