<?xml version="1.0" encoding="UTF-8" standalone="yes"?>
<imgdir name="1013360.img">
<imgdir name="info">
<imgdir name="illustration2">
<canvas name="base" width="1" height="1">
</canvas>
<imgdir name="face">
<canvas name="0" width="1" height="1">
<vector name="origin" x="-16" y="126"/>
<int name="z" value="0"/>
<string name="_hash" value="fb81be38a9e728dc6139116e6f80f15933a27593502d1e0299491d5a61bb14a7"/>
<string name="_outlink" value="Npc/1013318.img/stand/0"/>
</canvas>
</imgdir>
</imgdir>
<int name="hideName" value="1"/>
</imgdir>
<imgdir name="stand">
<canvas name="0" width="1" height="1">
<vector name="origin" x="102" y="252"/>
<int name="z" value="0"/>
<string name="_outlink" value="Npc/1013318.img/stand/0"/>
</canvas>
<canvas name="1" width="1" height="1">
<vector name="origin" x="102" y="252"/>
<int name="z" value="0"/>
<string name="_hash" value="fd4bd957004fbdf5e0279315739acd840476104893d2c6cb4ef6afdecc9bf7bd"/>
<string name="_outlink" value="Npc/1013318.img/stand/1"/>
</canvas>
<canvas name="2" width="1" height="1">
<vector name="origin" x="102" y="251"/>
<int name="z" value="0"/>
<string name="_hash" value="4a32925dff0e8f5cb34e02bf2d276d14baf2c0bb6bb73eddac12d488b44b52cc"/>
<string name="_outlink" value="Npc/1013318.img/stand/2"/>
</canvas>
<canvas name="3" width="1" height="1">
<vector name="origin" x="102" y="251"/>
<int name="z" value="0"/>
<string name="_hash" value="28837fa4bb3a2b2f3142e7a85b8557107f4792ea5d323ed1b75e48aba567dc89"/>
<string name="_outlink" value="Npc/1013318.img/stand/3"/>
</canvas>
<canvas name="4" width="1" height="1">
<vector name="origin" x="102" y="250"/>
<int name="z" value="0"/>
<string name="_hash" value="219057c811c19a93ce660600b3a6d56ded088b52cffecdb5ef6835965c5cafeb"/>
<string name="_outlink" value="Npc/1013318.img/stand/4"/>
</canvas>
<canvas name="5" width="1" height="1">
<vector name="origin" x="102" y="250"/>
<int name="z" value="0"/>
<string name="_hash" value="4820eb39545015e540943ce9ab261c91acde8b8a2e5d094c323f9b4d73d33483"/>
<string name="_outlink" value="Npc/1013318.img/stand/5"/>
</canvas>
<canvas name="6" width="1" height="1">
<vector name="origin" x="102" y="251"/>
<int name="z" value="0"/>
<string name="_hash" value="031e93dc4fdb874876928c16b15ac8186b3afd1faa0f9bc23622d68e394a292c"/>
<string name="_outlink" value="Npc/1013318.img/stand/6"/>
</canvas>
<canvas name="7" width="1" height="1">
<vector name="origin" x="102" y="251"/>
<int name="z" value="0"/>
<string name="_outlink" value="Npc/1013318.img/stand/5"/>
</canvas>
<canvas name="8" width="1" height="1">
<vector name="origin" x="102" y="252"/>
<int name="z" value="0"/>
<string name="_outlink" value="Npc/1013318.img/stand/4"/>
</canvas>
<canvas name="9" width="1" height="1">
<vector name="origin" x="102" y="252"/>
<int name="z" value="0"/>
<string name="_outlink" value="Npc/1013318.img/stand/3"/>
</canvas>
<canvas name="10" width="1" height="1">
<vector name="origin" x="102" y="253"/>
<int name="z" value="0"/>
<string name="_hash" value="52d93198911bb6933b19e986f175591f2bae5b9ce83c4cd2703747714e0fd8ec"/>
<string name="_outlink" value="Npc/1013318.img/stand/10"/>
</canvas>
<canvas name="11" width="1" height="1">
<vector name="origin" x="102" y="253"/>
<int name="z" value="0"/>
<string name="_hash" value="3d9e8ca2262c4a747dbd442f3a6bba67c0e170dd424fd2a57b2f52198e9af798"/>
<string name="_outlink" value="Npc/1013318.img/stand/11"/>
</canvas>
</imgdir>
</imgdir>
