<?xml version="1.0" encoding="UTF-8" standalone="yes"?>
<imgdir name="1013431.img">
<imgdir name="info">
<int name="hide" value="1"/>
<int name="hideName" value="1"/>
</imgdir>
<imgdir name="stand">
<canvas name="0" width="51" height="40">
<vector name="origin" x="25" y="40"/>
<int name="z" value="0"/>
<string name="_hash" value="565d832d5b087b994e01b7cf69c4328136080aca8e7aa5956459a8ef97199643"/>
</canvas>
</imgdir>
<imgdir name="condition2">
<imgdir name="35950">
<imgdir name="0">
<string name="key" value="31"/>
<string name="value" value="h1"/>
</imgdir>
</imgdir>
<uol name="stand" value="../stand"/>
</imgdir>
</imgdir>
