<?xml version="1.0" encoding="UTF-8" standalone="yes"?>
<imgdir name="1013446.img">
<imgdir name="info">
<int name="hide" value="1"/>
</imgdir>
<imgdir name="stand">
<canvas name="0" width="1" height="1">
<vector name="origin" x="25" y="79"/>
<int name="delay" value="180"/>
<string name="_hash" value="cb56ffeb9202f9feba45a7cebe5eb931c1da5430709cd3709891ea41792fa05e"/>
<string name="_outlink" value="Npc/1013400.img/stand/0"/>
</canvas>
</imgdir>
<imgdir name="say">
<canvas name="0" width="1" height="1">
<vector name="origin" x="25" y="79"/>
<int name="delay" value="180"/>
<string name="_outlink" value="Npc/1013400.img/stand/0"/>
</canvas>
<canvas name="1" width="1" height="1">
<vector name="origin" x="25" y="79"/>
<int name="delay" value="180"/>
<string name="_hash" value="fd0a4b1d0ca0c2c87396e979f0eebb1acc5abbdefb4c931c94064241e31c0bfd"/>
<string name="_outlink" value="Npc/1013400.img/say/1"/>
</canvas>
<canvas name="2" width="1" height="1">
<vector name="origin" x="25" y="79"/>
<int name="delay" value="180"/>
<string name="_hash" value="16cf7f7ef36ee1ddf3cffd74ed2b90c263c19530321bd7e7b3fc6aee3bf6a82b"/>
<string name="_outlink" value="Npc/1013400.img/say/2"/>
</canvas>
<canvas name="3" width="1" height="1">
<vector name="origin" x="25" y="79"/>
<int name="delay" value="180"/>
<string name="_outlink" value="Npc/1013400.img/say/1"/>
</canvas>
</imgdir>
<imgdir name="eye">
<canvas name="0" width="1" height="1">
<vector name="origin" x="25" y="79"/>
<int name="delay" value="180"/>
<string name="_outlink" value="Npc/1013400.img/stand/0"/>
</canvas>
<canvas name="1" width="1" height="1">
<vector name="origin" x="25" y="79"/>
<int name="delay" value="180"/>
<string name="_hash" value="3396c850be854c75868229e625a3dc8fd031915198e64639caf0667271cad2ad"/>
<string name="_outlink" value="Npc/1013400.img/eye/1"/>
</canvas>
<canvas name="2" width="1" height="1">
<vector name="origin" x="25" y="79"/>
<int name="delay" value="180"/>
<string name="_hash" value="54b53606e19da11b923ec6396c8923176688f64f9a30ab9e78dd2247b5bae248"/>
<string name="_outlink" value="Npc/1013400.img/eye/2"/>
</canvas>
<canvas name="3" width="1" height="1">
<vector name="origin" x="25" y="79"/>
<int name="delay" value="180"/>
<string name="_hash" value="4a05235882713059872b81e17a3fa65606ace3a8fca7ef2531506a7f44bc5f6c"/>
<string name="_outlink" value="Npc/1013400.img/eye/3"/>
</canvas>
</imgdir>
</imgdir>
