<?xml version="1.0" encoding="UTF-8" standalone="yes"?>
<imgdir name="1013104.img">
<imgdir name="info">
<canvas name="default" width="101" height="57">
<vector name="origin" x="50" y="57"/>
<int name="z" value="0"/>
<string name="_hash" value="75bcfb130144e738695d3a6b2fb19d84d2453ff03f18700cbba4ee89e67f34a8"/>
</canvas>
<imgdir name="script">
<imgdir name="0">
<string name="script" value="giveEggEvan"/>
</imgdir>
</imgdir>
</imgdir>
<imgdir name="stand">
<canvas name="0" width="92" height="42">
<vector name="origin" x="46" y="21"/>
<int name="z" value="0"/>
<int name="delay" value="3000"/>
<string name="_hash" value="ed88b05852fd091045b2770b74fcb3c3b71002fc526fa9dede14f71e32a902cb"/>
</canvas>
</imgdir>
</imgdir>
