<?xml version="1.0" encoding="UTF-8" standalone="yes"?>
<imgdir name="1013105.img">
<imgdir name="info">
</imgdir>
<imgdir name="stand">
<canvas name="0" width="154" height="92">
<vector name="origin" x="80" y="91"/>
<int name="z" value="0"/>
<int name="delay" value="3000"/>
<string name="_hash" value="f3ef2d7577bead3d4168b7c9a21e865a09de7d25d10833508ee3de40962eedf4"/>
</canvas>
</imgdir>
<imgdir name="say">
<canvas name="0" width="154" height="92">
<vector name="origin" x="80" y="91"/>
<int name="z" value="0"/>
<int name="delay" value="210"/>
<string name="_hash" value="ee32dbf30b280213f47d781784740e28563424ed807026affe94edf094cac3e6"/>
</canvas>
<canvas name="1" width="154" height="92">
<vector name="origin" x="80" y="91"/>
<int name="z" value="0"/>
<int name="delay" value="210"/>
<string name="_hash" value="6cf4ef5901ebf99f1a54520b9f7a4b74b51ddd1038457f870ccb899f9b0ff3b4"/>
</canvas>
<uol name="2" value="0"/>
<uol name="3" value="1"/>
<uol name="4" value="0"/>
<uol name="5" value="1"/>
<uol name="6" value="0"/>
<uol name="7" value="1"/>
<uol name="8" value="0"/>
<uol name="9" value="1"/>
<uol name="10" value="0"/>
<uol name="11" value="1"/>
<imgdir name="speak">
<string name="0" value="n0"/>
<string name="1" value="n1"/>
</imgdir>
</imgdir>
<imgdir name="eye">
<canvas name="0" width="154" height="92">
<vector name="origin" x="80" y="91"/>
<int name="z" value="0"/>
<string name="_hash" value="6afc658860395591eaa9ee9effe60889b9e5d7c3c553066aca6d5d7e08e84ffd"/>
</canvas>
<canvas name="1" width="154" height="92">
<vector name="origin" x="80" y="91"/>
<int name="z" value="0"/>
<string name="_hash" value="3215ae30de6b60222357a1b9601a2a6bbe05f4e14ab08d55da478cf1319e6fff"/>
</canvas>
<canvas name="2" width="154" height="92">
<vector name="origin" x="80" y="91"/>
<int name="z" value="0"/>
<string name="_hash" value="fa924247c81b2ee49b167ff7105042200e90d3d05a9b17684a1d5a948b7b5107"/>
</canvas>
<canvas name="3" width="154" height="92">
<vector name="origin" x="80" y="91"/>
<int name="z" value="0"/>
<string name="_hash" value="27e74194057a2fbf144287ab9122808c144b8b525728dd36ea05ceefbc65e875"/>
</canvas>
</imgdir>
<imgdir name="tail">
<canvas name="0" width="154" height="92">
<vector name="origin" x="80" y="91"/>
<int name="z" value="0"/>
<string name="_hash" value="40faf25af26d2064a0cae47c7385b718aa904607c27a7ea22c29578f795418b6"/>
</canvas>
<canvas name="1" width="162" height="92">
<vector name="origin" x="80" y="91"/>
<int name="z" value="0"/>
<string name="_hash" value="e60ac3d3b0979ca7e7b9ad423496ecf7654e3400097b91bc6cc23d73818b7941"/>
</canvas>
<canvas name="2" width="162" height="92">
<vector name="origin" x="80" y="91"/>
<int name="z" value="0"/>
<string name="_hash" value="463c89019868c50b8f09266f83e1088b8a10ce8df6abc5503c982c094c719f42"/>
</canvas>
<canvas name="3" width="162" height="92">
<vector name="origin" x="80" y="91"/>
<int name="z" value="0"/>
<string name="_hash" value="495d4e3dbaca0524a19d2f0d9783ad2df64561db492a8083b6c1e83e48442c10"/>
</canvas>
<canvas name="4" width="162" height="92">
<vector name="origin" x="80" y="91"/>
<int name="z" value="0"/>
<string name="_hash" value="fea03c4f2128e52120b2cd1bdb9a5819b67765929d1bb40f9394e5e9ede47c00"/>
</canvas>
<canvas name="5" width="1" height="1">
<vector name="origin" x="80" y="91"/>
<int name="z" value="0"/>
<string name="_inlink" value="say/0"/>
</canvas>
<canvas name="6" width="135" height="92">
<vector name="origin" x="80" y="91"/>
<int name="z" value="0"/>
<string name="_hash" value="b6701bd5c517b7129949ab824f828f5b03d41ae5a8c329ffd30330d0fa506659"/>
</canvas>
<canvas name="7" width="135" height="92">
<vector name="origin" x="80" y="91"/>
<int name="z" value="0"/>
<string name="_hash" value="4e784b7e79c9daa8af93ee85eb317fa70d238ac46cc10ae5b450a41e34f4d8b3"/>
</canvas>
<canvas name="8" width="135" height="92">
<vector name="origin" x="80" y="91"/>
<int name="z" value="0"/>
<string name="_hash" value="a86b84079a853cea6f38d964cf757264703abe6b51af84576c66c83d1de9d895"/>
</canvas>
<canvas name="9" width="135" height="92">
<vector name="origin" x="80" y="91"/>
<int name="z" value="0"/>
<string name="_hash" value="b5c6fe94e6525d9ec475e201686913ce4bed5a49cc0d19e09663df79039c8afc"/>
</canvas>
<canvas name="10" width="152" height="92">
<vector name="origin" x="80" y="91"/>
<int name="z" value="0"/>
<string name="_hash" value="39ad9db5f40a51efa0de781ff171819fa32904da234b2266b1a8d5646ff1f81f"/>
</canvas>
</imgdir>
</imgdir>
