<?xml version="1.0" encoding="UTF-8" standalone="yes"?>
<imgdir name="1013602.img">
<imgdir name="info">
<int name="forceMove" value="1"/>
<int name="hideName" value="1"/>
</imgdir>
<imgdir name="stand">
<canvas name="0" width="1" height="1">
<vector name="origin" x="31" y="74"/>
<int name="z" value="0"/>
<string name="_hash" value="8db35da2c1323d41627bbf5f6d5ba06923c0716ca01f50040ed3541cf8fe59cf"/>
<string name="_outlink" value="Npc/1013502.img/stand/0"/>
</canvas>
</imgdir>
<imgdir name="say">
<canvas name="0" width="1" height="1">
<vector name="origin" x="31" y="74"/>
<int name="z" value="0"/>
<int name="delay" value="150"/>
<string name="_hash" value="136ccaccce729968163d8be3cb02c620fb7876b8225d40312486fec05880f5ae"/>
<string name="_outlink" value="Npc/1013502.img/say/0"/>
</canvas>
<canvas name="1" width="1" height="1">
<vector name="origin" x="31" y="73"/>
<int name="z" value="0"/>
<int name="delay" value="150"/>
<string name="_hash" value="4ec5c65de45d397693a233bada59a558f912791e10a81850195f447b237c5d63"/>
<string name="_outlink" value="Npc/1013502.img/say/1"/>
</canvas>
<canvas name="2" width="1" height="1">
<vector name="origin" x="31" y="74"/>
<int name="z" value="0"/>
<int name="delay" value="150"/>
<string name="_outlink" value="Npc/1013502.img/say/0"/>
</canvas>
<canvas name="3" width="1" height="1">
<vector name="origin" x="31" y="73"/>
<int name="z" value="0"/>
<int name="delay" value="150"/>
<string name="_outlink" value="Npc/1013502.img/say/1"/>
</canvas>
</imgdir>
<imgdir name="eye">
<canvas name="0" width="1" height="1">
<vector name="origin" x="31" y="74"/>
<int name="z" value="0"/>
<int name="delay" value="150"/>
<string name="_outlink" value="Npc/1013502.img/stand/0"/>
</canvas>
<canvas name="1" width="1" height="1">
<vector name="origin" x="31" y="73"/>
<int name="z" value="0"/>
<int name="delay" value="150"/>
<string name="_hash" value="e8a96f2dfa407cbccf8074fd0a3d4a97aa41b4d7a145a4424221528e8c7f5366"/>
<string name="_outlink" value="Npc/1013502.img/eye/1"/>
</canvas>
<canvas name="2" width="1" height="1">
<vector name="origin" x="31" y="74"/>
<int name="z" value="0"/>
<int name="delay" value="150"/>
<string name="_hash" value="2a3dc405104f176a1401e1adf3f91e1e1fc9bd29948a11a2caa55c4a844baffa"/>
<string name="_outlink" value="Npc/1013502.img/eye/2"/>
</canvas>
<canvas name="3" width="1" height="1">
<vector name="origin" x="31" y="75"/>
<int name="z" value="0"/>
<int name="delay" value="150"/>
<string name="_hash" value="96c22b777d1bcf720eb91e8954be06115edec680d16a3026dd267026ec485c30"/>
<string name="_outlink" value="Npc/1013502.img/eye/3"/>
</canvas>
</imgdir>
<imgdir name="move">
<canvas name="0" width="1" height="1">
<vector name="origin" x="23" y="32"/>
<int name="z" value="0"/>
<string name="_hash" value="ab19b3aec8a42145a3e7a9f6b334efd1cfbac07d87978bf1421d17e2d5e7bac0"/>
<string name="_outlink" value="Npc/1013502.img/move/0"/>
</canvas>
<canvas name="1" width="1" height="1">
<vector name="origin" x="23" y="31"/>
<int name="z" value="0"/>
<string name="_hash" value="2a17f76404a2e3714fed64e3919d26a1cb2fcaa8bc44ad25b61472933a9bc6c8"/>
<string name="_outlink" value="Npc/1013502.img/move/1"/>
</canvas>
<canvas name="2" width="1" height="1">
<vector name="origin" x="23" y="50"/>
<int name="z" value="0"/>
<string name="_hash" value="c2de09227ea7505e5d3baa25abeb2e85ab53671cb5136f41e7237ff7f29edb6e"/>
<string name="_outlink" value="Npc/1013502.img/move/2"/>
</canvas>
<canvas name="3" width="1" height="1">
<vector name="origin" x="23" y="56"/>
<int name="z" value="0"/>
<string name="_hash" value="e2346c0589ca32be99237616ba2afa05ab08fa096a6561e1a89750d71a93292d"/>
<string name="_outlink" value="Npc/1013502.img/move/3"/>
</canvas>
<canvas name="4" width="1" height="1">
<vector name="origin" x="23" y="54"/>
<int name="z" value="0"/>
<string name="_hash" value="84adbd61918f6b9b5e5e3e3859d99150ad2e6b6bd7e94209eaf65326e39a650e"/>
<string name="_outlink" value="Npc/1013502.img/move/4"/>
</canvas>
<canvas name="5" width="1" height="1">
<vector name="origin" x="25" y="43"/>
<int name="z" value="0"/>
<string name="_hash" value="0b8aad2f0ba1a7335f9c3a811a2575dc22680b0db76cf7afe869ae2d00e7ed32"/>
<string name="_outlink" value="Npc/1013502.img/move/5"/>
</canvas>
</imgdir>
<imgdir name="speak2">
<canvas name="0" width="1" height="1">
<vector name="origin" x="31" y="74"/>
<int name="z" value="0"/>
<int name="delay" value="150"/>
<string name="_outlink" value="Npc/1013502.img/say/0"/>
</canvas>
<canvas name="1" width="1" height="1">
<vector name="origin" x="31" y="75"/>
<int name="z" value="0"/>
<int name="delay" value="150"/>
<string name="_hash" value="45ae860b3a69dbd62846ea6ff1567709189382cf2927a385093cad73265f46c0"/>
<string name="_outlink" value="Npc/1013502.img/speak2/1"/>
</canvas>
<canvas name="2" width="1" height="1">
<vector name="origin" x="31" y="73"/>
<int name="z" value="0"/>
<int name="delay" value="150"/>
<string name="_hash" value="3defe829b1ddd267e40809cd68194421e3b42785c3106b1f427a753dbee16f79"/>
<string name="_outlink" value="Npc/1013502.img/speak2/2"/>
</canvas>
<canvas name="3" width="1" height="1">
<vector name="origin" x="31" y="75"/>
<int name="z" value="0"/>
<int name="delay" value="150"/>
<string name="_outlink" value="Npc/1013502.img/speak2/1"/>
</canvas>
<canvas name="4" width="1" height="1">
<vector name="origin" x="31" y="73"/>
<int name="z" value="0"/>
<int name="delay" value="150"/>
<string name="_outlink" value="Npc/1013502.img/speak2/2"/>
</canvas>
<canvas name="5" width="1" height="1">
<vector name="origin" x="31" y="75"/>
<int name="z" value="0"/>
<int name="delay" value="150"/>
<string name="_outlink" value="Npc/1013502.img/speak2/1"/>
</canvas>
<canvas name="6" width="1" height="1">
<vector name="origin" x="31" y="73"/>
<int name="z" value="0"/>
<int name="delay" value="150"/>
<string name="_outlink" value="Npc/1013502.img/speak2/2"/>
</canvas>
<int name="special" value="1"/>
</imgdir>
<imgdir name="exultation">
<canvas name="0" width="1" height="1">
<vector name="origin" x="31" y="74"/>
<int name="z" value="0"/>
<string name="_outlink" value="Npc/1013502.img/stand/0"/>
</canvas>
<canvas name="1" width="1" height="1">
<vector name="origin" x="31" y="73"/>
<int name="z" value="0"/>
<string name="_hash" value="3ebde9c95df343d0a1f66148caabd62785a2e3acb1172d30eb247601a6fa27fd"/>
<string name="_outlink" value="Npc/1013502.img/exultation/1"/>
</canvas>
<canvas name="2" width="1" height="1">
<vector name="origin" x="31" y="74"/>
<int name="z" value="0"/>
<string name="_outlink" value="Npc/1013502.img/stand/0"/>
</canvas>
<canvas name="3" width="1" height="1">
<vector name="origin" x="31" y="75"/>
<int name="z" value="0"/>
<string name="_hash" value="43e98873f3134af5c1c677c18f3968e742e923c7488ece51874486a7f5cfedcf"/>
<string name="_outlink" value="Npc/1013502.img/exultation/3"/>
</canvas>
<canvas name="4" width="1" height="1">
<vector name="origin" x="31" y="76"/>
<int name="z" value="0"/>
<string name="_hash" value="38e59ede86617d87e3aec41bd7e848f04a7c6f6cc8d8e88311d48ee9c687105f"/>
<string name="_outlink" value="Npc/1013502.img/exultation/4"/>
</canvas>
<canvas name="5" width="1" height="1">
<vector name="origin" x="31" y="74"/>
<int name="z" value="0"/>
<string name="_hash" value="b0e25bc57c2cc2b7c93888e998d23cdc8103c447a3b12a7f731065f2c6d5d2ef"/>
<string name="_outlink" value="Npc/1013502.img/exultation/5"/>
</canvas>
<canvas name="6" width="1" height="1">
<vector name="origin" x="31" y="73"/>
<int name="z" value="0"/>
<string name="_hash" value="bbf1071ab6e976ad802f74a822f0babea9c7801f02500302e1a70fb6ca73e272"/>
<string name="_outlink" value="Npc/1013502.img/exultation/6"/>
</canvas>
<canvas name="7" width="1" height="1">
<vector name="origin" x="31" y="74"/>
<int name="z" value="0"/>
<string name="_hash" value="165c0544e231d29fdd0d554e6056b0faca00b96e333316702d552400ea1ed73a"/>
<string name="_outlink" value="Npc/1013502.img/exultation/7"/>
</canvas>
<int name="special" value="1"/>
</imgdir>
<imgdir name="lol">
<canvas name="0" width="1" height="1">
<vector name="origin" x="31" y="74"/>
<int name="z" value="0"/>
<int name="delay" value="150"/>
<string name="_hash" value="90ca30228b8edd7cf4561a00bd7a7e61a35cf69c49b094769ed7240a3cbc5bce"/>
<string name="_outlink" value="Npc/1013502.img/lol/0"/>
</canvas>
<canvas name="1" width="1" height="1">
<vector name="origin" x="31" y="73"/>
<int name="z" value="0"/>
<int name="delay" value="150"/>
<string name="_hash" value="36f5fbf50ad78a8a0cebfcc4b61a3756097f37d242fd592d1c80513fa76b6983"/>
<string name="_outlink" value="Npc/1013502.img/lol/1"/>
</canvas>
<canvas name="2" width="1" height="1">
<vector name="origin" x="39" y="81"/>
<int name="z" value="0"/>
<int name="delay" value="150"/>
<string name="_hash" value="7d1a5f721524dcca3be56f6533360da5d53b6fe53fe1520c746c38f1a54401d8"/>
<string name="_outlink" value="Npc/1013502.img/lol/2"/>
</canvas>
<canvas name="3" width="1" height="1">
<vector name="origin" x="31" y="74"/>
<int name="z" value="0"/>
<int name="delay" value="150"/>
<string name="_hash" value="241bb7f2269b309f6326be46fedf1ab41bc6ab6ed6b715df3d0ea4ca51aabdb0"/>
<string name="_outlink" value="Npc/1013502.img/lol/3"/>
</canvas>
<canvas name="4" width="1" height="1">
<vector name="origin" x="39" y="81"/>
<int name="z" value="0"/>
<int name="delay" value="150"/>
<string name="_hash" value="300b0539c55836083c895dbc7c66f429a3fd78688d9e09f93ae188adf0730528"/>
<string name="_outlink" value="Npc/1013502.img/lol/4"/>
</canvas>
<canvas name="5" width="1" height="1">
<vector name="origin" x="31" y="74"/>
<int name="z" value="0"/>
<int name="delay" value="150"/>
<string name="_outlink" value="Npc/1013502.img/lol/3"/>
</canvas>
<int name="special" value="1"/>
</imgdir>
<imgdir name="panic">
<canvas name="0" width="1" height="1">
<vector name="origin" x="31" y="74"/>
<int name="z" value="0"/>
<string name="_hash" value="716411752fbf384df5048789649ae0b35e90f8d1bf39b65107119bba70c57345"/>
<string name="_outlink" value="Npc/1013502.img/panic/0"/>
</canvas>
<int name="special" value="1"/>
</imgdir>
<imgdir name="gloom">
<canvas name="0" width="1" height="1">
<vector name="origin" x="31" y="74"/>
<int name="z" value="0"/>
<int name="delay" value="150"/>
<string name="_outlink" value="Npc/1013502.img/panic/0"/>
</canvas>
<canvas name="1" width="1" height="1">
<vector name="origin" x="31" y="76"/>
<int name="z" value="0"/>
<int name="delay" value="150"/>
<string name="_hash" value="d1085ee782061cd8d6ea3f708141459c32ea1ebbe370a105abe9d31386869064"/>
<string name="_outlink" value="Npc/1013502.img/gloom/1"/>
</canvas>
<canvas name="2" width="1" height="1">
<vector name="origin" x="31" y="80"/>
<int name="z" value="0"/>
<int name="delay" value="150"/>
<string name="_hash" value="694a1697c0945b8f34687932ec3e4d4f05eaaf94561374c7e13443f4bd1da382"/>
<string name="_outlink" value="Npc/1013502.img/gloom/2"/>
</canvas>
<canvas name="3" width="1" height="1">
<vector name="origin" x="31" y="84"/>
<int name="z" value="0"/>
<int name="delay" value="150"/>
<string name="_hash" value="da1abcb212d8e5836f4011d33afadb0f96e9717fbe8112f40d8a579b6456eb31"/>
<string name="_outlink" value="Npc/1013502.img/gloom/3"/>
</canvas>
<canvas name="4" width="1" height="1">
<vector name="origin" x="31" y="80"/>
<int name="z" value="0"/>
<int name="delay" value="150"/>
<string name="_hash" value="8175374f4751d08b1781204c14efd5aab6921678d3f70dbd350f2cf2b94e7e72"/>
<string name="_outlink" value="Npc/1013502.img/gloom/4"/>
</canvas>
<canvas name="5" width="1" height="1">
<vector name="origin" x="31" y="84"/>
<int name="z" value="0"/>
<int name="delay" value="150"/>
<string name="_hash" value="a984ba2e6689628e900f7bcd865e3ef9899be7aa54e1950b7c1f6f18a2c9a3a3"/>
<string name="_outlink" value="Npc/1013502.img/gloom/5"/>
</canvas>
<canvas name="6" width="1" height="1">
<vector name="origin" x="31" y="70"/>
<int name="z" value="0"/>
<int name="delay" value="150"/>
<string name="_hash" value="178dd2be37d0bd96f99173a63670c96f22813fc39d71dc0be675cfb90259186e"/>
<string name="_outlink" value="Npc/1013502.img/gloom/6"/>
</canvas>
<canvas name="7" width="1" height="1">
<vector name="origin" x="31" y="71"/>
<int name="z" value="0"/>
<int name="delay" value="150"/>
<string name="_hash" value="1298991ba8657d856097a84a8a8d4f2f9bc2ae233e6c9525938856198e076a8d"/>
<string name="_outlink" value="Npc/1013502.img/gloom/7"/>
</canvas>
<canvas name="8" width="1" height="1">
<vector name="origin" x="31" y="70"/>
<int name="z" value="0"/>
<int name="delay" value="150"/>
<string name="_outlink" value="Npc/1013502.img/gloom/6"/>
</canvas>
<canvas name="9" width="1" height="1">
<vector name="origin" x="31" y="71"/>
<int name="z" value="0"/>
<int name="delay" value="150"/>
<string name="_outlink" value="Npc/1013502.img/gloom/7"/>
</canvas>
<int name="special" value="1"/>
</imgdir>
<imgdir name="surprise">
<canvas name="0" width="1" height="1">
<vector name="origin" x="31" y="74"/>
<int name="z" value="0"/>
<int name="delay" value="150"/>
<string name="_outlink" value="Npc/1013502.img/lol/0"/>
</canvas>
<canvas name="1" width="1" height="1">
<vector name="origin" x="31" y="73"/>
<int name="z" value="0"/>
<int name="delay" value="150"/>
<string name="_outlink" value="Npc/1013502.img/lol/1"/>
</canvas>
<canvas name="2" width="1" height="1">
<vector name="origin" x="39" y="81"/>
<int name="z" value="0"/>
<int name="delay" value="150"/>
<string name="_outlink" value="Npc/1013502.img/lol/2"/>
</canvas>
<canvas name="3" width="1" height="1">
<vector name="origin" x="39" y="81"/>
<int name="z" value="0"/>
<int name="delay" value="210"/>
<string name="_outlink" value="Npc/1013502.img/lol/4"/>
</canvas>
<canvas name="4" width="1" height="1">
<vector name="origin" x="39" y="81"/>
<int name="z" value="0"/>
<int name="delay" value="210"/>
<string name="_outlink" value="Npc/1013502.img/lol/4"/>
</canvas>
<canvas name="5" width="1" height="1">
<vector name="origin" x="39" y="81"/>
<int name="z" value="0"/>
<int name="delay" value="210"/>
<string name="_outlink" value="Npc/1013502.img/lol/4"/>
</canvas>
<int name="special" value="1"/>
</imgdir>
</imgdir>
