<?xml version="1.0" encoding="UTF-8" standalone="yes"?>
<imgdir name="1013405.img">
<imgdir name="info">
<int name="hide" value="1"/>
</imgdir>
<imgdir name="stand">
<canvas name="0" width="62" height="76">
<vector name="origin" x="31" y="76"/>
<int name="delay" value="180"/>
<string name="_hash" value="0f5b96d3a9d552a008bf5f7589aecd9863502e4b8c522a9dd92d39ad9ade9c3d"/>
</canvas>
</imgdir>
<imgdir name="say">
<canvas name="0" width="1" height="1">
<vector name="origin" x="31" y="76"/>
<int name="delay" value="180"/>
<string name="_inlink" value="stand/0"/>
</canvas>
<canvas name="1" width="62" height="76">
<vector name="origin" x="31" y="76"/>
<int name="delay" value="180"/>
<string name="_hash" value="979f09900f9881afeed3a541ce57e2496eda1f8aa74c2f5555d1dedd5cc27960"/>
</canvas>
<canvas name="2" width="62" height="76">
<vector name="origin" x="31" y="76"/>
<int name="delay" value="180"/>
<string name="_hash" value="5f1272515144b1bf054b1e46d9a2561520c323b64f79650e93e54c4fe29a6206"/>
</canvas>
<canvas name="3" width="62" height="76">
<vector name="origin" x="31" y="76"/>
<int name="delay" value="180"/>
<string name="_hash" value="43a9ab3c801fa614ae11697bb905236ca67d33f13cc2214ca2b08f0c68a4bf1f"/>
</canvas>
<canvas name="4" width="1" height="1">
<vector name="origin" x="31" y="76"/>
<int name="delay" value="180"/>
<string name="_inlink" value="stand/0"/>
</canvas>
<canvas name="5" width="62" height="76">
<vector name="origin" x="31" y="76"/>
<int name="delay" value="180"/>
<string name="_hash" value="61bc5a07f19dd52e730acdba2b1dd767e42313fbb81d431a1df8b26253d292ff"/>
</canvas>
</imgdir>
<imgdir name="eye">
<canvas name="0" width="1" height="1">
<vector name="origin" x="31" y="76"/>
<int name="delay" value="180"/>
<string name="_inlink" value="stand/0"/>
</canvas>
<canvas name="1" width="62" height="76">
<vector name="origin" x="31" y="76"/>
<int name="delay" value="180"/>
<string name="_hash" value="6548d5b506b536c595c13d9bd710a9c77001d2fe0d2afa85bfca6527669061d7"/>
</canvas>
<canvas name="2" width="1" height="1">
<vector name="origin" x="31" y="76"/>
<int name="delay" value="180"/>
<string name="_inlink" value="stand/0"/>
</canvas>
<canvas name="3" width="1" height="1">
<vector name="origin" x="31" y="76"/>
<int name="delay" value="180"/>
<string name="_inlink" value="say/5"/>
</canvas>
</imgdir>
<imgdir name="condition2">
<imgdir name="35950">
<imgdir name="0">
<string name="key" value="05"/>
<string name="value" value="h0"/>
</imgdir>
</imgdir>
<int name="hide" value="1"/>
<uol name="stand" value="../stand"/>
<uol name="say" value="../say"/>
<uol name="eye" value="../eye"/>
</imgdir>
<imgdir name="condition3">
<imgdir name="35950">
<imgdir name="0">
<string name="key" value="05"/>
<string name="value" value="h1"/>
</imgdir>
</imgdir>
<uol name="stand" value="../stand"/>
<uol name="say" value="../say"/>
<uol name="eye" value="../eye"/>
</imgdir>
</imgdir>
