<?xml version="1.0" encoding="UTF-8" standalone="yes"?>
<imgdir name="1013201.img">
<imgdir name="info">
<imgdir name="script">
<imgdir name="0">
<string name="script" value="downCamillar"/>
</imgdir>
</imgdir>
</imgdir>
<imgdir name="stand">
<canvas name="0" width="53" height="53">
<vector name="origin" x="18" y="52"/>
<int name="z" value="0"/>
<int name="delay" value="3000"/>
<string name="_hash" value="e8bb9c5b9559248b32271587e820cce2a21264e1badc8a2d31216933e3324fd8"/>
</canvas>
</imgdir>
<imgdir name="eye">
<canvas name="0" width="1" height="1">
<vector name="origin" x="18" y="52"/>
<int name="z" value="0"/>
<string name="_inlink" value="stand/0"/>
</canvas>
<canvas name="1" width="53" height="53">
<vector name="origin" x="18" y="52"/>
<int name="z" value="0"/>
<string name="_hash" value="3a04e99e481fcc3ad681ae3622bf8707f0595f079893897731ccd28a9b4a5812"/>
</canvas>
<canvas name="2" width="53" height="53">
<vector name="origin" x="18" y="52"/>
<int name="z" value="0"/>
<string name="_hash" value="aec66d4eb980f60441c0b37d161aeda58c7969a586d92bece80613f1f18fe342"/>
</canvas>
</imgdir>
<imgdir name="say">
<canvas name="0" width="1" height="1">
<vector name="origin" x="18" y="52"/>
<int name="z" value="0"/>
<string name="_inlink" value="stand/0"/>
</canvas>
<canvas name="1" width="53" height="53">
<vector name="origin" x="18" y="52"/>
<int name="z" value="0"/>
<string name="_hash" value="df725c315dc58f3e299c8523e6691e8eecb7a5fbabbd1dced1c7f79289912d6a"/>
</canvas>
<uol name="2" value="0"/>
<uol name="3" value="1"/>
<uol name="4" value="0"/>
<uol name="5" value="1"/>
<uol name="6" value="0"/>
<uol name="7" value="1"/>
<uol name="8" value="0"/>
<uol name="9" value="1"/>
<uol name="10" value="0"/>
<uol name="11" value="1"/>
<uol name="12" value="0"/>
<uol name="13" value="1"/>
<imgdir name="speak">
<string name="0" value="n0"/>
<string name="1" value="n1"/>
</imgdir>
</imgdir>
</imgdir>
