<?xml version="1.0" encoding="UTF-8" standalone="yes"?>
<imgdir name="1013619.img">
<imgdir name="info">
<int name="hideName" value="1"/>
</imgdir>
<imgdir name="stand">
<canvas name="0" width="1" height="1">
<vector name="origin" x="37" y="61"/>
<int name="z" value="0"/>
<string name="_hash" value="2b4bd0ee614c4c76e4321c102c5328c9215c183c9acfeafc50196f008253dfb7"/>
<string name="_outlink" value="Npc/1013519.img/stand/0"/>
</canvas>
<canvas name="1" width="1" height="1">
<vector name="origin" x="37" y="60"/>
<int name="z" value="0"/>
<string name="_hash" value="9c80806aaa207079774531e93816cde636e6a0cf156b768c6bd97b28bd84aee0"/>
<string name="_outlink" value="Npc/1013519.img/stand/1"/>
</canvas>
<canvas name="2" width="1" height="1">
<vector name="origin" x="37" y="59"/>
<int name="z" value="0"/>
<string name="_hash" value="5f058a2251cf8289529f8ae895f6fd4c4444c22cb5a200b2d1b85e3c0bf3a6d0"/>
<string name="_outlink" value="Npc/1013519.img/stand/2"/>
</canvas>
<canvas name="3" width="1" height="1">
<vector name="origin" x="37" y="60"/>
<int name="z" value="0"/>
<string name="_hash" value="28172c1de30cbb03290b17d25e9e2b67d3d6f6a077725032cbf073a426a949be"/>
<string name="_outlink" value="Npc/1013519.img/stand/3"/>
</canvas>
<canvas name="4" width="1" height="1">
<vector name="origin" x="37" y="61"/>
<int name="z" value="0"/>
<string name="_hash" value="ebd2ff1ea27b707d1577eb2435ea8ba0d11e61459302a50569fa9f53f6e6f32f"/>
<string name="_outlink" value="Npc/1013519.img/stand/4"/>
</canvas>
<canvas name="5" width="1" height="1">
<vector name="origin" x="37" y="62"/>
<int name="z" value="0"/>
<string name="_hash" value="c6131209b7a0bb1335321934e93cce9ba6ba4da2b0f0856da59f3900e74be13b"/>
<string name="_outlink" value="Npc/1013519.img/stand/5"/>
</canvas>
<canvas name="6" width="1" height="1">
<vector name="origin" x="37" y="61"/>
<int name="z" value="0"/>
<string name="_outlink" value="Npc/1013519.img/stand/0"/>
</canvas>
<canvas name="7" width="1" height="1">
<vector name="origin" x="37" y="60"/>
<int name="z" value="0"/>
<string name="_outlink" value="Npc/1013519.img/stand/1"/>
</canvas>
<canvas name="8" width="1" height="1">
<vector name="origin" x="37" y="59"/>
<int name="z" value="0"/>
<string name="_hash" value="87286dd93ca03d190bbf39cc14a9b10d6bb20a03933965ebdcf29b8919c7bcbb"/>
<string name="_outlink" value="Npc/1013519.img/stand/8"/>
</canvas>
<canvas name="9" width="1" height="1">
<vector name="origin" x="37" y="60"/>
<int name="z" value="0"/>
<string name="_hash" value="18847443dac2a3400243b7c0fba62f4c93fbb9cdb266a5d73fe9b37d95d94850"/>
<string name="_outlink" value="Npc/1013519.img/stand/9"/>
</canvas>
<canvas name="10" width="1" height="1">
<vector name="origin" x="37" y="61"/>
<int name="z" value="0"/>
<string name="_hash" value="a1dfbcc6dda80f955722c619a5ac2f8ab8dfa1b282cdde8d7b92876801836d71"/>
<string name="_outlink" value="Npc/1013519.img/stand/10"/>
</canvas>
<canvas name="11" width="1" height="1">
<vector name="origin" x="37" y="62"/>
<int name="z" value="0"/>
<string name="_outlink" value="Npc/1013519.img/stand/5"/>
</canvas>
</imgdir>
</imgdir>
