<?xml version="1.0" encoding="UTF-8" standalone="yes"?>
<imgdir name="1013001.img">
<imgdir name="info">
<int name="dcLeft" value="-128"/>
<int name="dcTop" value="-222"/>
<int name="dcRight" value="218"/>
<int name="dcBottom" value="0"/>
<imgdir name="script">
<imgdir name="0">
<string name="script" value="dragon_dream"/>
</imgdir>
</imgdir>
<int name="hideName" value="1"/>
<canvas name="default" width="132" height="100">
<vector name="origin" x="66" y="92"/>
<int name="delay" value="2350"/>
<string name="_hash" value="e397180e46c3e4d7258529da7e0657f3e32adb4694f37fcb0f827c14387611c2"/>
</canvas>
</imgdir>
<imgdir name="stand">
<canvas name="0" width="132" height="53">
<vector name="origin" x="68" y="110"/>
<int name="z" value="0"/>
<string name="_hash" value="598c27913ea2df3a37fb550b2d153cc4acb0f8bf36ef09f22345c938249109fc"/>
</canvas>
<uol name="1" value="0"/>
<uol name="2" value="0"/>
<uol name="3" value="0"/>
<uol name="4" value="0"/>
<uol name="5" value="0"/>
<uol name="6" value="0"/>
<uol name="7" value="0"/>
<uol name="8" value="0"/>
<uol name="9" value="0"/>
</imgdir>
<imgdir name="condition1">
<int name="22012" value="1"/>
<imgdir name="stand">
<canvas name="0" width="1" height="1">
<vector name="origin" x="68" y="110"/>
<int name="z" value="0"/>
<string name="_inlink" value="stand/0"/>
</canvas>
<canvas name="1" width="132" height="53">
<vector name="origin" x="68" y="110"/>
<int name="z" value="0"/>
<string name="_hash" value="d225eea3a9b2a3f1ddaabb3495f26f64967f7785731d8ccd2d9503cdd7e2179d"/>
</canvas>
<canvas name="2" width="144" height="61">
<vector name="origin" x="69" y="111"/>
<int name="z" value="0"/>
<string name="_hash" value="c4f9a4b48ef9f1f03f188da3835aaf67ee76604061b3433c4f3bfb16ec66c923"/>
</canvas>
<canvas name="3" width="145" height="60">
<vector name="origin" x="69" y="111"/>
<int name="z" value="0"/>
<string name="_hash" value="fcff667ac473d2745383c3f050db8637d0a91e3fd814aa9b975e78f81ecd9d7f"/>
</canvas>
<canvas name="4" width="144" height="60">
<vector name="origin" x="69" y="111"/>
<int name="z" value="0"/>
<string name="_hash" value="44e7b1eabe669ddbdfb6baad64af2f6a7c16342b1baaa1dc2472ddf98403b529"/>
</canvas>
<canvas name="5" width="142" height="59">
<vector name="origin" x="69" y="111"/>
<int name="z" value="0"/>
<string name="_hash" value="5685e5c1fe0d29ba274e79f4f5c93bd08e9fde87212c0d6377663bdaf9ca0f50"/>
</canvas>
<canvas name="6" width="141" height="57">
<vector name="origin" x="69" y="111"/>
<int name="z" value="0"/>
<string name="_hash" value="9a7cbb4d2532d05155350ea555adc2d2cf16b5551fdcc2a5bc5f2dbe6a67153c"/>
</canvas>
<canvas name="7" width="135" height="55">
<vector name="origin" x="69" y="111"/>
<int name="z" value="0"/>
<string name="_hash" value="87182b869e5a54e9836fcd4cd5d61bf46993902148a5da3160856c83848c9772"/>
</canvas>
<canvas name="8" width="131" height="52">
<vector name="origin" x="69" y="111"/>
<int name="z" value="0"/>
<string name="_hash" value="8965eda5838332e0204f5504209ecf13915dfb0c103dd98ecc754e073c66a833"/>
</canvas>
<canvas name="9" width="69" height="37">
<vector name="origin" x="69" y="111"/>
<int name="z" value="0"/>
<int name="delay" value="280000"/>
<string name="_hash" value="526020e423e2d93f76b7d96c390c830e82e1cfd04f948d2a8c811e17afc88bd8"/>
</canvas>
</imgdir>
</imgdir>
</imgdir>
