<?xml version="1.0" encoding="UTF-8" standalone="yes"?>
<imgdir name="1013607.img">
<imgdir name="info">
<int name="hideName" value="1"/>
</imgdir>
<imgdir name="stand">
<canvas name="0" width="71" height="57">
<vector name="origin" x="41" y="57"/>
<int name="z" value="0"/>
<string name="_hash" value="c70817d388efea7cd204bfa30808a8343c35e1480d1e7f38d9c33f69af502c7c"/>
</canvas>
<canvas name="1" width="72" height="56">
<vector name="origin" x="42" y="56"/>
<int name="z" value="0"/>
<string name="_hash" value="f51e1f5c209b0d02eec4880574905573b4e40565c53c6f1364288f4ec22156db"/>
</canvas>
<canvas name="2" width="72" height="55">
<vector name="origin" x="42" y="55"/>
<int name="z" value="0"/>
<string name="_hash" value="9f6fdb5a7012ec57a8ff96b0863a671fb0ed33aebe46fff71bdfbd9867f1e4c6"/>
</canvas>
<canvas name="3" width="71" height="56">
<vector name="origin" x="41" y="56"/>
<int name="z" value="0"/>
<string name="_hash" value="fa5b9df03834d126b0a6eef20297f1ca06ef35b9bbcb066e2ca99e7c1ed06913"/>
</canvas>
</imgdir>
<imgdir name="say">
<canvas name="Frame 1" width="71" height="57">
<vector name="origin" x="41" y="57"/>
<int name="z" value="0"/>
<string name="_hash" value="6a35ca8b6d484153ae3b4520561639c265d89f743f8c97c619b4a2945f1ffca6"/>
</canvas>
<canvas name="Frame 2" width="72" height="56">
<vector name="origin" x="42" y="56"/>
<int name="z" value="0"/>
<string name="_hash" value="2916a0ebc1cba828ce8e36bab94a358a9a6600d5619e02d8f660517e5b6a733b"/>
</canvas>
<canvas name="Frame 3" width="71" height="57">
<vector name="origin" x="41" y="57"/>
<int name="z" value="0"/>
<string name="_hash" value="380d0d73b0d58f4c9e8e8b0020394c37dc435850fc2d4f767132b7c44d8462ee"/>
</canvas>
<canvas name="Frame 4" width="72" height="56">
<vector name="origin" x="42" y="56"/>
<int name="z" value="0"/>
<string name="_hash" value="4fd0f26c86aa50ed1a6200c545e74d4a2ced03affe449a03b62891d25b2b9ebc"/>
</canvas>
</imgdir>
<imgdir name="eye">
<canvas name="0" width="1" height="1">
<vector name="origin" x="41" y="57"/>
<int name="z" value="0"/>
<string name="_inlink" value="say/Frame 1"/>
</canvas>
<canvas name="1" width="72" height="56">
<vector name="origin" x="42" y="56"/>
<int name="z" value="0"/>
<string name="_hash" value="a7142b9d2d5ed9dd58f72421ff4909cd3b6206a4694a82cdd6fbd0a4cb69120a"/>
</canvas>
<canvas name="2" width="72" height="55">
<vector name="origin" x="42" y="55"/>
<int name="z" value="0"/>
<string name="_hash" value="6293a94ba47edde8a5be8ede99eadb85f70b6ee441bed655597f200309b50fc6"/>
</canvas>
<canvas name="3" width="71" height="56">
<vector name="origin" x="41" y="56"/>
<int name="z" value="0"/>
<string name="_hash" value="12514fa257734269893a44f1673c43e9a14a4178ff37ad903af9afb4292ceea3"/>
</canvas>
</imgdir>
<imgdir name="laugh">
<canvas name="0" width="91" height="75">
<vector name="origin" x="47" y="75"/>
<int name="z" value="0"/>
<string name="_hash" value="5f8096960f631edd25c493927ce07a7ce1c478b6b69d8bd8a9bd2209b996a7fd"/>
</canvas>
<canvas name="1" width="91" height="56">
<vector name="origin" x="48" y="56"/>
<int name="z" value="0"/>
<string name="_hash" value="e73668348e1feace0ae5f071c2eb508ea389c71f2d087610ebe8baa63b9ad08b"/>
</canvas>
<canvas name="2" width="91" height="75">
<vector name="origin" x="47" y="75"/>
<int name="z" value="0"/>
<string name="_hash" value="c3ef0d1d384c8b05fd60e2a4520d0641c6d8865d377ed1dd9f4462649978007a"/>
</canvas>
<canvas name="3" width="1" height="1">
<vector name="origin" x="48" y="56"/>
<int name="z" value="0"/>
<string name="_inlink" value="laugh/1"/>
</canvas>
<int name="special" value="1"/>
</imgdir>
<imgdir name="ready">
<canvas name="0" width="71" height="57">
<vector name="origin" x="41" y="57"/>
<int name="z" value="0"/>
<string name="_hash" value="5cfcca7e035c3ee3fd9629f0a053cf086f309f3cb279649c4c819f7a989897f6"/>
</canvas>
<canvas name="1" width="72" height="56">
<vector name="origin" x="42" y="56"/>
<int name="z" value="0"/>
<string name="_hash" value="29a078065c63e0fb1e7b7b8e80392084522a6b0e856e7fbb5a87ced4dd32c487"/>
</canvas>
<canvas name="2" width="72" height="57">
<vector name="origin" x="42" y="57"/>
<int name="z" value="0"/>
<string name="_hash" value="099ce94f36dd767e31340e969dbf3715e8f7a0ab97a7e125577b754c8529cd15"/>
</canvas>
<canvas name="3" width="72" height="58">
<vector name="origin" x="41" y="58"/>
<int name="z" value="0"/>
<string name="_hash" value="e602b9201aab582fc37a2717fe6c11f6c105437eec75b1b3f85475ced3626e07"/>
</canvas>
<canvas name="4" width="73" height="59">
<vector name="origin" x="41" y="59"/>
<int name="z" value="0"/>
<string name="_hash" value="ee979942074a3d8d4c40f20fd13a0f4f87c7894c048853815447403833b7b988"/>
</canvas>
<canvas name="5" width="73" height="60">
<vector name="origin" x="41" y="60"/>
<int name="z" value="0"/>
<string name="_hash" value="7c1a8d0a7889954698297683808e5ee618c75c4d834d43a4c93e333a10199e40"/>
</canvas>
<canvas name="6" width="1" height="1">
<vector name="origin" x="41" y="60"/>
<int name="z" value="0"/>
<string name="_inlink" value="ready/5"/>
</canvas>
<int name="special" value="1"/>
</imgdir>
<imgdir name="full">
<canvas name="0" width="1" height="1">
<vector name="origin" x="41" y="59"/>
<int name="z" value="0"/>
<string name="_inlink" value="ready/4"/>
</canvas>
<canvas name="1" width="1" height="1">
<vector name="origin" x="41" y="59"/>
<int name="z" value="0"/>
<string name="_inlink" value="ready/4"/>
</canvas>
<canvas name="2" width="1" height="1">
<vector name="origin" x="41" y="60"/>
<int name="z" value="0"/>
<string name="_inlink" value="ready/5"/>
</canvas>
<canvas name="3" width="1" height="1">
<vector name="origin" x="41" y="60"/>
<int name="z" value="0"/>
<string name="_inlink" value="ready/5"/>
</canvas>
<canvas name="4" width="1" height="1">
<vector name="origin" x="41" y="59"/>
<int name="z" value="0"/>
<string name="_inlink" value="ready/4"/>
</canvas>
<canvas name="5" width="1" height="1">
<vector name="origin" x="41" y="59"/>
<int name="z" value="0"/>
<string name="_inlink" value="ready/4"/>
</canvas>
<canvas name="6" width="1" height="1">
<vector name="origin" x="41" y="60"/>
<int name="z" value="0"/>
<string name="_inlink" value="ready/5"/>
</canvas>
<canvas name="7" width="1" height="1">
<vector name="origin" x="41" y="60"/>
<int name="z" value="0"/>
<string name="_inlink" value="ready/5"/>
</canvas>
<int name="special" value="1"/>
</imgdir>
</imgdir>
