<?xml version="1.0" encoding="UTF-8" standalone="yes"?>
<imgdir name="1013426.img">
<imgdir name="info">
<int name="hide" value="1"/>
</imgdir>
<imgdir name="stand">
<canvas name="0" width="1" height="1">
<vector name="origin" x="24" y="75"/>
<int name="delay" value="180"/>
<string name="_hash" value="d45153c1ae536ff44fe74968bd2bb480aacac4eede4a15b34a1084b43d21954d"/>
<string name="_outlink" value="Npc/1013413.img/stand/0"/>
</canvas>
</imgdir>
<imgdir name="say">
<canvas name="0" width="1" height="1">
<vector name="origin" x="24" y="75"/>
<int name="delay" value="180"/>
<string name="_outlink" value="Npc/1013413.img/stand/0"/>
</canvas>
<canvas name="1" width="1" height="1">
<vector name="origin" x="24" y="75"/>
<int name="delay" value="180"/>
<string name="_hash" value="0979ce629cda555b29dbb639ceff7fb19ae6bf5b1d99732296d25bde1dbf334b"/>
<string name="_outlink" value="Npc/1013413.img/say/1"/>
</canvas>
<canvas name="2" width="1" height="1">
<vector name="origin" x="24" y="75"/>
<int name="delay" value="180"/>
<string name="_outlink" value="Npc/1013413.img/stand/0"/>
</canvas>
<canvas name="3" width="1" height="1">
<vector name="origin" x="24" y="75"/>
<int name="delay" value="180"/>
<string name="_outlink" value="Npc/1013413.img/say/1"/>
</canvas>
</imgdir>
<imgdir name="eye">
<canvas name="0" width="1" height="1">
<vector name="origin" x="24" y="75"/>
<int name="delay" value="180"/>
<string name="_outlink" value="Npc/1013413.img/stand/0"/>
</canvas>
<canvas name="1" width="1" height="1">
<vector name="origin" x="24" y="75"/>
<int name="delay" value="180"/>
<string name="_hash" value="03bc7f3605aa47c25008ba82fafc86c37d60c6fef99731b9ad96967c7bd4bc33"/>
<string name="_outlink" value="Npc/1013413.img/eye/1"/>
</canvas>
<canvas name="2" width="1" height="1">
<vector name="origin" x="24" y="75"/>
<int name="delay" value="180"/>
<string name="_hash" value="06e8747bdd06c10697260ef8a1270ff4b76524ecc36810ed6b81087a8a11ab93"/>
<string name="_outlink" value="Npc/1013413.img/eye/2"/>
</canvas>
<canvas name="3" width="1" height="1">
<vector name="origin" x="24" y="75"/>
<int name="delay" value="180"/>
<string name="_hash" value="df9dd8fa19f65a7b0a7c8ec964670ecc3b86f9c62dae820e436e93cac6e01581"/>
<string name="_outlink" value="Npc/1013413.img/eye/3"/>
</canvas>
</imgdir>
<imgdir name="condition2">
<imgdir name="35950">
<imgdir name="0">
<string name="key" value="26"/>
<string name="value" value="h0"/>
</imgdir>
</imgdir>
<int name="hide" value="1"/>
<uol name="stand" value="../stand"/>
<uol name="say" value="../say"/>
<uol name="eye" value="../eye"/>
</imgdir>
<imgdir name="condition3">
<imgdir name="35950">
<imgdir name="0">
<string name="key" value="26"/>
<string name="value" value="h1"/>
</imgdir>
</imgdir>
<uol name="stand" value="../stand"/>
<uol name="say" value="../say"/>
<uol name="eye" value="../eye"/>
</imgdir>
</imgdir>
