<?xml version="1.0" encoding="UTF-8" standalone="yes"?>
<imgdir name="1013353.img">
<imgdir name="info">
<int name="hideName" value="1"/>
<imgdir name="illustration2">
<canvas name="base" width="1" height="1">
</canvas>
<imgdir name="face">
<canvas name="0" width="223" height="259">
<vector name="origin" x="4" y="131"/>
<int name="z" value="0"/>
<string name="_hash" value="766d09f07ab382ba4881386511fe2ca027766ddb1ef2f61c40ad02ffcf54e1db"/>
</canvas>
<canvas name="1" width="223" height="254">
<vector name="origin" x="4" y="131"/>
<int name="z" value="0"/>
<int name="delay" value="180"/>
<string name="_hash" value="09e1a905a7423b315ea32a80e2b030d57a73ad5eafd035274440020184dc539b"/>
</canvas>
</imgdir>
</imgdir>
</imgdir>
<imgdir name="stand">
<canvas name="0" width="1" height="1">
<vector name="origin" x="22" y="75"/>
<int name="z" value="0"/>
<string name="_hash" value="82d16ccf49c98f4726af32ee834e7720eacf9a64018aaefa50a5f8ea117048f6"/>
<string name="_outlink" value="Npc/1013302.img/stand/0"/>
</canvas>
</imgdir>
<imgdir name="say">
<canvas name="0" width="1" height="1">
<vector name="origin" x="22" y="75"/>
<int name="z" value="0"/>
<int name="delay" value="90"/>
<string name="_outlink" value="Npc/1013302.img/stand/0"/>
</canvas>
<canvas name="1" width="1" height="1">
<vector name="origin" x="22" y="75"/>
<int name="z" value="0"/>
<int name="delay" value="90"/>
<string name="_hash" value="2e676805ff21524cbca2e1761e4498c683b69bac0cc9e311b309b2d7033d1d0d"/>
<string name="_outlink" value="Npc/1013302.img/say/1"/>
</canvas>
<canvas name="2" width="1" height="1">
<vector name="origin" x="22" y="75"/>
<int name="z" value="0"/>
<int name="delay" value="90"/>
<string name="_outlink" value="Npc/1013302.img/stand/0"/>
</canvas>
<canvas name="3" width="1" height="1">
<vector name="origin" x="22" y="75"/>
<int name="z" value="0"/>
<int name="delay" value="90"/>
<string name="_outlink" value="Npc/1013302.img/say/1"/>
</canvas>
<canvas name="4" width="1" height="1">
<vector name="origin" x="22" y="75"/>
<int name="z" value="0"/>
<int name="delay" value="210"/>
<string name="_hash" value="b78dc7a361e9b314bb7dd4fda264e6969dda035f7096c5082cd275f1fe1715ea"/>
<string name="_outlink" value="Npc/1013302.img/say/4"/>
</canvas>
<canvas name="5" width="1" height="1">
<vector name="origin" x="22" y="75"/>
<int name="z" value="0"/>
<int name="delay" value="210"/>
<string name="_hash" value="de40004f466e8ee78522cb36b4831b21a0db55328c208c8548954b312440e7b9"/>
<string name="_outlink" value="Npc/1013302.img/say/5"/>
</canvas>
<canvas name="6" width="1" height="1">
<vector name="origin" x="22" y="75"/>
<int name="z" value="0"/>
<int name="delay" value="210"/>
<string name="_hash" value="dd9388369ef5741e19d33f7afd71fc013ffeb4db35003bcc761c48c36df98cc0"/>
<string name="_outlink" value="Npc/1013302.img/say/6"/>
</canvas>
<canvas name="7" width="1" height="1">
<vector name="origin" x="22" y="75"/>
<int name="z" value="0"/>
<int name="delay" value="120"/>
<string name="_outlink" value="Npc/1013302.img/say/1"/>
</canvas>
</imgdir>
<imgdir name="blink">
<canvas name="0" width="1" height="1">
<vector name="origin" x="22" y="75"/>
<int name="z" value="0"/>
<string name="_outlink" value="Npc/1013302.img/stand/0"/>
</canvas>
<canvas name="1" width="1" height="1">
<vector name="origin" x="22" y="75"/>
<int name="z" value="0"/>
<string name="_hash" value="62594641f4752880ac174e0bdfd47d517b3d8944f198439e3c2ad6dbc60f9a51"/>
<string name="_outlink" value="Npc/1013302.img/blink/1"/>
</canvas>
<canvas name="2" width="1" height="1">
<vector name="origin" x="22" y="75"/>
<int name="z" value="0"/>
<string name="_hash" value="c82b84bb28d2a6846f8e2806c2c4dcd3e499caec3c3a6c4e2830639cc2df9720"/>
<string name="_outlink" value="Npc/1013302.img/blink/2"/>
</canvas>
</imgdir>
<imgdir name="special1">
<canvas name="0" width="1" height="1">
<vector name="origin" x="41" y="38"/>
<int name="z" value="0"/>
<int name="delay" value="90"/>
<string name="_hash" value="71566e9aefdc791153d4fcaa646aa144cf78319f8bf3fd696e8f8e310065b578"/>
<string name="_outlink" value="Npc/1013306.img/condition2/stand/0"/>
</canvas>
<canvas name="1" width="1" height="1">
<vector name="origin" x="35" y="36"/>
<int name="z" value="0"/>
<int name="delay" value="90"/>
<string name="_hash" value="d436628e37df395b9b4ab797633359cdded1c4c9abc12b6fb362cdbd8f47aabf"/>
<string name="_outlink" value="Npc/1013306.img/condition2/stand/1"/>
</canvas>
<canvas name="2" width="1" height="1">
<vector name="origin" x="36" y="36"/>
<int name="z" value="0"/>
<int name="delay" value="90"/>
<string name="_hash" value="ff1cda0f4b93195db56b08c99eb2b5a1a098de39057bbf964439ff66e3d3c5be"/>
<string name="_outlink" value="Npc/1013306.img/condition2/stand/2"/>
</canvas>
<canvas name="3" width="1" height="1">
<vector name="origin" x="35" y="36"/>
<int name="z" value="0"/>
<int name="delay" value="90"/>
<string name="_hash" value="35fcb5dbff73d0240b02df8fb509f4eeeacce6c53af74c363e11d93f84354528"/>
<string name="_outlink" value="Npc/1013306.img/condition2/stand/3"/>
</canvas>
<int name="special" value="1"/>
</imgdir>
</imgdir>
