<?xml version="1.0" encoding="UTF-8" standalone="yes"?>
<imgdir name="1013403.img">
<imgdir name="info">
<int name="hide" value="1"/>
</imgdir>
<imgdir name="stand">
<canvas name="0" width="63" height="98">
<vector name="origin" x="32" y="90"/>
<int name="delay" value="3000"/>
<string name="_hash" value="2c0820231c6156cd8cc2a179b0b71a882185d7170224b3f8f4aac2be0cfe7250"/>
</canvas>
</imgdir>
<imgdir name="condition2">
<imgdir name="35950">
<imgdir name="0">
<string name="key" value="03"/>
<string name="value" value="h0"/>
</imgdir>
</imgdir>
<int name="hide" value="1"/>
<uol name="stand" value="../stand"/>
</imgdir>
<imgdir name="condition3">
<imgdir name="35950">
<imgdir name="0">
<string name="key" value="03"/>
<string name="value" value="h1"/>
</imgdir>
</imgdir>
<uol name="stand" value="../stand"/>
</imgdir>
</imgdir>
