<?xml version="1.0" encoding="UTF-8" standalone="yes"?>
<imgdir name="1013449.img">
<imgdir name="info">
<int name="hideName" value="1"/>
</imgdir>
<imgdir name="stand">
<canvas name="0" width="150" height="49">
<vector name="origin" x="74" y="49"/>
<int name="z" value="0"/>
<string name="_hash" value="edc06f3ca7e19e13cad0a55f93459445e4424a5d381c1e49a50da49da8f24be7"/>
</canvas>
</imgdir>
<imgdir name="special">
<int name="special" value="1"/>
<canvas name="0" width="1" height="1">
<vector name="origin" x="74" y="49"/>
<int name="z" value="0"/>
<int name="delay" value="120"/>
<string name="_inlink" value="stand/0"/>
</canvas>
<canvas name="1" width="162" height="71">
<vector name="origin" x="77" y="61"/>
<int name="z" value="0"/>
<int name="delay" value="120"/>
<string name="_hash" value="f46d8fdc03eea79a2e1b92edd6c153b0c568ec6fb5cc59a66f45e96ae0916973"/>
</canvas>
<canvas name="2" width="226" height="78">
<vector name="origin" x="109" y="68"/>
<int name="z" value="0"/>
<int name="delay" value="120"/>
<string name="_hash" value="58827fa28dd880c2d8f75e948af77184d2b48666992eb2df12a5fed12b5333b4"/>
</canvas>
<canvas name="3" width="234" height="84">
<vector name="origin" x="113" y="73"/>
<int name="z" value="0"/>
<int name="delay" value="120"/>
<string name="_hash" value="adecf549b620deb3d52357c1a943e5af35e6bbec098d617b07c33c8aba8ffa00"/>
</canvas>
<canvas name="4" width="236" height="86">
<vector name="origin" x="114" y="76"/>
<int name="z" value="0"/>
<int name="delay" value="120"/>
<string name="_hash" value="8d17dc80ce16e0eebc48d3b86e6e66a4af5b9b12864e4e74bfe888fba67d1558"/>
</canvas>
<canvas name="5" width="238" height="88">
<vector name="origin" x="115" y="78"/>
<int name="z" value="0"/>
<int name="delay" value="120"/>
<string name="_hash" value="9da482fcaa6366e4aead6bdbf5809d3c2cbeac932e351f13905251759133ac75"/>
</canvas>
<canvas name="6" width="219" height="91">
<vector name="origin" x="108" y="80"/>
<int name="z" value="0"/>
<int name="delay" value="120"/>
<string name="_hash" value="9f4791ffadc793ee74d52aaf6098842924ae669da1969d00ef5eaa154c684e49"/>
</canvas>
<canvas name="7" width="222" height="91">
<vector name="origin" x="110" y="81"/>
<int name="z" value="0"/>
<int name="delay" value="120"/>
<string name="_hash" value="60c2aee1549e9edd68d027c8e5834361e9bc861781da36d57b74575433f75a36"/>
</canvas>
<canvas name="8" width="224" height="92">
<vector name="origin" x="110" y="82"/>
<int name="z" value="0"/>
<int name="delay" value="120"/>
<string name="_hash" value="d8a50e623111ef6be19f5695151490331623115addb9faa37c8af6912cd884b0"/>
</canvas>
<canvas name="9" width="225" height="93">
<vector name="origin" x="110" y="83"/>
<int name="z" value="0"/>
<int name="delay" value="120"/>
<string name="_hash" value="c0e8fa542c0a158a6e59ba6c2412c4fb2c5f827f9f91e3858fcc7a8e57d146ea"/>
</canvas>
<canvas name="10" width="227" height="94">
<vector name="origin" x="111" y="84"/>
<int name="z" value="0"/>
<int name="delay" value="120"/>
<string name="_hash" value="36b98edadf71433460da2fccb4c9aded1aaa5d17fa1269634fc0021c219cec05"/>
</canvas>
<canvas name="11" width="227" height="96">
<vector name="origin" x="111" y="85"/>
<int name="z" value="0"/>
<int name="delay" value="120"/>
<string name="_hash" value="9441b8fa4a6fa3dd042600890cba5d761b62fe11e8c6f02403d93df75b902087"/>
</canvas>
<canvas name="12" width="386" height="405">
<vector name="origin" x="189" y="267"/>
<int name="z" value="0"/>
<int name="delay" value="120"/>
<string name="_hash" value="605813e2e5c935168cecc30d1ace15f6983fa045a7aad03d14a89264823fd0c1"/>
</canvas>
<canvas name="13" width="392" height="411">
<vector name="origin" x="192" y="270"/>
<int name="z" value="0"/>
<int name="delay" value="120"/>
<string name="_hash" value="74f4f36af0356b850daf6ffc73a5e5ba376685e3392fc6ca6c6f55b12a17525d"/>
</canvas>
<canvas name="14" width="398" height="415">
<vector name="origin" x="193" y="271"/>
<int name="z" value="0"/>
<int name="delay" value="120"/>
<string name="_hash" value="9210064bfaf99a9aa83787a374511727e18118ae491d53ef14107d2dc806a876"/>
</canvas>
<canvas name="15" width="398" height="421">
<vector name="origin" x="193" y="275"/>
<int name="z" value="0"/>
<int name="delay" value="120"/>
<string name="_hash" value="8a08b7c9e528b0d03453e4b3f0affb1272641c558b3fc6509a3963c8ad6e1cfc"/>
</canvas>
<canvas name="16" width="409" height="428">
<vector name="origin" x="200" y="274"/>
<int name="z" value="0"/>
<int name="delay" value="120"/>
<string name="_hash" value="04bac874ad4af0252c3d078e06c71dd0b8dde1d353a45c655ce4350c8f942ac1"/>
</canvas>
<canvas name="17" width="398" height="433">
<vector name="origin" x="192" y="277"/>
<int name="z" value="0"/>
<int name="delay" value="120"/>
<string name="_hash" value="c2e3de5d00179d01d49507a50b4c30f6c0e75cf8f1c7a7426aae736bc461d564"/>
</canvas>
<canvas name="18" width="350" height="438">
<vector name="origin" x="179" y="280"/>
<int name="z" value="0"/>
<int name="delay" value="120"/>
<string name="_hash" value="454831290e781e8fdbc889d28cb5ba907d64b222e2344b0b33cc037d72c24581"/>
</canvas>
<canvas name="19" width="342" height="364">
<vector name="origin" x="161" y="246"/>
<int name="z" value="0"/>
<int name="delay" value="120"/>
<string name="_hash" value="a57192d7bafce368603373465c044c0f68cf7c29d366095223100c1f26bb1843"/>
</canvas>
<canvas name="20" width="297" height="319">
<vector name="origin" x="149" y="237"/>
<int name="z" value="0"/>
<int name="delay" value="120"/>
<string name="_hash" value="54f95f7a3ceb2c43ab82e27e7fb70a9d447577ef0bcc01ad4e0f326edc3bf00c"/>
</canvas>
<canvas name="21" width="433" height="467">
<vector name="origin" x="217" y="293"/>
<int name="z" value="0"/>
<int name="delay" value="1000000000"/>
<string name="_hash" value="a48691d62da4897f6325bf13494a6b91d508e104557300245f55db0871c91287"/>
</canvas>
</imgdir>
</imgdir>
