<?xml version="1.0" encoding="UTF-8" standalone="yes"?>
<imgdir name="1013515.img">
<imgdir name="info">
<imgdir name="speak">
<string name="0" value="n0"/>
<string name="1" value="n1"/>
<int name="delay" value="180"/>
</imgdir>
<int name="hideName" value="1"/>
</imgdir>
<imgdir name="stand">
<canvas name="0" width="83" height="69">
<vector name="origin" x="44" y="70"/>
<int name="z" value="0"/>
<int name="delay" value="150"/>
<string name="_hash" value="d573b2124edc02d75010680b42169527c4bd2e74de4cf8e777b4388f0080d65a"/>
</canvas>
<canvas name="1" width="83" height="69">
<vector name="origin" x="44" y="70"/>
<int name="z" value="0"/>
<int name="delay" value="150"/>
<string name="_hash" value="8f7d5b59ab5939175c267cecd109aad7a1eb0ce4ec8ab79312575ebf10747825"/>
</canvas>
<canvas name="2" width="84" height="68">
<vector name="origin" x="45" y="69"/>
<int name="z" value="0"/>
<int name="delay" value="150"/>
<string name="_hash" value="fd6cbe1cb6cb3507485536614c09e742209e1b48fe06897d6ffe23b8e42bdeae"/>
</canvas>
<canvas name="3" width="85" height="67">
<vector name="origin" x="46" y="68"/>
<int name="z" value="0"/>
<int name="delay" value="150"/>
<string name="_hash" value="1ca163e250d16b0472112c6dc1f416b1a207b508aa120a080a870832f999604f"/>
</canvas>
<canvas name="4" width="83" height="93">
<vector name="origin" x="44" y="94"/>
<int name="z" value="0"/>
<int name="delay" value="150"/>
<string name="_hash" value="c75bcd77fa4fbb6f6ebd267e94b5e5ac6da8fa0fc8399f6daa61d87b48b8e3b5"/>
</canvas>
<canvas name="5" width="83" height="89">
<vector name="origin" x="44" y="90"/>
<int name="z" value="0"/>
<int name="delay" value="150"/>
<string name="_hash" value="3fb4efd56b1733686711c946110b5f89b51fc1fc965fd87db7c624016c39682f"/>
</canvas>
<canvas name="6" width="84" height="68">
<vector name="origin" x="45" y="69"/>
<int name="z" value="0"/>
<int name="delay" value="150"/>
<string name="_hash" value="93e0a020292f7b434b10043685a225f889b56a406f3b56b864ad75922220ee50"/>
</canvas>
<canvas name="7" width="83" height="69">
<vector name="origin" x="44" y="70"/>
<int name="z" value="0"/>
<int name="delay" value="150"/>
<string name="_hash" value="ce4640de7aecd6c069203f523829d0bc227b21b61bd3f54fd2862dd805b4f4ea"/>
</canvas>
<canvas name="8" width="84" height="68">
<vector name="origin" x="45" y="69"/>
<int name="z" value="0"/>
<int name="delay" value="150"/>
<string name="_hash" value="bc380cf12e1a4d78d43c05b821071acf0b0fba1ce728a36e1921e2c76a0c23cf"/>
</canvas>
<canvas name="9" width="83" height="69">
<vector name="origin" x="44" y="70"/>
<int name="z" value="0"/>
<int name="delay" value="150"/>
<string name="_hash" value="d21399483ec0723a0a31a1464bd189bfc5765577992a374e31baf901db9bbe0c"/>
</canvas>
<canvas name="10" width="1" height="1">
<vector name="origin" x="45" y="69"/>
<int name="z" value="0"/>
<int name="delay" value="150"/>
<string name="_inlink" value="stand/8"/>
</canvas>
<canvas name="11" width="1" height="1">
<vector name="origin" x="44" y="70"/>
<int name="z" value="0"/>
<int name="delay" value="150"/>
<string name="_inlink" value="stand/9"/>
</canvas>
<canvas name="12" width="84" height="68">
<vector name="origin" x="45" y="69"/>
<int name="z" value="0"/>
<int name="delay" value="150"/>
<string name="_hash" value="2b8d64b6916506354ff4f20f83bd224788eb00a997b41d0fd0f4b5051c8ffcf2"/>
</canvas>
<canvas name="13" width="1" height="1">
<vector name="origin" x="45" y="69"/>
<int name="z" value="0"/>
<int name="delay" value="150"/>
<string name="_inlink" value="stand/2"/>
</canvas>
<canvas name="14" width="83" height="69">
<vector name="origin" x="44" y="70"/>
<int name="z" value="0"/>
<int name="delay" value="150"/>
<string name="_hash" value="efe096a486b883b1d47ecc41e3a3d51a280df2d66fd2a6130b814d6c55f7f129"/>
</canvas>
<canvas name="15" width="83" height="70">
<vector name="origin" x="44" y="71"/>
<int name="z" value="0"/>
<int name="delay" value="150"/>
<string name="_hash" value="b3c7d8c4e730068bddaf1a9528f97a6654fb6cb39cd493a5c17943aab33ad836"/>
</canvas>
</imgdir>
</imgdir>
