<?xml version="1.0" encoding="UTF-8" standalone="yes"?>
<imgdir name="1013350.img">
<imgdir name="info">
<int name="forceMove" value="1"/>
<int name="hideName" value="1"/>
<imgdir name="illustration2">
<canvas name="base" width="1" height="1">
</canvas>
<imgdir name="face">
<canvas name="0" width="178" height="169">
<vector name="origin" x="-28" y="54"/>
<int name="z" value="0"/>
<string name="_hash" value="4b9e8c3ec9418d0d98c7f95886ef5c8ab5e6b4e2dc3e30d374580ffd78bad173"/>
</canvas>
<canvas name="1" width="178" height="169">
<vector name="origin" x="-28" y="54"/>
<int name="z" value="0"/>
<int name="delay" value="180"/>
<string name="_hash" value="f49c558267ccff5d3ac3d454aadf987a5cd6de7fd34e0fea2354cfd6bab89452"/>
</canvas>
<canvas name="2" width="179" height="169">
<vector name="origin" x="-27" y="54"/>
<int name="z" value="0"/>
<int name="delay" value="180"/>
<string name="_hash" value="9295ad32bb12d60101c150476ad2c9e28a0930b82f51131002c9e86a76b56064"/>
</canvas>
</imgdir>
</imgdir>
</imgdir>
<imgdir name="stand">
<canvas name="0" width="1" height="1">
<vector name="origin" x="13" y="45"/>
<int name="z" value="0"/>
<string name="_hash" value="c1b5cc11ed7b9e322d971deee09877e3bb389cc44ac1b426798e945f8e39c0cd"/>
<string name="_outlink" value="Npc/1013300.img/info/default"/>
</canvas>
</imgdir>
<imgdir name="say">
<canvas name="0" width="1" height="1">
<vector name="origin" x="13" y="45"/>
<int name="z" value="0"/>
<string name="_outlink" value="Npc/1013300.img/info/default"/>
</canvas>
<canvas name="1" width="1" height="1">
<vector name="origin" x="13" y="45"/>
<int name="z" value="0"/>
<string name="_hash" value="f63e1d98a2b6dce80281ca132ff6abdd7d53b7dbece7f26c3c8d0cc2b12d9568"/>
<string name="_outlink" value="Npc/1013307.img/say/1"/>
</canvas>
<canvas name="2" width="1" height="1">
<vector name="origin" x="13" y="45"/>
<int name="z" value="0"/>
<string name="_outlink" value="Npc/1013300.img/info/default"/>
</canvas>
<canvas name="3" width="1" height="1">
<vector name="origin" x="13" y="45"/>
<int name="z" value="0"/>
<string name="_hash" value="c44f62c822b9d26eb73f87ef9eb43299bf54261a536c34b34a28289381696d1a"/>
<string name="_outlink" value="Npc/1013307.img/say/3"/>
</canvas>
</imgdir>
<imgdir name="blink">
<canvas name="0" width="1" height="1">
<vector name="origin" x="13" y="45"/>
<int name="z" value="0"/>
<int name="delay" value="180"/>
<string name="_outlink" value="Npc/1013300.img/info/default"/>
</canvas>
<canvas name="1" width="1" height="1">
<vector name="origin" x="13" y="45"/>
<int name="z" value="0"/>
<int name="delay" value="180"/>
<string name="_hash" value="526814a6b140f381cbe6696a077d0133a537a3b2005ce8be07b550698e4c198e"/>
<string name="_outlink" value="Npc/1013307.img/blink/1"/>
</canvas>
<canvas name="2" width="1" height="1">
<vector name="origin" x="13" y="45"/>
<int name="z" value="0"/>
<int name="delay" value="180"/>
<string name="_outlink" value="Npc/1013300.img/info/default"/>
</canvas>
<canvas name="3" width="1" height="1">
<vector name="origin" x="13" y="45"/>
<int name="z" value="0"/>
<int name="delay" value="180"/>
<string name="_outlink" value="Npc/1013307.img/blink/1"/>
</canvas>
</imgdir>
<imgdir name="move">
<canvas name="0" width="40" height="46">
<vector name="origin" x="16" y="46"/>
<int name="z" value="0"/>
<int name="delay" value="150"/>
<string name="_hash" value="b42094eeb19bf29b6d22ac1e1161a30cc329b8843c89d33ea2bc7755086fd70c"/>
</canvas>
<canvas name="1" width="42" height="45">
<vector name="origin" x="17" y="45"/>
<int name="z" value="0"/>
<int name="delay" value="150"/>
<string name="_hash" value="73b89d8ffd97be09a4d7c864e1efe6514ab29078fe27f56ebb48d2f7499fa097"/>
</canvas>
<canvas name="2" width="40" height="46">
<vector name="origin" x="16" y="46"/>
<int name="z" value="0"/>
<int name="delay" value="150"/>
<string name="_hash" value="e8fa42f7c3b1e74e6e6ab949798bb632653c37cf7f084e3c203dd84bbf71bcaf"/>
</canvas>
<canvas name="3" width="40" height="45">
<vector name="origin" x="17" y="45"/>
<int name="z" value="0"/>
<int name="delay" value="150"/>
<string name="_hash" value="1c0ab23f31eae2cdf83a9a72d399e352ad6b62986c88e2462b46c10720bccc2a"/>
</canvas>
</imgdir>
<imgdir name="lope">
<canvas name="0" width="40" height="47">
<vector name="origin" x="22" y="135"/>
<int name="z" value="0"/>
<string name="_hash" value="8cce3d3a9023a7d50e8244c7aefbe0fa573f4a0f2bb084df5e79ba272ac89d28"/>
</canvas>
<int name="special" value="1"/>
</imgdir>
<imgdir name="special1">
<canvas name="0" width="1" height="1">
<vector name="origin" x="16" y="45"/>
<int name="z" value="0"/>
<int name="delay" value="180"/>
<string name="_hash" value="845c8df77e8f2f6f00b5d240d5539419231cab472716da65e2408e24a621fb0e"/>
<string name="_outlink" value="Npc/1013300.img/stand/0"/>
</canvas>
<canvas name="1" width="1" height="1">
<vector name="origin" x="16" y="45"/>
<int name="z" value="0"/>
<int name="delay" value="180"/>
<string name="_hash" value="9146eb64a089680f161065522cd16521425121e6d98e711bfca7239550b58ae1"/>
<string name="_outlink" value="Npc/1013300.img/stand/1"/>
</canvas>
<canvas name="2" width="1" height="1">
<vector name="origin" x="16" y="45"/>
<int name="z" value="0"/>
<int name="delay" value="180"/>
<string name="_outlink" value="Npc/1013300.img/stand/0"/>
</canvas>
<canvas name="3" width="1" height="1">
<vector name="origin" x="16" y="45"/>
<int name="z" value="0"/>
<int name="delay" value="180"/>
<string name="_outlink" value="Npc/1013300.img/stand/1"/>
</canvas>
<int name="special" value="1"/>
</imgdir>
<imgdir name="special2">
<canvas name="0" width="1" height="1">
<vector name="origin" x="16" y="46"/>
<int name="z" value="0"/>
<int name="delay" value="150"/>
<string name="_inlink" value="move/0"/>
</canvas>
<canvas name="1" width="1" height="1">
<vector name="origin" x="17" y="43"/>
<int name="z" value="0"/>
<int name="delay" value="150"/>
<string name="_inlink" value="move/1"/>
</canvas>
<canvas name="2" width="1" height="1">
<vector name="origin" x="16" y="42"/>
<int name="z" value="0"/>
<int name="delay" value="150"/>
<string name="_inlink" value="move/2"/>
</canvas>
<canvas name="3" width="1" height="1">
<vector name="origin" x="17" y="39"/>
<int name="z" value="0"/>
<int name="delay" value="150"/>
<string name="_inlink" value="move/3"/>
</canvas>
<uol name="4" value="2"/>
<uol name="5" value="1"/>
<uol name="6" value="0"/>
<int name="special" value="1"/>
</imgdir>
</imgdir>
