<?xml version="1.0" encoding="UTF-8" standalone="yes"?>
<imgdir name="1013302.img">
<imgdir name="info">
<imgdir name="speak">
<string name="0" value="n0"/>
<string name="1" value="n1"/>
</imgdir>
</imgdir>
<imgdir name="stand">
<canvas name="0" width="48" height="75">
<vector name="origin" x="22" y="75"/>
<int name="z" value="0"/>
<string name="_hash" value="82d16ccf49c98f4726af32ee834e7720eacf9a64018aaefa50a5f8ea117048f6"/>
</canvas>
</imgdir>
<imgdir name="say">
<canvas name="0" width="1" height="1">
<vector name="origin" x="22" y="75"/>
<int name="z" value="0"/>
<int name="delay" value="90"/>
<string name="_inlink" value="stand/0"/>
</canvas>
<canvas name="1" width="48" height="75">
<vector name="origin" x="22" y="75"/>
<int name="z" value="0"/>
<int name="delay" value="90"/>
<string name="_hash" value="2e676805ff21524cbca2e1761e4498c683b69bac0cc9e311b309b2d7033d1d0d"/>
</canvas>
<canvas name="2" width="1" height="1">
<vector name="origin" x="22" y="75"/>
<int name="z" value="0"/>
<int name="delay" value="90"/>
<string name="_inlink" value="stand/0"/>
</canvas>
<canvas name="3" width="1" height="1">
<vector name="origin" x="22" y="75"/>
<int name="z" value="0"/>
<int name="delay" value="90"/>
<string name="_inlink" value="say/1"/>
</canvas>
<canvas name="4" width="48" height="75">
<vector name="origin" x="22" y="75"/>
<int name="z" value="0"/>
<int name="delay" value="210"/>
<string name="_hash" value="b78dc7a361e9b314bb7dd4fda264e6969dda035f7096c5082cd275f1fe1715ea"/>
</canvas>
<canvas name="5" width="48" height="75">
<vector name="origin" x="22" y="75"/>
<int name="z" value="0"/>
<int name="delay" value="210"/>
<string name="_hash" value="de40004f466e8ee78522cb36b4831b21a0db55328c208c8548954b312440e7b9"/>
</canvas>
<canvas name="6" width="48" height="75">
<vector name="origin" x="22" y="75"/>
<int name="z" value="0"/>
<int name="delay" value="210"/>
<string name="_hash" value="dd9388369ef5741e19d33f7afd71fc013ffeb4db35003bcc761c48c36df98cc0"/>
</canvas>
<canvas name="7" width="1" height="1">
<vector name="origin" x="22" y="75"/>
<int name="z" value="0"/>
<int name="delay" value="120"/>
<string name="_inlink" value="say/1"/>
</canvas>
</imgdir>
<imgdir name="blink">
<canvas name="0" width="1" height="1">
<vector name="origin" x="22" y="75"/>
<int name="z" value="0"/>
<string name="_inlink" value="stand/0"/>
</canvas>
<canvas name="1" width="48" height="75">
<vector name="origin" x="22" y="75"/>
<int name="z" value="0"/>
<string name="_hash" value="62594641f4752880ac174e0bdfd47d517b3d8944f198439e3c2ad6dbc60f9a51"/>
</canvas>
<canvas name="2" width="48" height="75">
<vector name="origin" x="22" y="75"/>
<int name="z" value="0"/>
<string name="_hash" value="c82b84bb28d2a6846f8e2806c2c4dcd3e499caec3c3a6c4e2830639cc2df9720"/>
</canvas>
</imgdir>
<imgdir name="condition2">
<imgdir name="35948">
<imgdir name="0">
<string name="key" value="02"/>
<string name="value" value="h0"/>
</imgdir>
</imgdir>
<uol name="stand" value="../stand"/>
<uol name="say" value="../say"/>
<uol name="blink" value="../blink"/>
<int name="hide" value="1"/>
</imgdir>
<imgdir name="condition3">
<imgdir name="35948">
<imgdir name="0">
<string name="key" value="02"/>
<string name="value" value="h1"/>
</imgdir>
</imgdir>
<uol name="stand" value="../stand"/>
<uol name="say" value="../say"/>
<uol name="blink" value="../blink"/>
</imgdir>
</imgdir>
