<?xml version="1.0" encoding="UTF-8" standalone="yes"?>
<imgdir name="1013611.img">
<imgdir name="info">
<int name="forceMove" value="1"/>
<int name="hideName" value="1"/>
</imgdir>
<imgdir name="stand">
<canvas name="0" width="1" height="1">
<vector name="origin" x="17" y="35"/>
<int name="z" value="0"/>
<string name="_hash" value="9c8b17b003516a5ddb759df5567c8009e1fc990756a4335affcf2613ba75282a"/>
<string name="_outlink" value="Npc/1013511.img/stand/0"/>
</canvas>
<canvas name="1" width="1" height="1">
<vector name="origin" x="18" y="34"/>
<int name="z" value="0"/>
<string name="_hash" value="98d969d296e7eab2d0282bda24558240c625db3dc95d9acd8050dd5da59b3eda"/>
<string name="_outlink" value="Npc/1013511.img/stand/1"/>
</canvas>
<canvas name="2" width="1" height="1">
<vector name="origin" x="17" y="35"/>
<int name="z" value="0"/>
<string name="_outlink" value="Npc/1013511.img/stand/0"/>
</canvas>
<canvas name="3" width="1" height="1">
<vector name="origin" x="16" y="36"/>
<int name="z" value="0"/>
<string name="_hash" value="512485a61c125513e00b23b5b70739860a3b77dc03c441a7d3d5a33a9b96c96a"/>
<string name="_outlink" value="Npc/1013511.img/stand/3"/>
</canvas>
</imgdir>
<imgdir name="eye">
<canvas name="0" width="1" height="1">
<vector name="origin" x="17" y="35"/>
<int name="z" value="0"/>
<string name="_outlink" value="Npc/1013511.img/stand/0"/>
</canvas>
<canvas name="1" width="1" height="1">
<vector name="origin" x="17" y="35"/>
<int name="z" value="0"/>
<string name="_hash" value="17ceee4c0e877e8f6560058bc4c86049756a6ac10e908a726998d61134988953"/>
<string name="_outlink" value="Npc/1013511.img/eye/1"/>
</canvas>
<canvas name="2" width="1" height="1">
<vector name="origin" x="17" y="35"/>
<int name="z" value="0"/>
<string name="_hash" value="bdc2abef78e517d0dac51981dfd253aa56ba47e78ba5ef3d12a8ec73705160ec"/>
<string name="_outlink" value="Npc/1013511.img/eye/2"/>
</canvas>
</imgdir>
<imgdir name="say">
<canvas name="0" width="1" height="1">
<vector name="origin" x="17" y="35"/>
<int name="z" value="0"/>
<int name="delay" value="180"/>
<string name="_hash" value="0481e790182e1f54738273cf80b0470a755b8a113ff10d292b3ec1ffbada3ff7"/>
<string name="_outlink" value="Npc/1013511.img/say/0"/>
</canvas>
<canvas name="1" width="1" height="1">
<vector name="origin" x="16" y="36"/>
<int name="z" value="0"/>
<int name="delay" value="180"/>
<string name="_hash" value="66bfcad2371bafeb34b3a9b04b4467771125cc6e86288d653e086a2ff1a4d37d"/>
<string name="_outlink" value="Npc/1013511.img/say/1"/>
</canvas>
<canvas name="2" width="1" height="1">
<vector name="origin" x="17" y="35"/>
<int name="z" value="0"/>
<int name="delay" value="180"/>
<string name="_outlink" value="Npc/1013511.img/say/0"/>
</canvas>
<canvas name="3" width="1" height="1">
<vector name="origin" x="16" y="36"/>
<int name="z" value="0"/>
<int name="delay" value="180"/>
<string name="_outlink" value="Npc/1013511.img/say/1"/>
</canvas>
</imgdir>
<imgdir name="move">
<canvas name="0" width="1" height="1">
<vector name="origin" x="17" y="35"/>
<int name="z" value="0"/>
<string name="_hash" value="8305b847f00704c98adefdda9834fc3c6b55122405e0aadc9b58327cbb8a5621"/>
<string name="_outlink" value="Npc/1013511.img/walk/0"/>
</canvas>
<canvas name="1" width="1" height="1">
<vector name="origin" x="18" y="34"/>
<int name="z" value="0"/>
<string name="_hash" value="a0deef3ef9d289cd77ccd1e8cd109971216aa99dd4f0632e41f90850df11b4bc"/>
<string name="_outlink" value="Npc/1013511.img/walk/1"/>
</canvas>
<canvas name="2" width="1" height="1">
<vector name="origin" x="16" y="53"/>
<int name="z" value="0"/>
<string name="_hash" value="725cced79218e0a7f366f541f86dbc9acae228bde51725f505775ba606074253"/>
<string name="_outlink" value="Npc/1013511.img/walk/2"/>
</canvas>
<canvas name="3" width="1" height="1">
<vector name="origin" x="17" y="55"/>
<int name="z" value="0"/>
<string name="_hash" value="291842e4b199ccf4f6e63cb1c1dfda2e8738f4f96f1de8409890a772a35ff571"/>
<string name="_outlink" value="Npc/1013511.img/walk/3"/>
</canvas>
</imgdir>
<imgdir name="angry">
<canvas name="0" width="1" height="1">
<vector name="origin" x="17" y="35"/>
<int name="z" value="0"/>
<int name="delay" value="180"/>
<string name="_outlink" value="Npc/1013511.img/stand/0"/>
</canvas>
<canvas name="1" width="1" height="1">
<vector name="origin" x="16" y="36"/>
<int name="z" value="0"/>
<int name="delay" value="180"/>
<string name="_hash" value="20a6a8b24239cbba25f19978c6730bc8730fbe20858731e60944be7325696e8f"/>
<string name="_outlink" value="Npc/1013511.img/angry/1"/>
</canvas>
<canvas name="2" width="1" height="1">
<vector name="origin" x="15" y="37"/>
<int name="z" value="0"/>
<int name="delay" value="180"/>
<string name="_hash" value="86630b6aa8245ce7641c1d8d12b7bf2b2cd2fc488ec3a5e6c6751471273ea593"/>
<string name="_outlink" value="Npc/1013511.img/angry/2"/>
</canvas>
<canvas name="3" width="1" height="1">
<vector name="origin" x="14" y="38"/>
<int name="z" value="0"/>
<int name="delay" value="180"/>
<string name="_hash" value="19bfd000b786baa8fc92802c737ad451e95bee3390b4deb49994e10557d44ac9"/>
<string name="_outlink" value="Npc/1013511.img/angry/3"/>
</canvas>
<canvas name="4" width="1" height="1">
<vector name="origin" x="20" y="58"/>
<int name="z" value="0"/>
<int name="delay" value="180"/>
<string name="_hash" value="c842eb7b5f3a8023a4510ecd3070f889ccabed12241499167cf5b967c85bbd25"/>
<string name="_outlink" value="Npc/1013511.img/angry/4"/>
</canvas>
<canvas name="5" width="1" height="1">
<vector name="origin" x="23" y="57"/>
<int name="z" value="0"/>
<int name="delay" value="180"/>
<string name="_hash" value="3e71a68805a9b074b346ddccac91ddacca41361290ee897d86794a873b7541c7"/>
<string name="_outlink" value="Npc/1013511.img/angry/5"/>
</canvas>
<canvas name="6" width="1" height="1">
<vector name="origin" x="24" y="56"/>
<int name="z" value="0"/>
<int name="delay" value="180"/>
<string name="_hash" value="1fea80c2611542e2ae156c7aaffb653fbd84c6de3495d2e43d887e81d5b24299"/>
<string name="_outlink" value="Npc/1013511.img/angry/6"/>
</canvas>
<canvas name="7" width="1" height="1">
<vector name="origin" x="21" y="56"/>
<int name="z" value="0"/>
<int name="delay" value="180"/>
<string name="_hash" value="5f5e9b3ac19e9c61373ba70a44bb789dbd5bd14019737ad9bcf940dc8d63260a"/>
<string name="_outlink" value="Npc/1013511.img/angry/7"/>
</canvas>
<canvas name="8" width="1" height="1">
<vector name="origin" x="20" y="48"/>
<int name="z" value="0"/>
<int name="delay" value="180"/>
<string name="_hash" value="488ea0efa24c67da710c4682ae7e713b5c93fefc76ec6b87bd7a2c4a664ad54c"/>
<string name="_outlink" value="Npc/1013511.img/angry/8"/>
</canvas>
<int name="special" value="1"/>
</imgdir>
<imgdir name="jumpjump">
<canvas name="0" width="1" height="1">
<vector name="origin" x="17" y="35"/>
<int name="z" value="0"/>
<string name="_outlink" value="Npc/1013511.img/walk/0"/>
</canvas>
<canvas name="1" width="1" height="1">
<vector name="origin" x="18" y="34"/>
<int name="z" value="0"/>
<string name="_outlink" value="Npc/1013511.img/walk/1"/>
</canvas>
<canvas name="2" width="1" height="1">
<vector name="origin" x="16" y="63"/>
<int name="z" value="0"/>
<string name="_hash" value="aea525040199149e805dd7a8c0b3aae98ddd9c08503f9824aa8df52c1c2df7ec"/>
<string name="_outlink" value="Npc/1013511.img/jumpjump/2"/>
</canvas>
<canvas name="3" width="1" height="1">
<vector name="origin" x="15" y="65"/>
<int name="z" value="0"/>
<string name="_hash" value="f64ec9b08ee8d4bc3122b8cbf443b310ce0684ec651a01ba0dc6bb06a1db6c90"/>
<string name="_outlink" value="Npc/1013511.img/jumpjump/3"/>
</canvas>
<canvas name="4" width="1" height="1">
<vector name="origin" x="17" y="65"/>
<int name="z" value="0"/>
<string name="_hash" value="23c525e53492afa43b21526d75526b433bf1f15f5dde9d2597b31f41aaaf2356"/>
<string name="_outlink" value="Npc/1013511.img/jumpjump/4"/>
</canvas>
<int name="special" value="1"/>
</imgdir>
<imgdir name="sullen">
<canvas name="0" width="1" height="1">
<vector name="origin" x="17" y="32"/>
<int name="z" value="0"/>
<int name="delay" value="210"/>
<string name="_hash" value="0a112a5d620b66ba418e04c77f7d65fb1e0112f9b504dd3b45ea6848ebeae495"/>
<string name="_outlink" value="Npc/1013511.img/sullen/0"/>
</canvas>
<canvas name="1" width="1" height="1">
<vector name="origin" x="18" y="31"/>
<int name="z" value="0"/>
<int name="delay" value="210"/>
<string name="_hash" value="2d708959e599cb771d0359014e9f943b8ad1f206d5ec80484f1ec6dc1f930058"/>
<string name="_outlink" value="Npc/1013511.img/sullen/1"/>
</canvas>
<canvas name="2" width="1" height="1">
<vector name="origin" x="17" y="32"/>
<int name="z" value="0"/>
<int name="delay" value="210"/>
<string name="_outlink" value="Npc/1013511.img/sullen/0"/>
</canvas>
<canvas name="3" width="1" height="1">
<vector name="origin" x="16" y="33"/>
<int name="z" value="0"/>
<int name="delay" value="210"/>
<string name="_hash" value="9fe92531de0c3e31165e398c4f8b0fa0350935e71fb287ddbdf269f3a7b536c5"/>
<string name="_outlink" value="Npc/1013511.img/sullen/3"/>
</canvas>
<int name="special" value="1"/>
</imgdir>
<imgdir name="kirakira">
<canvas name="0" width="1" height="1">
<vector name="origin" x="30" y="39"/>
<int name="z" value="0"/>
<int name="delay" value="180"/>
<string name="_hash" value="0bd9645ae25c5ee9cdabd03e034547f79b6c3e23fffd27dca3a1ebcdf31e4fae"/>
<string name="_outlink" value="Npc/1013511.img/kirakira/0"/>
</canvas>
<canvas name="1" width="1" height="1">
<vector name="origin" x="29" y="40"/>
<int name="z" value="0"/>
<int name="delay" value="180"/>
<string name="_hash" value="a134dafa6bc89864d10bebd6e0d31efb1ea7ebae8ae214c497effd749422797e"/>
<string name="_outlink" value="Npc/1013511.img/kirakira/1"/>
</canvas>
<int name="special" value="1"/>
</imgdir>
<imgdir name="surprise">
<canvas name="0" width="1" height="1">
<vector name="origin" x="17" y="35"/>
<int name="z" value="0"/>
<int name="delay" value="180"/>
<string name="_outlink" value="Npc/1013511.img/stand/0"/>
</canvas>
<canvas name="1" width="1" height="1">
<vector name="origin" x="31" y="61"/>
<int name="z" value="0"/>
<int name="delay" value="180"/>
<string name="_hash" value="7046ea1bd1b962ff76b14bb02e8c997e532682a65a0c9a746923f979785127a6"/>
<string name="_outlink" value="Npc/1013511.img/freeze/1"/>
</canvas>
<canvas name="2" width="1" height="1">
<vector name="origin" x="33" y="61"/>
<int name="z" value="0"/>
<int name="delay" value="180"/>
<string name="_hash" value="b476814ccaab623fe4f53d5a6aa2c8cdf3969176f5077d2963256f864553abf0"/>
<string name="_outlink" value="Npc/1013511.img/freeze/2"/>
</canvas>
<canvas name="3" width="1" height="1">
<vector name="origin" x="34" y="61"/>
<int name="z" value="0"/>
<int name="delay" value="180"/>
<string name="_hash" value="eceff302ecb7c5e559843e34fa34d0dea712de1e9f63f2ef330d61dfb7d575ac"/>
<string name="_outlink" value="Npc/1013511.img/freeze/3"/>
</canvas>
<canvas name="4" width="1" height="1">
<vector name="origin" x="14" y="61"/>
<int name="z" value="0"/>
<int name="delay" value="300"/>
<string name="_hash" value="0e3c801a2750dd3369f6666848b7cdd797fb6487130f36cd61b2b69e018f9c40"/>
<string name="_outlink" value="Npc/1013511.img/freeze/4"/>
</canvas>
<canvas name="5" width="1" height="1">
<vector name="origin" x="17" y="35"/>
<int name="z" value="0"/>
<int name="delay" value="180"/>
<string name="_outlink" value="Npc/1013511.img/stand/0"/>
</canvas>
<int name="special" value="1"/>
</imgdir>
<imgdir name="freeze">
<canvas name="0" width="1" height="1">
<vector name="origin" x="17" y="35"/>
<int name="z" value="0"/>
<int name="delay" value="180"/>
<string name="_outlink" value="Npc/1013511.img/stand/0"/>
</canvas>
<canvas name="1" width="1" height="1">
<vector name="origin" x="31" y="61"/>
<int name="z" value="0"/>
<int name="delay" value="180"/>
<string name="_outlink" value="Npc/1013511.img/freeze/1"/>
</canvas>
<canvas name="2" width="1" height="1">
<vector name="origin" x="33" y="61"/>
<int name="z" value="0"/>
<int name="delay" value="180"/>
<string name="_outlink" value="Npc/1013511.img/freeze/2"/>
</canvas>
<canvas name="3" width="1" height="1">
<vector name="origin" x="34" y="61"/>
<int name="z" value="0"/>
<int name="delay" value="180"/>
<string name="_outlink" value="Npc/1013511.img/freeze/3"/>
</canvas>
<canvas name="4" width="1" height="1">
<vector name="origin" x="14" y="61"/>
<int name="z" value="0"/>
<int name="delay" value="300"/>
<string name="_outlink" value="Npc/1013511.img/freeze/4"/>
</canvas>
<canvas name="5" width="1" height="1">
<vector name="origin" x="17" y="40"/>
<int name="z" value="0"/>
<int name="delay" value="180"/>
<string name="_hash" value="12e0fb764b9a77155340b69e30217d94ec29ec388363cee9eefe53a2a9c817fa"/>
<string name="_outlink" value="Npc/1013511.img/freeze/5"/>
</canvas>
<canvas name="6" width="1" height="1">
<vector name="origin" x="18" y="34"/>
<int name="z" value="0"/>
<int name="delay" value="180"/>
<string name="_hash" value="ee75257fcfeaa7cb5fdc7755cbb59e1880fc6a650ad5f57318dea35bf92be153"/>
<string name="_outlink" value="Npc/1013511.img/freeze/6"/>
</canvas>
<canvas name="7" width="1" height="1">
<vector name="origin" x="17" y="35"/>
<int name="z" value="0"/>
<int name="delay" value="180"/>
<string name="_hash" value="1e1efcb79fd8a8e26073cf76314669191c3f84523c9245aa5649eed7e08ff511"/>
<string name="_outlink" value="Npc/1013511.img/freeze/7"/>
</canvas>
<canvas name="8" width="1" height="1">
<vector name="origin" x="16" y="36"/>
<int name="z" value="0"/>
<int name="delay" value="180"/>
<string name="_hash" value="079d7aebbe66e429f38a25c2e6d6ebe8faf5046186bbab61febd87925a7337c6"/>
<string name="_outlink" value="Npc/1013511.img/freeze/8"/>
</canvas>
<canvas name="9" width="1" height="1">
<vector name="origin" x="17" y="35"/>
<int name="z" value="0"/>
<int name="delay" value="180"/>
<string name="_hash" value="5b3797f020f7efc086e74a688f3c07c4f4c428a88c40a0d2d96c736f123bcce2"/>
<string name="_outlink" value="Npc/1013511.img/freeze/9"/>
</canvas>
<canvas name="10" width="1" height="1">
<vector name="origin" x="18" y="34"/>
<int name="z" value="0"/>
<int name="delay" value="180"/>
<string name="_hash" value="88c584b3c8c0c221d9ce1665cc35967c0880cb3597c5e9edf4c98e9a9347c6c5"/>
<string name="_outlink" value="Npc/1013511.img/freeze/10"/>
</canvas>
<canvas name="11" width="1" height="1">
<vector name="origin" x="17" y="35"/>
<int name="z" value="0"/>
<int name="delay" value="180"/>
<string name="_hash" value="57512a5127cf0b785cc5f47c209d5202742d5fb553c8b0cb7874664a4395ca4a"/>
<string name="_outlink" value="Npc/1013511.img/freeze/11"/>
</canvas>
<canvas name="12" width="1" height="1">
<vector name="origin" x="16" y="36"/>
<int name="z" value="0"/>
<int name="delay" value="180"/>
<string name="_hash" value="faa12bb1a8318147d1fa3a2b27b4215269cfd0149378c4c336036a51b3b67084"/>
<string name="_outlink" value="Npc/1013511.img/freeze/12"/>
</canvas>
<canvas name="13" width="1" height="1">
<vector name="origin" x="17" y="35"/>
<int name="z" value="0"/>
<int name="delay" value="180"/>
<string name="_hash" value="3fe523548515a229cbe9dc0e1a89156e346a319f4ee40bd76698210fa2b2c5ff"/>
<string name="_outlink" value="Npc/1013511.img/freeze/13"/>
</canvas>
<canvas name="14" width="1" height="1">
<vector name="origin" x="18" y="34"/>
<int name="z" value="0"/>
<int name="delay" value="180"/>
<string name="_hash" value="b0ca133c19ee3881a78fbe587a9536fd681ab59122523a4f721cd32878ec6ab0"/>
<string name="_outlink" value="Npc/1013511.img/freeze/14"/>
</canvas>
<canvas name="15" width="1" height="1">
<vector name="origin" x="17" y="35"/>
<int name="z" value="0"/>
<int name="delay" value="180"/>
<string name="_outlink" value="Npc/1013511.img/freeze/13"/>
</canvas>
<canvas name="16" width="1" height="1">
<vector name="origin" x="16" y="36"/>
<int name="z" value="0"/>
<int name="delay" value="180"/>
<string name="_outlink" value="Npc/1013511.img/freeze/12"/>
</canvas>
<int name="special" value="1"/>
</imgdir>
<imgdir name="korokoro">
<canvas name="0" width="1" height="1">
<vector name="origin" x="15" y="27"/>
<int name="z" value="0"/>
<string name="_hash" value="8d34efcbb669ee2ecfa0551406881f832b2fd86440d65284c2abd9b5edc32750"/>
<string name="_outlink" value="Npc/1013511.img/korokoro/0"/>
</canvas>
<canvas name="1" width="1" height="1">
<vector name="origin" x="18" y="29"/>
<int name="z" value="0"/>
<string name="_hash" value="c1b0c2b68f8657e880b990b4923589fe6bdf5f01142317febf74c051aaa83dbf"/>
<string name="_outlink" value="Npc/1013511.img/korokoro/1"/>
</canvas>
<canvas name="2" width="1" height="1">
<vector name="origin" x="15" y="29"/>
<int name="z" value="0"/>
<string name="_hash" value="8ad16e5b4bee8dbe410c71925cb8b4fa672d1cb286a9eb8f7c54e7385ea5b662"/>
<string name="_outlink" value="Npc/1013511.img/korokoro/2"/>
</canvas>
<canvas name="3" width="1" height="1">
<vector name="origin" x="14" y="28"/>
<int name="z" value="0"/>
<string name="_hash" value="eb5c9e7d45ad759c93e3a7bbfa3d2472140659245c4c13c1591bd67fe6d2b86b"/>
<string name="_outlink" value="Npc/1013511.img/korokoro/3"/>
</canvas>
<int name="special" value="1"/>
</imgdir>
<imgdir name="laugh">
<canvas name="0" width="1" height="1">
<vector name="origin" x="17" y="35"/>
<int name="z" value="0"/>
<int name="delay" value="150"/>
<string name="_outlink" value="Npc/1013511.img/stand/0"/>
</canvas>
<canvas name="1" width="1" height="1">
<vector name="origin" x="18" y="34"/>
<int name="z" value="0"/>
<int name="delay" value="150"/>
<string name="_outlink" value="Npc/1013511.img/stand/1"/>
</canvas>
<canvas name="2" width="1" height="1">
<vector name="origin" x="34" y="37"/>
<int name="z" value="0"/>
<int name="delay" value="150"/>
<string name="_hash" value="bece59e5cb6ff4374925549a90cc8650950128b2fda19489cb44e9d8c8e6cd63"/>
<string name="_outlink" value="Npc/1013511.img/laugh/2"/>
</canvas>
<canvas name="3" width="1" height="1">
<vector name="origin" x="35" y="37"/>
<int name="z" value="0"/>
<int name="delay" value="150"/>
<string name="_hash" value="292eb6264ee6a03870b2687947b62738e872f238f60f454be66d2725788602cd"/>
<string name="_outlink" value="Npc/1013511.img/laugh/3"/>
</canvas>
<canvas name="4" width="1" height="1">
<vector name="origin" x="34" y="37"/>
<int name="z" value="0"/>
<int name="delay" value="150"/>
<string name="_outlink" value="Npc/1013511.img/laugh/2"/>
</canvas>
<canvas name="5" width="1" height="1">
<vector name="origin" x="35" y="37"/>
<int name="z" value="0"/>
<int name="delay" value="150"/>
<string name="_outlink" value="Npc/1013511.img/laugh/3"/>
</canvas>
<canvas name="6" width="1" height="1">
<vector name="origin" x="34" y="37"/>
<int name="z" value="0"/>
<int name="delay" value="150"/>
<string name="_outlink" value="Npc/1013511.img/laugh/2"/>
</canvas>
<canvas name="7" width="1" height="1">
<vector name="origin" x="35" y="37"/>
<int name="z" value="0"/>
<int name="delay" value="150"/>
<string name="_outlink" value="Npc/1013511.img/laugh/3"/>
</canvas>
<int name="special" value="1"/>
</imgdir>
<imgdir name="towerB">
<canvas name="0" width="1" height="1">
<vector name="origin" x="-2" y="61"/>
<int name="z" value="0"/>
<int name="delay" value="180"/>
<string name="_hash" value="4a0d8ab1956833fc65520f39a7630a10a8e9324985e14bcb4adace12b6bc3b09"/>
<string name="_outlink" value="Npc/1013511.img/tower/1"/>
</canvas>
<canvas name="1" width="1" height="1">
<vector name="origin" x="20" y="44"/>
<int name="z" value="0"/>
<int name="delay" value="180"/>
<string name="_hash" value="629910ef1863f4ecc83f5ea576f7f7fd36f558ce76337bc9ab312212dfeaf083"/>
<string name="_outlink" value="Npc/1013511.img/tower/2"/>
</canvas>
<canvas name="2" width="1" height="1">
<vector name="origin" x="19" y="45"/>
<int name="z" value="0"/>
<int name="delay" value="180"/>
<string name="_hash" value="d8f3381930a66a4986788c632406c5062ea60cb6560e9dd71ef98584a50e406b"/>
<string name="_outlink" value="Npc/1013511.img/tower/3"/>
</canvas>
<canvas name="3" width="1" height="1">
<vector name="origin" x="18" y="71"/>
<int name="z" value="0"/>
<int name="delay" value="180"/>
<string name="_hash" value="6b738060b78676fd4e4f35292197ff166651732b593634801baa2ffa7e2f8b5a"/>
<string name="_outlink" value="Npc/1013511.img/tower/4"/>
</canvas>
<canvas name="4" width="1" height="1">
<vector name="origin" x="20" y="52"/>
<int name="z" value="0"/>
<int name="delay" value="180"/>
<string name="_hash" value="0c49a8cbb5859d5de1768fe3e62c842fcefa9dad8461f4d019ede79a2d9a33f7"/>
<string name="_outlink" value="Npc/1013511.img/tower/5"/>
</canvas>
<canvas name="5" width="1" height="1">
<vector name="origin" x="19" y="53"/>
<int name="z" value="0"/>
<int name="delay" value="180"/>
<string name="_hash" value="ba454ee1bbd8771ca3eb701af6a0c177578c7865f231eb638c073aa75e65b92e"/>
<string name="_outlink" value="Npc/1013511.img/tower/6"/>
</canvas>
<canvas name="6" width="1" height="1">
<vector name="origin" x="18" y="54"/>
<int name="z" value="0"/>
<int name="delay" value="180"/>
<string name="_hash" value="ff3668f80d1d4b9f88736ec720f25b5adc7139d59deff93df69b20f951d6d411"/>
<string name="_outlink" value="Npc/1013511.img/tower/7"/>
</canvas>
<canvas name="7" width="1" height="1">
<vector name="origin" x="19" y="92"/>
<int name="z" value="0"/>
<int name="delay" value="180"/>
<string name="_hash" value="42e9365d67af86e9c6be454f405613d4ec4c55558fcae4562e121fa6f1b78fd7"/>
<string name="_outlink" value="Npc/1013511.img/tower/8"/>
</canvas>
<canvas name="8" width="1" height="1">
<vector name="origin" x="20" y="72"/>
<int name="z" value="0"/>
<int name="delay" value="180"/>
<string name="_hash" value="0f28bda8023a8041216e68c8fca285524cdc6d16aeb11a1ccb5390691eee41f5"/>
<string name="_outlink" value="Npc/1013511.img/tower/9"/>
</canvas>
<canvas name="9" width="1" height="1">
<vector name="origin" x="19" y="74"/>
<int name="z" value="0"/>
<int name="delay" value="180"/>
<string name="_hash" value="96d27d8bac0653a4550ffc6226de9dee40727a63bc4fe74f88b79dfe28e866cc"/>
<string name="_outlink" value="Npc/1013511.img/tower/10"/>
</canvas>
<canvas name="10" width="1" height="1">
<vector name="origin" x="18" y="76"/>
<int name="z" value="0"/>
<int name="delay" value="180"/>
<string name="_hash" value="300874139ceef9f079b642344536df16d4d30cc6d086a2b86c98247838017def"/>
<string name="_outlink" value="Npc/1013511.img/tower/11"/>
</canvas>
<int name="special" value="1"/>
</imgdir>
<imgdir name="towerBLoop">
<canvas name="0" width="1" height="1">
<vector name="origin" x="19" y="74"/>
<int name="z" value="0"/>
<int name="delay" value="180"/>
<string name="_outlink" value="Npc/1013511.img/tower/10"/>
</canvas>
<canvas name="1" width="1" height="1">
<vector name="origin" x="18" y="76"/>
<int name="z" value="0"/>
<int name="delay" value="180"/>
<string name="_outlink" value="Npc/1013511.img/tower/11"/>
</canvas>
<canvas name="2" width="1" height="1">
<vector name="origin" x="19" y="74"/>
<int name="z" value="0"/>
<int name="delay" value="180"/>
<string name="_outlink" value="Npc/1013511.img/tower/10"/>
</canvas>
<canvas name="3" width="1" height="1">
<vector name="origin" x="20" y="72"/>
<int name="z" value="0"/>
<int name="delay" value="180"/>
<string name="_outlink" value="Npc/1013511.img/tower/9"/>
</canvas>
<canvas name="4" width="1" height="1">
<vector name="origin" x="19" y="74"/>
<int name="z" value="0"/>
<int name="delay" value="180"/>
<string name="_outlink" value="Npc/1013511.img/tower/10"/>
</canvas>
<canvas name="5" width="1" height="1">
<vector name="origin" x="18" y="76"/>
<int name="z" value="0"/>
<int name="delay" value="180"/>
<string name="_outlink" value="Npc/1013511.img/tower/11"/>
</canvas>
<canvas name="6" width="1" height="1">
<vector name="origin" x="19" y="74"/>
<int name="z" value="0"/>
<int name="delay" value="180"/>
<string name="_outlink" value="Npc/1013511.img/tower/10"/>
</canvas>
<canvas name="7" width="1" height="1">
<vector name="origin" x="20" y="72"/>
<int name="z" value="0"/>
<int name="delay" value="180"/>
<string name="_outlink" value="Npc/1013511.img/tower/9"/>
</canvas>
<canvas name="8" width="1" height="1">
<vector name="origin" x="19" y="74"/>
<int name="z" value="0"/>
<int name="delay" value="180"/>
<string name="_outlink" value="Npc/1013511.img/tower/10"/>
</canvas>
<int name="special" value="1"/>
</imgdir>
<imgdir name="towerBtoY">
<canvas name="0" width="1" height="1">
<vector name="origin" x="20" y="74"/>
<int name="z" value="0"/>
<int name="delay" value="180"/>
<string name="_hash" value="8e6ec8f9d2f04995b0824e3bb23e0098dd57efc9200f1ced98b6f472794ce8dd"/>
<string name="_outlink" value="Npc/1013511.img/tower/20"/>
</canvas>
<canvas name="1" width="1" height="1">
<vector name="origin" x="20" y="72"/>
<int name="z" value="0"/>
<int name="delay" value="180"/>
<string name="_hash" value="dbe333aea42a25bac8a91aec0f3a0139598bd2c2aa241acf74a597ddd26e9c00"/>
<string name="_outlink" value="Npc/1013511.img/tower/21"/>
</canvas>
<canvas name="2" width="1" height="1">
<vector name="origin" x="19" y="87"/>
<int name="z" value="0"/>
<int name="delay" value="180"/>
<string name="_hash" value="b57eaf135580d1f33319d2c2fd2e758e22adcd7a0fd4eaaa1c47688a868ae11d"/>
<string name="_outlink" value="Npc/1013511.img/tower/22"/>
</canvas>
<canvas name="3" width="1" height="1">
<vector name="origin" x="18" y="54"/>
<int name="z" value="0"/>
<int name="delay" value="180"/>
<string name="_outlink" value="Npc/1013511.img/tower/7"/>
</canvas>
<canvas name="4" width="1" height="1">
<vector name="origin" x="21" y="53"/>
<int name="z" value="0"/>
<int name="delay" value="180"/>
<string name="_hash" value="3dcb8615a86ec1391a0484deadea5340ff9d758883486971fc9493aa63429f37"/>
<string name="_outlink" value="Npc/1013511.img/tower/24"/>
</canvas>
<canvas name="5" width="1" height="1">
<vector name="origin" x="21" y="49"/>
<int name="z" value="0"/>
<int name="delay" value="180"/>
<string name="_hash" value="af5ce03a2b9f0ea908fe44851df3cc11ad5c9c555c0ea37dd11ebcc6200b5351"/>
<string name="_outlink" value="Npc/1013511.img/tower/25"/>
</canvas>
<canvas name="6" width="1" height="1">
<vector name="origin" x="19" y="68"/>
<int name="z" value="0"/>
<int name="delay" value="180"/>
<string name="_hash" value="d355d67dc9a9dbc3c51a1c6df2d3fe699351f5f658ece6523661618a3ff5a1ae"/>
<string name="_outlink" value="Npc/1013511.img/tower/26"/>
</canvas>
<canvas name="7" width="1" height="1">
<vector name="origin" x="18" y="46"/>
<int name="z" value="0"/>
<int name="delay" value="180"/>
<string name="_hash" value="e23369d276bf406829abe9d6f8f9b370d45f9ce89b80949a79747e232c32a384"/>
<string name="_outlink" value="Npc/1013511.img/tower/27"/>
</canvas>
<canvas name="8" width="1" height="1">
<vector name="origin" x="22" y="45"/>
<int name="z" value="0"/>
<int name="delay" value="180"/>
<string name="_hash" value="bf84b7e54d57b6adc54b5fdc9cec76b50a67e764819b101d55720d5f93b54edd"/>
<string name="_outlink" value="Npc/1013511.img/tower/28"/>
</canvas>
<canvas name="9" width="1" height="1">
<vector name="origin" x="22" y="44"/>
<int name="z" value="0"/>
<int name="delay" value="180"/>
<string name="_hash" value="3157575499c3a153cb5b2b86cb40dcb1184092e2d6508514188f3427ba3df203"/>
<string name="_outlink" value="Npc/1013511.img/tower/29"/>
</canvas>
<canvas name="10" width="1" height="1">
<vector name="origin" x="0" y="61"/>
<int name="z" value="0"/>
<int name="delay" value="180"/>
<string name="_hash" value="aca492b47c03111bcbb824c75e6e3cbe89dcfd293c0727ceb151c0d541d613f7"/>
<string name="_outlink" value="Npc/1013511.img/tower/30"/>
</canvas>
<canvas name="11" width="1" height="1">
<vector name="origin" x="3" y="48"/>
<int name="z" value="0"/>
<int name="delay" value="180"/>
<string name="_hash" value="d07f707bca2882d6f313ef586ce596a32575a2b157b4a29a22312b92134a37bd"/>
<string name="_outlink" value="Npc/1013512.img/tower/1"/>
</canvas>
<canvas name="12" width="1" height="1">
<vector name="origin" x="13" y="27"/>
<int name="z" value="0"/>
<int name="delay" value="180"/>
<string name="_hash" value="b1b707c185cf0cfa4d940bec9b6ff5ddcd7bf8a78651f0c150d2e13665b738d0"/>
<string name="_outlink" value="Npc/1013512.img/tower/2"/>
</canvas>
<canvas name="13" width="1" height="1">
<vector name="origin" x="12" y="30"/>
<int name="z" value="0"/>
<int name="delay" value="180"/>
<string name="_hash" value="a8f215b849169ccc8112411d52ce22a6ee8524873978698794d68b5bd2667e61"/>
<string name="_outlink" value="Npc/1013512.img/tower/3"/>
</canvas>
<canvas name="14" width="1" height="1">
<vector name="origin" x="11" y="69"/>
<int name="z" value="0"/>
<int name="delay" value="180"/>
<string name="_hash" value="b5289b389ad1f2343d96d555aec2f5f215f4f002e7442d735688af85e148dc28"/>
<string name="_outlink" value="Npc/1013512.img/tower/4"/>
</canvas>
<canvas name="15" width="1" height="1">
<vector name="origin" x="18" y="51"/>
<int name="z" value="0"/>
<int name="delay" value="180"/>
<string name="_hash" value="fb4ae6a3cc88cfc039978ddf24042fd4505e9061d3ae84ae1c7e870148585ec7"/>
<string name="_outlink" value="Npc/1013512.img/tower/5"/>
</canvas>
<canvas name="16" width="1" height="1">
<vector name="origin" x="17" y="52"/>
<int name="z" value="0"/>
<int name="delay" value="180"/>
<string name="_hash" value="c9d5f7ca0c91202568e778af54646998a244cbed560dab719b68a2c269005df4"/>
<string name="_outlink" value="Npc/1013512.img/tower/6"/>
</canvas>
<canvas name="17" width="1" height="1">
<vector name="origin" x="16" y="53"/>
<int name="z" value="0"/>
<int name="delay" value="180"/>
<string name="_hash" value="f767043b53095aae5e2993aaf16c6290af0b8f98dad60b540243a04caf106c6e"/>
<string name="_outlink" value="Npc/1013512.img/tower/7"/>
</canvas>
<canvas name="18" width="1" height="1">
<vector name="origin" x="17" y="95"/>
<int name="z" value="0"/>
<int name="delay" value="180"/>
<string name="_hash" value="7b2456120baac8d27560e5bfd7594500f94b333834a9323e863070b209e9aadf"/>
<string name="_outlink" value="Npc/1013512.img/tower/8"/>
</canvas>
<canvas name="19" width="1" height="1">
<vector name="origin" x="20" y="77"/>
<int name="z" value="0"/>
<int name="delay" value="180"/>
<string name="_hash" value="b13f82e31f1e6eaea86e09579deea77dd2ba7359be798ea4d11d3f20cf335e6f"/>
<string name="_outlink" value="Npc/1013512.img/tower/9"/>
</canvas>
<canvas name="20" width="1" height="1">
<vector name="origin" x="19" y="79"/>
<int name="z" value="0"/>
<int name="delay" value="180"/>
<string name="_hash" value="2ea2814be97db40c5328cc982c12c98cfb9a18c768f03c332a60ea4506075e4c"/>
<string name="_outlink" value="Npc/1013512.img/tower/10"/>
</canvas>
<int name="special" value="1"/>
</imgdir>
<imgdir name="towerYLoop">
<canvas name="0" width="1" height="1">
<vector name="origin" x="18" y="81"/>
<int name="z" value="0"/>
<int name="delay" value="180"/>
<string name="_hash" value="92aef1a523706e376642bf8b655e02d513b821ead6913114117152a60eba6fc0"/>
<string name="_outlink" value="Npc/1013512.img/tower/11"/>
</canvas>
<canvas name="1" width="1" height="1">
<vector name="origin" x="19" y="79"/>
<int name="z" value="0"/>
<int name="delay" value="180"/>
<string name="_hash" value="dcb242ce9de33f31aeff5f48d881de401b811c1fd876b30a7943c7d25051f2cb"/>
<string name="_outlink" value="Npc/1013512.img/tower/12"/>
</canvas>
<canvas name="2" width="1" height="1">
<vector name="origin" x="20" y="77"/>
<int name="z" value="0"/>
<int name="delay" value="180"/>
<string name="_hash" value="456031e6aa3f718c35d6d012d64addeccaf50b643da99dd6d71f93feb9bb211c"/>
<string name="_outlink" value="Npc/1013512.img/tower/13"/>
</canvas>
<canvas name="3" width="1" height="1">
<vector name="origin" x="19" y="79"/>
<int name="z" value="0"/>
<int name="delay" value="180"/>
<string name="_outlink" value="Npc/1013512.img/tower/12"/>
</canvas>
<canvas name="4" width="1" height="1">
<vector name="origin" x="18" y="81"/>
<int name="z" value="0"/>
<int name="delay" value="180"/>
<string name="_outlink" value="Npc/1013512.img/tower/11"/>
</canvas>
<int name="special" value="1"/>
</imgdir>
<imgdir name="towerYtoP">
<canvas name="0" width="1" height="1">
<vector name="origin" x="22" y="78"/>
<int name="z" value="0"/>
<int name="delay" value="180"/>
<string name="_hash" value="80a4c6573d87de8e724f6b4193572524db5c0cbd14ebaac20c70decf5b949af2"/>
<string name="_outlink" value="Npc/1013512.img/tower/20"/>
</canvas>
<canvas name="1" width="1" height="1">
<vector name="origin" x="22" y="76"/>
<int name="z" value="0"/>
<int name="delay" value="180"/>
<string name="_hash" value="285e0985131c6aefcf7bf38734686b95394f8ce1a9a36f8d89718056872c5df1"/>
<string name="_outlink" value="Npc/1013512.img/tower/21"/>
</canvas>
<canvas name="2" width="1" height="1">
<vector name="origin" x="17" y="95"/>
<int name="z" value="0"/>
<int name="delay" value="180"/>
<string name="_hash" value="6358ab5155cb7840ed375b272f16b696dbaa3dace2f5e493b6096a92569a4f8f"/>
<string name="_outlink" value="Npc/1013512.img/tower/22"/>
</canvas>
<canvas name="3" width="1" height="1">
<vector name="origin" x="16" y="51"/>
<int name="z" value="0"/>
<int name="delay" value="180"/>
<string name="_hash" value="114d22949257ebc26251fbe8612de4c487546230b593a4fcdcb186fe389b3cc1"/>
<string name="_outlink" value="Npc/1013512.img/tower/23"/>
</canvas>
<canvas name="4" width="1" height="1">
<vector name="origin" x="22" y="50"/>
<int name="z" value="0"/>
<int name="delay" value="180"/>
<string name="_hash" value="66e39bc85463aa3c6b8a39f2f9ba59665d8a54e021684d394f24639c93d4a12f"/>
<string name="_outlink" value="Npc/1013512.img/tower/24"/>
</canvas>
<canvas name="5" width="1" height="1">
<vector name="origin" x="22" y="48"/>
<int name="z" value="0"/>
<int name="delay" value="180"/>
<string name="_hash" value="90fc6525a542f7f56e8fe162604daa49f21aa2c9cc67eb7405fac3383700a2e9"/>
<string name="_outlink" value="Npc/1013512.img/tower/25"/>
</canvas>
<canvas name="6" width="1" height="1">
<vector name="origin" x="11" y="64"/>
<int name="z" value="0"/>
<int name="delay" value="180"/>
<string name="_hash" value="ce576a5d1f66f89eb99f72a593341035cee9ab83087b8dda876f300180833b98"/>
<string name="_outlink" value="Npc/1013512.img/tower/26"/>
</canvas>
<canvas name="7" width="1" height="1">
<vector name="origin" x="12" y="30"/>
<int name="z" value="0"/>
<int name="delay" value="180"/>
<string name="_outlink" value="Npc/1013512.img/tower/3"/>
</canvas>
<canvas name="8" width="1" height="1">
<vector name="origin" x="23" y="30"/>
<int name="z" value="0"/>
<int name="delay" value="180"/>
<string name="_hash" value="dabba91af96612211bf539a53c00b26d5d15b26dd5f010840c646928576de514"/>
<string name="_outlink" value="Npc/1013512.img/tower/28"/>
</canvas>
<canvas name="9" width="1" height="1">
<vector name="origin" x="23" y="27"/>
<int name="z" value="0"/>
<int name="delay" value="180"/>
<string name="_hash" value="781a7dd8899ac53cd809a030cdcf85eabfde703a06a3546b57c4aab8e6f8276d"/>
<string name="_outlink" value="Npc/1013512.img/tower/29"/>
</canvas>
<canvas name="10" width="1" height="1">
<vector name="origin" x="-4" y="45"/>
<int name="z" value="0"/>
<int name="delay" value="180"/>
<string name="_hash" value="9b5b1ac029b255155b488c915b61ed08372040fa205d8e360aece1d8ba5ffdbd"/>
<string name="_outlink" value="Npc/1013512.img/tower/30"/>
</canvas>
<canvas name="11" width="1" height="1">
<vector name="origin" x="47" y="88"/>
<int name="z" value="0"/>
<int name="delay" value="180"/>
<string name="_outlink" value="Npc/1013511.img/tower/1"/>
</canvas>
<canvas name="12" width="1" height="1">
<vector name="origin" x="69" y="71"/>
<int name="z" value="0"/>
<int name="delay" value="180"/>
<string name="_outlink" value="Npc/1013511.img/tower/2"/>
</canvas>
<canvas name="13" width="1" height="1">
<vector name="origin" x="68" y="72"/>
<int name="z" value="0"/>
<int name="delay" value="180"/>
<string name="_outlink" value="Npc/1013511.img/tower/3"/>
</canvas>
<canvas name="14" width="1" height="1">
<vector name="origin" x="67" y="103"/>
<int name="z" value="0"/>
<int name="delay" value="180"/>
<string name="_hash" value="f756e5e7f3d95626fdc03b2a81f57dae5fdeb64a13a9b486115c50fa87de2d99"/>
<string name="_outlink" value="Npc/1013513.img/tower/4"/>
</canvas>
<canvas name="15" width="1" height="1">
<vector name="origin" x="69" y="83"/>
<int name="z" value="0"/>
<int name="delay" value="180"/>
<string name="_hash" value="823e280c36e3507862f926c0c09c944f6ed623c97ed5dfe59335abf5e7bf9e92"/>
<string name="_outlink" value="Npc/1013513.img/tower/5"/>
</canvas>
<canvas name="16" width="1" height="1">
<vector name="origin" x="68" y="85"/>
<int name="z" value="0"/>
<int name="delay" value="180"/>
<string name="_hash" value="774d0b7894d056ead803c3b07f6c808b843bfc4c36a28c502fe71b6b7ec21ccc"/>
<string name="_outlink" value="Npc/1013513.img/tower/6"/>
</canvas>
<canvas name="17" width="1" height="1">
<vector name="origin" x="67" y="117"/>
<int name="z" value="0"/>
<int name="delay" value="180"/>
<string name="_hash" value="21c2f052af010e8fc05b599ee55c02e14f0a76584ff61a7e2ed40c01a315faf9"/>
<string name="_outlink" value="Npc/1013513.img/tower/7"/>
</canvas>
<canvas name="18" width="1" height="1">
<vector name="origin" x="68" y="100"/>
<int name="z" value="0"/>
<int name="delay" value="180"/>
<string name="_hash" value="8ca56dab905b19119a9ffbf843d5f163cf2e8e4b65370c529b34305516d85ca3"/>
<string name="_outlink" value="Npc/1013513.img/tower/8"/>
</canvas>
<canvas name="19" width="1" height="1">
<vector name="origin" x="69" y="97"/>
<int name="z" value="0"/>
<int name="delay" value="180"/>
<string name="_hash" value="a0b469519deda53566cb606c499c01d945fc4ce11430b550977f6387745dde71"/>
<string name="_outlink" value="Npc/1013513.img/tower/9"/>
</canvas>
<canvas name="20" width="1" height="1">
<vector name="origin" x="68" y="100"/>
<int name="z" value="0"/>
<int name="delay" value="180"/>
<string name="_outlink" value="Npc/1013513.img/tower/8"/>
</canvas>
<int name="special" value="1"/>
</imgdir>
<imgdir name="towerPLoop">
<canvas name="0" width="1" height="1">
<vector name="origin" x="68" y="100"/>
<int name="z" value="0"/>
<int name="delay" value="180"/>
<string name="_outlink" value="Npc/1013513.img/tower/8"/>
</canvas>
<canvas name="1" width="1" height="1">
<vector name="origin" x="69" y="97"/>
<int name="z" value="0"/>
<int name="delay" value="180"/>
<string name="_outlink" value="Npc/1013513.img/tower/9"/>
</canvas>
<canvas name="2" width="1" height="1">
<vector name="origin" x="68" y="100"/>
<int name="z" value="0"/>
<int name="delay" value="180"/>
<string name="_outlink" value="Npc/1013513.img/tower/8"/>
</canvas>
<canvas name="3" width="1" height="1">
<vector name="origin" x="67" y="102"/>
<int name="z" value="0"/>
<int name="delay" value="180"/>
<string name="_hash" value="d2f683b0d96bca49bfb1fa19d70ad0c9c00edc9ce40a32f515fcb1b2d9b56124"/>
<string name="_outlink" value="Npc/1013513.img/tower/11"/>
</canvas>
<canvas name="4" width="1" height="1">
<vector name="origin" x="68" y="100"/>
<int name="z" value="0"/>
<int name="delay" value="180"/>
<string name="_outlink" value="Npc/1013513.img/tower/8"/>
</canvas>
<canvas name="5" width="1" height="1">
<vector name="origin" x="69" y="98"/>
<int name="z" value="0"/>
<int name="delay" value="180"/>
<string name="_hash" value="2b862ee4ca3b6f2cb73947de86719d947f3ef5d2d5f46031d0b88e52d9fdfb22"/>
<string name="_outlink" value="Npc/1013513.img/tower/13"/>
</canvas>
<canvas name="6" width="1" height="1">
<vector name="origin" x="68" y="100"/>
<int name="z" value="0"/>
<int name="delay" value="180"/>
<string name="_outlink" value="Npc/1013513.img/tower/8"/>
</canvas>
<canvas name="7" width="1" height="1">
<vector name="origin" x="67" y="102"/>
<int name="z" value="0"/>
<int name="delay" value="180"/>
<string name="_outlink" value="Npc/1013513.img/tower/11"/>
</canvas>
<canvas name="8" width="1" height="1">
<vector name="origin" x="68" y="100"/>
<int name="z" value="0"/>
<int name="delay" value="180"/>
<string name="_outlink" value="Npc/1013513.img/tower/8"/>
</canvas>
<int name="special" value="1"/>
</imgdir>
<imgdir name="towerPEnd">
<canvas name="0" width="1" height="1">
<vector name="origin" x="69" y="114"/>
<int name="z" value="0"/>
<int name="delay" value="180"/>
<string name="_hash" value="dde6f929c9868dab85298e72119d2f34aea5d2206e88548ef7f60f44c3dc5dec"/>
<string name="_outlink" value="Npc/1013513.img/tower/21"/>
</canvas>
<canvas name="1" width="1" height="1">
<vector name="origin" x="68" y="85"/>
<int name="z" value="0"/>
<int name="delay" value="180"/>
<string name="_outlink" value="Npc/1013513.img/tower/6"/>
</canvas>
<canvas name="2" width="1" height="1">
<vector name="origin" x="67" y="87"/>
<int name="z" value="0"/>
<int name="delay" value="180"/>
<string name="_hash" value="54fa7e7275f619e17e578b8b49898f75993a63cd49179b1abc35501c44db5334"/>
<string name="_outlink" value="Npc/1013513.img/tower/23"/>
</canvas>
<canvas name="3" width="1" height="1">
<vector name="origin" x="69" y="85"/>
<int name="z" value="0"/>
<int name="delay" value="180"/>
<string name="_hash" value="a31d09da5c50d1d51cb339b8516e618cbbeb74ec69cec72c1dbd1a8a9564b307"/>
<string name="_outlink" value="Npc/1013513.img/tower/24"/>
</canvas>
<canvas name="4" width="1" height="1">
<vector name="origin" x="69" y="83"/>
<int name="z" value="0"/>
<int name="delay" value="180"/>
<string name="_hash" value="8a35f1aaf15472726eb24ccc532abc95fe304455c85a570f0824df38e34330ca"/>
<string name="_outlink" value="Npc/1013513.img/tower/25"/>
</canvas>
<canvas name="5" width="1" height="1">
<vector name="origin" x="68" y="98"/>
<int name="z" value="0"/>
<int name="delay" value="180"/>
<string name="_hash" value="a02c9f1005374c026a2137d29cc7076f9e4fda47bed6af2057754ca35bf39005"/>
<string name="_outlink" value="Npc/1013513.img/tower/26"/>
</canvas>
<canvas name="6" width="1" height="1">
<vector name="origin" x="67" y="73"/>
<int name="z" value="0"/>
<int name="delay" value="180"/>
<string name="_outlink" value="Npc/1013511.img/tower/27"/>
</canvas>
<canvas name="7" width="1" height="1">
<vector name="origin" x="71" y="72"/>
<int name="z" value="0"/>
<int name="delay" value="180"/>
<string name="_outlink" value="Npc/1013511.img/tower/28"/>
</canvas>
<canvas name="8" width="1" height="1">
<vector name="origin" x="71" y="71"/>
<int name="z" value="0"/>
<int name="delay" value="180"/>
<string name="_outlink" value="Npc/1013511.img/tower/29"/>
</canvas>
<canvas name="9" width="1" height="1">
<vector name="origin" x="49" y="88"/>
<int name="z" value="0"/>
<int name="delay" value="180"/>
<string name="_outlink" value="Npc/1013511.img/tower/30"/>
</canvas>
<int name="special" value="1"/>
</imgdir>
</imgdir>
