<?xml version="1.0" encoding="UTF-8" standalone="yes"?>
<imgdir name="1013601.img">
<imgdir name="info">
<int name="forceMove" value="1"/>
<int name="hideName" value="1"/>
</imgdir>
<imgdir name="stand">
<canvas name="0" width="1" height="1">
<vector name="origin" x="25" y="48"/>
<int name="z" value="0"/>
<string name="_hash" value="d453ff10198663d73de1bbcbe9cbec2bb27efefabfbc9fee459f77922a52647f"/>
<string name="_outlink" value="Npc/1013501.img/stand/0"/>
</canvas>
<canvas name="1" width="1" height="1">
<vector name="origin" x="25" y="47"/>
<int name="z" value="0"/>
<string name="_hash" value="a5c2bc195d493146cb17ec6ef5ae9894ca4fbb109e220086bcb1c5d698a564d1"/>
<string name="_outlink" value="Npc/1013501.img/stand/1"/>
</canvas>
<canvas name="2" width="1" height="1">
<vector name="origin" x="25" y="48"/>
<int name="z" value="0"/>
<string name="_outlink" value="Npc/1013501.img/stand/0"/>
</canvas>
<canvas name="3" width="1" height="1">
<vector name="origin" x="25" y="49"/>
<int name="z" value="0"/>
<string name="_hash" value="708c5b9eec4feab1ac6ba3fe36c3bdd4a05e9ebb84ed34d147f5345a43c3dd16"/>
<string name="_outlink" value="Npc/1013501.img/stand/3"/>
</canvas>
<canvas name="4" width="1" height="1">
<vector name="origin" x="25" y="50"/>
<int name="z" value="0"/>
<string name="_hash" value="32482414458a6cc61525804c205c6f71eda441e18e56b8e5167e5cd80b2744c7"/>
<string name="_outlink" value="Npc/1013501.img/stand/4"/>
</canvas>
<canvas name="5" width="1" height="1">
<vector name="origin" x="25" y="49"/>
<int name="z" value="0"/>
<string name="_outlink" value="Npc/1013501.img/stand/3"/>
</canvas>
</imgdir>
<imgdir name="eye">
<canvas name="0" width="1" height="1">
<vector name="origin" x="25" y="48"/>
<int name="z" value="0"/>
<int name="delay" value="150"/>
<string name="_outlink" value="Npc/1013501.img/stand/0"/>
</canvas>
<canvas name="1" width="1" height="1">
<vector name="origin" x="25" y="47"/>
<int name="z" value="0"/>
<int name="delay" value="150"/>
<string name="_hash" value="70b5c782cd8ce2c488982befbed56c6c5e223a408cb52f10160993a54374b2c9"/>
<string name="_outlink" value="Npc/1013501.img/eye/1"/>
</canvas>
<canvas name="2" width="1" height="1">
<vector name="origin" x="25" y="48"/>
<int name="z" value="0"/>
<int name="delay" value="150"/>
<string name="_hash" value="fd61b47e9f8ce6d317b2eeaefadd295e308aba6345096953c71f3e2624a01d48"/>
<string name="_outlink" value="Npc/1013501.img/eye/2"/>
</canvas>
<canvas name="3" width="1" height="1">
<vector name="origin" x="25" y="49"/>
<int name="z" value="0"/>
<int name="delay" value="150"/>
<string name="_hash" value="821dea7e27b8dde3188a88ba87069ee9540d7a28173ecc9da61e221868cfd296"/>
<string name="_outlink" value="Npc/1013501.img/eye/3"/>
</canvas>
</imgdir>
<imgdir name="say">
<canvas name="0" width="1" height="1">
<vector name="origin" x="39" y="48"/>
<int name="z" value="0"/>
<int name="delay" value="150"/>
<string name="_hash" value="d3f6ea66937a09af426898d3b6de4eb128f1e5733919bc884f55fb23393c3b77"/>
<string name="_outlink" value="Npc/1013501.img/say/0"/>
</canvas>
<canvas name="1" width="1" height="1">
<vector name="origin" x="38" y="49"/>
<int name="z" value="0"/>
<int name="delay" value="150"/>
<string name="_hash" value="bfd42230aac9849b7478f942e9866aaa57f2205e2c44a181556d301e1faa3d1b"/>
<string name="_outlink" value="Npc/1013501.img/say/1"/>
</canvas>
<canvas name="2" width="1" height="1">
<vector name="origin" x="39" y="48"/>
<int name="z" value="0"/>
<int name="delay" value="150"/>
<string name="_outlink" value="Npc/1013501.img/say/0"/>
</canvas>
<canvas name="3" width="1" height="1">
<vector name="origin" x="38" y="49"/>
<int name="z" value="0"/>
<int name="delay" value="150"/>
<string name="_outlink" value="Npc/1013501.img/say/1"/>
</canvas>
</imgdir>
<imgdir name="move">
<canvas name="0" width="1" height="1">
<vector name="origin" x="25" y="48"/>
<int name="z" value="0"/>
<string name="_hash" value="773dbeaa675be2378ebab8fd76233148eff7306543bf8fadc13647ca28551bc5"/>
<string name="_outlink" value="Npc/1013501.img/move/0"/>
</canvas>
<canvas name="1" width="1" height="1">
<vector name="origin" x="25" y="46"/>
<int name="z" value="0"/>
<string name="_hash" value="c23281be7a1b20a934532744f20b839db24a80c994421d9b335881768c33e224"/>
<string name="_outlink" value="Npc/1013501.img/move/1"/>
</canvas>
<canvas name="2" width="1" height="1">
<vector name="origin" x="25" y="70"/>
<int name="z" value="0"/>
<string name="_hash" value="dec4c150fbc810ad8c122c6503873211a15f38206d329855f32a801149742e84"/>
<string name="_outlink" value="Npc/1013501.img/move/2"/>
</canvas>
<canvas name="3" width="1" height="1">
<vector name="origin" x="25" y="74"/>
<int name="z" value="0"/>
<string name="_hash" value="9cc08fe23d2e6acfde406160cd4ca1bf3810668f30e6f96d690786b23b96a506"/>
<string name="_outlink" value="Npc/1013501.img/move/3"/>
</canvas>
<canvas name="4" width="1" height="1">
<vector name="origin" x="25" y="60"/>
<int name="z" value="0"/>
<string name="_hash" value="b04527f93ee3155b4da81d84dbef2c66b5637a9ad3c69fd0991309310158246c"/>
<string name="_outlink" value="Npc/1013501.img/move/4"/>
</canvas>
</imgdir>
<imgdir name="heart">
<canvas name="0" width="1" height="1">
<vector name="origin" x="25" y="48"/>
<int name="z" value="0"/>
<string name="_hash" value="c3c6bd3493b0f87db9eff92b87dbe1349563b261847f636e9233d146cf746f43"/>
<string name="_outlink" value="Npc/1013501.img/heart/0"/>
</canvas>
<canvas name="1" width="1" height="1">
<vector name="origin" x="25" y="46"/>
<int name="z" value="0"/>
<string name="_hash" value="08e393174099e4021abf5ecb79c44f0835d1ce4263ae2d10826677d581e006c2"/>
<string name="_outlink" value="Npc/1013501.img/heart/1"/>
</canvas>
<canvas name="2" width="1" height="1">
<vector name="origin" x="40" y="75"/>
<int name="z" value="0"/>
<string name="_hash" value="f37ad859fe2ddbdf889bdbaba55775c43ff0ca2153ef4bebfb22f5932d1b9479"/>
<string name="_outlink" value="Npc/1013501.img/heart/2"/>
</canvas>
<canvas name="3" width="1" height="1">
<vector name="origin" x="40" y="86"/>
<int name="z" value="0"/>
<string name="_hash" value="ae80fb58782aec3091fdeb140b8cf3283288069dc685790c3a469036414ebfa3"/>
<string name="_outlink" value="Npc/1013501.img/heart/3"/>
</canvas>
<canvas name="4" width="1" height="1">
<vector name="origin" x="40" y="90"/>
<int name="z" value="0"/>
<string name="_hash" value="47dc5a54cceba1d8a6e4a10735dfb33ae4eacc0e9ff7e89770e08a8e5fced938"/>
<string name="_outlink" value="Npc/1013501.img/heart/4"/>
</canvas>
<canvas name="5" width="1" height="1">
<vector name="origin" x="26" y="91"/>
<int name="z" value="0"/>
<string name="_hash" value="eba6806e31bfdae85cc26b2593e505427573bda05e3383218a2096b365cb585c"/>
<string name="_outlink" value="Npc/1013501.img/heart/5"/>
</canvas>
<canvas name="6" width="1" height="1">
<vector name="origin" x="40" y="93"/>
<int name="z" value="0"/>
<string name="_hash" value="070cb16f5fa1eac470fa796016b63c1967bf3858405b93728878d7571e505dde"/>
<string name="_outlink" value="Npc/1013501.img/heart/6"/>
</canvas>
<canvas name="7" width="1" height="1">
<vector name="origin" x="40" y="93"/>
<int name="z" value="0"/>
<string name="_hash" value="3a10d5589548da9d3ff21c2023e8b19fd3ea447216c6ebdc928284eae12616bf"/>
<string name="_outlink" value="Npc/1013501.img/heart/7"/>
</canvas>
<canvas name="8" width="1" height="1">
<vector name="origin" x="25" y="46"/>
<int name="z" value="0"/>
<string name="_outlink" value="Npc/1013501.img/heart/1"/>
</canvas>
<int name="special" value="1"/>
</imgdir>
<imgdir name="twinkle">
<canvas name="0" width="1" height="1">
<vector name="origin" x="32" y="48"/>
<int name="z" value="0"/>
<string name="_hash" value="7235792f5714ecbcc7d6f19a2f1f08b365975a00b78cdf9f18f7ecf0d76d0ca5"/>
<string name="_outlink" value="Npc/1013501.img/twinkle/0"/>
</canvas>
<canvas name="1" width="1" height="1">
<vector name="origin" x="32" y="47"/>
<int name="z" value="0"/>
<string name="_hash" value="502c0389b74fdc542aa8ecfb9860684a5acbf5994214534d01b8227c5f6f01e0"/>
<string name="_outlink" value="Npc/1013501.img/twinkle/1"/>
</canvas>
<canvas name="2" width="1" height="1">
<vector name="origin" x="32" y="48"/>
<int name="z" value="0"/>
<string name="_hash" value="4f3d911c2451fc8af6cdfc3f1316f91926759534e549a90f085c0427c8f33fb5"/>
<string name="_outlink" value="Npc/1013501.img/twinkle/2"/>
</canvas>
<canvas name="3" width="1" height="1">
<vector name="origin" x="32" y="47"/>
<int name="z" value="0"/>
<string name="_hash" value="d40bee44f9fc4c23f5cbeeb33c09ced08ddeece96da2819ae0a1e7e2f84ffc46"/>
<string name="_outlink" value="Npc/1013501.img/twinkle/3"/>
</canvas>
<int name="special" value="1"/>
</imgdir>
<imgdir name="angry">
<canvas name="0" width="1" height="1">
<vector name="origin" x="25" y="48"/>
<int name="z" value="0"/>
<string name="_outlink" value="Npc/1013501.img/stand/0"/>
</canvas>
<canvas name="1" width="1" height="1">
<vector name="origin" x="25" y="46"/>
<int name="z" value="0"/>
<string name="_hash" value="05b4325dfa437acce08b3b8205cf58e6edfcb64315ca3e5e7d905b3f8baa6771"/>
<string name="_outlink" value="Npc/1013501.img/angry/1"/>
</canvas>
<canvas name="2" width="1" height="1">
<vector name="origin" x="31" y="48"/>
<int name="z" value="0"/>
<string name="_hash" value="05f0aeb30b9278b1548fa684020b60c39148b88564bfeb876042ef7b88ad3869"/>
<string name="_outlink" value="Npc/1013501.img/angry/2"/>
</canvas>
<canvas name="3" width="1" height="1">
<vector name="origin" x="32" y="47"/>
<int name="z" value="0"/>
<string name="_hash" value="cb95f9300d48e406a7d79313bf949469407c351651496d028e81c5aff7beb841"/>
<string name="_outlink" value="Npc/1013501.img/angry/3"/>
</canvas>
<canvas name="4" width="1" height="1">
<vector name="origin" x="31" y="48"/>
<int name="z" value="0"/>
<string name="_outlink" value="Npc/1013501.img/angry/2"/>
</canvas>
<canvas name="5" width="1" height="1">
<vector name="origin" x="32" y="47"/>
<int name="z" value="0"/>
<string name="_outlink" value="Npc/1013501.img/angry/3"/>
</canvas>
<canvas name="6" width="1" height="1">
<vector name="origin" x="31" y="48"/>
<int name="z" value="0"/>
<string name="_outlink" value="Npc/1013501.img/angry/2"/>
</canvas>
<canvas name="7" width="1" height="1">
<vector name="origin" x="32" y="47"/>
<int name="z" value="0"/>
<string name="_outlink" value="Npc/1013501.img/angry/3"/>
</canvas>
<int name="special" value="1"/>
</imgdir>
<imgdir name="shout">
<canvas name="0" width="1" height="1">
<vector name="origin" x="25" y="48"/>
<int name="z" value="0"/>
<string name="_outlink" value="Npc/1013501.img/stand/0"/>
</canvas>
<canvas name="1" width="1" height="1">
<vector name="origin" x="25" y="46"/>
<int name="z" value="0"/>
<string name="_hash" value="6bb8014b7c429011c22782864ccaea927efae58644ade9816faeb7ab57884fd8"/>
<string name="_outlink" value="Npc/1013501.img/shout/1"/>
</canvas>
<canvas name="2" width="1" height="1">
<vector name="origin" x="49" y="53"/>
<int name="z" value="0"/>
<string name="_hash" value="aad721fea6140a59f1c98dbb78abad0f8113bd853712c1e38db70f08d4bddb71"/>
<string name="_outlink" value="Npc/1013501.img/shout/2"/>
</canvas>
<canvas name="3" width="1" height="1">
<vector name="origin" x="49" y="52"/>
<int name="z" value="0"/>
<string name="_hash" value="04215ee62c3811b8dc0899133188bd0a7e669741d9592ed595c91398a5de62ce"/>
<string name="_outlink" value="Npc/1013501.img/shout/3"/>
</canvas>
<canvas name="4" width="1" height="1">
<vector name="origin" x="49" y="53"/>
<int name="z" value="0"/>
<string name="_outlink" value="Npc/1013501.img/shout/2"/>
</canvas>
<canvas name="5" width="1" height="1">
<vector name="origin" x="49" y="52"/>
<int name="z" value="0"/>
<string name="_outlink" value="Npc/1013501.img/shout/3"/>
</canvas>
<canvas name="6" width="1" height="1">
<vector name="origin" x="49" y="53"/>
<int name="z" value="0"/>
<string name="_outlink" value="Npc/1013501.img/shout/2"/>
</canvas>
<canvas name="7" width="1" height="1">
<vector name="origin" x="49" y="52"/>
<int name="z" value="0"/>
<string name="_outlink" value="Npc/1013501.img/shout/3"/>
</canvas>
<int name="special" value="1"/>
</imgdir>
<imgdir name="jumpjump">
<canvas name="0" width="1" height="1">
<vector name="origin" x="25" y="48"/>
<int name="z" value="0"/>
<string name="_outlink" value="Npc/1013501.img/move/0"/>
</canvas>
<canvas name="1" width="1" height="1">
<vector name="origin" x="25" y="46"/>
<int name="z" value="0"/>
<string name="_outlink" value="Npc/1013501.img/move/1"/>
</canvas>
<canvas name="2" width="1" height="1">
<vector name="origin" x="25" y="70"/>
<int name="z" value="0"/>
<string name="_outlink" value="Npc/1013501.img/move/2"/>
</canvas>
<canvas name="3" width="1" height="1">
<vector name="origin" x="25" y="74"/>
<int name="z" value="0"/>
<string name="_outlink" value="Npc/1013501.img/move/3"/>
</canvas>
<canvas name="4" width="1" height="1">
<vector name="origin" x="25" y="60"/>
<int name="z" value="0"/>
<string name="_outlink" value="Npc/1013501.img/move/4"/>
</canvas>
<int name="special" value="1"/>
</imgdir>
<imgdir name="idle">
<canvas name="0" width="1" height="1">
<vector name="origin" x="25" y="48"/>
<int name="z" value="0"/>
<string name="_outlink" value="Npc/1013501.img/stand/0"/>
</canvas>
<canvas name="1" width="1" height="1">
<vector name="origin" x="25" y="47"/>
<int name="z" value="0"/>
<string name="_outlink" value="Npc/1013501.img/stand/1"/>
</canvas>
<canvas name="2" width="1" height="1">
<vector name="origin" x="25" y="48"/>
<int name="z" value="0"/>
<string name="_outlink" value="Npc/1013501.img/stand/0"/>
</canvas>
<canvas name="3" width="1" height="1">
<vector name="origin" x="25" y="49"/>
<int name="z" value="0"/>
<string name="_outlink" value="Npc/1013501.img/stand/3"/>
</canvas>
<canvas name="4" width="1" height="1">
<vector name="origin" x="25" y="50"/>
<int name="z" value="0"/>
<string name="_outlink" value="Npc/1013501.img/stand/4"/>
</canvas>
<canvas name="5" width="1" height="1">
<vector name="origin" x="25" y="49"/>
<int name="z" value="0"/>
<string name="_outlink" value="Npc/1013501.img/stand/3"/>
</canvas>
<int name="special" value="1"/>
</imgdir>
</imgdir>
