<?xml version="1.0" encoding="UTF-8" standalone="yes"?>
<imgdir name="1013430.img">
<imgdir name="info">
<int name="hide" value="1"/>
<int name="hideName" value="1"/>
</imgdir>
<imgdir name="stand">
<canvas name="0" width="50" height="34">
<vector name="origin" x="24" y="34"/>
<int name="z" value="0"/>
<string name="_hash" value="1374ee5bbb8f9b28bcb4ac4c45d9587fbc3b3fdc8876039971f767b3a8705d2f"/>
</canvas>
</imgdir>
<imgdir name="condition2">
<imgdir name="35950">
<imgdir name="0">
<string name="key" value="30"/>
<string name="value" value="h1"/>
</imgdir>
</imgdir>
<uol name="stand" value="../stand"/>
</imgdir>
</imgdir>
