<?xml version="1.0" encoding="UTF-8" standalone="yes"?>
<imgdir name="1013358.img">
<imgdir name="info">
<imgdir name="illustration2">
<canvas name="base" width="1" height="1">
</canvas>
<imgdir name="face">
<canvas name="0" width="218" height="239">
<vector name="origin" x="-8" y="124"/>
<int name="z" value="0"/>
<int name="delay" value="60"/>
<string name="_hash" value="e75ec73ea291ac5595ec7ca53009cf8e409c29c8581ee5bfa098e6b3b3595557"/>
</canvas>
<canvas name="1" width="218" height="239">
<vector name="origin" x="-8" y="124"/>
<int name="z" value="0"/>
<int name="delay" value="60"/>
<string name="_hash" value="e9a3b011053fbf61247bda2b5d27363e0a6c8d9defa47b277cccb7d6c0a298c8"/>
</canvas>
<canvas name="2" width="218" height="239">
<vector name="origin" x="-8" y="124"/>
<int name="z" value="0"/>
<int name="delay" value="60"/>
<string name="_hash" value="cca04a1ee3d01824292a464f433549fce65df061ef289ea3dbc8433e21748fc4"/>
</canvas>
<canvas name="3" width="218" height="239">
<vector name="origin" x="-8" y="124"/>
<int name="z" value="0"/>
<int name="delay" value="60"/>
<string name="_hash" value="423a0a94bc769eedc5b37e588dd3e6e3376b17008c3d8334d7a11522319f6a5f"/>
</canvas>
<canvas name="4" width="219" height="235">
<vector name="origin" x="-8" y="120"/>
<int name="z" value="0"/>
<int name="delay" value="60"/>
<string name="_hash" value="974ab2d970561b06b33e09cbf09386674828aa8e23a26b26e4488ebccb39bd89"/>
</canvas>
<canvas name="5" width="219" height="236">
<vector name="origin" x="-8" y="121"/>
<int name="z" value="0"/>
<int name="delay" value="60"/>
<string name="_hash" value="e43ab94b89f7e07f20931863b65d73251535d99e3feecb68ca62fc14fde451c9"/>
</canvas>
<canvas name="6" width="218" height="239">
<vector name="origin" x="-8" y="124"/>
<int name="z" value="0"/>
<int name="delay" value="60"/>
<string name="_hash" value="25b198021778d3034bf300f4e7f06b603c4690dea132199a12ef32b66d09898b"/>
</canvas>
</imgdir>
</imgdir>
<int name="hideName" value="1"/>
</imgdir>
<imgdir name="stand">
<canvas name="0" width="1" height="1">
</canvas>
</imgdir>
</imgdir>
