<?xml version="1.0" encoding="UTF-8" standalone="yes"?>
<imgdir name="1013615.img">
<imgdir name="info">
<imgdir name="illustration2">
<canvas name="base" width="1" height="1">
</canvas>
<imgdir name="face">
<canvas name="0" width="236" height="177">
<vector name="origin" x="4" y="80"/>
<int name="z" value="0"/>
<string name="_hash" value="a2fd72f647f0ce78d6f4c2ac81a26c7ad9828604c3f3f8ed9e17f37ef97d2862"/>
</canvas>
<canvas name="1" width="236" height="177">
<vector name="origin" x="4" y="80"/>
<int name="z" value="0"/>
<string name="_hash" value="24f84547e098f622e79d492fd8d64de199ac1cc0f9c51a7579c2a6067e03fabc"/>
</canvas>
<canvas name="2" width="210" height="188">
<vector name="origin" x="4" y="80"/>
<int name="z" value="0"/>
<string name="_hash" value="776eb7e86ee9793864274a210b8b82cc5473c55da2d9a18ca0f35c6f4ca733e4"/>
</canvas>
</imgdir>
</imgdir>
<int name="hideName" value="1"/>
</imgdir>
<imgdir name="stand">
<canvas name="0" width="236" height="177">
<vector name="origin" x="84" y="205"/>
<int name="z" value="0"/>
<string name="_hash" value="bd9b27176949ffda201bbfc4fff1e8506f85a21aa5e117d282e1d1cd3f78fbbd"/>
</canvas>
<canvas name="1" width="236" height="177">
<vector name="origin" x="84" y="204"/>
<int name="z" value="0"/>
<string name="_hash" value="70c062edb4dfc0bcdf0ad0ce078e0ba79bd7573aaf56ec314ba5dc03153c5315"/>
</canvas>
<canvas name="2" width="239" height="177">
<vector name="origin" x="85" y="203"/>
<int name="z" value="0"/>
<string name="_hash" value="b4569e853354cc11ca06769e6075b755bc11ae41f2adb347be5414096dc25ce4"/>
</canvas>
<canvas name="3" width="243" height="177">
<vector name="origin" x="85" y="202"/>
<int name="z" value="0"/>
<string name="_hash" value="82b90240e41fb13e1146b9eb94f95afae93cad546ff3c0ec4622945e7197e54a"/>
</canvas>
<canvas name="4" width="247" height="178">
<vector name="origin" x="85" y="202"/>
<int name="z" value="0"/>
<string name="_hash" value="b29ff721e89f91d8e4b6aa9609a75d66241ea0e898a565e728e1075b617b93fe"/>
</canvas>
<canvas name="5" width="250" height="178">
<vector name="origin" x="85" y="201"/>
<int name="z" value="0"/>
<string name="_hash" value="6b1f8f5a4c83d8197edcd1b67a531c4f790b3925fb46fb3113dcc1c32e2f7da9"/>
</canvas>
<canvas name="6" width="254" height="179">
<vector name="origin" x="86" y="201"/>
<int name="z" value="0"/>
<string name="_hash" value="05dcad46f68161331d55909327df7fefff4f06d6364d8006522073d7dab7e05e"/>
</canvas>
<canvas name="7" width="255" height="179">
<vector name="origin" x="86" y="201"/>
<int name="z" value="0"/>
<string name="_hash" value="e509e0a87b39953933631b2bbacd71027a0a4fcc138d4cab2b6bba422bdac179"/>
</canvas>
<canvas name="8" width="253" height="179">
<vector name="origin" x="85" y="201"/>
<int name="z" value="0"/>
<string name="_hash" value="c22a297a13a4bb448d94ffa50420ee7a6273aa75018f21815fefd8ba6702228e"/>
</canvas>
<canvas name="9" width="250" height="179">
<vector name="origin" x="85" y="202"/>
<int name="z" value="0"/>
<string name="_hash" value="b848b6a2853120ffc2eaf64875bd6fa7847f806231132f45aa83a57f72cd4ab0"/>
</canvas>
<canvas name="10" width="247" height="177">
<vector name="origin" x="85" y="202"/>
<int name="z" value="0"/>
<string name="_hash" value="7ac8c32cb9a3fd22e43ec28c26a8e1859949f75d2859fdd8d5d04d503debef0e"/>
</canvas>
<canvas name="11" width="245" height="178">
<vector name="origin" x="85" y="203"/>
<int name="z" value="0"/>
<string name="_hash" value="d0ee6bb3dcca0d20054b6722f751ab81c3c766882e7c3607a74fee62b07b674e"/>
</canvas>
<canvas name="12" width="243" height="177">
<vector name="origin" x="85" y="203"/>
<int name="z" value="0"/>
<string name="_hash" value="56eded3d516f5c0c0a3b2de967776686d1846321c90341b24d60c2b21691e629"/>
</canvas>
<canvas name="13" width="238" height="177">
<vector name="origin" x="84" y="204"/>
<int name="z" value="0"/>
<string name="_hash" value="d6263c0d65f94e3d7d57996c7712df2f09d35f68c6a51635f861989b7b608c2f"/>
</canvas>
<canvas name="14" width="237" height="177">
<vector name="origin" x="84" y="204"/>
<int name="z" value="0"/>
<string name="_hash" value="3c0fc91639786f2a037b8dcf9d2bde2f585c4c330bd604b2de62855a29f49efa"/>
</canvas>
<canvas name="15" width="236" height="176">
<vector name="origin" x="84" y="204"/>
<int name="z" value="0"/>
<string name="_hash" value="8bade00354f88b434542a9f2e952482aa428a3c929837082cab0610d95d4227b"/>
</canvas>
</imgdir>
<imgdir name="eye">
<canvas name="0" width="1" height="1">
<vector name="origin" x="84" y="205"/>
<int name="z" value="0"/>
<string name="_inlink" value="stand/0"/>
</canvas>
<canvas name="1" width="1" height="1">
<vector name="origin" x="84" y="204"/>
<int name="z" value="0"/>
<string name="_inlink" value="stand/1"/>
</canvas>
<canvas name="2" width="1" height="1">
<vector name="origin" x="85" y="203"/>
<int name="z" value="0"/>
<string name="_inlink" value="stand/2"/>
</canvas>
<canvas name="3" width="1" height="1">
<vector name="origin" x="85" y="202"/>
<int name="z" value="0"/>
<string name="_inlink" value="stand/3"/>
</canvas>
<canvas name="4" width="1" height="1">
<vector name="origin" x="85" y="202"/>
<int name="z" value="0"/>
<string name="_inlink" value="stand/4"/>
</canvas>
<canvas name="5" width="1" height="1">
<vector name="origin" x="85" y="201"/>
<int name="z" value="0"/>
<string name="_inlink" value="stand/5"/>
</canvas>
<canvas name="6" width="1" height="1">
<vector name="origin" x="86" y="201"/>
<int name="z" value="0"/>
<string name="_inlink" value="stand/6"/>
</canvas>
<canvas name="7" width="1" height="1">
<vector name="origin" x="86" y="201"/>
<int name="z" value="0"/>
<string name="_inlink" value="stand/7"/>
</canvas>
<canvas name="8" width="1" height="1">
<vector name="origin" x="85" y="201"/>
<int name="z" value="0"/>
<string name="_inlink" value="stand/8"/>
</canvas>
<canvas name="9" width="1" height="1">
<vector name="origin" x="85" y="202"/>
<int name="z" value="0"/>
<string name="_inlink" value="stand/9"/>
</canvas>
<canvas name="10" width="1" height="1">
<vector name="origin" x="85" y="202"/>
<int name="z" value="0"/>
<string name="_inlink" value="stand/10"/>
</canvas>
<canvas name="11" width="1" height="1">
<vector name="origin" x="85" y="203"/>
<int name="z" value="0"/>
<string name="_inlink" value="stand/11"/>
</canvas>
<canvas name="12" width="1" height="1">
<vector name="origin" x="85" y="203"/>
<int name="z" value="0"/>
<string name="_inlink" value="stand/12"/>
</canvas>
<canvas name="13" width="1" height="1">
<vector name="origin" x="84" y="204"/>
<int name="z" value="0"/>
<string name="_inlink" value="stand/13"/>
</canvas>
<canvas name="14" width="1" height="1">
<vector name="origin" x="84" y="204"/>
<int name="z" value="0"/>
<string name="_inlink" value="stand/14"/>
</canvas>
<canvas name="15" width="1" height="1">
<vector name="origin" x="84" y="204"/>
<int name="z" value="0"/>
<string name="_inlink" value="stand/15"/>
</canvas>
</imgdir>
<imgdir name="say">
<canvas name="0" width="236" height="177">
<vector name="origin" x="84" y="204"/>
<int name="z" value="0"/>
<string name="_hash" value="544a16a83d03b18f268d7bc7e52b1f4b89ba34e92fb2d38ff45a6fd85b6c04f3"/>
</canvas>
<canvas name="1" width="236" height="177">
<vector name="origin" x="84" y="204"/>
<int name="z" value="0"/>
<string name="_hash" value="f7124d10a41928aeb857cc6102d43d5b28a721634f62ec3815b8ac769d4a7615"/>
</canvas>
<canvas name="2" width="239" height="177">
<vector name="origin" x="85" y="203"/>
<int name="z" value="0"/>
<string name="_hash" value="d634c5208b9a59b2592f9517fba1e2c9e6322ea4699a23cb009d3c219b60bc3f"/>
</canvas>
<canvas name="3" width="242" height="177">
<vector name="origin" x="85" y="202"/>
<int name="z" value="0"/>
<string name="_hash" value="32b30157a29b68b4538d7ef1c5af5ede7eb3a6286c2bf0978d305c419f503abb"/>
</canvas>
<canvas name="4" width="245" height="178">
<vector name="origin" x="85" y="202"/>
<int name="z" value="0"/>
<string name="_hash" value="58cf37f2883874512bfc20ef0085a3247a7904ea2e14b4b01e0335ebca43c08c"/>
</canvas>
<canvas name="5" width="249" height="179">
<vector name="origin" x="85" y="202"/>
<int name="z" value="0"/>
<string name="_hash" value="dcf7497a966f511b55162142d8f1cd8fe4a96b63bd430f9b1aa7a99304e54b5e"/>
</canvas>
<canvas name="6" width="251" height="179">
<vector name="origin" x="85" y="201"/>
<int name="z" value="0"/>
<string name="_hash" value="bc5d3571975a13f8bff051fa9b9f2a2f67d5c31fa2a7ea40eaf104ded7b956e8"/>
</canvas>
<canvas name="7" width="255" height="179">
<vector name="origin" x="86" y="200"/>
<int name="z" value="0"/>
<string name="_hash" value="84c19e8f9585ba43d64798da4dc1e6a8309814f5d9afbd806271fe7a47dbaf18"/>
</canvas>
<canvas name="8" width="255" height="180">
<vector name="origin" x="86" y="201"/>
<int name="z" value="0"/>
<string name="_hash" value="c1d0881f624d66fc36237c28d4dc53da0a4b0c00a78a2ae32a64642b316461aa"/>
</canvas>
<canvas name="9" width="253" height="179">
<vector name="origin" x="85" y="201"/>
<int name="z" value="0"/>
<string name="_hash" value="eb766958754dd4c14375b6fb8d4f256cc7cff2cf115ecad668b9046fa64a45da"/>
</canvas>
<canvas name="10" width="251" height="179">
<vector name="origin" x="85" y="202"/>
<int name="z" value="0"/>
<string name="_hash" value="0ed7fc0a43098fa19e2cbb419ec4570f01d365fbd0dc2391de3f504acc196271"/>
</canvas>
<canvas name="11" width="248" height="178">
<vector name="origin" x="85" y="202"/>
<int name="z" value="0"/>
<string name="_hash" value="c3d64b6dcbffa94c5b644c0f68d0dbcb71a8a3a38082de0c3067f32988c2c235"/>
</canvas>
<canvas name="12" width="245" height="177">
<vector name="origin" x="85" y="202"/>
<int name="z" value="0"/>
<string name="_hash" value="60570aa35c8b8c8e91bc8119e4ddb03abfb9ab96d1de20cbf96035921a54379a"/>
</canvas>
<canvas name="13" width="242" height="177">
<vector name="origin" x="85" y="203"/>
<int name="z" value="0"/>
<string name="_hash" value="ab8870322b52048e30188afd6e3a9e76032393da68b7fa34731299a27163d01a"/>
</canvas>
<canvas name="14" width="238" height="177">
<vector name="origin" x="84" y="204"/>
<int name="z" value="0"/>
<string name="_hash" value="0ef3fc6e37492c25e48e73c91d3805709d7be7a4ee69ce9088005055b5cab416"/>
</canvas>
<canvas name="15" width="237" height="177">
<vector name="origin" x="84" y="204"/>
<int name="z" value="0"/>
<string name="_hash" value="576675a2fba2d2438e04812f9435f3940c3e10cd5ce1da8dcedcfb21b175e266"/>
</canvas>
</imgdir>
<imgdir name="proud">
<canvas name="0" width="236" height="177">
<vector name="origin" x="84" y="205"/>
<int name="z" value="0"/>
<string name="_hash" value="4bbc0b60e91de63da6a44b0c710813ae9ec8d48dcc414db98b69ca9e30b7f566"/>
</canvas>
<canvas name="1" width="236" height="177">
<vector name="origin" x="84" y="204"/>
<int name="z" value="0"/>
<string name="_hash" value="c6cfb38f668d9267e29f87df812fd4f52c4feed0d3c0f1eaa4615780798784cf"/>
</canvas>
<canvas name="2" width="239" height="177">
<vector name="origin" x="85" y="203"/>
<int name="z" value="0"/>
<string name="_hash" value="d9215a08f48adee4a3a50e4b81e99b24344c075ec9ac67311b356eb731644456"/>
</canvas>
<canvas name="3" width="243" height="177">
<vector name="origin" x="85" y="202"/>
<int name="z" value="0"/>
<string name="_hash" value="2d0e8cbd00a85f3f98ea6015c3479ede545cc13762acccd64894b2fa319b4721"/>
</canvas>
<canvas name="4" width="247" height="178">
<vector name="origin" x="85" y="202"/>
<int name="z" value="0"/>
<string name="_hash" value="cd39ad45ba3e15a5c2a2fc597ffc5ec9fabd21ab38a8617cdc045dd93821decd"/>
</canvas>
<canvas name="5" width="250" height="178">
<vector name="origin" x="85" y="201"/>
<int name="z" value="0"/>
<string name="_hash" value="b5a73fabd635022df8c603b7998ae0368a4e8a6cb6197af5ca204b77018421db"/>
</canvas>
<canvas name="6" width="254" height="179">
<vector name="origin" x="86" y="201"/>
<int name="z" value="0"/>
<string name="_hash" value="ae5632610741c8ef5a5dcddb1a9a908d3b1ede1d5830d3037bf4065457fd20b9"/>
</canvas>
<canvas name="7" width="255" height="179">
<vector name="origin" x="86" y="201"/>
<int name="z" value="0"/>
<string name="_hash" value="80c58010977ba842d26a2da3048471801e1c86a4a16bb7569bfb561b46d03051"/>
</canvas>
<canvas name="8" width="253" height="179">
<vector name="origin" x="85" y="201"/>
<int name="z" value="0"/>
<string name="_hash" value="fe08f126a3d9500527d48119715fdc9f9ad554d1d41f7d423703cebdc9e8cb3e"/>
</canvas>
<canvas name="9" width="252" height="178">
<vector name="origin" x="85" y="201"/>
<int name="z" value="0"/>
<string name="_hash" value="e2bba05f36c2312e759b3faab0e67ce61106fc4884d0e5d68d5fa5bbf4a8675e"/>
</canvas>
<canvas name="10" width="249" height="178">
<vector name="origin" x="85" y="202"/>
<int name="z" value="0"/>
<string name="_hash" value="b182e430266bbb89b46fa18a3d8bd371cb2026dabc4b88208ae54c9b85104a6f"/>
</canvas>
<canvas name="11" width="247" height="177">
<vector name="origin" x="85" y="202"/>
<int name="z" value="0"/>
<string name="_hash" value="b48e7a02b3cd25991a07d1db19c9057f0314dff96b1bdad3f409a376c53ad065"/>
</canvas>
<canvas name="12" width="243" height="177">
<vector name="origin" x="85" y="203"/>
<int name="z" value="0"/>
<string name="_hash" value="6941a506bf831888e621d7e1c2c9ff3d52125210670b4548db335b56dcdea98d"/>
</canvas>
<canvas name="13" width="240" height="177">
<vector name="origin" x="84" y="203"/>
<int name="z" value="0"/>
<string name="_hash" value="ca65a3d16e56ac10335f071eda0f4a81cb06426b5293fd771ca29cd7e54a6d9a"/>
</canvas>
<canvas name="14" width="237" height="177">
<vector name="origin" x="84" y="204"/>
<int name="z" value="0"/>
<string name="_hash" value="81da7aadaaa2cdb5441cfa52c1003b7c9cef733a2347698b8707e8a60f2ba73c"/>
</canvas>
<canvas name="15" width="236" height="176">
<vector name="origin" x="84" y="204"/>
<int name="z" value="0"/>
<string name="_hash" value="a77861b34968ac80427c62ff2ed5608a71baef444c0777edf54e6e516db797f7"/>
</canvas>
<int name="special" value="1"/>
</imgdir>
<imgdir name="angry">
<canvas name="0" width="223" height="184">
<vector name="origin" x="88" y="218"/>
<int name="z" value="0"/>
<string name="_hash" value="53e3fc0998a82689db659e3cf0cafb61780e0b9410f4ea69b9767054af32f384"/>
</canvas>
<canvas name="1" width="210" height="188">
<vector name="origin" x="87" y="217"/>
<int name="z" value="0"/>
<string name="_hash" value="6f40f3dc434c92fb6d5e2ff5e288357a4a4ef55b22c8fa3df45bd2821854c49e"/>
</canvas>
<canvas name="2" width="203" height="190">
<vector name="origin" x="77" y="219"/>
<int name="z" value="0"/>
<string name="_hash" value="ddfd03fb4766ea63b39f48662323bb6a41720b3ceb040c0451fb3ea73960a12c"/>
</canvas>
<canvas name="3" width="200" height="190">
<vector name="origin" x="69" y="220"/>
<int name="z" value="0"/>
<string name="_hash" value="cda5a78d38cf8b8693c47d1a0f792bef5d18477154ddc73edfc6632cc65e1204"/>
</canvas>
<canvas name="4" width="199" height="190">
<vector name="origin" x="64" y="221"/>
<int name="z" value="0"/>
<string name="_hash" value="9c82255d45c4ed574f734e30f0c984081e88b8d05d9824d7357c2f805b895452"/>
</canvas>
<canvas name="5" width="1" height="1">
<vector name="origin" x="60" y="221"/>
<int name="z" value="0"/>
<string name="_inlink" value="angry/4"/>
</canvas>
<canvas name="6" width="1" height="1">
<vector name="origin" x="58" y="221"/>
<int name="z" value="0"/>
<string name="_inlink" value="angry/4"/>
</canvas>
<canvas name="7" width="198" height="191">
<vector name="origin" x="55" y="223"/>
<int name="z" value="0"/>
<string name="_hash" value="8ffa5a967e818e04ac501e1a78231f459dca0191c772db46ff66d6f00079a9a0"/>
</canvas>
<canvas name="8" width="199" height="191">
<vector name="origin" x="53" y="224"/>
<int name="z" value="0"/>
<string name="_hash" value="bad9fb5ac44543481606d879c8d6f91aa401daf26eeacf046601d6dd608136fa"/>
</canvas>
<canvas name="9" width="200" height="191">
<vector name="origin" x="51" y="225"/>
<int name="z" value="0"/>
<string name="_hash" value="dbceec9a9fc087f592f17f25bb2d73d33b63e0abbf2f48377b11ef7b18c53c3d"/>
</canvas>
<canvas name="10" width="202" height="192">
<vector name="origin" x="51" y="226"/>
<int name="z" value="0"/>
<string name="_hash" value="5b5edb036fd48bf4b8bc23e340611cab5af644a824c428fa7206a6e734718925"/>
</canvas>
<canvas name="11" width="204" height="191">
<vector name="origin" x="51" y="226"/>
<int name="z" value="0"/>
<string name="_hash" value="9235e8e8cf1f2d6ef4e2ea6a5bff83ec25cb5e31acdd2cee87b8647c2521076b"/>
</canvas>
<canvas name="12" width="208" height="192">
<vector name="origin" x="52" y="227"/>
<int name="z" value="0"/>
<string name="_hash" value="8dcd6fc98ef9fb92cc18e86035986249c80214b37156f64f87016a2a59da90b1"/>
</canvas>
<canvas name="13" width="211" height="191">
<vector name="origin" x="53" y="227"/>
<int name="z" value="0"/>
<string name="_hash" value="2cf5b3f96cf557184d33901cf0933a4fc83ea649bfd26d9986eee4a09503fa58"/>
</canvas>
<canvas name="14" width="216" height="190">
<vector name="origin" x="56" y="226"/>
<int name="z" value="0"/>
<string name="_hash" value="1046affa225aeb55b39eff2fc4be5da66e49e52d6d6fd8ae7f0c7ef4542a8ae4"/>
</canvas>
<canvas name="15" width="222" height="189">
<vector name="origin" x="60" y="225"/>
<int name="z" value="0"/>
<string name="_hash" value="6ade67407444cd4f3cd3e02e042988312b0d5c3979c87d36efd2a0fe554841ad"/>
</canvas>
<canvas name="16" width="231" height="185">
<vector name="origin" x="67" y="221"/>
<int name="z" value="0"/>
<string name="_hash" value="1e0032058d6226764fa55af6b74ea91a13a0ccc482a259ce1b6f241312b0b83b"/>
</canvas>
<int name="special" value="1"/>
</imgdir>
<imgdir name="tada">
<canvas name="0" width="15" height="502">
<vector name="origin" x="8" y="683"/>
<int name="z" value="0"/>
<string name="_hash" value="04b4042d5b098485553ef6bbb8d13fecffeb77cd165e4b4809021eec3129c44d"/>
</canvas>
<canvas name="1" width="147" height="531">
<vector name="origin" x="70" y="659"/>
<int name="z" value="0"/>
<string name="_hash" value="a1de99a0e2309db22a44f29a35746920a21beba72d745825aad04d181ba49f3d"/>
</canvas>
<canvas name="2" width="258" height="390">
<vector name="origin" x="112" y="368"/>
<int name="z" value="0"/>
<string name="_hash" value="6e53d76a89a6bdcb3a047329609b0536cc351d1434c9aed080457acb345b55f2"/>
</canvas>
<canvas name="3" width="312" height="350">
<vector name="origin" x="139" y="284"/>
<int name="z" value="0"/>
<string name="_hash" value="02b9a57a4a6f072c44790c650f59edacf8769331048b797ae6ef30ec2187dbd0"/>
</canvas>
<canvas name="4" width="340" height="364">
<vector name="origin" x="160" y="285"/>
<int name="z" value="0"/>
<string name="_hash" value="2a10e7fd7ac5223589e8f21286a79e805658a7f1a95bb2a9f3bc9e8341e4f3bc"/>
</canvas>
<canvas name="5" width="379" height="362">
<vector name="origin" x="179" y="282"/>
<int name="z" value="0"/>
<string name="_hash" value="74eedaff55952a526e7022515d1b090164480e0f66f36403b5e9c9a286059767"/>
</canvas>
<canvas name="6" width="384" height="354">
<vector name="origin" x="181" y="276"/>
<int name="z" value="0"/>
<string name="_hash" value="d2c418f6518ca5763279adceddfd762a1562242b374915a72f8c49d4e039f604"/>
</canvas>
<canvas name="7" width="385" height="345">
<vector name="origin" x="181" y="272"/>
<int name="z" value="0"/>
<string name="_hash" value="5c9d0680c6c1917824c3edf602ea7dc898449558d9438f6958c5bd1027170a60"/>
</canvas>
<canvas name="8" width="386" height="340">
<vector name="origin" x="182" y="272"/>
<int name="z" value="0"/>
<string name="_hash" value="9d24f529b02899fc4600ea7c35738dd4629b5f447c235f7178392001122bfb6f"/>
</canvas>
<canvas name="9" width="385" height="335">
<vector name="origin" x="181" y="272"/>
<int name="z" value="0"/>
<string name="_hash" value="037a12c12444af9b25af6b31c30e0e72b448d6d203405b8a0bade65c6fc5f214"/>
</canvas>
<canvas name="10" width="383" height="280">
<vector name="origin" x="180" y="271"/>
<int name="z" value="0"/>
<string name="_hash" value="9ce7554d68485c9f335dbed2f73cf13c9afc94e7d6c6ae9c003c458e3ddfab9e"/>
</canvas>
<canvas name="11" width="352" height="277">
<vector name="origin" x="151" y="269"/>
<int name="z" value="0"/>
<string name="_hash" value="b3b37532039e3fd6cc66cd7468f90e19eb46ac35ea6bb156f099e1a8a426d2cc"/>
</canvas>
<canvas name="12" width="300" height="230">
<vector name="origin" x="151" y="222"/>
<int name="z" value="0"/>
<string name="_hash" value="3cae19b0f93268295bedbc8b751f78268c853a340fd48befa9f5b3b0687664d9"/>
</canvas>
<int name="special" value="1"/>
</imgdir>
</imgdir>
