<?xml version="1.0" encoding="UTF-8" standalone="yes"?>
<imgdir name="1013618.img">
<imgdir name="info">
<int name="hideName" value="1"/>
</imgdir>
<imgdir name="stand">
<canvas name="0" width="1" height="1">
<vector name="origin" x="31" y="80"/>
<int name="z" value="0"/>
<int name="delay" value="150"/>
<string name="_hash" value="694a1697c0945b8f34687932ec3e4d4f05eaaf94561374c7e13443f4bd1da382"/>
<string name="_outlink" value="Npc/1013502.img/gloom/2"/>
</canvas>
</imgdir>
</imgdir>
