<?xml version="1.0" encoding="UTF-8" standalone="yes"?>
<imgdir name="1013352.img">
<imgdir name="info">
<int name="hideName" value="1"/>
<imgdir name="illustration2">
<canvas name="base" width="1" height="1">
</canvas>
<imgdir name="face">
<canvas name="0" width="208" height="213">
<vector name="origin" x="-6" y="93"/>
<int name="z" value="0"/>
<string name="_hash" value="96f89dcff206327264ac655bbe9a43fc1a80aff2b152c9fbcacd22229550f5e0"/>
</canvas>
<canvas name="1" width="208" height="213">
<vector name="origin" x="-6" y="93"/>
<int name="z" value="0"/>
<int name="delay" value="180"/>
<string name="_hash" value="ea59bcd0bb1688da84b4e93cae997077d178c3b50f3fdd751afe444090824a4b"/>
</canvas>
</imgdir>
</imgdir>
</imgdir>
<imgdir name="stand">
<canvas name="0" width="1" height="1">
<vector name="origin" x="43" y="60"/>
<int name="z" value="0"/>
<string name="_hash" value="ce9df618c2af39e7a3cc7e1e194ba6ade10b1f3292b4d7925c0b8f05128c9e0f"/>
<string name="_outlink" value="Npc/1013301.img/stand/0"/>
</canvas>
</imgdir>
<imgdir name="say">
<canvas name="0" width="1" height="1">
<vector name="origin" x="43" y="60"/>
<int name="z" value="0"/>
<int name="delay" value="210"/>
<string name="_outlink" value="Npc/1013301.img/stand/0"/>
</canvas>
<canvas name="1" width="1" height="1">
<vector name="origin" x="44" y="60"/>
<int name="z" value="0"/>
<int name="delay" value="210"/>
<string name="_hash" value="61c4127793b1b27116e18af950bb908af4f75be2fde8950d3c83712d5627b4d6"/>
<string name="_outlink" value="Npc/1013301.img/say/1"/>
</canvas>
<canvas name="2" width="1" height="1">
<vector name="origin" x="44" y="60"/>
<int name="z" value="0"/>
<int name="delay" value="210"/>
<string name="_hash" value="2953be63df1c65cbfc949a37dfaf7e4f43f8a3d1eb4c74bb6a777e8077e162ef"/>
<string name="_outlink" value="Npc/1013301.img/say/2"/>
</canvas>
<canvas name="3" width="1" height="1">
<vector name="origin" x="43" y="60"/>
<int name="z" value="0"/>
<int name="delay" value="210"/>
<string name="_outlink" value="Npc/1013301.img/stand/0"/>
</canvas>
<canvas name="4" width="1" height="1">
<vector name="origin" x="43" y="60"/>
<int name="z" value="0"/>
<int name="delay" value="210"/>
<string name="_outlink" value="Npc/1013301.img/stand/0"/>
</canvas>
<canvas name="5" width="1" height="1">
<vector name="origin" x="44" y="60"/>
<int name="z" value="0"/>
<int name="delay" value="210"/>
<string name="_hash" value="f80255b66ea2b10918d47227bcc5b07ecfa9b32eecb1003b5f049339f3d8b013"/>
<string name="_outlink" value="Npc/1013301.img/say/5"/>
</canvas>
<canvas name="6" width="1" height="1">
<vector name="origin" x="44" y="60"/>
<int name="z" value="0"/>
<int name="delay" value="210"/>
<string name="_outlink" value="Npc/1013301.img/say/2"/>
</canvas>
<canvas name="7" width="1" height="1">
<vector name="origin" x="43" y="60"/>
<int name="z" value="0"/>
<int name="delay" value="210"/>
<string name="_outlink" value="Npc/1013301.img/stand/0"/>
</canvas>
</imgdir>
<imgdir name="blink">
<canvas name="0" width="1" height="1">
<vector name="origin" x="43" y="60"/>
<int name="z" value="0"/>
<int name="delay" value="210"/>
<string name="_hash" value="9f4d76e46c583da4501b37d3d720d4d397390c43eb490fb48208d9053c623553"/>
<string name="_outlink" value="Npc/1013301.img/blink/0"/>
</canvas>
<canvas name="1" width="1" height="1">
<vector name="origin" x="43" y="60"/>
<int name="z" value="0"/>
<int name="delay" value="210"/>
<string name="_hash" value="845e087aa2aab6fc4598173674c1b1fe5b37a6c7e10e68f3d775a765da3fe0ba"/>
<string name="_outlink" value="Npc/1013301.img/blink/1"/>
</canvas>
<canvas name="2" width="1" height="1">
<vector name="origin" x="43" y="60"/>
<int name="z" value="0"/>
<int name="delay" value="210"/>
<string name="_outlink" value="Npc/1013301.img/blink/0"/>
</canvas>
<canvas name="3" width="1" height="1">
<vector name="origin" x="43" y="60"/>
<int name="z" value="0"/>
<int name="delay" value="210"/>
<string name="_hash" value="c6329a9054a45ff849912a55445b6a9f070c7b33d86c0134d5cd04a14fa9ea5f"/>
<string name="_outlink" value="Npc/1013301.img/blink/3"/>
</canvas>
</imgdir>
<imgdir name="special1">
<canvas name="0" width="1" height="1">
<vector name="origin" x="43" y="60"/>
<int name="z" value="0"/>
<string name="_outlink" value="Npc/1013301.img/stand/0"/>
</canvas>
<canvas name="1" width="165" height="104">
<vector name="origin" x="91" y="91"/>
<int name="z" value="0"/>
<string name="_hash" value="f49e556e66c50bd938be95d5d67fdfd423f349f7dc19bf98c63bb62a59af9d00"/>
</canvas>
<canvas name="2" width="154" height="171">
<vector name="origin" x="96" y="147"/>
<int name="z" value="0"/>
<string name="_hash" value="846fd716076d7b9c150fc222216ae490650da131eadfdce546045f1101f0b154"/>
</canvas>
<canvas name="3" width="139" height="157">
<vector name="origin" x="90" y="139"/>
<int name="z" value="0"/>
<string name="_hash" value="965fb342c76def8c772da7804ce78ca5fc01feb484ef1766077cbbd19aa71a0a"/>
</canvas>
<canvas name="4" width="123" height="129">
<vector name="origin" x="76" y="121"/>
<int name="z" value="0"/>
<string name="_hash" value="83ad436a8c320018b74e2049a7370045a11152c7af2330fa4e5c95fe82489a47"/>
</canvas>
<canvas name="5" width="110" height="115">
<vector name="origin" x="75" y="109"/>
<int name="z" value="0"/>
<string name="_hash" value="01019fa3e419fc2ddaf044adb8009842b9435330add3b7945d95d13427bb469e"/>
</canvas>
<canvas name="6" width="129" height="130">
<vector name="origin" x="90" y="120"/>
<int name="z" value="0"/>
<string name="_hash" value="a9ad17e0f40454cb6ef67c200528f885ee75f6d3e17f33ffc395ea052a6c1d1b"/>
</canvas>
<canvas name="7" width="127" height="128">
<vector name="origin" x="89" y="119"/>
<int name="z" value="0"/>
<string name="_hash" value="2b239a1141c8c07b54716e720d00fa3a06264481950a8c33f4ad0bb3af742ec3"/>
</canvas>
<canvas name="8" width="120" height="119">
<vector name="origin" x="86" y="113"/>
<int name="z" value="0"/>
<string name="_hash" value="6ac6183bedea701644729cd47237530143cbe65813f2038d9ff867b0aaa653e0"/>
</canvas>
<canvas name="9" width="118" height="117">
<vector name="origin" x="85" y="112"/>
<int name="z" value="0"/>
<string name="_hash" value="9ce6b35126aab482694ad1ae935a1f0575268501241b8e0a3f08eb51f9c1e5a7"/>
</canvas>
<canvas name="10" width="1" height="1">
<vector name="origin" x="43" y="60"/>
<int name="z" value="0"/>
<string name="_outlink" value="Npc/1013301.img/stand/0"/>
</canvas>
<canvas name="11" width="1" height="1">
<vector name="origin" x="43" y="60"/>
<int name="z" value="0"/>
<string name="_outlink" value="Npc/1013301.img/stand/0"/>
</canvas>
<int name="special" value="1"/>
</imgdir>
<imgdir name="special2">
<canvas name="0" width="66" height="61">
<vector name="origin" x="43" y="60"/>
<int name="z" value="0"/>
<string name="_hash" value="d3c15c6ea729fa614bc513b285d4c890b70c5e40a26f3b095561f3ca96e56dfc"/>
</canvas>
<canvas name="1" width="66" height="75">
<vector name="origin" x="43" y="75"/>
<int name="z" value="0"/>
<string name="_hash" value="a6f3a9dbe45211273f3108c48fd2fa502d988d5d44926021a7df8da7c1986350"/>
</canvas>
<canvas name="2" width="68" height="61">
<vector name="origin" x="45" y="58"/>
<int name="z" value="0"/>
<string name="_hash" value="81370c826a4776d7746955941f2ac200395567a5b24adbaaf87dede24da106d6"/>
</canvas>
<canvas name="3" width="74" height="62">
<vector name="origin" x="51" y="60"/>
<int name="z" value="0"/>
<string name="_hash" value="8f0244e50ab53a841b54b878bf8ed07209f3c82d33b15649817487f91fb9ecea"/>
</canvas>
<canvas name="4" width="68" height="62">
<vector name="origin" x="45" y="60"/>
<int name="z" value="0"/>
<string name="_hash" value="8648d39f5b80660f94c6e998c9d6df34d8d3f16f788de03e4e22be5ab32383f9"/>
</canvas>
<int name="special" value="1"/>
</imgdir>
</imgdir>
