<?xml version="1.0" encoding="UTF-8" standalone="yes"?>
<imgdir name="1013351.img">
<imgdir name="info">
<int name="forceMove" value="1"/>
<int name="hideName" value="1"/>
<imgdir name="illustration2">
<canvas name="base" width="1" height="1">
</canvas>
<imgdir name="face">
<canvas name="0" width="177" height="203">
<vector name="origin" x="-29" y="88"/>
<int name="z" value="0"/>
<string name="_hash" value="7ce10bdadafb85115efcb0e6b3cbd3216070ed12189229943003b0e4c8db9480"/>
</canvas>
<canvas name="1" width="178" height="203">
<vector name="origin" x="-29" y="88"/>
<int name="z" value="0"/>
<int name="delay" value="180"/>
<string name="_hash" value="d851d59fdc5646ddfab950465485514e922305cf3192d2f8731cbd05fddafe57"/>
</canvas>
</imgdir>
</imgdir>
</imgdir>
<imgdir name="stand">
<canvas name="0" width="1" height="1">
<vector name="origin" x="15" y="53"/>
<int name="z" value="0"/>
<string name="_hash" value="074254394e9c37318262f98128c2cf5e1d5c8dbae76ebc09e2e0cd6b6d6b7b86"/>
<string name="_outlink" value="Npc/1013310.img/stand/0"/>
</canvas>
</imgdir>
<imgdir name="say">
<canvas name="0" width="1" height="1">
<vector name="origin" x="15" y="53"/>
<int name="z" value="0"/>
<string name="_outlink" value="Npc/1013310.img/stand/0"/>
</canvas>
<canvas name="1" width="1" height="1">
<vector name="origin" x="15" y="53"/>
<int name="z" value="0"/>
<string name="_hash" value="86da292f4917e21c5b1beded489fea8d4786def5ff7bfc9985ccd527cf8d1e49"/>
<string name="_outlink" value="Npc/1013310.img/say/1"/>
</canvas>
<canvas name="2" width="1" height="1">
<vector name="origin" x="15" y="53"/>
<int name="z" value="0"/>
<string name="_hash" value="2ecfc6c7eb51bdbb43b2980d0eec11e6c6498cb161729660e77b1c311c917f25"/>
<string name="_outlink" value="Npc/1013310.img/say/2"/>
</canvas>
<canvas name="3" width="1" height="1">
<vector name="origin" x="15" y="53"/>
<int name="z" value="0"/>
<string name="_outlink" value="Npc/1013310.img/say/1"/>
</canvas>
</imgdir>
<imgdir name="move">
<canvas name="0" width="35" height="55">
<vector name="origin" x="15" y="55"/>
<int name="z" value="0"/>
<string name="_hash" value="6c84d15aca39b93c3008f78d26cb66e6bc2f5338a4d0db8959593ae7695f3601"/>
</canvas>
<canvas name="1" width="1" height="1">
<vector name="origin" x="15" y="53"/>
<int name="z" value="0"/>
<string name="_outlink" value="Npc/1013310.img/stand/0"/>
</canvas>
<canvas name="2" width="35" height="55">
<vector name="origin" x="15" y="55"/>
<int name="z" value="0"/>
<string name="_hash" value="c14d1216f07cdff5f5c95f3514d856fa022c491d2945763badb515ab2f685e72"/>
</canvas>
<canvas name="3" width="1" height="1">
<vector name="origin" x="15" y="53"/>
<int name="z" value="0"/>
<string name="_outlink" value="Npc/1013310.img/stand/0"/>
</canvas>
</imgdir>
<imgdir name="lope">
<canvas name="0" width="34" height="55">
<vector name="origin" x="19" y="138"/>
<int name="z" value="0"/>
<string name="_hash" value="15cc23b9a8e23d9ded2e9d4864d33e6d306a36520485fa00687c2d5464299966"/>
</canvas>
<int name="special" value="1"/>
</imgdir>
</imgdir>
