<?xml version="1.0" encoding="UTF-8" standalone="yes"?>
<imgdir name="1013324.img">
<imgdir name="info">
<int name="hideName" value="1"/>
</imgdir>
<imgdir name="stand">
<canvas name="0" width="109" height="73">
<vector name="origin" x="53" y="69"/>
<int name="z" value="0"/>
<string name="_hash" value="e9b947c36f15f2db7a40cbbc058e8d6c1fcd5a0856bd8d5f6adbfa4de1e3a64b"/>
</canvas>
</imgdir>
<imgdir name="condition2">
<imgdir name="35948">
<imgdir name="0">
<string name="key" value="24"/>
<string name="value" value="h0"/>
</imgdir>
</imgdir>
<uol name="stand" value="../stand"/>
<int name="hide" value="1"/>
</imgdir>
<imgdir name="condition3">
<imgdir name="35948">
<imgdir name="0">
<string name="key" value="24"/>
<string name="value" value="h1"/>
</imgdir>
</imgdir>
<uol name="stand" value="../stand"/>
</imgdir>
</imgdir>
