<?xml version="1.0" encoding="UTF-8" standalone="yes"?>
<imgdir name="1013511.img">
<imgdir name="info">
</imgdir>
<imgdir name="stand">
<canvas name="0" width="42" height="35">
<vector name="origin" x="17" y="35"/>
<int name="z" value="0"/>
<string name="_hash" value="9c8b17b003516a5ddb759df5567c8009e1fc990756a4335affcf2613ba75282a"/>
</canvas>
<canvas name="1" width="43" height="34">
<vector name="origin" x="18" y="34"/>
<int name="z" value="0"/>
<string name="_hash" value="98d969d296e7eab2d0282bda24558240c625db3dc95d9acd8050dd5da59b3eda"/>
</canvas>
<canvas name="2" width="1" height="1">
<vector name="origin" x="17" y="35"/>
<int name="z" value="0"/>
<string name="_inlink" value="stand/0"/>
</canvas>
<canvas name="3" width="41" height="36">
<vector name="origin" x="16" y="36"/>
<int name="z" value="0"/>
<string name="_hash" value="512485a61c125513e00b23b5b70739860a3b77dc03c441a7d3d5a33a9b96c96a"/>
</canvas>
</imgdir>
<imgdir name="eye">
<canvas name="0" width="1" height="1">
<vector name="origin" x="17" y="35"/>
<int name="z" value="0"/>
<string name="_inlink" value="stand/0"/>
</canvas>
<canvas name="1" width="42" height="35">
<vector name="origin" x="17" y="35"/>
<int name="z" value="0"/>
<string name="_hash" value="17ceee4c0e877e8f6560058bc4c86049756a6ac10e908a726998d61134988953"/>
</canvas>
<canvas name="2" width="42" height="35">
<vector name="origin" x="17" y="35"/>
<int name="z" value="0"/>
<string name="_hash" value="bdc2abef78e517d0dac51981dfd253aa56ba47e78ba5ef3d12a8ec73705160ec"/>
</canvas>
</imgdir>
<imgdir name="say">
<canvas name="0" width="42" height="35">
<vector name="origin" x="17" y="35"/>
<int name="z" value="0"/>
<int name="delay" value="180"/>
<string name="_hash" value="0481e790182e1f54738273cf80b0470a755b8a113ff10d292b3ec1ffbada3ff7"/>
</canvas>
<canvas name="1" width="41" height="36">
<vector name="origin" x="16" y="36"/>
<int name="z" value="0"/>
<int name="delay" value="180"/>
<string name="_hash" value="66bfcad2371bafeb34b3a9b04b4467771125cc6e86288d653e086a2ff1a4d37d"/>
</canvas>
<canvas name="2" width="1" height="1">
<vector name="origin" x="17" y="35"/>
<int name="z" value="0"/>
<int name="delay" value="180"/>
<string name="_inlink" value="say/0"/>
</canvas>
<canvas name="3" width="1" height="1">
<vector name="origin" x="16" y="36"/>
<int name="z" value="0"/>
<int name="delay" value="180"/>
<string name="_inlink" value="say/1"/>
</canvas>
</imgdir>
<imgdir name="walk">
<canvas name="0" width="42" height="35">
<vector name="origin" x="17" y="35"/>
<int name="z" value="0"/>
<string name="_hash" value="8305b847f00704c98adefdda9834fc3c6b55122405e0aadc9b58327cbb8a5621"/>
</canvas>
<canvas name="1" width="42" height="34">
<vector name="origin" x="18" y="34"/>
<int name="z" value="0"/>
<string name="_hash" value="a0deef3ef9d289cd77ccd1e8cd109971216aa99dd4f0632e41f90850df11b4bc"/>
</canvas>
<canvas name="2" width="46" height="36">
<vector name="origin" x="16" y="53"/>
<int name="z" value="0"/>
<string name="_hash" value="725cced79218e0a7f366f541f86dbc9acae228bde51725f505775ba606074253"/>
</canvas>
<canvas name="3" width="44" height="42">
<vector name="origin" x="17" y="55"/>
<int name="z" value="0"/>
<string name="_hash" value="291842e4b199ccf4f6e63cb1c1dfda2e8738f4f96f1de8409890a772a35ff571"/>
</canvas>
<int name="special" value="1"/>
</imgdir>
<imgdir name="angry">
<canvas name="0" width="1" height="1">
<vector name="origin" x="17" y="35"/>
<int name="z" value="0"/>
<int name="delay" value="180"/>
<string name="_inlink" value="stand/0"/>
</canvas>
<canvas name="1" width="41" height="36">
<vector name="origin" x="16" y="36"/>
<int name="z" value="0"/>
<int name="delay" value="180"/>
<string name="_hash" value="20a6a8b24239cbba25f19978c6730bc8730fbe20858731e60944be7325696e8f"/>
</canvas>
<canvas name="2" width="40" height="37">
<vector name="origin" x="15" y="37"/>
<int name="z" value="0"/>
<int name="delay" value="180"/>
<string name="_hash" value="86630b6aa8245ce7641c1d8d12b7bf2b2cd2fc488ec3a5e6c6751471273ea593"/>
</canvas>
<canvas name="3" width="39" height="38">
<vector name="origin" x="14" y="38"/>
<int name="z" value="0"/>
<int name="delay" value="180"/>
<string name="_hash" value="19bfd000b786baa8fc92802c737ad451e95bee3390b4deb49994e10557d44ac9"/>
</canvas>
<canvas name="4" width="43" height="58">
<vector name="origin" x="20" y="58"/>
<int name="z" value="0"/>
<int name="delay" value="180"/>
<string name="_hash" value="c842eb7b5f3a8023a4510ecd3070f889ccabed12241499167cf5b967c85bbd25"/>
</canvas>
<canvas name="5" width="49" height="57">
<vector name="origin" x="23" y="57"/>
<int name="z" value="0"/>
<int name="delay" value="180"/>
<string name="_hash" value="3e71a68805a9b074b346ddccac91ddacca41361290ee897d86794a873b7541c7"/>
</canvas>
<canvas name="6" width="51" height="56">
<vector name="origin" x="24" y="56"/>
<int name="z" value="0"/>
<int name="delay" value="180"/>
<string name="_hash" value="1fea80c2611542e2ae156c7aaffb653fbd84c6de3495d2e43d887e81d5b24299"/>
</canvas>
<canvas name="7" width="43" height="56">
<vector name="origin" x="21" y="56"/>
<int name="z" value="0"/>
<int name="delay" value="180"/>
<string name="_hash" value="5f5e9b3ac19e9c61373ba70a44bb789dbd5bd14019737ad9bcf940dc8d63260a"/>
</canvas>
<canvas name="8" width="43" height="48">
<vector name="origin" x="20" y="48"/>
<int name="z" value="0"/>
<int name="delay" value="180"/>
<string name="_hash" value="488ea0efa24c67da710c4682ae7e713b5c93fefc76ec6b87bd7a2c4a664ad54c"/>
</canvas>
<int name="special" value="1"/>
</imgdir>
<imgdir name="jumpjump">
<canvas name="0" width="1" height="1">
<vector name="origin" x="17" y="35"/>
<int name="z" value="0"/>
<string name="_inlink" value="walk/0"/>
</canvas>
<canvas name="1" width="1" height="1">
<vector name="origin" x="18" y="34"/>
<int name="z" value="0"/>
<string name="_inlink" value="walk/1"/>
</canvas>
<canvas name="2" width="46" height="36">
<vector name="origin" x="16" y="63"/>
<int name="z" value="0"/>
<string name="_hash" value="aea525040199149e805dd7a8c0b3aae98ddd9c08503f9824aa8df52c1c2df7ec"/>
</canvas>
<canvas name="3" width="45" height="37">
<vector name="origin" x="15" y="65"/>
<int name="z" value="0"/>
<string name="_hash" value="f64ec9b08ee8d4bc3122b8cbf443b310ce0684ec651a01ba0dc6bb06a1db6c90"/>
</canvas>
<canvas name="4" width="44" height="42">
<vector name="origin" x="17" y="65"/>
<int name="z" value="0"/>
<string name="_hash" value="23c525e53492afa43b21526d75526b433bf1f15f5dde9d2597b31f41aaaf2356"/>
</canvas>
<int name="special" value="1"/>
</imgdir>
<imgdir name="sullen">
<canvas name="0" width="38" height="32">
<vector name="origin" x="17" y="32"/>
<int name="z" value="0"/>
<int name="delay" value="210"/>
<string name="_hash" value="0a112a5d620b66ba418e04c77f7d65fb1e0112f9b504dd3b45ea6848ebeae495"/>
</canvas>
<canvas name="1" width="40" height="31">
<vector name="origin" x="18" y="31"/>
<int name="z" value="0"/>
<int name="delay" value="210"/>
<string name="_hash" value="2d708959e599cb771d0359014e9f943b8ad1f206d5ec80484f1ec6dc1f930058"/>
</canvas>
<canvas name="2" width="1" height="1">
<vector name="origin" x="17" y="32"/>
<int name="z" value="0"/>
<int name="delay" value="210"/>
<string name="_inlink" value="sullen/0"/>
</canvas>
<canvas name="3" width="36" height="33">
<vector name="origin" x="16" y="33"/>
<int name="z" value="0"/>
<int name="delay" value="210"/>
<string name="_hash" value="9fe92531de0c3e31165e398c4f8b0fa0350935e71fb287ddbdf269f3a7b536c5"/>
</canvas>
<int name="special" value="1"/>
</imgdir>
<imgdir name="kirakira">
<canvas name="0" width="55" height="39">
<vector name="origin" x="30" y="39"/>
<int name="z" value="0"/>
<int name="delay" value="180"/>
<string name="_hash" value="0bd9645ae25c5ee9cdabd03e034547f79b6c3e23fffd27dca3a1ebcdf31e4fae"/>
</canvas>
<canvas name="1" width="54" height="40">
<vector name="origin" x="29" y="40"/>
<int name="z" value="0"/>
<int name="delay" value="180"/>
<string name="_hash" value="a134dafa6bc89864d10bebd6e0d31efb1ea7ebae8ae214c497effd749422797e"/>
</canvas>
<int name="special" value="1"/>
</imgdir>
<imgdir name="freeze">
<canvas name="0" width="1" height="1">
<vector name="origin" x="17" y="35"/>
<int name="z" value="0"/>
<int name="delay" value="180"/>
<string name="_inlink" value="stand/0"/>
</canvas>
<canvas name="1" width="52" height="61">
<vector name="origin" x="31" y="61"/>
<int name="z" value="0"/>
<int name="delay" value="180"/>
<string name="_hash" value="7046ea1bd1b962ff76b14bb02e8c997e532682a65a0c9a746923f979785127a6"/>
</canvas>
<canvas name="2" width="54" height="61">
<vector name="origin" x="33" y="61"/>
<int name="z" value="0"/>
<int name="delay" value="180"/>
<string name="_hash" value="b476814ccaab623fe4f53d5a6aa2c8cdf3969176f5077d2963256f864553abf0"/>
</canvas>
<canvas name="3" width="55" height="61">
<vector name="origin" x="34" y="61"/>
<int name="z" value="0"/>
<int name="delay" value="180"/>
<string name="_hash" value="eceff302ecb7c5e559843e34fa34d0dea712de1e9f63f2ef330d61dfb7d575ac"/>
</canvas>
<canvas name="4" width="35" height="61">
<vector name="origin" x="14" y="61"/>
<int name="z" value="0"/>
<int name="delay" value="300"/>
<string name="_hash" value="0e3c801a2750dd3369f6666848b7cdd797fb6487130f36cd61b2b69e018f9c40"/>
</canvas>
<canvas name="5" width="43" height="40">
<vector name="origin" x="17" y="40"/>
<int name="z" value="0"/>
<int name="delay" value="180"/>
<string name="_hash" value="12e0fb764b9a77155340b69e30217d94ec29ec388363cee9eefe53a2a9c817fa"/>
</canvas>
<canvas name="6" width="43" height="34">
<vector name="origin" x="18" y="34"/>
<int name="z" value="0"/>
<int name="delay" value="180"/>
<string name="_hash" value="ee75257fcfeaa7cb5fdc7755cbb59e1880fc6a650ad5f57318dea35bf92be153"/>
</canvas>
<canvas name="7" width="42" height="35">
<vector name="origin" x="17" y="35"/>
<int name="z" value="0"/>
<int name="delay" value="180"/>
<string name="_hash" value="1e1efcb79fd8a8e26073cf76314669191c3f84523c9245aa5649eed7e08ff511"/>
</canvas>
<canvas name="8" width="41" height="36">
<vector name="origin" x="16" y="36"/>
<int name="z" value="0"/>
<int name="delay" value="180"/>
<string name="_hash" value="079d7aebbe66e429f38a25c2e6d6ebe8faf5046186bbab61febd87925a7337c6"/>
</canvas>
<canvas name="9" width="42" height="35">
<vector name="origin" x="17" y="35"/>
<int name="z" value="0"/>
<int name="delay" value="180"/>
<string name="_hash" value="5b3797f020f7efc086e74a688f3c07c4f4c428a88c40a0d2d96c736f123bcce2"/>
</canvas>
<canvas name="10" width="43" height="34">
<vector name="origin" x="18" y="34"/>
<int name="z" value="0"/>
<int name="delay" value="180"/>
<string name="_hash" value="88c584b3c8c0c221d9ce1665cc35967c0880cb3597c5e9edf4c98e9a9347c6c5"/>
</canvas>
<canvas name="11" width="42" height="35">
<vector name="origin" x="17" y="35"/>
<int name="z" value="0"/>
<int name="delay" value="180"/>
<string name="_hash" value="57512a5127cf0b785cc5f47c209d5202742d5fb553c8b0cb7874664a4395ca4a"/>
</canvas>
<canvas name="12" width="41" height="36">
<vector name="origin" x="16" y="36"/>
<int name="z" value="0"/>
<int name="delay" value="180"/>
<string name="_hash" value="faa12bb1a8318147d1fa3a2b27b4215269cfd0149378c4c336036a51b3b67084"/>
</canvas>
<canvas name="13" width="42" height="35">
<vector name="origin" x="17" y="35"/>
<int name="z" value="0"/>
<int name="delay" value="180"/>
<string name="_hash" value="3fe523548515a229cbe9dc0e1a89156e346a319f4ee40bd76698210fa2b2c5ff"/>
</canvas>
<canvas name="14" width="43" height="34">
<vector name="origin" x="18" y="34"/>
<int name="z" value="0"/>
<int name="delay" value="180"/>
<string name="_hash" value="b0ca133c19ee3881a78fbe587a9536fd681ab59122523a4f721cd32878ec6ab0"/>
</canvas>
<canvas name="15" width="1" height="1">
<vector name="origin" x="17" y="35"/>
<int name="z" value="0"/>
<int name="delay" value="180"/>
<string name="_inlink" value="freeze/13"/>
</canvas>
<canvas name="16" width="1" height="1">
<vector name="origin" x="16" y="36"/>
<int name="z" value="0"/>
<int name="delay" value="180"/>
<string name="_inlink" value="freeze/12"/>
</canvas>
<int name="special" value="1"/>
</imgdir>
<imgdir name="korokoro">
<canvas name="0" width="36" height="27">
<vector name="origin" x="15" y="27"/>
<int name="z" value="0"/>
<string name="_hash" value="8d34efcbb669ee2ecfa0551406881f832b2fd86440d65284c2abd9b5edc32750"/>
</canvas>
<canvas name="1" width="39" height="29">
<vector name="origin" x="18" y="29"/>
<int name="z" value="0"/>
<string name="_hash" value="c1b0c2b68f8657e880b990b4923589fe6bdf5f01142317febf74c051aaa83dbf"/>
</canvas>
<canvas name="2" width="36" height="29">
<vector name="origin" x="15" y="29"/>
<int name="z" value="0"/>
<string name="_hash" value="8ad16e5b4bee8dbe410c71925cb8b4fa672d1cb286a9eb8f7c54e7385ea5b662"/>
</canvas>
<canvas name="3" width="34" height="28">
<vector name="origin" x="14" y="28"/>
<int name="z" value="0"/>
<string name="_hash" value="eb5c9e7d45ad759c93e3a7bbfa3d2472140659245c4c13c1591bd67fe6d2b86b"/>
</canvas>
<int name="special" value="1"/>
</imgdir>
<imgdir name="laugh">
<canvas name="0" width="1" height="1">
<vector name="origin" x="17" y="35"/>
<int name="z" value="0"/>
<int name="delay" value="150"/>
<string name="_inlink" value="stand/0"/>
</canvas>
<canvas name="1" width="1" height="1">
<vector name="origin" x="18" y="34"/>
<int name="z" value="0"/>
<int name="delay" value="150"/>
<string name="_inlink" value="stand/1"/>
</canvas>
<canvas name="2" width="59" height="37">
<vector name="origin" x="34" y="37"/>
<int name="z" value="0"/>
<int name="delay" value="150"/>
<string name="_hash" value="bece59e5cb6ff4374925549a90cc8650950128b2fda19489cb44e9d8c8e6cd63"/>
</canvas>
<canvas name="3" width="60" height="37">
<vector name="origin" x="35" y="37"/>
<int name="z" value="0"/>
<int name="delay" value="150"/>
<string name="_hash" value="292eb6264ee6a03870b2687947b62738e872f238f60f454be66d2725788602cd"/>
</canvas>
<canvas name="4" width="1" height="1">
<vector name="origin" x="34" y="37"/>
<int name="z" value="0"/>
<int name="delay" value="150"/>
<string name="_inlink" value="laugh/2"/>
</canvas>
<canvas name="5" width="1" height="1">
<vector name="origin" x="35" y="37"/>
<int name="z" value="0"/>
<int name="delay" value="150"/>
<string name="_inlink" value="laugh/3"/>
</canvas>
<canvas name="6" width="1" height="1">
<vector name="origin" x="34" y="37"/>
<int name="z" value="0"/>
<int name="delay" value="150"/>
<string name="_inlink" value="laugh/2"/>
</canvas>
<canvas name="7" width="1" height="1">
<vector name="origin" x="35" y="37"/>
<int name="z" value="0"/>
<int name="delay" value="150"/>
<string name="_inlink" value="laugh/3"/>
</canvas>
<int name="special" value="1"/>
</imgdir>
<imgdir name="tower">
<canvas name="1" width="60" height="52">
<vector name="origin" x="-2" y="61"/>
<int name="z" value="0"/>
<int name="delay" value="180"/>
<string name="_hash" value="4a0d8ab1956833fc65520f39a7630a10a8e9324985e14bcb4adace12b6bc3b09"/>
</canvas>
<canvas name="2" width="47" height="44">
<vector name="origin" x="20" y="44"/>
<int name="z" value="0"/>
<int name="delay" value="180"/>
<string name="_hash" value="629910ef1863f4ecc83f5ea576f7f7fd36f558ce76337bc9ab312212dfeaf083"/>
</canvas>
<canvas name="3" width="46" height="45">
<vector name="origin" x="19" y="45"/>
<int name="z" value="0"/>
<int name="delay" value="180"/>
<string name="_hash" value="d8f3381930a66a4986788c632406c5062ea60cb6560e9dd71ef98584a50e406b"/>
</canvas>
<canvas name="4" width="68" height="71">
<vector name="origin" x="18" y="71"/>
<int name="z" value="0"/>
<int name="delay" value="180"/>
<string name="_hash" value="6b738060b78676fd4e4f35292197ff166651732b593634801baa2ffa7e2f8b5a"/>
</canvas>
<canvas name="5" width="50" height="52">
<vector name="origin" x="20" y="52"/>
<int name="z" value="0"/>
<int name="delay" value="180"/>
<string name="_hash" value="0c49a8cbb5859d5de1768fe3e62c842fcefa9dad8461f4d019ede79a2d9a33f7"/>
</canvas>
<canvas name="6" width="49" height="53">
<vector name="origin" x="19" y="53"/>
<int name="z" value="0"/>
<int name="delay" value="180"/>
<string name="_hash" value="ba454ee1bbd8771ca3eb701af6a0c177578c7865f231eb638c073aa75e65b92e"/>
</canvas>
<canvas name="7" width="48" height="54">
<vector name="origin" x="18" y="54"/>
<int name="z" value="0"/>
<int name="delay" value="180"/>
<string name="_hash" value="ff3668f80d1d4b9f88736ec720f25b5adc7139d59deff93df69b20f951d6d411"/>
</canvas>
<canvas name="8" width="75" height="92">
<vector name="origin" x="19" y="92"/>
<int name="z" value="0"/>
<int name="delay" value="180"/>
<string name="_hash" value="42e9365d67af86e9c6be454f405613d4ec4c55558fcae4562e121fa6f1b78fd7"/>
</canvas>
<canvas name="9" width="50" height="72">
<vector name="origin" x="20" y="72"/>
<int name="z" value="0"/>
<int name="delay" value="180"/>
<string name="_hash" value="0f28bda8023a8041216e68c8fca285524cdc6d16aeb11a1ccb5390691eee41f5"/>
</canvas>
<canvas name="10" width="49" height="74">
<vector name="origin" x="19" y="74"/>
<int name="z" value="0"/>
<int name="delay" value="180"/>
<string name="_hash" value="96d27d8bac0653a4550ffc6226de9dee40727a63bc4fe74f88b79dfe28e866cc"/>
</canvas>
<canvas name="11" width="48" height="76">
<vector name="origin" x="18" y="76"/>
<int name="z" value="0"/>
<int name="delay" value="180"/>
<string name="_hash" value="300874139ceef9f079b642344536df16d4d30cc6d086a2b86c98247838017def"/>
</canvas>
<canvas name="12" width="1" height="1">
<vector name="origin" x="19" y="74"/>
<int name="z" value="0"/>
<int name="delay" value="180"/>
<string name="_inlink" value="tower/10"/>
</canvas>
<canvas name="13" width="1" height="1">
<vector name="origin" x="20" y="72"/>
<int name="z" value="0"/>
<int name="delay" value="180"/>
<string name="_inlink" value="tower/9"/>
</canvas>
<canvas name="14" width="1" height="1">
<vector name="origin" x="19" y="74"/>
<int name="z" value="0"/>
<int name="delay" value="180"/>
<string name="_inlink" value="tower/10"/>
</canvas>
<canvas name="15" width="1" height="1">
<vector name="origin" x="18" y="76"/>
<int name="z" value="0"/>
<int name="delay" value="180"/>
<string name="_inlink" value="tower/11"/>
</canvas>
<canvas name="16" width="1" height="1">
<vector name="origin" x="19" y="74"/>
<int name="z" value="0"/>
<int name="delay" value="180"/>
<string name="_inlink" value="tower/10"/>
</canvas>
<canvas name="17" width="1" height="1">
<vector name="origin" x="20" y="72"/>
<int name="z" value="0"/>
<int name="delay" value="180"/>
<string name="_inlink" value="tower/9"/>
</canvas>
<canvas name="18" width="1" height="1">
<vector name="origin" x="19" y="74"/>
<int name="z" value="0"/>
<int name="delay" value="180"/>
<string name="_inlink" value="tower/10"/>
</canvas>
<canvas name="19" width="1" height="1">
<vector name="origin" x="18" y="76"/>
<int name="z" value="0"/>
<int name="delay" value="180"/>
<string name="_inlink" value="tower/11"/>
</canvas>
<canvas name="20" width="50" height="74">
<vector name="origin" x="20" y="74"/>
<int name="z" value="0"/>
<int name="delay" value="180"/>
<string name="_hash" value="8e6ec8f9d2f04995b0824e3bb23e0098dd57efc9200f1ced98b6f472794ce8dd"/>
</canvas>
<canvas name="21" width="50" height="72">
<vector name="origin" x="20" y="72"/>
<int name="z" value="0"/>
<int name="delay" value="180"/>
<string name="_hash" value="dbe333aea42a25bac8a91aec0f3a0139598bd2c2aa241acf74a597ddd26e9c00"/>
</canvas>
<canvas name="22" width="82" height="87">
<vector name="origin" x="19" y="87"/>
<int name="z" value="0"/>
<int name="delay" value="180"/>
<string name="_hash" value="b57eaf135580d1f33319d2c2fd2e758e22adcd7a0fd4eaaa1c47688a868ae11d"/>
</canvas>
<canvas name="23" width="1" height="1">
<vector name="origin" x="18" y="54"/>
<int name="z" value="0"/>
<int name="delay" value="180"/>
<string name="_inlink" value="tower/7"/>
</canvas>
<canvas name="24" width="51" height="53">
<vector name="origin" x="21" y="53"/>
<int name="z" value="0"/>
<int name="delay" value="180"/>
<string name="_hash" value="3dcb8615a86ec1391a0484deadea5340ff9d758883486971fc9493aa63429f37"/>
</canvas>
<canvas name="25" width="48" height="49">
<vector name="origin" x="21" y="49"/>
<int name="z" value="0"/>
<int name="delay" value="180"/>
<string name="_hash" value="af5ce03a2b9f0ea908fe44851df3cc11ad5c9c555c0ea37dd11ebcc6200b5351"/>
</canvas>
<canvas name="26" width="70" height="68">
<vector name="origin" x="19" y="68"/>
<int name="z" value="0"/>
<int name="delay" value="180"/>
<string name="_hash" value="d355d67dc9a9dbc3c51a1c6df2d3fe699351f5f658ece6523661618a3ff5a1ae"/>
</canvas>
<canvas name="27" width="45" height="46">
<vector name="origin" x="18" y="46"/>
<int name="z" value="0"/>
<int name="delay" value="180"/>
<string name="_hash" value="e23369d276bf406829abe9d6f8f9b370d45f9ce89b80949a79747e232c32a384"/>
</canvas>
<canvas name="28" width="46" height="45">
<vector name="origin" x="22" y="45"/>
<int name="z" value="0"/>
<int name="delay" value="180"/>
<string name="_hash" value="bf84b7e54d57b6adc54b5fdc9cec76b50a67e764819b101d55720d5f93b54edd"/>
</canvas>
<canvas name="29" width="47" height="44">
<vector name="origin" x="22" y="44"/>
<int name="z" value="0"/>
<int name="delay" value="180"/>
<string name="_hash" value="3157575499c3a153cb5b2b86cb40dcb1184092e2d6508514188f3427ba3df203"/>
</canvas>
<canvas name="30" width="64" height="50">
<vector name="origin" x="0" y="61"/>
<int name="z" value="0"/>
<int name="delay" value="180"/>
<string name="_hash" value="aca492b47c03111bcbb824c75e6e3cbe89dcfd293c0727ceb151c0d541d613f7"/>
</canvas>
<int name="special" value="1"/>
</imgdir>
</imgdir>
