<?xml version="1.0" encoding="UTF-8" standalone="yes"?>
<imgdir name="1013613.img">
<imgdir name="info">
<int name="forceMove" value="1"/>
<int name="hideName" value="1"/>
</imgdir>
<imgdir name="stand">
<canvas name="0" width="1" height="1">
<vector name="origin" x="13" y="30"/>
<int name="z" value="0"/>
<string name="_hash" value="a8f215b849169ccc8112411d52ce22a6ee8524873978698794d68b5bd2667e61"/>
<string name="_outlink" value="Npc/1013512.img/tower/3"/>
</canvas>
</imgdir>
<imgdir name="eye">
<canvas name="0" width="1" height="1">
<vector name="origin" x="13" y="30"/>
<int name="z" value="0"/>
<string name="_outlink" value="Npc/1013512.img/tower/3"/>
</canvas>
<canvas name="1" width="1" height="1">
<vector name="origin" x="13" y="30"/>
<int name="z" value="0"/>
<string name="_hash" value="41d89c01b95e20fc0b658453feaf625e78098f9effd9172df5c33f8a476ad6f7"/>
<string name="_outlink" value="Npc/1013513.img/eye/1"/>
</canvas>
<canvas name="2" width="1" height="1">
<vector name="origin" x="13" y="30"/>
<int name="z" value="0"/>
<string name="_hash" value="62029d3f1eca9e4e1bdb54cd6662bd0d789df882d9d87ba0bdb3fce0dafc399b"/>
<string name="_outlink" value="Npc/1013513.img/eye/2"/>
</canvas>
</imgdir>
<imgdir name="say">
<canvas name="0" width="1" height="1">
<vector name="origin" x="13" y="30"/>
<int name="z" value="0"/>
<int name="delay" value="150"/>
<string name="_outlink" value="Npc/1013512.img/tower/3"/>
</canvas>
<canvas name="1" width="1" height="1">
<vector name="origin" x="12" y="31"/>
<int name="z" value="0"/>
<int name="delay" value="150"/>
<string name="_hash" value="9d04f72b1ca3300d8bdbb50e4eb93f4b961a6925dd81794de2573f6fe830f9fd"/>
<string name="_outlink" value="Npc/1013513.img/say/1"/>
</canvas>
</imgdir>
<imgdir name="move">
<canvas name="0" width="1" height="1">
<vector name="origin" x="13" y="30"/>
<int name="z" value="0"/>
<int name="delay" value="150"/>
<string name="_outlink" value="Npc/1013512.img/tower/3"/>
</canvas>
<canvas name="1" width="1" height="1">
<vector name="origin" x="13" y="43"/>
<int name="z" value="0"/>
<int name="delay" value="150"/>
<string name="_hash" value="478cff409e46a7db1d069ac369bc0e4579949811ebd6fe22ac9acbaa9bb08871"/>
<string name="_outlink" value="Npc/1013513.img/walk/1"/>
</canvas>
<canvas name="2" width="1" height="1">
<vector name="origin" x="13" y="46"/>
<int name="z" value="0"/>
<int name="delay" value="150"/>
<string name="_hash" value="0b59ecd308d9a3e19ca52df9e5af3180c7b06fd43fef59c0d44eedbaaf08e107"/>
<string name="_outlink" value="Npc/1013513.img/walk/2"/>
</canvas>
</imgdir>
<imgdir name="angry">
<canvas name="0" width="1" height="1">
<vector name="origin" x="13" y="30"/>
<int name="z" value="0"/>
<int name="delay" value="150"/>
<string name="_hash" value="90fa13cee8ff222fed73f26dd7344a6a483b4f99a84273fa0cf68afd0a8c2692"/>
<string name="_outlink" value="Npc/1013513.img/angry/0"/>
</canvas>
<canvas name="1" width="1" height="1">
<vector name="origin" x="19" y="48"/>
<int name="z" value="0"/>
<int name="delay" value="150"/>
<string name="_hash" value="a09fdbf9cc21677deb96dcc07839f82ee7153e29cb955acaee236a8ecdfacb48"/>
<string name="_outlink" value="Npc/1013513.img/angry/1"/>
</canvas>
<canvas name="2" width="1" height="1">
<vector name="origin" x="23" y="50"/>
<int name="z" value="0"/>
<int name="delay" value="150"/>
<string name="_hash" value="b990cf31fe1f5dc42e2e9b99e456a2fce40636d948ea42d1a8180b875db695ba"/>
<string name="_outlink" value="Npc/1013513.img/angry/2"/>
</canvas>
<canvas name="3" width="1" height="1">
<vector name="origin" x="23" y="30"/>
<int name="z" value="0"/>
<int name="delay" value="150"/>
<string name="_hash" value="d2f3da6c22306bd103107e5efc512807e2f705e69505e673ef72edf5bf6e3221"/>
<string name="_outlink" value="Npc/1013513.img/angry/3"/>
</canvas>
<canvas name="4" width="1" height="1">
<vector name="origin" x="22" y="47"/>
<int name="z" value="0"/>
<int name="delay" value="150"/>
<string name="_hash" value="7548fc36040c237fa2db8259395ef2e4c09c3727f6a58a126c3370584b1b0d79"/>
<string name="_outlink" value="Npc/1013513.img/angry/4"/>
</canvas>
<canvas name="5" width="1" height="1">
<vector name="origin" x="21" y="49"/>
<int name="z" value="0"/>
<int name="delay" value="150"/>
<string name="_hash" value="9808b670f452fbe3e119f7c84cd0d0112851b3ff671b1c02c13d11eadf723e94"/>
<string name="_outlink" value="Npc/1013513.img/angry/5"/>
</canvas>
<int name="special" value="1"/>
</imgdir>
<imgdir name="sullen">
<canvas name="0" width="1" height="1">
<vector name="origin" x="13" y="28"/>
<int name="z" value="0"/>
<int name="delay" value="180"/>
<string name="_hash" value="0499fefce3b45f1619eccc0328aadb86d05196b89f1e02d2a642e2af6ed07aac"/>
<string name="_outlink" value="Npc/1013513.img/sullen/0"/>
</canvas>
<canvas name="1" width="1" height="1">
<vector name="origin" x="13" y="28"/>
<int name="z" value="0"/>
<int name="delay" value="180"/>
<string name="_hash" value="bbb1e4984788e83327fd28f631a6edaa55caf019d395c446409a9bd9bdb6397a"/>
<string name="_outlink" value="Npc/1013513.img/sullen/1"/>
</canvas>
<int name="special" value="1"/>
</imgdir>
<imgdir name="jumpjump">
<canvas name="0" width="1" height="1">
<vector name="origin" x="13" y="30"/>
<int name="z" value="0"/>
<string name="_outlink" value="Npc/1013512.img/tower/3"/>
</canvas>
<canvas name="1" width="1" height="1">
<vector name="origin" x="13" y="52"/>
<int name="z" value="0"/>
<string name="_hash" value="bfcda76185bfe753645080986c5ad75609dbaeef2f80fce36ba82f24f8a2aeb0"/>
<string name="_outlink" value="Npc/1013513.img/jumpjump/1"/>
</canvas>
<canvas name="2" width="1" height="1">
<vector name="origin" x="13" y="54"/>
<int name="z" value="0"/>
<string name="_hash" value="ff66fb9736b4667d048e115e0a3abd2ee92d63ab1235fdd2cae6d90a27862417"/>
<string name="_outlink" value="Npc/1013513.img/jumpjump/2"/>
</canvas>
<canvas name="3" width="1" height="1">
<vector name="origin" x="13" y="46"/>
<int name="z" value="0"/>
<string name="_hash" value="61a4dc95ca8734fdab8593c61b29e22f0c601ca026bda19a0f11a8017f99c5a2"/>
<string name="_outlink" value="Npc/1013513.img/jumpjump/3"/>
</canvas>
<canvas name="4" width="1" height="1">
<vector name="origin" x="14" y="28"/>
<int name="z" value="0"/>
<string name="_hash" value="573a81104f793683b44867581e3669cae9591e42a0b4783ad055f781283ae50b"/>
<string name="_outlink" value="Npc/1013513.img/jumpjump/4"/>
</canvas>
<int name="special" value="1"/>
</imgdir>
<imgdir name="kirakira">
<canvas name="0" width="1" height="1">
<vector name="origin" x="27" y="34"/>
<int name="z" value="0"/>
<int name="delay" value="180"/>
<string name="_hash" value="bf6c8ebdd778fa486e53866d1e710c6a45ab9cad82cd39fa5bb29b4bf38d3cdc"/>
<string name="_outlink" value="Npc/1013513.img/kirakira/0"/>
</canvas>
<canvas name="1" width="1" height="1">
<vector name="origin" x="25" y="35"/>
<int name="z" value="0"/>
<int name="delay" value="180"/>
<string name="_hash" value="e0caa6b08166e781d8e1d15d52803ac8321747a1d07217caba0f083f83deffc3"/>
<string name="_outlink" value="Npc/1013513.img/kirakira/1"/>
</canvas>
<int name="special" value="1"/>
</imgdir>
<imgdir name="freeze">
<canvas name="0" width="1" height="1">
<vector name="origin" x="13" y="30"/>
<int name="z" value="0"/>
<int name="delay" value="180"/>
<string name="_hash" value="0d86e5d9f2c69563845a9de578e5c79f01ed364f1cea0f670de0370ce99bd22a"/>
<string name="_outlink" value="Npc/1013513.img/freeze/0"/>
</canvas>
<canvas name="1" width="1" height="1">
<vector name="origin" x="25" y="46"/>
<int name="z" value="0"/>
<int name="delay" value="180"/>
<string name="_hash" value="5d53cd1f2f15a61b015cbc77ce660dec1034db720d281f20ca0c1787bef73c8e"/>
<string name="_outlink" value="Npc/1013513.img/freeze/1"/>
</canvas>
<canvas name="2" width="1" height="1">
<vector name="origin" x="26" y="47"/>
<int name="z" value="0"/>
<int name="delay" value="180"/>
<string name="_hash" value="1014a5daa327595803096f271f7e879ac5e8c8092300ad649f890e71f8a04ac0"/>
<string name="_outlink" value="Npc/1013513.img/freeze/2"/>
</canvas>
<canvas name="3" width="1" height="1">
<vector name="origin" x="27" y="47"/>
<int name="z" value="0"/>
<int name="delay" value="180"/>
<string name="_hash" value="bb3a1ae154191c072fd8fbae5c03eb6732e80947f56759eef61ce2bce4dfdab3"/>
<string name="_outlink" value="Npc/1013513.img/freeze/3"/>
</canvas>
<canvas name="4" width="1" height="1">
<vector name="origin" x="12" y="47"/>
<int name="z" value="0"/>
<int name="delay" value="300"/>
<string name="_hash" value="8d16110831d7d048c42c7ce017fb409cc7e2cb8db36d70b63a1a75a152de48ac"/>
<string name="_outlink" value="Npc/1013513.img/freeze/4"/>
</canvas>
<canvas name="5" width="1" height="1">
<vector name="origin" x="13" y="39"/>
<int name="z" value="0"/>
<int name="delay" value="180"/>
<string name="_hash" value="e6e01298f249c55c063ca2d40286fb8caf656ab6cf386621dbc391f1295b6e67"/>
<string name="_outlink" value="Npc/1013513.img/freeze/5"/>
</canvas>
<canvas name="6" width="1" height="1">
<vector name="origin" x="20" y="32"/>
<int name="z" value="0"/>
<int name="delay" value="180"/>
<string name="_hash" value="0c64de3f76d784027a8ee6917d13cfa657474bd1d4910920b5cf5d959b7e8468"/>
<string name="_outlink" value="Npc/1013513.img/freeze/6"/>
</canvas>
<canvas name="7" width="1" height="1">
<vector name="origin" x="25" y="32"/>
<int name="z" value="0"/>
<int name="delay" value="180"/>
<string name="_hash" value="0afc6b2ec997e8fbd4eb0fc6717fad6992219f5ae795607a8ed3765e8ff9b9d5"/>
<string name="_outlink" value="Npc/1013513.img/freeze/7"/>
</canvas>
<canvas name="8" width="1" height="1">
<vector name="origin" x="26" y="33"/>
<int name="z" value="0"/>
<int name="delay" value="180"/>
<string name="_hash" value="0fef9fead6191b4b690eb891258e1d47adddb56a71a646360c22a4c4f3a263e3"/>
<string name="_outlink" value="Npc/1013513.img/freeze/8"/>
</canvas>
<canvas name="9" width="1" height="1">
<vector name="origin" x="13" y="30"/>
<int name="z" value="0"/>
<int name="delay" value="180"/>
<string name="_hash" value="44bf00b9f57363896d51acd10e9748e867bacad3dee8dde323ea12734ce4aacd"/>
<string name="_outlink" value="Npc/1013513.img/freeze/9"/>
</canvas>
<canvas name="10" width="1" height="1">
<vector name="origin" x="20" y="32"/>
<int name="z" value="0"/>
<int name="delay" value="180"/>
<string name="_outlink" value="Npc/1013513.img/freeze/6"/>
</canvas>
<canvas name="11" width="1" height="1">
<vector name="origin" x="25" y="32"/>
<int name="z" value="0"/>
<int name="delay" value="180"/>
<string name="_outlink" value="Npc/1013513.img/freeze/7"/>
</canvas>
<canvas name="12" width="1" height="1">
<vector name="origin" x="26" y="33"/>
<int name="z" value="0"/>
<int name="delay" value="180"/>
<string name="_outlink" value="Npc/1013513.img/freeze/8"/>
</canvas>
<canvas name="13" width="1" height="1">
<vector name="origin" x="13" y="30"/>
<int name="z" value="0"/>
<int name="delay" value="180"/>
<string name="_outlink" value="Npc/1013513.img/freeze/9"/>
</canvas>
<canvas name="14" width="1" height="1">
<vector name="origin" x="20" y="32"/>
<int name="z" value="0"/>
<int name="delay" value="180"/>
<string name="_outlink" value="Npc/1013513.img/freeze/6"/>
</canvas>
<canvas name="15" width="1" height="1">
<vector name="origin" x="25" y="32"/>
<int name="z" value="0"/>
<int name="delay" value="180"/>
<string name="_outlink" value="Npc/1013513.img/freeze/7"/>
</canvas>
<canvas name="16" width="1" height="1">
<vector name="origin" x="26" y="33"/>
<int name="z" value="0"/>
<int name="delay" value="180"/>
<string name="_outlink" value="Npc/1013513.img/freeze/8"/>
</canvas>
<int name="special" value="1"/>
</imgdir>
<imgdir name="korokoro">
<canvas name="0" width="1" height="1">
<vector name="origin" x="14" y="22"/>
<int name="z" value="0"/>
<string name="_hash" value="0b0c293fed4c85dca6c7dd1cd7c3f94da5a2b936b650282e055ff8e117ab09b2"/>
<string name="_outlink" value="Npc/1013513.img/korokoro/0"/>
</canvas>
<canvas name="1" width="1" height="1">
<vector name="origin" x="16" y="24"/>
<int name="z" value="0"/>
<string name="_hash" value="12c4c5242a4dd3c5a32d05c5d2e19544c4706a2f93b376d50087eb628acd21db"/>
<string name="_outlink" value="Npc/1013513.img/korokoro/1"/>
</canvas>
<canvas name="2" width="1" height="1">
<vector name="origin" x="14" y="24"/>
<int name="z" value="0"/>
<string name="_hash" value="34979ee6f2517ad13081cd347f3ae696c3487f443214050ad45d9f045f3c74a3"/>
<string name="_outlink" value="Npc/1013513.img/korokoro/2"/>
</canvas>
<canvas name="3" width="1" height="1">
<vector name="origin" x="13" y="23"/>
<int name="z" value="0"/>
<string name="_hash" value="68082daf4107c54c823985ad770ee8ca98f85262ecce4fd4f2dc462cf4891324"/>
<string name="_outlink" value="Npc/1013513.img/korokoro/3"/>
</canvas>
<int name="special" value="1"/>
</imgdir>
<imgdir name="laugh">
<canvas name="0" width="1" height="1">
<vector name="origin" x="13" y="30"/>
<int name="z" value="0"/>
<int name="delay" value="150"/>
<string name="_outlink" value="Npc/1013512.img/tower/3"/>
</canvas>
<canvas name="1" width="1" height="1">
<vector name="origin" x="28" y="32"/>
<int name="z" value="0"/>
<int name="delay" value="150"/>
<string name="_hash" value="32ecc4054b7d6ed0fa35d9da1c9a5018379643b4f537c248e302c6b0a69c44ec"/>
<string name="_outlink" value="Npc/1013513.img/laugh/1"/>
</canvas>
<canvas name="2" width="1" height="1">
<vector name="origin" x="28" y="31"/>
<int name="z" value="0"/>
<int name="delay" value="150"/>
<string name="_hash" value="21d5e68f4797631839e0820e8c179a8748cdd561dd7d80fdcd1432d1c44ca71c"/>
<string name="_outlink" value="Npc/1013513.img/laugh/2"/>
</canvas>
<canvas name="3" width="1" height="1">
<vector name="origin" x="28" y="32"/>
<int name="z" value="0"/>
<int name="delay" value="150"/>
<string name="_outlink" value="Npc/1013513.img/laugh/1"/>
</canvas>
<canvas name="4" width="1" height="1">
<vector name="origin" x="28" y="31"/>
<int name="z" value="0"/>
<int name="delay" value="150"/>
<string name="_outlink" value="Npc/1013513.img/laugh/2"/>
</canvas>
<canvas name="5" width="1" height="1">
<vector name="origin" x="28" y="32"/>
<int name="z" value="0"/>
<int name="delay" value="150"/>
<string name="_outlink" value="Npc/1013513.img/laugh/1"/>
</canvas>
<canvas name="6" width="1" height="1">
<vector name="origin" x="28" y="31"/>
<int name="z" value="0"/>
<int name="delay" value="150"/>
<string name="_outlink" value="Npc/1013513.img/laugh/2"/>
</canvas>
<int name="special" value="1"/>
</imgdir>
</imgdir>
