<?xml version="1.0" encoding="UTF-8" standalone="yes"?>
<imgdir name="1013357.img">
<imgdir name="info">
<int name="hideName" value="1"/>
</imgdir>
<imgdir name="stand">
<canvas name="0" width="1" height="1">
<vector name="origin" x="36" y="48"/>
<int name="z" value="0"/>
<int name="delay" value="180"/>
<string name="_hash" value="8aeeed31b6d13f4f2ebc8902a1bbad9898955a05e7b53859ffd8f5c40b53e2cb"/>
<string name="_outlink" value="Npc/1013323.img/stand/0"/>
</canvas>
<canvas name="1" width="1" height="1">
<vector name="origin" x="36" y="48"/>
<int name="z" value="0"/>
<int name="delay" value="180"/>
<string name="_hash" value="15cc18e9049c9047d0886ee158f522a29680445475052de3e66ef02847a6113a"/>
<string name="_outlink" value="Npc/1013323.img/stand/1"/>
</canvas>
<canvas name="2" width="1" height="1">
<vector name="origin" x="37" y="48"/>
<int name="z" value="0"/>
<int name="delay" value="180"/>
<string name="_hash" value="144ba0a1818c738442b31f78654c5cd91804262b3f452b37632a2fc04bb55b92"/>
<string name="_outlink" value="Npc/1013323.img/stand/2"/>
</canvas>
<canvas name="3" width="1" height="1">
<vector name="origin" x="33" y="48"/>
<int name="z" value="0"/>
<int name="delay" value="180"/>
<string name="_hash" value="16fe956bc619e65c42f90e85f502593d09ccef2a04eda503428cb4e059f192e4"/>
<string name="_outlink" value="Npc/1013323.img/stand/3"/>
</canvas>
<canvas name="4" width="1" height="1">
<vector name="origin" x="33" y="48"/>
<int name="z" value="0"/>
<int name="delay" value="180"/>
<string name="_hash" value="682b715173252d3f7bf855820e977e7773f0d9ba724b485dfdc6a544b6a07a5f"/>
<string name="_outlink" value="Npc/1013323.img/stand/4"/>
</canvas>
</imgdir>
</imgdir>
