<?xml version="1.0" encoding="UTF-8" standalone="yes"?>
<imgdir name="1013425.img">
<imgdir name="info">
<int name="hide" value="1"/>
</imgdir>
<imgdir name="stand">
<canvas name="0" width="48" height="82">
<vector name="origin" x="21" y="82"/>
<int name="delay" value="3000"/>
<string name="_hash" value="3d6b879e3642234eaade9efa0392823eb0496b678b75f14800e7097c021aff0c"/>
</canvas>
</imgdir>
<imgdir name="condition2">
<imgdir name="35950">
<imgdir name="0">
<string name="key" value="25"/>
<string name="value" value="h0"/>
</imgdir>
</imgdir>
<int name="hide" value="1"/>
<uol name="stand" value="../stand"/>
</imgdir>
<imgdir name="condition3">
<imgdir name="35950">
<imgdir name="0">
<string name="key" value="25"/>
<string name="value" value="h1"/>
</imgdir>
</imgdir>
<uol name="stand" value="../stand"/>
</imgdir>
</imgdir>
