<?xml version="1.0" encoding="UTF-8" standalone="yes"?>
<imgdir name="1013616.img">
<imgdir name="info">
<int name="hideName" value="1"/>
</imgdir>
<imgdir name="stand">
<canvas name="0" width="340" height="362">
<vector name="origin" x="164" y="442"/>
<int name="z" value="0"/>
<int name="delay" value="90"/>
<string name="_hash" value="648b5306480b1824ef1399bdca04864fcb39924e25b648bdfa365b7a79d12300"/>
</canvas>
<canvas name="1" width="338" height="364">
<vector name="origin" x="164" y="442"/>
<int name="z" value="0"/>
<int name="delay" value="90"/>
<string name="_hash" value="fc727f3da516959341f94173429fcac5ff9cf9d9f9bde3c41c816ed5b17ef614"/>
</canvas>
<canvas name="2" width="344" height="365">
<vector name="origin" x="171" y="443"/>
<int name="z" value="0"/>
<int name="delay" value="90"/>
<string name="_hash" value="fdb63a7dced0cb77a4702254abb30932435195170224637f74d1353392f30e0f"/>
</canvas>
<canvas name="3" width="350" height="367">
<vector name="origin" x="176" y="443"/>
<int name="z" value="0"/>
<int name="delay" value="90"/>
<string name="_hash" value="2f51faab4277905a48e355f8cbb6d86b1612e16c0b5dd58d7e54928b65497b2c"/>
</canvas>
<canvas name="4" width="354" height="369">
<vector name="origin" x="178" y="443"/>
<int name="z" value="0"/>
<int name="delay" value="90"/>
<string name="_hash" value="b89d34ae46469f91c3fbfbb2165a21544326c2aaf8d022868a7a31597137d647"/>
</canvas>
<canvas name="5" width="353" height="366">
<vector name="origin" x="178" y="442"/>
<int name="z" value="0"/>
<int name="delay" value="90"/>
<string name="_hash" value="5c4bc5698f916634568f24b6a18c7ecc335736266211a3e26776b0ac386a916d"/>
</canvas>
<canvas name="6" width="351" height="355">
<vector name="origin" x="177" y="441"/>
<int name="z" value="0"/>
<int name="delay" value="90"/>
<string name="_hash" value="bac89c78ccfbb8d967cfc0d973f6839bcc2c16306b9b0656c3fdb8ccef73f30a"/>
</canvas>
<canvas name="7" width="351" height="358">
<vector name="origin" x="177" y="440"/>
<int name="z" value="0"/>
<int name="delay" value="90"/>
<string name="_hash" value="a324b9f1b6c789aff5affbf54667fe1041a125efb9f91d01b118fe93ba254e20"/>
</canvas>
<canvas name="8" width="352" height="359">
<vector name="origin" x="176" y="440"/>
<int name="z" value="0"/>
<int name="delay" value="90"/>
<string name="_hash" value="cdf56d95455af696ac21b8fb15bc6740a866abc25273afff2034bf421072371b"/>
</canvas>
<canvas name="9" width="353" height="359">
<vector name="origin" x="176" y="439"/>
<int name="z" value="0"/>
<int name="delay" value="90"/>
<string name="_hash" value="bfc7fc0dc02d04aa9d72557250c5108bddff95c65e0a184f906f25cf966b3c8b"/>
</canvas>
<canvas name="10" width="354" height="358">
<vector name="origin" x="176" y="438"/>
<int name="z" value="0"/>
<int name="delay" value="90"/>
<string name="_hash" value="20c4389ebc55753ffa78ce8de16618571bc4ca16a6f2c7f419ddd1e1da34763a"/>
</canvas>
<canvas name="11" width="353" height="357">
<vector name="origin" x="175" y="437"/>
<int name="z" value="0"/>
<int name="delay" value="90"/>
<string name="_hash" value="29a233c42cf2bffb26d8fcacb7371f7f30769009b14c131a66f1a8886a6f8cfa"/>
</canvas>
<canvas name="12" width="350" height="351">
<vector name="origin" x="173" y="431"/>
<int name="z" value="0"/>
<int name="delay" value="90"/>
<string name="_hash" value="77b70c302e0bf1d43c8c2c590788c5d30d2e6a9f56aa110d597a41ff27f06b89"/>
</canvas>
<canvas name="13" width="344" height="361">
<vector name="origin" x="167" y="441"/>
<int name="z" value="0"/>
<int name="delay" value="90"/>
<string name="_hash" value="8bd040b40ddfa9af61775a3efffce8a2864deaacf3295ddd6a42bbb1d16e4b07"/>
</canvas>
<canvas name="14" width="344" height="362">
<vector name="origin" x="167" y="442"/>
<int name="z" value="0"/>
<int name="delay" value="90"/>
<string name="_hash" value="0bf1c6b22d695c8e910fc37882bf420d6c1724bf8152b6a12c551603d5d40b40"/>
</canvas>
<canvas name="15" width="340" height="362">
<vector name="origin" x="164" y="442"/>
<int name="z" value="0"/>
<int name="delay" value="90"/>
<string name="_hash" value="8bef98583759971b358e32f27f03ba8a493a4baed5d4ef127dcf7a5c2b17528e"/>
</canvas>
</imgdir>
</imgdir>
