<?xml version="1.0" encoding="UTF-8" standalone="yes"?>
<imgdir name="1022103.img">
<imgdir name="info">
<int name="dcLeft" value="-53"/>
<int name="dcTop" value="-146"/>
<int name="dcBottom" value="-58"/>
<int name="dcRight" value="46"/>
<imgdir name="script">
<imgdir name="0">
<string name="script" value="s4strike_statue"/>
</imgdir>
</imgdir>
</imgdir>
<imgdir name="stand">
<canvas name="0" width="118" height="147">
<vector name="origin" x="54" y="146"/>
<string name="_hash" value="ee53f97421534596ef2b55abd6446695d4713b2a7fc15b00893dccd15db144a4"/>
</canvas>
</imgdir>
</imgdir>
