<?xml version="1.0" encoding="UTF-8" standalone="yes"?>
<imgdir name="1022102.img">
<imgdir name="info">
<int name="dcRight" value="67"/>
<int name="dcLeft" value="-58"/>
<int name="dcBottom" value="-44"/>
<int name="dcTop" value="-148"/>
<canvas name="default" width="89" height="109">
<vector name="origin" x="40" y="108"/>
<string name="_hash" value="f6af42ebadd7530a932686c190a99afc95ef16c7f600ee3c439801c74ac29553"/>
</canvas>
</imgdir>
<imgdir name="stand">
<canvas name="0" width="126" height="152">
<vector name="origin" x="58" y="151"/>
<string name="_hash" value="acb09589a6019755f03780ec18cd67c5dc96dc3d53090f592b01262369a6145f"/>
</canvas>
</imgdir>
</imgdir>
