<?xml version="1.0" encoding="UTF-8" standalone="yes"?>
<imgdir name="1022006.img">
<imgdir name="info">
</imgdir>
<imgdir name="stand">
<canvas name="0" width="47" height="72">
<vector name="origin" x="24" y="72"/>
<int name="delay" value="1000"/>
<string name="_hash" value="0f3911f560c5d6f5b716b81799a4a09bf140936274d950a04ce1c7e981ae136c"/>
</canvas>
<canvas name="1" width="47" height="72">
<vector name="origin" x="24" y="72"/>
<int name="delay" value="700"/>
<string name="_hash" value="47fe867a5b0b4aedb666746005f08ce176e48a6e132233f18b79b9281faa0b61"/>
</canvas>
<canvas name="2" width="47" height="72">
<vector name="origin" x="24" y="72"/>
<int name="delay" value="100"/>
<string name="_hash" value="f122701d0903fd5239431a16775da0deb5ccfac2680ac06dea0d580a3ef5c6de"/>
</canvas>
<canvas name="3" width="47" height="72">
<vector name="origin" x="24" y="72"/>
<int name="delay" value="100"/>
<string name="_hash" value="d96873b2a08c84dc50a049663493b1b405a38b130c3f540fbdb9bf9509043e47"/>
</canvas>
<canvas name="4" width="47" height="72">
<vector name="origin" x="24" y="72"/>
<int name="delay" value="700"/>
<string name="_hash" value="11af36987ec29896ee3103d3dd0653fc1935a30fd667cc42ee3b9c3f92a8f76c"/>
</canvas>
<canvas name="5" width="1" height="1">
<vector name="origin" x="24" y="72"/>
<int name="delay" value="100"/>
<string name="_inlink" value="stand/2"/>
</canvas>
<imgdir name="speak">
<string name="0" value="n0"/>
</imgdir>
</imgdir>
<imgdir name="eye">
<canvas name="0" width="47" height="72">
<vector name="origin" x="24" y="72"/>
<int name="delay" value="1000"/>
<string name="_hash" value="bc45ec2015b0b32c709ae622744fb78c6f31d656fa00605e88fa1f4d7e78e18e"/>
</canvas>
<canvas name="1" width="47" height="72">
<vector name="origin" x="24" y="72"/>
<int name="delay" value="100"/>
<string name="_hash" value="c29504d76725a0808ecd5a9cd630eedbc7be0e8b840f63e842fb8597be8b5509"/>
</canvas>
<canvas name="2" width="1" height="1">
<vector name="origin" x="24" y="72"/>
<int name="delay" value="100"/>
<string name="_inlink" value="eye/0"/>
</canvas>
<uol name="3" value="1"/>
<canvas name="4" width="1" height="1">
<vector name="origin" x="24" y="72"/>
<int name="delay" value="500"/>
<string name="_inlink" value="eye/0"/>
</canvas>
<uol name="5" value="1"/>
<canvas name="6" width="1" height="1">
<vector name="origin" x="24" y="72"/>
<int name="delay" value="500"/>
<string name="_inlink" value="eye/0"/>
</canvas>
<uol name="7" value="1"/>
</imgdir>
<imgdir name="say">
<canvas name="0" width="47" height="72">
<vector name="origin" x="24" y="72"/>
<int name="delay" value="1000"/>
<string name="_hash" value="17e89ced4af6999030c48112d1347d0fc231376c2173c54188dd183fb024c7c7"/>
</canvas>
<canvas name="1" width="47" height="72">
<vector name="origin" x="24" y="72"/>
<int name="delay" value="100"/>
<string name="_hash" value="a151eb0af88b92772bfe8de2d50c46be097a8c9177623187bc0e2a1692f3ab1e"/>
</canvas>
<canvas name="2" width="1" height="1">
<vector name="origin" x="24" y="72"/>
<int name="delay" value="100"/>
<string name="_inlink" value="say/0"/>
</canvas>
<uol name="3" value="1"/>
<canvas name="4" width="1" height="1">
<vector name="origin" x="24" y="72"/>
<int name="delay" value="300"/>
<string name="_inlink" value="say/0"/>
</canvas>
<canvas name="5" width="1" height="1">
<vector name="origin" x="24" y="72"/>
<int name="delay" value="600"/>
<string name="_inlink" value="say/1"/>
</canvas>
<uol name="6" value="2"/>
<uol name="7" value="1"/>
<uol name="8" value="2"/>
<canvas name="9" width="1" height="1">
<vector name="origin" x="24" y="72"/>
<int name="delay" value="700"/>
<string name="_inlink" value="say/1"/>
</canvas>
<canvas name="10" width="1" height="1">
<vector name="origin" x="24" y="72"/>
<int name="delay" value="400"/>
<string name="_inlink" value="say/0"/>
</canvas>
<uol name="11" value="1"/>
<uol name="12" value="2"/>
<canvas name="13" width="1" height="1">
<vector name="origin" x="24" y="72"/>
<int name="delay" value="300"/>
<string name="_inlink" value="say/1"/>
</canvas>
<imgdir name="speak">
<string name="0" value="s0"/>
<string name="1" value="s1"/>
</imgdir>
</imgdir>
</imgdir>
