<?xml version="1.0" encoding="UTF-8" standalone="yes"?>
<imgdir name="1022107.img">
<imgdir name="info">
<imgdir name="script">
<imgdir name="0">
<string name="script" value="periPatrol02"/>
</imgdir>
</imgdir>
<int name="hideName" value="1"/>
</imgdir>
<imgdir name="stand">
<canvas name="0" width="123" height="185">
<vector name="origin" x="47" y="179"/>
<int name="z" value="0"/>
<string name="_hash" value="13e2d7cd8049cac32193fb35cb70929f13dce2bbd3f20d3f10dc1d3e92c7d799"/>
</canvas>
</imgdir>
</imgdir>
