<?xml version="1.0" encoding="UTF-8" standalone="yes"?>
<imgdir name="1022109.img">
<imgdir name="info">
<int name="hide" value="1"/>
</imgdir>
<imgdir name="stand">
<canvas name="0" width="1" height="1">
<vector name="origin" x="50" y="65"/>
<int name="z" value="0"/>
<int name="delay" value="3000"/>
<string name="_hash" value="acb602c64efcdadea5a9ff0ba6d5ff2e9cce26c864c69f8e3725a9878f3e3270"/>
<string name="_outlink" value="Npc/1022106.img/stand/0"/>
</canvas>
</imgdir>
<imgdir name="say">
<canvas name="0" width="1" height="1">
<vector name="origin" x="50" y="65"/>
<int name="z" value="0"/>
<int name="delay" value="180"/>
<string name="_outlink" value="Npc/1022106.img/stand/0"/>
</canvas>
<canvas name="1" width="1" height="1">
<vector name="origin" x="50" y="65"/>
<int name="z" value="0"/>
<int name="delay" value="180"/>
<string name="_hash" value="7ce7be31e4283140a944f96b7db9cdac6444c93795a23d2ce3540cf84488a00e"/>
<string name="_outlink" value="Npc/1022106.img/say/1"/>
</canvas>
<uol name="2" value="0"/>
<uol name="3" value="1"/>
<uol name="4" value="0"/>
<uol name="5" value="1"/>
<uol name="6" value="0"/>
<uol name="7" value="1"/>
<uol name="8" value="0"/>
<uol name="9" value="1"/>
<uol name="10" value="0"/>
<uol name="11" value="1"/>
<uol name="12" value="0"/>
<uol name="13" value="1"/>
<imgdir name="speak">
<string name="0" value="n0"/>
<string name="1" value="n1"/>
</imgdir>
</imgdir>
<imgdir name="eye">
<canvas name="0" width="1" height="1">
<vector name="origin" x="50" y="65"/>
<int name="z" value="0"/>
<int name="delay" value="150"/>
<string name="_outlink" value="Npc/1022106.img/stand/0"/>
</canvas>
<canvas name="1" width="1" height="1">
<vector name="origin" x="50" y="65"/>
<int name="z" value="0"/>
<int name="delay" value="150"/>
<string name="_hash" value="8e2470c5d22ea4f745e30e5aaa43f032e7c5e2a04b8f9464ebd386705d7b85b6"/>
<string name="_outlink" value="Npc/1022106.img/eye/1"/>
</canvas>
<canvas name="2" width="1" height="1">
<vector name="origin" x="50" y="65"/>
<int name="z" value="0"/>
<int name="delay" value="150"/>
<string name="_hash" value="0dc6915072460150bef4b112e2eb3b41c33d4aa36d5f9d8f6ac5c8cfc4606cb9"/>
<string name="_outlink" value="Npc/1022106.img/eye/2"/>
</canvas>
</imgdir>
<imgdir name="body">
<canvas name="0" width="1" height="1">
<vector name="origin" x="50" y="64"/>
<int name="z" value="0"/>
<int name="delay" value="150"/>
<string name="_hash" value="4c73a7a7b2c1b4269a3f6c11fcdacf4bfe17465daef8c2b4410e890c4ec31e28"/>
<string name="_outlink" value="Npc/1022106.img/body/0"/>
</canvas>
<canvas name="1" width="1" height="1">
<vector name="origin" x="50" y="67"/>
<int name="z" value="0"/>
<int name="delay" value="150"/>
<string name="_hash" value="f67e7818b81adaf884bae18d5d36970295d8f1eae6382a176a978354da163b89"/>
<string name="_outlink" value="Npc/1022106.img/body/1"/>
</canvas>
<canvas name="2" width="1" height="1">
<vector name="origin" x="50" y="72"/>
<int name="z" value="0"/>
<int name="delay" value="150"/>
<string name="_hash" value="680ae662769898232c2ff5fc9cc6ae25f333174cc1409f7b08ff0a26bf157d8d"/>
<string name="_outlink" value="Npc/1022106.img/body/2"/>
</canvas>
<canvas name="3" width="1" height="1">
<vector name="origin" x="50" y="76"/>
<int name="z" value="0"/>
<int name="delay" value="150"/>
<string name="_hash" value="c77e656b291f0a65eebb7c2b0fb3d898c5ca69a676261b98e5dca34d330a333f"/>
<string name="_outlink" value="Npc/1022106.img/body/3"/>
</canvas>
<uol name="4" value="0"/>
<uol name="5" value="1"/>
<uol name="6" value="2"/>
<uol name="7" value="3"/>
<uol name="8" value="0"/>
<uol name="9" value="1"/>
<uol name="10" value="2"/>
<uol name="11" value="3"/>
</imgdir>
<imgdir name="condition1">
<int name="22528" value="1"/>
<imgdir name="stand">
<uol name="0" value="../../stand/0"/>
</imgdir>
<imgdir name="say">
<uol name="0" value="../../say/0"/>
<uol name="1" value="../../say/1"/>
<uol name="2" value="../../say/0"/>
<uol name="3" value="../../say/1"/>
<uol name="4" value="../../say/0"/>
<uol name="5" value="../../say/1"/>
<uol name="6" value="../../say/0"/>
<uol name="7" value="../../say/1"/>
<uol name="8" value="../../say/0"/>
<uol name="9" value="../../say/1"/>
<uol name="10" value="../../say/0"/>
<uol name="11" value="../../say/1"/>
<uol name="12" value="../../say/0"/>
<uol name="13" value="../../say/1"/>
<imgdir name="speak">
<string name="0" value="n0"/>
<string name="1" value="n1"/>
</imgdir>
</imgdir>
<imgdir name="eye">
<uol name="0" value="../../eye/0"/>
<uol name="1" value="../../eye/1"/>
<uol name="2" value="../../eye/2"/>
</imgdir>
<imgdir name="body">
<uol name="0" value="../../body/0"/>
<uol name="1" value="../../body/1"/>
<uol name="2" value="../../body/2"/>
<uol name="3" value="../../body/3"/>
<uol name="4" value="../../body/0"/>
<uol name="5" value="../../body/1"/>
<uol name="6" value="../../body/2"/>
<uol name="7" value="../../body/3"/>
<uol name="8" value="../../body/0"/>
<uol name="9" value="../../body/1"/>
<uol name="10" value="../../body/2"/>
<uol name="11" value="../../body/3"/>
</imgdir>
</imgdir>
</imgdir>
