<?xml version="1.0" encoding="UTF-8" standalone="yes"?>
<imgdir name="1022002.img">
<imgdir name="info">
<imgdir name="script">
<imgdir name="0">
<string name="script" value="Manji"/>
</imgdir>
</imgdir>
<imgdir name="speak">
<string name="0" value="n0"/>
<string name="1" value="n1"/>
<string name="2" value="n2"/>
</imgdir>
<int name="dcLeft" value="-16"/>
<int name="dcRight" value="46"/>
<int name="dcTop" value="-78"/>
<int name="dcBottom" value="0"/>
</imgdir>
<imgdir name="stand">
<canvas name="0" width="78" height="79">
<vector name="origin" x="23" y="79"/>
<int name="z" value="0"/>
<string name="_hash" value="46e6a0d14d40d2d149bd0758c3942f0187844d36aec008e377744e788ec73758"/>
</canvas>
</imgdir>
</imgdir>
