<?xml version="1.0" encoding="UTF-8" standalone="yes"?>
<imgdir name="1022003.img">
<imgdir name="info">
<imgdir name="speak">
<string name="0" value="n0"/>
<string name="1" value="n1"/>
</imgdir>
<imgdir name="script">
<imgdir name="0">
<string name="script" value="make_alert"/>
</imgdir>
</imgdir>
</imgdir>
<imgdir name="stand">
<canvas name="0" width="56" height="73">
<vector name="origin" x="28" y="73"/>
<int name="z" value="0"/>
<string name="_hash" value="120f5692a18554fabec17a902f64df1ded509725c9f874659ec07c1d34d59f54"/>
</canvas>
</imgdir>
</imgdir>
