<?xml version="1.0" encoding="UTF-8" standalone="yes"?>
<imgdir name="1031000.img">
<imgdir name="info">
<imgdir name="speak">
<string name="0" value="n0"/>
<string name="1" value="n1"/>
</imgdir>
<int name="shop" value="1"/>
</imgdir>
<imgdir name="stand">
<canvas name="0" width="51" height="57">
<vector name="origin" x="25" y="57"/>
<int name="z" value="0"/>
<string name="_hash" value="e6f70858fd572c51b83a25ee68b6fd003c35de16c8bce3b015a6cea1d3fa3e30"/>
</canvas>
</imgdir>
</imgdir>
