<?xml version="1.0" encoding="UTF-8" standalone="yes"?>
<imgdir name="1032211.img">
<imgdir name="info">
<int name="hide" value="1"/>
<imgdir name="speak">
<string name="0" value="n0"/>
<string name="1" value="n1"/>
</imgdir>
</imgdir>
<imgdir name="stand">
<canvas name="0" width="73" height="85">
<vector name="origin" x="33" y="84"/>
<int name="z" value="0"/>
<string name="_hash" value="414ef975e0f5725118be145d9a336d3c890eeb3ac6dc0f2f20755cdd252a6820"/>
</canvas>
<canvas name="1" width="73" height="86">
<vector name="origin" x="33" y="85"/>
<int name="z" value="0"/>
<string name="_hash" value="364bd76843735e248b6a77b09380d367b867299fcce088b162d49c90611a7558"/>
</canvas>
<canvas name="2" width="73" height="87">
<vector name="origin" x="33" y="86"/>
<int name="z" value="0"/>
<string name="_hash" value="a9a965233dfa60b5ad758335059e34a8f695f9c204e8ffb0a7d46895a86547d3"/>
</canvas>
<canvas name="3" width="75" height="88">
<vector name="origin" x="33" y="87"/>
<int name="z" value="0"/>
<string name="_hash" value="f9e10e7e57b7b1af8988fedbb85213bfe46781b1f12c65e868a4208e6b66b7e9"/>
</canvas>
<canvas name="4" width="73" height="87">
<vector name="origin" x="33" y="86"/>
<int name="z" value="0"/>
<string name="_hash" value="6723f051f85eb7eeac3b53bd4777e261af30eb9bb6a86149d5bf7bff029be5ff"/>
</canvas>
<canvas name="5" width="1" height="1">
<vector name="origin" x="33" y="85"/>
<int name="z" value="0"/>
<string name="_inlink" value="stand/1"/>
</canvas>
<canvas name="6" width="73" height="85">
<vector name="origin" x="33" y="84"/>
<int name="z" value="0"/>
<string name="_hash" value="506547d93b712caf33f44a684e3611a01813f7c2be61bba27cee388b8a1e36e8"/>
</canvas>
<canvas name="7" width="75" height="84">
<vector name="origin" x="33" y="83"/>
<int name="z" value="0"/>
<string name="_hash" value="f1c0aab28bba93f02555038bf2d025521796c0392fbb5ac62f4c3d92b9240b86"/>
</canvas>
</imgdir>
<imgdir name="condition1">
<imgdir name="stand">
<canvas name="0" width="1" height="1">
<vector name="origin" x="33" y="84"/>
<int name="z" value="0"/>
<string name="_inlink" value="stand/0"/>
</canvas>
<canvas name="1" width="1" height="1">
<vector name="origin" x="33" y="85"/>
<int name="z" value="0"/>
<string name="_inlink" value="stand/1"/>
</canvas>
<canvas name="2" width="1" height="1">
<vector name="origin" x="33" y="86"/>
<int name="z" value="0"/>
<string name="_inlink" value="stand/2"/>
</canvas>
<canvas name="3" width="1" height="1">
<vector name="origin" x="33" y="87"/>
<int name="z" value="0"/>
<string name="_inlink" value="stand/3"/>
</canvas>
<canvas name="4" width="1" height="1">
<vector name="origin" x="33" y="86"/>
<int name="z" value="0"/>
<string name="_inlink" value="stand/4"/>
</canvas>
<canvas name="5" width="1" height="1">
<vector name="origin" x="33" y="85"/>
<int name="z" value="0"/>
<string name="_inlink" value="stand/1"/>
</canvas>
<canvas name="6" width="1" height="1">
<vector name="origin" x="33" y="84"/>
<int name="z" value="0"/>
<string name="_inlink" value="stand/6"/>
</canvas>
<canvas name="7" width="1" height="1">
<vector name="origin" x="33" y="83"/>
<int name="z" value="0"/>
<string name="_inlink" value="stand/7"/>
</canvas>
</imgdir>
<int name="25625" value="1"/>
</imgdir>
</imgdir>
