<?xml version="1.0" encoding="UTF-8" standalone="yes"?>
<imgdir name="1032208.img">
<imgdir name="info">
<imgdir name="speak">
<string name="0" value="n0"/>
<string name="1" value="n1"/>
</imgdir>
</imgdir>
<imgdir name="stand">
<canvas name="0" width="1" height="1">
<vector name="origin" x="21" y="60"/>
<int name="z" value="0"/>
<string name="_hash" value="bbef4888ff6a6c844b3bebe00624ac595dbc2ba9d962079abf591680f513a088"/>
<string name="_outlink" value="Npc/1032207.img/stand/0"/>
</canvas>
</imgdir>
<imgdir name="eye">
<canvas name="0" width="1" height="1">
<vector name="origin" x="21" y="60"/>
<int name="z" value="0"/>
<string name="_outlink" value="Npc/1032207.img/stand/0"/>
</canvas>
<canvas name="1" width="1" height="1">
<vector name="origin" x="21" y="60"/>
<int name="z" value="0"/>
<string name="_hash" value="2233157388f9029b7e9eeeb15878cb1e21ab90587d4fb9644a10ce454d78456f"/>
<string name="_outlink" value="Npc/1032207.img/eye/1"/>
</canvas>
<canvas name="2" width="1" height="1">
<vector name="origin" x="21" y="60"/>
<int name="z" value="0"/>
<string name="_hash" value="c8dea406e18c877799a164c823f6a71ae5562e1bb2c0e73f840e80fef4debe86"/>
<string name="_outlink" value="Npc/1032207.img/eye/2"/>
</canvas>
</imgdir>
<imgdir name="say">
<canvas name="0" width="1" height="1">
<vector name="origin" x="21" y="60"/>
<int name="z" value="0"/>
<string name="_outlink" value="Npc/1032207.img/stand/0"/>
</canvas>
<canvas name="1" width="1" height="1">
<vector name="origin" x="21" y="60"/>
<int name="z" value="0"/>
<string name="_hash" value="e31806635911f93b9952e8f0b6ab27a071f88af847b318316bba016c29a7bd2e"/>
<string name="_outlink" value="Npc/1032207.img/say/1"/>
</canvas>
<canvas name="2" width="1" height="1">
<vector name="origin" x="21" y="60"/>
<int name="z" value="0"/>
<string name="_outlink" value="Npc/1032207.img/stand/0"/>
</canvas>
<canvas name="3" width="1" height="1">
<vector name="origin" x="21" y="60"/>
<int name="z" value="0"/>
<string name="_outlink" value="Npc/1032207.img/say/1"/>
</canvas>
<canvas name="4" width="1" height="1">
<vector name="origin" x="21" y="60"/>
<int name="z" value="0"/>
<string name="_outlink" value="Npc/1032207.img/stand/0"/>
</canvas>
</imgdir>
<imgdir name="move">
<canvas name="0" width="1" height="1">
<vector name="origin" x="21" y="60"/>
<int name="z" value="0"/>
<string name="_outlink" value="Npc/1032207.img/stand/0"/>
</canvas>
<canvas name="1" width="1" height="1">
<vector name="origin" x="20" y="60"/>
<int name="z" value="0"/>
<string name="_hash" value="025601d20324a3b8c4dcdb4252ef11f4852dc0f8edbd29151f00b97ac773e9ae"/>
<string name="_outlink" value="Npc/1032207.img/move/1"/>
</canvas>
<canvas name="2" width="1" height="1">
<vector name="origin" x="19" y="60"/>
<int name="z" value="0"/>
<string name="_hash" value="edcb2904d5117a7683ce4e94dcd54c6df01dc20a709d8b717ac7695793979210"/>
<string name="_outlink" value="Npc/1032207.img/move/2"/>
</canvas>
<canvas name="3" width="1" height="1">
<vector name="origin" x="20" y="60"/>
<int name="z" value="0"/>
<string name="_outlink" value="Npc/1032207.img/move/1"/>
</canvas>
</imgdir>
<imgdir name="hit">
<canvas name="0" width="42" height="60">
<vector name="origin" x="21" y="60"/>
<int name="z" value="0"/>
<int name="delay" value="180"/>
<string name="_hash" value="05827f08560e0ca08644d922f63b4edb8630571dd8ea78c12959c13ef1381166"/>
</canvas>
<canvas name="1" width="45" height="71">
<vector name="origin" x="13" y="71"/>
<int name="z" value="0"/>
<int name="delay" value="180"/>
<string name="_hash" value="f385e43190cd9326dcd04fa78269a79aa3cde2b83602fd72f0e95c3a1a39e918"/>
</canvas>
<canvas name="2" width="43" height="67">
<vector name="origin" x="9" y="67"/>
<int name="z" value="0"/>
<int name="delay" value="180"/>
<string name="_hash" value="85d179986eb64e497b3ed085733bc9b005acc02eea10dc1bb251d3399feae1df"/>
</canvas>
<canvas name="3" width="42" height="62">
<vector name="origin" x="7" y="62"/>
<int name="z" value="0"/>
<int name="delay" value="180"/>
<string name="_hash" value="4d1694309f32e13e8d32e67ed7ff0f8c4e14b2e6865fdd32e3dcf378a246e8b9"/>
</canvas>
<canvas name="4" width="42" height="60">
<vector name="origin" x="6" y="60"/>
<int name="z" value="0"/>
<int name="delay" value="180"/>
<string name="_hash" value="8d16593f1b34f6ba33d8bf283324f047767f873fcd784c51b80e17a8f1e658c8"/>
</canvas>
<canvas name="5" width="1" height="1">
<vector name="origin" x="0" y="33"/>
<int name="z" value="0"/>
<int name="delay" value="3000"/>
</canvas>
<int name="special" value="1"/>
</imgdir>
<imgdir name="condition1">
<imgdir name="stand">
<canvas name="0" width="1" height="1">
<vector name="origin" x="21" y="60"/>
<int name="z" value="0"/>
<string name="_outlink" value="Npc/1032207.img/stand/0"/>
</canvas>
</imgdir>
<imgdir name="eye">
<canvas name="0" width="1" height="1">
<vector name="origin" x="21" y="60"/>
<int name="z" value="0"/>
<string name="_outlink" value="Npc/1032207.img/stand/0"/>
</canvas>
<canvas name="1" width="1" height="1">
<vector name="origin" x="21" y="60"/>
<int name="z" value="0"/>
<string name="_outlink" value="Npc/1032207.img/eye/1"/>
</canvas>
<canvas name="2" width="1" height="1">
<vector name="origin" x="21" y="60"/>
<int name="z" value="0"/>
<string name="_outlink" value="Npc/1032207.img/eye/2"/>
</canvas>
</imgdir>
<imgdir name="say">
<canvas name="0" width="1" height="1">
<vector name="origin" x="21" y="60"/>
<int name="z" value="0"/>
<string name="_outlink" value="Npc/1032207.img/stand/0"/>
</canvas>
<canvas name="1" width="1" height="1">
<vector name="origin" x="21" y="60"/>
<int name="z" value="0"/>
<string name="_outlink" value="Npc/1032207.img/say/1"/>
</canvas>
<canvas name="2" width="1" height="1">
<vector name="origin" x="21" y="60"/>
<int name="z" value="0"/>
<string name="_outlink" value="Npc/1032207.img/stand/0"/>
</canvas>
<canvas name="3" width="1" height="1">
<vector name="origin" x="21" y="60"/>
<int name="z" value="0"/>
<string name="_outlink" value="Npc/1032207.img/say/1"/>
</canvas>
<canvas name="4" width="1" height="1">
<vector name="origin" x="21" y="60"/>
<int name="z" value="0"/>
<string name="_outlink" value="Npc/1032207.img/stand/0"/>
</canvas>
</imgdir>
<imgdir name="move">
<canvas name="0" width="1" height="1">
<vector name="origin" x="21" y="60"/>
<int name="z" value="0"/>
<string name="_outlink" value="Npc/1032207.img/stand/0"/>
</canvas>
<canvas name="1" width="1" height="1">
<vector name="origin" x="20" y="60"/>
<int name="z" value="0"/>
<string name="_outlink" value="Npc/1032207.img/move/1"/>
</canvas>
<canvas name="2" width="1" height="1">
<vector name="origin" x="19" y="60"/>
<int name="z" value="0"/>
<string name="_outlink" value="Npc/1032207.img/move/2"/>
</canvas>
<canvas name="3" width="1" height="1">
<vector name="origin" x="20" y="60"/>
<int name="z" value="0"/>
<string name="_outlink" value="Npc/1032207.img/move/1"/>
</canvas>
</imgdir>
<imgdir name="hit">
<canvas name="0" width="1" height="1">
<vector name="origin" x="21" y="60"/>
<int name="z" value="0"/>
<int name="delay" value="180"/>
<string name="_inlink" value="hit/0"/>
</canvas>
<canvas name="1" width="1" height="1">
<vector name="origin" x="13" y="71"/>
<int name="z" value="0"/>
<int name="delay" value="180"/>
<string name="_inlink" value="hit/1"/>
</canvas>
<canvas name="2" width="1" height="1">
<vector name="origin" x="9" y="67"/>
<int name="z" value="0"/>
<int name="delay" value="180"/>
<string name="_inlink" value="hit/2"/>
</canvas>
<canvas name="3" width="1" height="1">
<vector name="origin" x="7" y="62"/>
<int name="z" value="0"/>
<int name="delay" value="180"/>
<string name="_inlink" value="hit/3"/>
</canvas>
<canvas name="4" width="1" height="1">
<vector name="origin" x="6" y="60"/>
<int name="z" value="0"/>
<int name="delay" value="180"/>
<string name="_inlink" value="hit/4"/>
</canvas>
<canvas name="5" width="1" height="1">
<vector name="origin" x="0" y="33"/>
<int name="z" value="0"/>
<int name="delay" value="3000"/>
</canvas>
<int name="special" value="1"/>
</imgdir>
<int name="25584" value="3"/>
</imgdir>
<imgdir name="condition2">
<imgdir name="stand">
<canvas name="0" width="1" height="1">
<vector name="origin" x="21" y="60"/>
<int name="z" value="0"/>
<string name="_outlink" value="Npc/1032207.img/stand/0"/>
</canvas>
</imgdir>
<imgdir name="eye">
<canvas name="0" width="1" height="1">
<vector name="origin" x="21" y="60"/>
<int name="z" value="0"/>
<string name="_outlink" value="Npc/1032207.img/stand/0"/>
</canvas>
<canvas name="1" width="1" height="1">
<vector name="origin" x="21" y="60"/>
<int name="z" value="0"/>
<string name="_outlink" value="Npc/1032207.img/eye/1"/>
</canvas>
<canvas name="2" width="1" height="1">
<vector name="origin" x="21" y="60"/>
<int name="z" value="0"/>
<string name="_outlink" value="Npc/1032207.img/eye/2"/>
</canvas>
</imgdir>
<imgdir name="say">
<canvas name="0" width="1" height="1">
<vector name="origin" x="21" y="60"/>
<int name="z" value="0"/>
<string name="_outlink" value="Npc/1032207.img/stand/0"/>
</canvas>
<canvas name="1" width="1" height="1">
<vector name="origin" x="21" y="60"/>
<int name="z" value="0"/>
<string name="_outlink" value="Npc/1032207.img/say/1"/>
</canvas>
<canvas name="2" width="1" height="1">
<vector name="origin" x="21" y="60"/>
<int name="z" value="0"/>
<string name="_outlink" value="Npc/1032207.img/stand/0"/>
</canvas>
<canvas name="3" width="1" height="1">
<vector name="origin" x="21" y="60"/>
<int name="z" value="0"/>
<string name="_outlink" value="Npc/1032207.img/say/1"/>
</canvas>
<canvas name="4" width="1" height="1">
<vector name="origin" x="21" y="60"/>
<int name="z" value="0"/>
<string name="_outlink" value="Npc/1032207.img/stand/0"/>
</canvas>
</imgdir>
<imgdir name="move">
<canvas name="0" width="1" height="1">
<vector name="origin" x="21" y="60"/>
<int name="z" value="0"/>
<string name="_outlink" value="Npc/1032207.img/stand/0"/>
</canvas>
<canvas name="1" width="1" height="1">
<vector name="origin" x="20" y="60"/>
<int name="z" value="0"/>
<string name="_outlink" value="Npc/1032207.img/move/1"/>
</canvas>
<canvas name="2" width="1" height="1">
<vector name="origin" x="19" y="60"/>
<int name="z" value="0"/>
<string name="_outlink" value="Npc/1032207.img/move/2"/>
</canvas>
<canvas name="3" width="1" height="1">
<vector name="origin" x="20" y="60"/>
<int name="z" value="0"/>
<string name="_outlink" value="Npc/1032207.img/move/1"/>
</canvas>
</imgdir>
<imgdir name="hit">
<canvas name="0" width="1" height="1">
<vector name="origin" x="21" y="60"/>
<int name="z" value="0"/>
<int name="delay" value="180"/>
<string name="_inlink" value="hit/0"/>
</canvas>
<canvas name="1" width="1" height="1">
<vector name="origin" x="13" y="71"/>
<int name="z" value="0"/>
<int name="delay" value="180"/>
<string name="_inlink" value="hit/1"/>
</canvas>
<canvas name="2" width="1" height="1">
<vector name="origin" x="9" y="67"/>
<int name="z" value="0"/>
<int name="delay" value="180"/>
<string name="_inlink" value="hit/2"/>
</canvas>
<canvas name="3" width="1" height="1">
<vector name="origin" x="7" y="62"/>
<int name="z" value="0"/>
<int name="delay" value="180"/>
<string name="_inlink" value="hit/3"/>
</canvas>
<canvas name="4" width="1" height="1">
<vector name="origin" x="6" y="60"/>
<int name="z" value="0"/>
<int name="delay" value="180"/>
<string name="_inlink" value="hit/4"/>
</canvas>
<canvas name="5" width="1" height="1">
<vector name="origin" x="0" y="33"/>
<int name="z" value="0"/>
<int name="delay" value="3000"/>
</canvas>
<int name="special" value="1"/>
</imgdir>
<int name="25569" value="2"/>
<int name="hide" value="1"/>
</imgdir>
</imgdir>
