<?xml version="1.0" encoding="UTF-8" standalone="yes"?>
<imgdir name="1032209.img">
<imgdir name="info">
<imgdir name="speak">
<string name="0" value="n0"/>
<string name="1" value="n1"/>
</imgdir>
</imgdir>
<imgdir name="stand">
<canvas name="0" width="118" height="122">
<vector name="origin" x="54" y="118"/>
<int name="z" value="0"/>
<string name="_hash" value="fb922fa1725c4599055c199e10efade831a56d0acd89dd8df71e8f3a85aa847b"/>
</canvas>
<canvas name="1" width="118" height="122">
<vector name="origin" x="54" y="118"/>
<int name="z" value="0"/>
<string name="_hash" value="3971c8ddbfceb8954be5832383d41e093cb68552c06224b912af381689400c4e"/>
</canvas>
<canvas name="2" width="118" height="122">
<vector name="origin" x="54" y="117"/>
<int name="z" value="0"/>
<string name="_hash" value="f9df04d1a08f7fec4075c87190232df995f30db6ac46a71fa967b475060f8aae"/>
</canvas>
<canvas name="3" width="118" height="122">
<vector name="origin" x="54" y="117"/>
<int name="z" value="0"/>
<string name="_hash" value="17109680e66c08abee31335e630206ce6084fee8576ebf3bb873b5f50dbabb19"/>
</canvas>
<canvas name="4" width="118" height="122">
<vector name="origin" x="54" y="116"/>
<int name="z" value="0"/>
<string name="_hash" value="855048f56466fe3111d2982dc0aeadda1d839be333638f5411438d8b077311e8"/>
</canvas>
<canvas name="5" width="118" height="122">
<vector name="origin" x="54" y="116"/>
<int name="z" value="0"/>
<string name="_hash" value="21f61305369d79bcf3561a7c3dde952be87bb29af63289f02fb92efc871a3262"/>
</canvas>
<canvas name="6" width="118" height="122">
<vector name="origin" x="54" y="117"/>
<int name="z" value="0"/>
<string name="_hash" value="6c1012ea49c54bebc02204138138fa0bc4fc25ca101ceeb109c30497df3db1bb"/>
</canvas>
<canvas name="7" width="118" height="122">
<vector name="origin" x="54" y="117"/>
<int name="z" value="0"/>
<string name="_hash" value="4885871b5529d856565c6b2c9bdc321fee5ae1ae043a5626360a46fc11f1dbbb"/>
</canvas>
</imgdir>
</imgdir>
