<?xml version="1.0" encoding="UTF-8" standalone="yes"?>
<imgdir name="1032216.img">
<imgdir name="info">
<int name="hideName" value="1"/>
</imgdir>
<imgdir name="stand">
<canvas name="0" width="157" height="143">
<vector name="origin" x="69" y="155"/>
<int name="z" value="0"/>
<int name="delay" value="120"/>
<string name="_hash" value="c80c2a0c1c0e83f878caa187e1251efbce6d3091e664bd60a20cde228148626a"/>
</canvas>
<canvas name="1" width="157" height="144">
<vector name="origin" x="69" y="155"/>
<int name="z" value="0"/>
<int name="delay" value="120"/>
<string name="_hash" value="17cbb946131d72e40c39f23dc0eaf7bc3ea5cbfaec46a0b1ee43fd5cefc0cacf"/>
</canvas>
<canvas name="2" width="157" height="145">
<vector name="origin" x="69" y="155"/>
<int name="z" value="0"/>
<int name="delay" value="120"/>
<string name="_hash" value="92130485ede6d817e272342793b39556eeb9a1dc46ff89bd050017d538b5991a"/>
</canvas>
<canvas name="3" width="157" height="147">
<vector name="origin" x="69" y="156"/>
<int name="z" value="0"/>
<int name="delay" value="120"/>
<string name="_hash" value="4a3aea0a0eda9d436eaf268eb1dff2403d1054f385571605185809f8cf414b9a"/>
</canvas>
<canvas name="4" width="157" height="147">
<vector name="origin" x="69" y="156"/>
<int name="z" value="0"/>
<int name="delay" value="120"/>
<string name="_hash" value="856ebe4e2d1776819e35648186d731234a00243c529d35d513b58c0a581c25e2"/>
</canvas>
<canvas name="5" width="157" height="147">
<vector name="origin" x="69" y="156"/>
<int name="z" value="0"/>
<int name="delay" value="120"/>
<string name="_hash" value="d0f3c060838015268725a81454dafbb05dac2ab7aa90b33ae6762d0f8b6e7ece"/>
</canvas>
</imgdir>
</imgdir>
