<?xml version="1.0" encoding="UTF-8" standalone="yes"?>
<imgdir name="1032104.img">
<imgdir name="info">
<canvas name="default" width="39" height="70">
<vector name="origin" x="19" y="70"/>
<string name="_hash" value="79a457ad60fd9092658ef9b8b359d45e4c84f4a3759fd67b415451a8d631db3e"/>
</canvas>
</imgdir>
<imgdir name="stand">
<canvas name="0" width="1" height="1">
<vector name="origin" x="19" y="70"/>
<int name="delay" value="1000"/>
<string name="_inlink" value="info/default"/>
</canvas>
<canvas name="1" width="39" height="70">
<vector name="origin" x="19" y="70"/>
<int name="delay" value="100"/>
<string name="_hash" value="bb0f0beaf6d495b9c0b99d497338d4e7edb2549b766b1f88ee5c72383cee5184"/>
</canvas>
<canvas name="2" width="1" height="1">
<vector name="origin" x="19" y="70"/>
<int name="delay" value="100"/>
<string name="_inlink" value="info/default"/>
</canvas>
<uol name="3" value="1"/>
<canvas name="4" width="1" height="1">
<vector name="origin" x="19" y="70"/>
<int name="delay" value="500"/>
<string name="_inlink" value="info/default"/>
</canvas>
<uol name="5" value="1"/>
<uol name="6" value="2"/>
<canvas name="7" width="1" height="1">
<vector name="origin" x="19" y="70"/>
<int name="delay" value="500"/>
<string name="_inlink" value="stand/1"/>
</canvas>
<uol name="8" value="2"/>
<canvas name="9" width="1" height="1">
<vector name="origin" x="19" y="70"/>
<int name="delay" value="400"/>
<string name="_inlink" value="stand/1"/>
</canvas>
<uol name="10" value="2"/>
<canvas name="11" width="1" height="1">
<vector name="origin" x="19" y="70"/>
<int name="delay" value="600"/>
<string name="_inlink" value="stand/1"/>
</canvas>
<canvas name="12" width="1" height="1">
<vector name="origin" x="19" y="70"/>
<int name="delay" value="300"/>
<string name="_inlink" value="info/default"/>
</canvas>
<uol name="13" value="1"/>
<canvas name="14" width="1" height="1">
<vector name="origin" x="19" y="70"/>
<int name="delay" value="400"/>
<string name="_inlink" value="info/default"/>
</canvas>
<imgdir name="speak">
<string name="0" value="n0"/>
</imgdir>
</imgdir>
<imgdir name="eye">
<canvas name="0" width="1" height="1">
<vector name="origin" x="19" y="70"/>
<int name="delay" value="1000"/>
<string name="_inlink" value="info/default"/>
</canvas>
<canvas name="1" width="39" height="70">
<vector name="origin" x="19" y="70"/>
<int name="delay" value="100"/>
<string name="_hash" value="17e7b6098dd72b3702d869e58d4dd01273a7f657e3ccaa7c9595f020ef1e11f3"/>
</canvas>
<canvas name="2" width="39" height="70">
<vector name="origin" x="19" y="70"/>
<int name="delay" value="100"/>
<string name="_hash" value="79ab0932feb3da67645e46cea1c299a75124a63d93fdc0f497b817e18942e464"/>
</canvas>
<canvas name="3" width="1" height="1">
<vector name="origin" x="19" y="70"/>
<int name="delay" value="500"/>
<string name="_inlink" value="info/default"/>
</canvas>
<uol name="4" value="1"/>
<uol name="5" value="2"/>
<canvas name="6" width="1" height="1">
<vector name="origin" x="19" y="70"/>
<int name="delay" value="100"/>
<string name="_inlink" value="info/default"/>
</canvas>
<uol name="7" value="1"/>
<uol name="8" value="2"/>
</imgdir>
<imgdir name="say">
<canvas name="0" width="1" height="1">
<vector name="origin" x="19" y="70"/>
<int name="delay" value="1000"/>
<string name="_inlink" value="eye/1"/>
</canvas>
<canvas name="1" width="1" height="1">
<vector name="origin" x="19" y="70"/>
<int name="delay" value="100"/>
<string name="_inlink" value="stand/1"/>
</canvas>
<canvas name="2" width="39" height="70">
<vector name="origin" x="19" y="70"/>
<int name="delay" value="100"/>
<string name="_hash" value="f0b24761783b00c18d177a28d1bd0e136248b5de05ff4e7bb860c31aa19c231b"/>
</canvas>
<canvas name="3" width="39" height="70">
<vector name="origin" x="19" y="70"/>
<int name="delay" value="500"/>
<string name="_hash" value="fc5dbe67eb08780a6a51e14ffd724b9d128db9feba00c51b1d306d92e566e900"/>
</canvas>
<canvas name="4" width="1" height="1">
<vector name="origin" x="19" y="70"/>
<int name="delay" value="300"/>
<string name="_inlink" value="say/2"/>
</canvas>
<canvas name="5" width="1" height="1">
<vector name="origin" x="19" y="70"/>
<int name="delay" value="200"/>
<string name="_inlink" value="say/3"/>
</canvas>
<canvas name="6" width="1" height="1">
<vector name="origin" x="19" y="70"/>
<int name="delay" value="200"/>
<string name="_inlink" value="eye/1"/>
</canvas>
<uol name="7" value="1"/>
<uol name="8" value="2"/>
<uol name="9" value="3"/>
<uol name="10" value="4"/>
<uol name="11" value="5"/>
<imgdir name="speak">
<string name="0" value="s0"/>
</imgdir>
</imgdir>
</imgdir>
