<?xml version="1.0" encoding="UTF-8" standalone="yes"?>
<imgdir name="1032100.img">
<imgdir name="info">
<imgdir name="speak">
<string name="0" value="n0"/>
<string name="1" value="n1"/>
</imgdir>
<imgdir name="script">
<imgdir name="0">
<string name="script" value="owen"/>
</imgdir>
</imgdir>
</imgdir>
<imgdir name="stand">
<canvas name="0" width="41" height="57">
<vector name="origin" x="21" y="57"/>
<int name="z" value="0"/>
<string name="_hash" value="96e3eae0c5661aa1ed58a8a645aff78aadfee31f265f756442082d60413b8a16"/>
</canvas>
</imgdir>
</imgdir>
