<?xml version="1.0" encoding="UTF-8" standalone="yes"?>
<imgdir name="1032008.img">
<imgdir name="info">
<imgdir name="speak">
<string name="0" value="n0"/>
<string name="1" value="n1"/>
<string name="2" value="n2"/>
</imgdir>
<imgdir name="script">
<imgdir name="0">
<string name="script" value="get_ticket"/>
</imgdir>
</imgdir>
</imgdir>
<imgdir name="stand">
<canvas name="0" width="55" height="74">
<vector name="origin" x="27" y="74"/>
<string name="_hash" value="20827011240848716bd7eb02dc13fb6052e615a59db525709cff5c3287158cef"/>
</canvas>
</imgdir>
</imgdir>
