<?xml version="1.0" encoding="UTF-8" standalone="yes"?>
<imgdir name="1032111.img">
<imgdir name="info">
<imgdir name="script">
<imgdir name="0">
<string name="script" value="giveSap"/>
</imgdir>
</imgdir>
<int name="dcLeft" value="-70"/>
<int name="dcTop" value="-200"/>
<int name="dcRight" value="75"/>
<int name="dcBottom" value="-55"/>
</imgdir>
<imgdir name="stand">
<canvas name="0" width="151" height="203">
<vector name="origin" x="75" y="125"/>
<int name="z" value="0"/>
<int name="delay" value="150"/>
<string name="_hash" value="6cc246b19aee43892010911f937439ddea076e3da8d7f8884a73ddbfb60294a8"/>
</canvas>
<canvas name="1" width="151" height="205">
<vector name="origin" x="75" y="125"/>
<int name="z" value="0"/>
<int name="delay" value="150"/>
<string name="_hash" value="6445c3c1c7c2f3e68ad8e06a29ce1a5c602350da63999c46632fd5ab672e5ab8"/>
</canvas>
<canvas name="2" width="151" height="209">
<vector name="origin" x="75" y="125"/>
<int name="z" value="0"/>
<int name="delay" value="150"/>
<string name="_hash" value="b4c7d56782685f31086cda3003b9fdb4ce8d9773fd38bd282069e6b27309650f"/>
</canvas>
</imgdir>
</imgdir>
