<?xml version="1.0" encoding="UTF-8" standalone="yes"?>
<imgdir name="1032106.img">
<imgdir name="info">
</imgdir>
<imgdir name="stand">
<canvas name="0" width="57" height="74">
<vector name="origin" x="25" y="74"/>
<int name="delay" value="1500"/>
<string name="_hash" value="916fb4acb222a89e7b666ee22a6b71cec78429a2fd6ac9851a5894e5e75de3d1"/>
</canvas>
<canvas name="1" width="57" height="74">
<vector name="origin" x="25" y="74"/>
<int name="delay" value="100"/>
<string name="_hash" value="2a796954a81325e64da137e7ade0daa73d501353d25bd85e9ee51b6797dcd894"/>
</canvas>
<canvas name="2" width="57" height="74">
<vector name="origin" x="25" y="74"/>
<int name="delay" value="100"/>
<string name="_hash" value="2476c8e83468139db984ea74939f1d6f3ad2f16f47591bb053043790cc5e68b5"/>
</canvas>
<canvas name="3" width="1" height="1">
<vector name="origin" x="25" y="74"/>
<int name="delay" value="500"/>
<string name="_inlink" value="stand/0"/>
</canvas>
<uol name="4" value="1"/>
<uol name="5" value="2"/>
</imgdir>
<imgdir name="say">
<canvas name="0" width="1" height="1">
<vector name="origin" x="25" y="74"/>
<int name="delay" value="1500"/>
<string name="_inlink" value="stand/0"/>
</canvas>
<canvas name="1" width="57" height="74">
<vector name="origin" x="25" y="74"/>
<int name="delay" value="100"/>
<string name="_hash" value="8ee7b78e4c85fb0c0f0f0e57915762a35872f5ebb5d9ea962cf242f5bdb9adb4"/>
</canvas>
<canvas name="2" width="1" height="1">
<vector name="origin" x="25" y="74"/>
<int name="delay" value="150"/>
<string name="_inlink" value="stand/0"/>
</canvas>
<uol name="3" value="1"/>
<uol name="4" value="2"/>
<uol name="5" value="1"/>
<canvas name="6" width="1" height="1">
<vector name="origin" x="25" y="74"/>
<int name="delay" value="500"/>
<string name="_inlink" value="stand/0"/>
</canvas>
<uol name="7" value="1"/>
<uol name="8" value="2"/>
<uol name="9" value="1"/>
<canvas name="10" width="1" height="1">
<vector name="origin" x="25" y="74"/>
<int name="delay" value="300"/>
<string name="_inlink" value="stand/0"/>
</canvas>
<canvas name="11" width="1" height="1">
<vector name="origin" x="25" y="74"/>
<int name="delay" value="150"/>
<string name="_inlink" value="say/1"/>
</canvas>
<imgdir name="speak">
<string name="0" value="n0"/>
<string name="1" value="n1"/>
</imgdir>
</imgdir>
</imgdir>
