<?xml version="1.0" encoding="UTF-8" standalone="yes"?>
<imgdir name="1033228.img">
<imgdir name="info">
<imgdir name="script">
<imgdir name="0">
<string name="script" value="talkGiantmer"/>
</imgdir>
</imgdir>
</imgdir>
<imgdir name="stand">
<canvas name="0" width="108" height="107">
<vector name="origin" x="46" y="107"/>
<int name="z" value="0"/>
<int name="delay" value="180"/>
<string name="_hash" value="ce62562cffcc04856556391dca4e7487f5c673bb8daed56cba115f19ff085432"/>
</canvas>
<canvas name="1" width="109" height="106">
<vector name="origin" x="47" y="106"/>
<int name="z" value="0"/>
<int name="delay" value="180"/>
<string name="_hash" value="5650c70a78629ef7042c4f06c0a9b2f547574577c0ec2e2f7804c40a9dde7548"/>
</canvas>
<canvas name="2" width="111" height="105">
<vector name="origin" x="48" y="105"/>
<int name="z" value="0"/>
<int name="delay" value="180"/>
<string name="_hash" value="c20c6421d50087e4ee6f3f0b4d9095aba97655101c624ec32090556713ce1442"/>
</canvas>
<canvas name="3" width="1" height="1">
<vector name="origin" x="47" y="106"/>
<int name="z" value="0"/>
<int name="delay" value="180"/>
<string name="_inlink" value="stand/1"/>
</canvas>
<canvas name="4" width="1" height="1">
<vector name="origin" x="46" y="107"/>
<int name="z" value="0"/>
<int name="delay" value="180"/>
<string name="_inlink" value="stand/0"/>
</canvas>
<canvas name="5" width="108" height="108">
<vector name="origin" x="45" y="108"/>
<int name="z" value="0"/>
<int name="delay" value="180"/>
<string name="_hash" value="8f78c92c0f1039bcec04cbfade777cbb64a227f158ba41313a09b72b637e2a72"/>
</canvas>
</imgdir>
</imgdir>
