<?xml version="1.0" encoding="UTF-8" standalone="yes"?>
<imgdir name="1033202.img">
<imgdir name="info">
<imgdir name="script">
<imgdir name="0">
<string name="script" value="merTutorElder"/>
</imgdir>
</imgdir>
</imgdir>
<imgdir name="stand">
<canvas name="0" width="63" height="78">
<vector name="origin" x="32" y="78"/>
<int name="z" value="0"/>
<int name="delay" value="3000"/>
<string name="_hash" value="fc2ac1f1880e2c0c13eb2de5461e3f683d511000ac5a2de50a972f4650e0cf71"/>
</canvas>
</imgdir>
<imgdir name="condition1">
<imgdir name="stand">
<canvas name="0" width="1" height="1">
<vector name="origin" x="57" y="101"/>
<int name="z" value="0"/>
<int name="delay" value="150"/>
<string name="_hash" value="33f317d57c638d3401ab45e9d927c5e29473d3db5982e86eb6d4b1a7216bc606"/>
<string name="_outlink" value="Npc/1033100.img/stand/0"/>
</canvas>
</imgdir>
<int name="24002" value="2"/>
</imgdir>
</imgdir>
