<?xml version="1.0" encoding="UTF-8" standalone="yes"?>
<imgdir name="1033225.img">
<imgdir name="info">
<imgdir name="script">
<imgdir name="0">
<string name="script" value="talkShadowManMer"/>
</imgdir>
</imgdir>
</imgdir>
<imgdir name="stand">
<canvas name="0" width="85" height="99">
<vector name="origin" x="49" y="99"/>
<vector name="lt" x="-49" y="-99"/>
<vector name="rb" x="36" y="0"/>
<vector name="head" x="-11" y="-73"/>
<int name="delay" value="180"/>
<string name="_hash" value="4ff6779df5546d9ebd94b4240bf0db1e0637ecc002d53e69ff81d3b2442dd1c9"/>
</canvas>
<canvas name="1" width="85" height="99">
<vector name="origin" x="49" y="99"/>
<vector name="lt" x="-49" y="-99"/>
<vector name="rb" x="36" y="0"/>
<vector name="head" x="-11" y="-73"/>
<int name="delay" value="180"/>
<string name="_hash" value="52aa26058fc897e51c2dcd5af207cd4cb5c275a30b74737b1420b80ef6f69f02"/>
</canvas>
<canvas name="2" width="85" height="99">
<vector name="origin" x="49" y="99"/>
<vector name="lt" x="-49" y="-99"/>
<vector name="rb" x="36" y="0"/>
<vector name="head" x="-11" y="-73"/>
<int name="delay" value="180"/>
<string name="_hash" value="6cd554c9b12c8d7f48505bd77d84c7e7fa5cdaedbbadeb906e67d868016b8801"/>
</canvas>
<canvas name="3" width="1" height="1">
<vector name="origin" x="49" y="99"/>
<vector name="lt" x="-49" y="-99"/>
<vector name="rb" x="36" y="0"/>
<vector name="head" x="-11" y="-73"/>
<int name="delay" value="180"/>
<string name="_inlink" value="stand/0"/>
</canvas>
<canvas name="4" width="85" height="99">
<vector name="origin" x="49" y="99"/>
<vector name="lt" x="-49" y="-99"/>
<vector name="rb" x="36" y="0"/>
<vector name="head" x="-11" y="-73"/>
<int name="delay" value="180"/>
<string name="_hash" value="7c9ffb14a838b5ea3a8d4c3cd35e227aaf889b779cd152792fface5c7a416223"/>
</canvas>
<canvas name="5" width="1" height="1">
<vector name="origin" x="49" y="99"/>
<vector name="lt" x="-49" y="-99"/>
<vector name="rb" x="36" y="0"/>
<vector name="head" x="-11" y="-73"/>
<int name="delay" value="180"/>
<string name="_inlink" value="stand/2"/>
</canvas>
</imgdir>
</imgdir>
