<?xml version="1.0" encoding="UTF-8" standalone="yes"?>
<imgdir name="1033106.img">
<imgdir name="info">
</imgdir>
<imgdir name="stand">
<canvas name="0" width="88" height="76">
<vector name="origin" x="44" y="72"/>
<int name="z" value="0"/>
<int name="delay" value="150"/>
<string name="_hash" value="9253c64ec4c068efb32cc0c57cabfeb0fd05a03dc75ed60e3e93b6a16a4aef64"/>
</canvas>
</imgdir>
<imgdir name="say">
<uol name="0" value="../stand/0"/>
<uol name="1" value="../stand/0"/>
<int name="special" value="1"/>
</imgdir>
<imgdir name="hand">
<uol name="0" value="../stand/0"/>
<uol name="1" value="../stand/0"/>
<uol name="2" value="../stand/0"/>
<uol name="3" value="../stand/0"/>
<uol name="4" value="../stand/0"/>
</imgdir>
<imgdir name="condition1">
<imgdir name="stand">
<canvas name="0" width="48" height="61">
<vector name="origin" x="22" y="61"/>
<int name="z" value="0"/>
<string name="_hash" value="37bafc7eaec0b890c026b9d5fae15e86976738a93d3f69f89419844c76a8696a"/>
</canvas>
</imgdir>
<imgdir name="say">
<canvas name="0" width="1" height="1">
<vector name="origin" x="22" y="61"/>
<int name="z" value="0"/>
<string name="_inlink" value="condition1/stand/0"/>
</canvas>
<canvas name="1" width="48" height="61">
<vector name="origin" x="22" y="61"/>
<int name="z" value="0"/>
<string name="_hash" value="c0be4334272545d598561d03333bea4891ab72ab74de7dfb67e5311f62dd6da9"/>
</canvas>
<int name="special" value="1"/>
</imgdir>
<imgdir name="hand">
<canvas name="0" width="1" height="1">
<vector name="origin" x="22" y="61"/>
<int name="z" value="0"/>
<string name="_inlink" value="condition1/stand/0"/>
</canvas>
<canvas name="1" width="48" height="61">
<vector name="origin" x="22" y="61"/>
<int name="z" value="0"/>
<string name="_hash" value="28152a9751677362b1a543367fb0d4c4486bb4e3ec6c004f92dc3be9b30346b9"/>
</canvas>
<canvas name="2" width="48" height="62">
<vector name="origin" x="22" y="62"/>
<int name="z" value="0"/>
<string name="_hash" value="6dbe154531c5108f0857c425bfd033dfd0e6f4050d9ece029e0025f5962b137d"/>
</canvas>
<canvas name="3" width="1" height="1">
<vector name="origin" x="22" y="61"/>
<int name="z" value="0"/>
<string name="_inlink" value="condition1/hand/1"/>
</canvas>
<canvas name="4" width="1" height="1">
<vector name="origin" x="22" y="62"/>
<int name="z" value="0"/>
<string name="_inlink" value="condition1/hand/2"/>
</canvas>
</imgdir>
<int name="24090" value="2"/>
</imgdir>
<imgdir name="condition2">
<imgdir name="stand">
<uol name="0" value="../../condition1/stand/0"/>
</imgdir>
<imgdir name="say">
<uol name="0" value="../../condition1/say/0"/>
<uol name="1" value="../../condition1/say/1"/>
<int name="special" value="1"/>
</imgdir>
<imgdir name="hand">
<uol name="0" value="../../condition1/hand/0"/>
<uol name="1" value="../../condition1/hand/1"/>
<uol name="2" value="../../condition1/hand/2"/>
<uol name="3" value="../../condition1/hand/3"/>
<uol name="4" value="../../condition1/hand/4"/>
</imgdir>
<int name="32314" value="2"/>
</imgdir>
</imgdir>
