<?xml version="1.0" encoding="UTF-8" standalone="yes"?>
<imgdir name="1033102.img">
<imgdir name="info">
</imgdir>
<imgdir name="stand">
<canvas name="0" width="107" height="95">
<vector name="origin" x="50" y="92"/>
<int name="z" value="0"/>
<string name="_hash" value="0e49d048eff678954516bb81597568c15509f88f23365ecb1d305a8335723fa9"/>
</canvas>
</imgdir>
<imgdir name="say">
<uol name="0" value="../stand/0"/>
<uol name="1" value="../stand/0"/>
<int name="special" value="1"/>
</imgdir>
<imgdir name="condition1">
<imgdir name="stand">
<canvas name="0" width="57" height="72">
<vector name="origin" x="29" y="71"/>
<int name="z" value="0"/>
<int name="delay" value="150"/>
<string name="_hash" value="dd9d722e0359f7be9c3f3620971f55bb25441fa7acae5c14954d773bb4be4a27"/>
</canvas>
</imgdir>
<imgdir name="say">
<canvas name="0" width="1" height="1">
<vector name="origin" x="29" y="71"/>
<int name="z" value="0"/>
<string name="_inlink" value="condition1/stand/0"/>
</canvas>
<canvas name="1" width="57" height="72">
<vector name="origin" x="29" y="71"/>
<int name="z" value="0"/>
<string name="_hash" value="d3b5acfac5aaa3b45e2e1af4637c5e9747c6d4f678ca201a2130d0d7e6316c63"/>
</canvas>
<int name="special" value="1"/>
</imgdir>
<int name="24064" value="0"/>
</imgdir>
<imgdir name="condition2">
<imgdir name="stand">
<uol name="0" value="../../condition1/stand/0"/>
</imgdir>
<imgdir name="say">
<uol name="0" value="../../condition1/say/0"/>
<uol name="1" value="../../condition1/say/1"/>
<int name="special" value="1"/>
</imgdir>
<int name="24064" value="3"/>
</imgdir>
<imgdir name="condition3">
<imgdir name="stand">
<uol name="0" value="../../condition1/stand/0"/>
</imgdir>
<imgdir name="say">
<uol name="0" value="../../condition1/say/0"/>
<uol name="1" value="../../condition1/say/1"/>
<int name="special" value="1"/>
</imgdir>
<int name="32314" value="2"/>
</imgdir>
</imgdir>
