<?xml version="1.0" encoding="UTF-8" standalone="yes"?>
<imgdir name="1033104.img">
<imgdir name="info">
</imgdir>
<imgdir name="stand">
<canvas name="0" width="88" height="76">
<vector name="origin" x="46" y="72"/>
<int name="z" value="0"/>
<int name="delay" value="150"/>
<string name="_hash" value="3a279cc4ad59011d26929c06fc181d075bf352184ac988de316398a68c782e4e"/>
</canvas>
</imgdir>
<imgdir name="say">
<canvas name="0" width="48" height="65">
<vector name="origin" x="23" y="65"/>
<int name="z" value="0"/>
<string name="_hash" value="0f066316a02b733a0bc9ded68adf89deb288e226a309f1e794f2c56a862c6139"/>
</canvas>
<canvas name="1" width="48" height="65">
<vector name="origin" x="23" y="65"/>
<int name="z" value="0"/>
<string name="_hash" value="9d94621cbbc7453ae297ce5dfbc01a338589f2ffbec26c3b4da02b3df6dafc8a"/>
</canvas>
<int name="special" value="1"/>
</imgdir>
<imgdir name="smile">
<canvas name="0" width="1" height="1">
<vector name="origin" x="23" y="65"/>
<int name="z" value="0"/>
<string name="_inlink" value="say/0"/>
</canvas>
<canvas name="1" width="48" height="65">
<vector name="origin" x="23" y="65"/>
<int name="z" value="0"/>
<string name="_hash" value="b6e095949432cc3135946a3b7d190601830b56b5645efe786be3578f499b6a0a"/>
</canvas>
<canvas name="2" width="48" height="65">
<vector name="origin" x="23" y="65"/>
<int name="z" value="0"/>
<string name="_hash" value="4b7f9cec1b36a8663403ef90dc8054aca8df6e91f2f2f5ac353af4756cacca12"/>
</canvas>
<canvas name="3" width="1" height="1">
<vector name="origin" x="23" y="65"/>
<int name="z" value="0"/>
<string name="_inlink" value="smile/1"/>
</canvas>
<canvas name="4" width="1" height="1">
<vector name="origin" x="23" y="65"/>
<int name="z" value="0"/>
<string name="_inlink" value="smile/2"/>
</canvas>
<int name="special" value="1"/>
</imgdir>
<imgdir name="eye">
<canvas name="0" width="1" height="1">
<vector name="origin" x="23" y="65"/>
<int name="z" value="0"/>
<string name="_inlink" value="say/0"/>
</canvas>
<canvas name="1" width="48" height="65">
<vector name="origin" x="23" y="65"/>
<int name="z" value="0"/>
<string name="_hash" value="d956cece23775d6d0c3d58f516784dbdf1e0d164c08ecae0a20e1626dfe0be0d"/>
</canvas>
<int name="special" value="1"/>
</imgdir>
<imgdir name="normal">
<canvas name="0" width="48" height="65">
<vector name="origin" x="23" y="65"/>
<int name="z" value="0"/>
<string name="_hash" value="130ffdf3a513bb467e7637b39ee99ff72f33407b82bc073d0df5d9a53742c620"/>
</canvas>
<int name="special" value="1"/>
</imgdir>
</imgdir>
