<?xml version="1.0" encoding="UTF-8" standalone="yes"?>
<imgdir name="1033205.img">
<imgdir name="info">
<int name="talkMouseOnly" value="1"/>
<int name="hideName" value="1"/>
<canvas name="default" width="118" height="102">
<vector name="origin" x="59" y="102"/>
<int name="z" value="0"/>
<int name="delay" value="210"/>
<string name="_hash" value="73b5c409ab4363a16e380018ded1008cb93e6f4762c05c1511d5bdbc67c3b334"/>
</canvas>
</imgdir>
<imgdir name="stand">
<canvas name="0" width="110" height="187">
<vector name="origin" x="54" y="186"/>
<string name="_hash" value="4bc07b93d1142355a7b6f1a049610ddd00a8c7a5b63198657bf695c6e9e8d7e5"/>
</canvas>
<uol name="1" value="0"/>
<uol name="2" value="0"/>
<uol name="3" value="0"/>
<uol name="4" value="0"/>
<uol name="5" value="0"/>
<uol name="6" value="0"/>
<uol name="7" value="0"/>
<uol name="8" value="0"/>
</imgdir>
<imgdir name="condition1">
<imgdir name="stand">
<canvas name="0" width="119" height="194">
<vector name="origin" x="55" y="194"/>
<int name="z" value="0"/>
<string name="_hash" value="d63557c89239243dea82016d55ea3f38b0ab7a7680b96ad5e46f1b8975d7544b"/>
</canvas>
<canvas name="1" width="119" height="190">
<vector name="origin" x="55" y="192"/>
<int name="z" value="0"/>
<string name="_hash" value="2379b43418c254ee6018b6cf7023f24245b9161e65c501c028ba416244f33fc4"/>
</canvas>
<canvas name="2" width="119" height="182">
<vector name="origin" x="55" y="188"/>
<int name="z" value="0"/>
<string name="_hash" value="459b75b40f8b9a8722cf979c26435a33fa832c7022e7edf62d22ecf6fb053c0f"/>
</canvas>
<canvas name="3" width="119" height="186">
<vector name="origin" x="55" y="190"/>
<int name="z" value="0"/>
<string name="_hash" value="7c62e6aed2b33ff0b6d6e182770851eb2c616be1e2236133a314ef3b88a923f3"/>
</canvas>
<canvas name="4" width="119" height="191">
<vector name="origin" x="55" y="193"/>
<int name="z" value="0"/>
<string name="_hash" value="a849540bcc1741f95eca4590d73848c6f12eeca5cef7f45f6b4236372a3cd20b"/>
</canvas>
<canvas name="5" width="119" height="192">
<vector name="origin" x="55" y="193"/>
<int name="z" value="0"/>
<string name="_hash" value="268bd4fc3101a16f71bf3b75a7c76f3cbd267d4190e96d3be06a12366b39b41d"/>
</canvas>
<canvas name="6" width="119" height="184">
<vector name="origin" x="55" y="189"/>
<int name="z" value="0"/>
<string name="_hash" value="51e4d1d67b8ab3dc20191a2ddd1a1e36f0470a6bf67ab1cfa657e5ddff46ef31"/>
</canvas>
<canvas name="7" width="119" height="181">
<vector name="origin" x="55" y="188"/>
<int name="z" value="0"/>
<string name="_hash" value="8fa2b827ad882b1790a1fd63b7317d8a04aba2de355fe2404996c125d7e03515"/>
</canvas>
<canvas name="8" width="119" height="190">
<vector name="origin" x="55" y="192"/>
<int name="z" value="0"/>
<string name="_hash" value="1bf61bed5a02e4fa81266ca0affdaf0b052fc7a76230fb21da8d2cb7ca15d4fb"/>
</canvas>
</imgdir>
<int name="24004" value="2"/>
</imgdir>
</imgdir>
