<?xml version="1.0" encoding="UTF-8" standalone="yes"?>
<imgdir name="1033002.img">
<imgdir name="info">
<int name="shop" value="1"/>
</imgdir>
<imgdir name="stand">
<canvas name="0" width="100" height="98">
<vector name="origin" x="50" y="95"/>
<int name="z" value="0"/>
<int name="delay" value="150"/>
<string name="_hash" value="01a287dab4ce8e71e98673182ab290007b168cb2af089b5560b6a72793eb1776"/>
</canvas>
</imgdir>
<imgdir name="say">
<canvas name="0" width="67" height="79">
<vector name="origin" x="32" y="79"/>
<int name="z" value="0"/>
<string name="_hash" value="5ded105249837c3522ccf86d4818c5d99cabcbdbea5d1789b7e62dff3418dbc4"/>
</canvas>
<canvas name="1" width="67" height="79">
<vector name="origin" x="32" y="79"/>
<int name="z" value="0"/>
<string name="_hash" value="aa3d4caadee94e643f50245420fcb5f2b281b5335ba0be314a859c823df80fdc"/>
</canvas>
<int name="special" value="1"/>
</imgdir>
<imgdir name="eye">
<canvas name="0" width="1" height="1">
<vector name="origin" x="32" y="79"/>
<int name="z" value="0"/>
<string name="_inlink" value="say/0"/>
</canvas>
<canvas name="1" width="67" height="79">
<vector name="origin" x="32" y="79"/>
<int name="z" value="0"/>
<string name="_hash" value="1f83d9882ceb6abea0c67e3583f96c5e9336e2671f3bec0b5ca0831afebef502"/>
</canvas>
<canvas name="2" width="67" height="79">
<vector name="origin" x="32" y="79"/>
<int name="z" value="0"/>
<string name="_hash" value="3e67cbd8b72d0586ecae70a6c6e9e28440d62b63f77153241d785d0d9b2c2b92"/>
</canvas>
<canvas name="3" width="1" height="1">
<vector name="origin" x="32" y="79"/>
<int name="z" value="0"/>
<string name="_inlink" value="say/0"/>
</canvas>
<int name="special" value="1"/>
</imgdir>
<imgdir name="hand">
<canvas name="0" width="1" height="1">
<vector name="origin" x="32" y="79"/>
<int name="z" value="0"/>
<string name="_inlink" value="say/0"/>
</canvas>
<canvas name="1" width="68" height="79">
<vector name="origin" x="33" y="79"/>
<int name="z" value="0"/>
<string name="_hash" value="75a334b1da2a40c239588da102b1ed0373ce32756fd923ecc81d0e1a5b4dddea"/>
</canvas>
<canvas name="2" width="69" height="79">
<vector name="origin" x="34" y="79"/>
<int name="z" value="0"/>
<string name="_hash" value="9c5333975d56061bd805b1f6122a5d8960fde3f6465a0911643ea015b158c594"/>
</canvas>
<canvas name="3" width="69" height="79">
<vector name="origin" x="34" y="79"/>
<int name="z" value="0"/>
<string name="_hash" value="a5474d2f1885cc85e39b8efe8f1509c5802ce53ec0de9bdb29d2f564b3933a0d"/>
</canvas>
<canvas name="4" width="69" height="79">
<vector name="origin" x="34" y="79"/>
<int name="z" value="0"/>
<string name="_hash" value="92654b46b1de5ede3973dbbf93638ee48f97547bf8fa97f38dcc6aa92340e9fb"/>
</canvas>
<canvas name="5" width="1" height="1">
<vector name="origin" x="34" y="79"/>
<int name="z" value="0"/>
<string name="_inlink" value="hand/3"/>
</canvas>
<canvas name="6" width="69" height="79">
<vector name="origin" x="34" y="79"/>
<int name="z" value="0"/>
<string name="_hash" value="159136eebe64a7be3158538f6557487ff8f2f86d69a54bfeefcdc5c2edd85a9b"/>
</canvas>
<canvas name="7" width="68" height="79">
<vector name="origin" x="33" y="79"/>
<int name="z" value="0"/>
<string name="_hash" value="f1a13243215c8abefad44579fb7aa20261ba5e4876d7ed25c2db37ec99498a96"/>
</canvas>
<int name="special" value="1"/>
</imgdir>
<imgdir name="normal">
<canvas name="0" width="1" height="1">
<vector name="origin" x="32" y="79"/>
<int name="z" value="0"/>
<string name="_inlink" value="say/0"/>
</canvas>
<int name="special" value="1"/>
</imgdir>
</imgdir>
