<?xml version="1.0" encoding="UTF-8" standalone="yes"?>
<imgdir name="1033101.img">
<imgdir name="info">
</imgdir>
<imgdir name="stand">
<canvas name="0" width="98" height="96">
<vector name="origin" x="51" y="94"/>
<int name="z" value="0"/>
<int name="delay" value="3000"/>
<string name="_hash" value="b4da1a2554ba896c366c1a86b3d59584ef60fb1ce7865276b0ae8561c4e0c4c8"/>
</canvas>
</imgdir>
<imgdir name="eye">
<uol name="0" value="../stand/0"/>
<uol name="1" value="../stand/0"/>
</imgdir>
<imgdir name="smile">
<uol name="0" value="../stand/0"/>
<uol name="1" value="../stand/0"/>
<uol name="2" value="../stand/0"/>
<uol name="3" value="../stand/0"/>
<uol name="4" value="../stand/0"/>
<uol name="5" value="../stand/0"/>
<uol name="6" value="../stand/0"/>
<uol name="7" value="../stand/0"/>
<uol name="8" value="../stand/0"/>
<uol name="9" value="../stand/0"/>
<uol name="10" value="../stand/0"/>
</imgdir>
<imgdir name="say">
<uol name="0" value="../stand/0"/>
<uol name="1" value="../stand/0"/>
<uol name="2" value="../stand/0"/>
<uol name="3" value="../stand/0"/>
<uol name="4" value="../stand/0"/>
<uol name="5" value="../stand/0"/>
</imgdir>
<imgdir name="condition1">
<imgdir name="stand">
<canvas name="0" width="73" height="76">
<vector name="origin" x="38" y="74"/>
<int name="z" value="0"/>
<int name="delay" value="3000"/>
<string name="_hash" value="ee70081f8e0d78c69e456cea3e3913f29517933af2770518c3c4f16a2fd6ce85"/>
</canvas>
</imgdir>
<imgdir name="eye">
<canvas name="0" width="1" height="1">
<vector name="origin" x="38" y="74"/>
<int name="z" value="0"/>
<int name="delay" value="210"/>
<string name="_inlink" value="condition1/stand/0"/>
</canvas>
<canvas name="1" width="73" height="76">
<vector name="origin" x="38" y="74"/>
<int name="z" value="0"/>
<int name="delay" value="210"/>
<string name="_hash" value="87abb7afab151f0f5f65635188fce25d757a093ed77d34e1301cc13e0826cc83"/>
</canvas>
</imgdir>
<imgdir name="smile">
<canvas name="0" width="1" height="1">
<vector name="origin" x="38" y="74"/>
<int name="z" value="0"/>
<string name="_inlink" value="condition1/stand/0"/>
</canvas>
<canvas name="1" width="73" height="76">
<vector name="origin" x="37" y="74"/>
<int name="z" value="0"/>
<string name="_hash" value="838d27b55cbca30cf7e6b97e594c9eafde0ad2d9677550924289dbb4e47a6b76"/>
</canvas>
<canvas name="2" width="73" height="76">
<vector name="origin" x="36" y="74"/>
<int name="z" value="0"/>
<string name="_hash" value="7f4dafe038621644c162ce9c5e77a89c267fe35e42da68ab1f315ab0bc5e55e2"/>
</canvas>
<canvas name="3" width="73" height="76">
<vector name="origin" x="36" y="74"/>
<int name="z" value="0"/>
<string name="_hash" value="75222f32ca9263b0f565a30b83e9f72263524b19ff005f3746e8613909b48bef"/>
</canvas>
<canvas name="4" width="1" height="1">
<vector name="origin" x="36" y="74"/>
<int name="z" value="0"/>
<string name="_inlink" value="condition1/smile/2"/>
</canvas>
<canvas name="5" width="1" height="1">
<vector name="origin" x="36" y="74"/>
<int name="z" value="0"/>
<string name="_inlink" value="condition1/smile/3"/>
</canvas>
<canvas name="6" width="73" height="76">
<vector name="origin" x="36" y="74"/>
<int name="z" value="0"/>
<string name="_hash" value="c845c984c2e3d248d08562ff9e137b8bd58f978878ab6a8f55f4c668d1423ccd"/>
</canvas>
<canvas name="7" width="1" height="1">
<vector name="origin" x="36" y="74"/>
<int name="z" value="0"/>
<string name="_inlink" value="condition1/smile/3"/>
</canvas>
<canvas name="8" width="1" height="1">
<vector name="origin" x="36" y="74"/>
<int name="z" value="0"/>
<string name="_inlink" value="condition1/smile/2"/>
</canvas>
<canvas name="9" width="1" height="1">
<vector name="origin" x="36" y="74"/>
<int name="z" value="0"/>
<string name="_inlink" value="condition1/smile/3"/>
</canvas>
<canvas name="10" width="1" height="1">
<vector name="origin" x="37" y="74"/>
<int name="z" value="0"/>
<string name="_inlink" value="condition1/smile/1"/>
</canvas>
</imgdir>
<imgdir name="say">
<canvas name="0" width="1" height="1">
<vector name="origin" x="38" y="74"/>
<int name="z" value="0"/>
<string name="_inlink" value="condition1/stand/0"/>
</canvas>
<canvas name="1" width="73" height="76">
<vector name="origin" x="38" y="74"/>
<int name="z" value="0"/>
<string name="_hash" value="cabc0bb869a8486e7cffda98ffe77ca42c3688d050729bd018f4c61e8c30d0ab"/>
</canvas>
<canvas name="2" width="1" height="1">
<vector name="origin" x="38" y="74"/>
<int name="z" value="0"/>
<string name="_inlink" value="condition1/stand/0"/>
</canvas>
<canvas name="3" width="1" height="1">
<vector name="origin" x="38" y="74"/>
<int name="z" value="0"/>
<string name="_inlink" value="condition1/say/1"/>
</canvas>
<canvas name="4" width="1" height="1">
<vector name="origin" x="38" y="74"/>
<int name="z" value="0"/>
<string name="_inlink" value="condition1/stand/0"/>
</canvas>
<canvas name="5" width="1" height="1">
<vector name="origin" x="38" y="74"/>
<int name="z" value="0"/>
<string name="_inlink" value="condition1/say/1"/>
</canvas>
<int name="special" value="1"/>
</imgdir>
<int name="24063" value="0"/>
</imgdir>
<imgdir name="condition2">
<imgdir name="stand">
<uol name="0" value="../../condition1/stand/0"/>
</imgdir>
<imgdir name="eye">
<uol name="0" value="../../condition1/eye/0"/>
<uol name="1" value="../../condition1/eye/1"/>
</imgdir>
<imgdir name="smile">
<uol name="0" value="../../condition1/smile/0"/>
<uol name="1" value="../../condition1/smile/1"/>
<uol name="2" value="../../condition1/smile/2"/>
<uol name="3" value="../../condition1/smile/3"/>
<uol name="4" value="../../condition1/smile/4"/>
<uol name="5" value="../../condition1/smile/5"/>
<uol name="6" value="../../condition1/smile/6"/>
<uol name="7" value="../../condition1/smile/7"/>
<uol name="8" value="../../condition1/smile/8"/>
<uol name="9" value="../../condition1/smile/9"/>
<uol name="10" value="../../condition1/smile/10"/>
</imgdir>
<imgdir name="say">
<uol name="0" value="../../condition1/say/0"/>
<uol name="1" value="../../condition1/say/1"/>
<uol name="2" value="../../condition1/say/2"/>
<uol name="3" value="../../condition1/say/3"/>
<uol name="4" value="../../condition1/say/4"/>
<uol name="5" value="../../condition1/say/5"/>
<int name="special" value="1"/>
</imgdir>
<int name="24063" value="3"/>
</imgdir>
<imgdir name="condition3">
<imgdir name="stand">
<uol name="0" value="../../condition1/stand/0"/>
</imgdir>
<imgdir name="eye">
<uol name="0" value="../../condition1/eye/0"/>
<uol name="1" value="../../condition1/eye/1"/>
</imgdir>
<imgdir name="smile">
<uol name="0" value="../../condition1/smile/0"/>
<uol name="1" value="../../condition1/smile/1"/>
<uol name="2" value="../../condition1/smile/2"/>
<uol name="3" value="../../condition1/smile/3"/>
<uol name="4" value="../../condition1/smile/4"/>
<uol name="5" value="../../condition1/smile/5"/>
<uol name="6" value="../../condition1/smile/6"/>
<uol name="7" value="../../condition1/smile/7"/>
<uol name="8" value="../../condition1/smile/8"/>
<uol name="9" value="../../condition1/smile/9"/>
<uol name="10" value="../../condition1/smile/10"/>
</imgdir>
<imgdir name="say">
<uol name="0" value="../../condition1/say/0"/>
<uol name="1" value="../../condition1/say/1"/>
<uol name="2" value="../../condition1/say/2"/>
<uol name="3" value="../../condition1/say/3"/>
<uol name="4" value="../../condition1/say/4"/>
<uol name="5" value="../../condition1/say/5"/>
<int name="special" value="1"/>
</imgdir>
<int name="32314" value="2"/>
</imgdir>
</imgdir>
