<?xml version="1.0" encoding="UTF-8" standalone="yes"?>
<imgdir name="1033103.img">
<imgdir name="info">
</imgdir>
<imgdir name="stand">
<canvas name="0" width="113" height="108">
<vector name="origin" x="51" y="105"/>
<int name="z" value="0"/>
<int name="delay" value="150"/>
<string name="_hash" value="5c5f64094c14026a4bb89a478a843e5ee3d0dc960f5b4033abae982048af6088"/>
</canvas>
</imgdir>
<imgdir name="say">
<canvas name="0" width="64" height="84">
<vector name="origin" x="31" y="84"/>
<int name="z" value="0"/>
<string name="_hash" value="5cbf17582212b4ce92f82dd7e0377006ffd82dfad6e8d43886baf552277627ad"/>
</canvas>
<canvas name="1" width="64" height="84">
<vector name="origin" x="31" y="84"/>
<int name="z" value="0"/>
<string name="_hash" value="080a839a108a56b75767ba62b9193f6920f595f56d8be910347f7503ee87a255"/>
</canvas>
<canvas name="2" width="64" height="84">
<vector name="origin" x="31" y="84"/>
<int name="z" value="0"/>
<string name="_hash" value="48e087e010296eac5a7c2be338f1fa7f4f34dda64f1c3f33c23e5a28d7b0dda1"/>
</canvas>
<canvas name="3" width="64" height="84">
<vector name="origin" x="31" y="84"/>
<int name="z" value="0"/>
<string name="_hash" value="d569276987f83d7c642d8a2131fa0e23f7062b8e40b6036d0faf365cd192cf5d"/>
</canvas>
<canvas name="4" width="1" height="1">
<vector name="origin" x="31" y="84"/>
<int name="z" value="0"/>
<string name="_inlink" value="say/2"/>
</canvas>
<canvas name="5" width="1" height="1">
<vector name="origin" x="31" y="84"/>
<int name="z" value="0"/>
<string name="_inlink" value="say/1"/>
</canvas>
<int name="special" value="1"/>
</imgdir>
<imgdir name="normal">
<canvas name="0" width="1" height="1">
<vector name="origin" x="31" y="84"/>
<int name="z" value="0"/>
<string name="_inlink" value="say/0"/>
</canvas>
<int name="special" value="1"/>
</imgdir>
</imgdir>
