<?xml version="1.0" encoding="UTF-8" standalone="yes"?>
<imgdir name="1033200.img">
<imgdir name="info">
<canvas name="default" width="82" height="81">
<vector name="origin" x="41" y="80"/>
<int name="z" value="0"/>
<string name="_hash" value="647835176b327a7b673e557da1a97abc31c62a959e1e2757ec543d6f572c8e64"/>
</canvas>
<imgdir name="script">
<imgdir name="0">
<string name="script" value="merTutorFred"/>
</imgdir>
</imgdir>
</imgdir>
<imgdir name="stand">
<canvas name="0" width="82" height="81">
<vector name="origin" x="41" y="80"/>
<int name="z" value="0"/>
<int name="delay" value="150"/>
<string name="_hash" value="0b6fe1449e340ed87bb7f61d26209ceef8359ec9d2529adc49dfa61bcb222f9f"/>
</canvas>
</imgdir>
</imgdir>
