<?xml version="1.0" encoding="UTF-8" standalone="yes"?>
<imgdir name="1033203.img">
<imgdir name="info">
</imgdir>
<imgdir name="stand">
<canvas name="0" width="73" height="76">
<vector name="origin" x="38" y="74"/>
<int name="z" value="0"/>
<int name="delay" value="150"/>
<string name="_hash" value="5ededa1da93ba55aed39d829a533d9f1ab90d7da4ac1118424aeed106aff098f"/>
</canvas>
</imgdir>
<imgdir name="condition1">
<imgdir name="stand">
<canvas name="0" width="1" height="1">
<vector name="origin" x="51" y="94"/>
<int name="z" value="0"/>
<string name="_hash" value="b4da1a2554ba896c366c1a86b3d59584ef60fb1ce7865276b0ae8561c4e0c4c8"/>
<string name="_outlink" value="Npc/1033101.img/stand/0"/>
</canvas>
</imgdir>
<int name="24001" value="2"/>
</imgdir>
</imgdir>
