<?xml version="1.0" encoding="UTF-8" standalone="yes"?>
<imgdir name="1033230.img">
<imgdir name="info">
</imgdir>
<imgdir name="stand">
<canvas name="0" width="76" height="88">
<vector name="origin" x="36" y="90"/>
<string name="_hash" value="c49776a4f63086b60fae4ddcbacd7107b96867f42d4e560c62998b255a1d9e23"/>
</canvas>
<canvas name="1" width="75" height="87">
<vector name="origin" x="36" y="91"/>
<string name="_hash" value="b8cffb7c439cfef7fd21653c79418c374e02eff3b4ce02a49e6919de3fef6a8a"/>
</canvas>
<canvas name="2" width="74" height="87">
<vector name="origin" x="36" y="92"/>
<string name="_hash" value="c933af444c65403c423b100e1b5ae7737e8c693af64645e0a76c55ccb8554bdd"/>
</canvas>
<canvas name="3" width="73" height="88">
<vector name="origin" x="36" y="93"/>
<string name="_hash" value="36191bf243c863a2428926be45db263e155aa3a0b6a9cd2f63a203d8cddf064a"/>
</canvas>
<canvas name="4" width="74" height="87">
<vector name="origin" x="36" y="92"/>
<string name="_hash" value="bc6b13d51f81c4e68aba971025138185cfe12422810abda790d449dec7037165"/>
</canvas>
<canvas name="5" width="75" height="87">
<vector name="origin" x="36" y="91"/>
<string name="_hash" value="bb6579525f818beb44a9b841de716eb0b7336099473d8b8a3f8229456a036b60"/>
</canvas>
</imgdir>
</imgdir>
