<?xml version="1.0" encoding="UTF-8" standalone="yes"?>
<imgdir name="1043004.img">
<imgdir name="info">
<imgdir name="script">
<imgdir name="0">
<string name="script" value="talkingTree"/>
</imgdir>
</imgdir>
</imgdir>
<imgdir name="stand">
<canvas name="0" width="1" height="1">
<vector name="origin" x="33" y="77"/>
<int name="z" value="0"/>
<int name="delay" value="3000"/>
<string name="_hash" value="1a5da57f9e0faf4be47ee2f72b0b3fe44e6d798f08ac309e9634ddacfcf284b5"/>
<string name="_outlink" value="Npc/1032112.img/stand/0"/>
</canvas>
</imgdir>
<imgdir name="eye">
<canvas name="0" width="1" height="1">
<vector name="origin" x="33" y="77"/>
<int name="z" value="0"/>
<int name="delay" value="120"/>
<string name="_outlink" value="Npc/1032112.img/stand/0"/>
</canvas>
<canvas name="1" width="1" height="1">
<vector name="origin" x="33" y="77"/>
<int name="z" value="0"/>
<int name="delay" value="120"/>
<string name="_hash" value="44e88ac51b09e31e8439854715fa6f1bf84e9c53db0c8ced3b7b24000df80589"/>
<string name="_outlink" value="Npc/1032112.img/eye/1"/>
</canvas>
<canvas name="2" width="1" height="1">
<vector name="origin" x="33" y="77"/>
<int name="z" value="0"/>
<int name="delay" value="120"/>
<string name="_hash" value="88f7cbe019b1a374ed346427a3a837d6e820a482314bb4307dda09126cc8ef28"/>
<string name="_outlink" value="Npc/1032112.img/eye/2"/>
</canvas>
<canvas name="3" width="1" height="1">
<vector name="origin" x="33" y="77"/>
<int name="z" value="0"/>
<int name="delay" value="120"/>
<string name="_hash" value="c1890c92669f0507cf1f34b615857ea0690b528e38cb43723ee86688de01642f"/>
<string name="_outlink" value="Npc/1032112.img/eye/3"/>
</canvas>
</imgdir>
<imgdir name="hand">
<canvas name="0" width="1" height="1">
<vector name="origin" x="33" y="77"/>
<int name="z" value="0"/>
<int name="delay" value="120"/>
<string name="_hash" value="d394d9d7a33d74f26863a372fb3a76c13291bf775d346cbbd065d99db39919ef"/>
<string name="_outlink" value="Npc/1032112.img/say/0"/>
</canvas>
<canvas name="1" width="1" height="1">
<vector name="origin" x="33" y="77"/>
<int name="z" value="0"/>
<int name="delay" value="120"/>
<string name="_hash" value="3e06853fb0580224c0331187ecf716f84764d456329c7f0da275528aba2d7bf2"/>
<string name="_outlink" value="Npc/1032112.img/hand/1"/>
</canvas>
<canvas name="2" width="1" height="1">
<vector name="origin" x="31" y="77"/>
<int name="z" value="0"/>
<int name="delay" value="120"/>
<string name="_hash" value="e1aa174e8cf98a1b816c9d7109a62e3e936758dc023d492511a195e47229f54b"/>
<string name="_outlink" value="Npc/1032112.img/hand/2"/>
</canvas>
<canvas name="3" width="1" height="1">
<vector name="origin" x="33" y="77"/>
<int name="z" value="0"/>
<int name="delay" value="120"/>
<string name="_outlink" value="Npc/1032112.img/hand/1"/>
</canvas>
<canvas name="4" width="1" height="1">
<vector name="origin" x="31" y="77"/>
<int name="z" value="0"/>
<int name="delay" value="120"/>
<string name="_outlink" value="Npc/1032112.img/hand/2"/>
</canvas>
<canvas name="5" width="1" height="1">
<vector name="origin" x="33" y="77"/>
<int name="z" value="0"/>
<int name="delay" value="120"/>
<string name="_outlink" value="Npc/1032112.img/hand/1"/>
</canvas>
</imgdir>
</imgdir>
