<?xml version="1.0" encoding="UTF-8" standalone="yes"?>
<imgdir name="1043005.img">
<imgdir name="info">
<imgdir name="speak">
<string name="0" value="n0"/>
<string name="1" value="n1"/>
</imgdir>
</imgdir>
<imgdir name="stand">
<canvas name="0" width="84" height="71">
<vector name="origin" x="37" y="71"/>
<int name="z" value="0"/>
<int name="delay" value="1200"/>
<string name="_hash" value="7cca4cb9a6f3ffeb8b4cce7481297535bc7ecae2bd8614114b5b3dca783b9439"/>
</canvas>
</imgdir>
<imgdir name="eye">
<canvas name="0" width="84" height="71">
<vector name="origin" x="37" y="71"/>
<int name="z" value="0"/>
<string name="_hash" value="bedca4f941778e3f0706a210a36465bee4aa3f2046b4f4cf04193704d7c8d9b9"/>
</canvas>
<canvas name="1" width="84" height="71">
<vector name="origin" x="37" y="71"/>
<int name="z" value="0"/>
<string name="_hash" value="d48bbf079928591915bacd5977deb474ad3c563475093df55744cfdac763dadd"/>
</canvas>
<canvas name="2" width="84" height="71">
<vector name="origin" x="37" y="71"/>
<int name="z" value="0"/>
<string name="_hash" value="53355fb2f0655772b0d022b17ab3046755123d436386eb3a7474d1c4611fb398"/>
</canvas>
</imgdir>
<imgdir name="say">
<canvas name="0" width="84" height="71">
<vector name="origin" x="37" y="71"/>
<int name="z" value="0"/>
<string name="_hash" value="bb1afebaaf9ffbfbcd2552f29e339f0fbe9316d2454701cc866904e3502472be"/>
</canvas>
<canvas name="1" width="84" height="71">
<vector name="origin" x="37" y="71"/>
<int name="z" value="0"/>
<string name="_hash" value="001f440231877c71b21843e57d3e0efd60710e3c4dc0d23c35de9acf3b83dd0e"/>
</canvas>
<uol name="2" value="0"/>
<uol name="3" value="1"/>
<uol name="4" value="0"/>
<uol name="5" value="1"/>
<uol name="6" value="0"/>
<uol name="7" value="1"/>
<uol name="8" value="0"/>
<uol name="9" value="1"/>
<uol name="10" value="0"/>
<uol name="11" value="1"/>
<imgdir name="speak">
<string name="0" value="n0"/>
<string name="1" value="n1"/>
</imgdir>
</imgdir>
<imgdir name="flash">
<canvas name="0" width="84" height="71">
<vector name="origin" x="37" y="71"/>
<int name="z" value="0"/>
<string name="_hash" value="6b6b0a827100e8b1476cd54e0add492de5591d1ca8d1105483b8d83ad9cf9b92"/>
</canvas>
<canvas name="1" width="84" height="71">
<vector name="origin" x="37" y="71"/>
<int name="z" value="0"/>
<string name="_hash" value="814bbdeaf50303078e3dd8c6c8395c58b8a6d117e682df25692682079a0568b9"/>
</canvas>
<canvas name="2" width="84" height="71">
<vector name="origin" x="37" y="71"/>
<int name="z" value="0"/>
<string name="_hash" value="92df00990c360990e502eaef2fb1fe319547ff37f198e2d0936fc189956f2a8b"/>
</canvas>
<canvas name="3" width="84" height="71">
<vector name="origin" x="37" y="71"/>
<int name="z" value="0"/>
<string name="_hash" value="3ee84a3b24a0b54ae2eff054922b828b2043f71296047c8f47f046195baee40c"/>
</canvas>
<canvas name="4" width="84" height="71">
<vector name="origin" x="37" y="71"/>
<int name="z" value="0"/>
<string name="_hash" value="ff2fdff639edd00d09edb69a3921948124b1bb29504fb4e649c01be627b01d6d"/>
</canvas>
</imgdir>
<imgdir name="hand">
<canvas name="0" width="1" height="1">
<vector name="origin" x="37" y="71"/>
<int name="z" value="0"/>
<string name="_inlink" value="stand/0"/>
</canvas>
<canvas name="1" width="84" height="71">
<vector name="origin" x="37" y="71"/>
<int name="z" value="0"/>
<string name="_hash" value="5ee0d82ddaa8129e387340a1599b63f929ebc27489720e03808094a8341a9f75"/>
</canvas>
<canvas name="2" width="84" height="71">
<vector name="origin" x="37" y="71"/>
<int name="z" value="0"/>
<string name="_hash" value="4f94d0564ca93072aa0b201073ec34347485ee6af51118c3db0c65ce39b094d6"/>
</canvas>
<canvas name="3" width="84" height="71">
<vector name="origin" x="37" y="71"/>
<int name="z" value="0"/>
<string name="_hash" value="67a3368cadf01c783a8f928a2e58923fdaa57d6a0f17ed8c9470cb27e81ae99b"/>
</canvas>
<canvas name="4" width="1" height="1">
<vector name="origin" x="37" y="71"/>
<int name="z" value="0"/>
<string name="_inlink" value="hand/2"/>
</canvas>
<canvas name="5" width="84" height="71">
<vector name="origin" x="37" y="71"/>
<int name="z" value="0"/>
<string name="_hash" value="3a048d8616d3895cae7ac9567ce04ed40c02e72ae7904db2568e30ff754e5026"/>
</canvas>
</imgdir>
</imgdir>
