<?xml version="1.0" encoding="UTF-8" standalone="yes"?>
<imgdir name="1051000.img">
<imgdir name="info">
<imgdir name="speak">
<string name="0" value="n0"/>
<string name="1" value="n1"/>
</imgdir>
<int name="shop" value="1"/>
</imgdir>
<imgdir name="stand">
<canvas name="0" width="59" height="91">
<vector name="origin" x="29" y="91"/>
<int name="z" value="0"/>
<string name="_hash" value="03f882499ec45900effea99a6869b0ff9c228c0d9b6b7f0ba51ae37669791e5f"/>
</canvas>
</imgdir>
</imgdir>
