<?xml version="1.0" encoding="UTF-8" standalone="yes"?>
<imgdir name="1052002.img">
<imgdir name="info">
<imgdir name="speak">
<string name="0" value="n0"/>
<string name="1" value="n1"/>
</imgdir>
<imgdir name="script">
<imgdir name="0">
<string name="script" value="make_alert"/>
</imgdir>
</imgdir>
</imgdir>
<imgdir name="stand">
<canvas name="0" width="57" height="69">
<vector name="origin" x="28" y="69"/>
<int name="z" value="0"/>
<string name="_hash" value="9ef241948f3e9e0793fa0948e4aaca12a05ed7e7a8b6d98b3c5c6c268d743930"/>
</canvas>
</imgdir>
</imgdir>
