<?xml version="1.0" encoding="UTF-8" standalone="yes"?>
<imgdir name="1052245.img">
<imgdir name="info">
<string name="hideName" value="1"/>
</imgdir>
<imgdir name="stand">
<canvas name="0" width="46" height="74">
<vector name="origin" x="20" y="69"/>
<int name="z" value="0"/>
<int name="delay" value="150"/>
<string name="_hash" value="7c3a55588c1827d55540b1f3b10b08b7012f4e9d6a343fbd69c637f3efbb0938"/>
</canvas>
<canvas name="1" width="48" height="80">
<vector name="origin" x="20" y="75"/>
<int name="z" value="0"/>
<int name="delay" value="150"/>
<string name="_hash" value="4014057b4f40196f8128cfd520314f5f546b376325873dbd60164ac545870662"/>
</canvas>
<canvas name="2" width="49" height="81">
<vector name="origin" x="20" y="76"/>
<int name="z" value="0"/>
<int name="delay" value="150"/>
<string name="_hash" value="b7c19eff3549c249d2f5f21336f1d897d3e53b44c5f224304fcf839b48fb369c"/>
</canvas>
<canvas name="3" width="50" height="82">
<vector name="origin" x="20" y="77"/>
<int name="z" value="0"/>
<int name="delay" value="150"/>
<string name="_hash" value="40d816ad9a7c1848591a06b22e237eb5148e6a16fa6b5895b35b0e5af1188aef"/>
</canvas>
<canvas name="4" width="51" height="83">
<vector name="origin" x="20" y="78"/>
<int name="z" value="0"/>
<int name="delay" value="150"/>
<string name="_hash" value="3c090da92e7fdd33b8ecadff28495811c379814507a09cc9793567700c7c1f82"/>
</canvas>
<canvas name="5" width="50" height="74">
<vector name="origin" x="20" y="69"/>
<int name="z" value="0"/>
<int name="delay" value="150"/>
<string name="_hash" value="28afd351009ce44513d5119d75d4657b227b2883013aff16fd650c65961af371"/>
</canvas>
<canvas name="6" width="51" height="74">
<vector name="origin" x="20" y="69"/>
<int name="z" value="0"/>
<int name="delay" value="150"/>
<string name="_hash" value="ed734b097bb71928a6823902ebd8e4a1673e46f340b6cd7afa899776b7ca36b3"/>
</canvas>
<canvas name="7" width="52" height="74">
<vector name="origin" x="20" y="69"/>
<int name="z" value="0"/>
<int name="delay" value="150"/>
<string name="_hash" value="8124665898cb68241436fdc7bd815e809b35349455646957e2da5fd224ba48fd"/>
</canvas>
</imgdir>
<imgdir name="condition1">
<int name="34410" value="2"/>
<int name="hide" value="1"/>
<imgdir name="stand">
<canvas name="0" width="1" height="1">
</canvas>
</imgdir>
</imgdir>
</imgdir>
