<?xml version="1.0" encoding="UTF-8" standalone="yes"?>
<imgdir name="1052123.img">
<imgdir name="info">
</imgdir>
<imgdir name="stand">
<canvas name="0" width="84" height="78">
<vector name="origin" x="50" y="78"/>
<int name="z" value="0"/>
<int name="delay" value="160"/>
<string name="_hash" value="63d881fde30ba916b72e202da1e89f28e20a2a93ead8444171429f233d18a06b"/>
</canvas>
<canvas name="1" width="84" height="78">
<vector name="origin" x="50" y="78"/>
<int name="z" value="0"/>
<int name="delay" value="160"/>
<string name="_hash" value="eafc3beb652e9d2f4632d8a6586fd4b5c9326873599747579928e1eeff4bf914"/>
</canvas>
<canvas name="2" width="84" height="78">
<vector name="origin" x="50" y="78"/>
<int name="z" value="0"/>
<int name="delay" value="160"/>
<string name="_hash" value="c69c0e1f144224c1dc1c8d07d6c799585980f64b43ba4e310c7f0fa7826b803d"/>
</canvas>
<canvas name="3" width="1" height="1">
<vector name="origin" x="50" y="78"/>
<int name="z" value="0"/>
<int name="delay" value="160"/>
<string name="_inlink" value="stand/1"/>
</canvas>
</imgdir>
<imgdir name="say">
<canvas name="0" width="84" height="78">
<vector name="origin" x="50" y="78"/>
<int name="delay" value="160"/>
<int name="z" value="0"/>
<string name="_hash" value="5516f832e27b861ebc7b0672221baced0411c917425544eaa9f7811f9a21e3ec"/>
</canvas>
<canvas name="1" width="84" height="78">
<vector name="origin" x="50" y="78"/>
<int name="delay" value="160"/>
<int name="z" value="0"/>
<string name="_hash" value="84ada4d2dcdbc2f5ac6f993a4dfa67f6d0997c46c0e09138440c9f24653a1c67"/>
</canvas>
<canvas name="2" width="84" height="78">
<vector name="origin" x="50" y="78"/>
<int name="delay" value="160"/>
<int name="z" value="0"/>
<string name="_hash" value="880206b00544ebfa51adc25066159986b684899131444e6d316a388bb6457644"/>
</canvas>
<canvas name="3" width="84" height="78">
<vector name="origin" x="50" y="78"/>
<int name="delay" value="160"/>
<int name="z" value="0"/>
<string name="_hash" value="1f94c9c229bd5309223fe4d041867e01e7719f2fad1da82c04e0482baf0eda80"/>
</canvas>
<imgdir name="speak">
<string name="0" value="n0"/>
<string name="1" value="n1"/>
</imgdir>
</imgdir>
<imgdir name="action">
<canvas name="0" width="1" height="1">
<vector name="origin" x="50" y="78"/>
<int name="delay" value="160"/>
<int name="z" value="0"/>
<string name="_inlink" value="say/0"/>
</canvas>
<canvas name="1" width="84" height="78">
<vector name="origin" x="50" y="78"/>
<int name="delay" value="160"/>
<int name="z" value="0"/>
<string name="_hash" value="5bcfd472c9c8fe3de5395ddfe87aff3c8766a8df822fe0b86e289a5ca37b93e5"/>
</canvas>
<canvas name="2" width="84" height="78">
<vector name="origin" x="50" y="78"/>
<int name="delay" value="160"/>
<int name="z" value="0"/>
<string name="_hash" value="27e60f17547f6718666691d82122242d5ba3f4c2bac1ea3e0efb83fefde1ed38"/>
</canvas>
<canvas name="3" width="84" height="78">
<vector name="origin" x="50" y="78"/>
<int name="delay" value="160"/>
<int name="z" value="0"/>
<string name="_hash" value="8da0c994b337f33dbc390ef0c441474b7e432e19dfc9b090ee5c40b98b6acf3d"/>
</canvas>
<canvas name="4" width="84" height="78">
<vector name="origin" x="50" y="78"/>
<int name="delay" value="160"/>
<int name="z" value="0"/>
<string name="_hash" value="d15cb095465556935a515aafa184eb683cac3c0e8d6a07ec081049b9a4369a9e"/>
</canvas>
</imgdir>
</imgdir>
