<?xml version="1.0" encoding="UTF-8" standalone="yes"?>
<imgdir name="1052015.img">
<imgdir name="info">
<imgdir name="speak">
<string name="0" value="n0"/>
<string name="1" value="n1"/>
</imgdir>
<imgdir name="script">
<imgdir name="0">
<string name="script" value="mouse"/>
</imgdir>
</imgdir>
</imgdir>
<imgdir name="stand">
<canvas name="0" width="50" height="68">
<vector name="origin" x="25" y="68"/>
<string name="_hash" value="2ae3535623f6704546e122c216b20ebd412a4cca49f2fa12f073fe8424bcb0bd"/>
</canvas>
</imgdir>
</imgdir>
