<?xml version="1.0" encoding="UTF-8" standalone="yes"?>
<imgdir name="1052120.img">
<imgdir name="info">
</imgdir>
<imgdir name="stand">
<canvas name="0" width="45" height="76">
<vector name="origin" x="22" y="76"/>
<int name="z" value="0"/>
<int name="delay" value="1000"/>
<string name="_hash" value="2c62acca749e2225bfdee5a03157717d65c9978b1bcdfd1641fa8c90e9fcdecc"/>
</canvas>
<canvas name="1" width="45" height="76">
<vector name="origin" x="22" y="76"/>
<int name="z" value="0"/>
<int name="delay" value="110"/>
<string name="_hash" value="09e12a807518d60752726f5a81b17c2ca708c4bdc8ffcbbd27e7652c0d204a6f"/>
</canvas>
<canvas name="2" width="45" height="76">
<vector name="origin" x="22" y="76"/>
<int name="z" value="0"/>
<int name="delay" value="110"/>
<string name="_hash" value="44615881b37a6e873d177249e4a61d08f756b076193a646ae5e3284a281f3c70"/>
</canvas>
<canvas name="3" width="45" height="76">
<vector name="origin" x="22" y="76"/>
<int name="z" value="0"/>
<int name="delay" value="110"/>
<string name="_hash" value="ce8d80eee596e934a4dee0f13aed6dff11d86f7a28ef05dc867370e8a4629fb1"/>
</canvas>
<canvas name="4" width="1" height="1">
<vector name="origin" x="22" y="76"/>
<int name="z" value="0"/>
<int name="delay" value="110"/>
<string name="_inlink" value="stand/2"/>
</canvas>
<canvas name="5" width="1" height="1">
<vector name="origin" x="22" y="76"/>
<int name="z" value="0"/>
<int name="delay" value="110"/>
<string name="_inlink" value="stand/1"/>
</canvas>
</imgdir>
<imgdir name="say">
<canvas name="0" width="1" height="1">
<vector name="origin" x="22" y="76"/>
<int name="z" value="0"/>
<int name="delay" value="1100"/>
<string name="_inlink" value="stand/0"/>
</canvas>
<canvas name="1" width="45" height="76">
<vector name="origin" x="22" y="76"/>
<int name="z" value="0"/>
<int name="delay" value="170"/>
<string name="_hash" value="268c891a56ff02021fa8ab760916114f8cca51bd798fead80bf51b9680864f7b"/>
</canvas>
<canvas name="2" width="1" height="1">
<vector name="origin" x="22" y="76"/>
<int name="z" value="0"/>
<int name="delay" value="170"/>
<string name="_inlink" value="stand/0"/>
</canvas>
<canvas name="3" width="45" height="76">
<vector name="origin" x="22" y="76"/>
<int name="z" value="0"/>
<int name="delay" value="170"/>
<string name="_hash" value="8d50695b5df09860b94f8b8268e644d345d87fbaf23909ab73ff2d5ea7922aab"/>
</canvas>
<canvas name="4" width="45" height="76">
<vector name="origin" x="22" y="76"/>
<int name="z" value="0"/>
<int name="delay" value="170"/>
<string name="_hash" value="fe7e7aae8a9089fb6cdac5a6090b6bdccf44757b38a78cf9888fbd8b2de2e832"/>
</canvas>
<uol name="5" value="1"/>
<uol name="6" value="2"/>
<uol name="7" value="4"/>
<imgdir name="speak">
<string name="0" value="n0"/>
<string name="1" value="n1"/>
</imgdir>
</imgdir>
<imgdir name="action">
<canvas name="0" width="1" height="1">
<vector name="origin" x="22" y="76"/>
<int name="z" value="0"/>
<int name="delay" value="550"/>
<string name="_inlink" value="stand/0"/>
</canvas>
<canvas name="1" width="45" height="76">
<vector name="origin" x="22" y="76"/>
<int name="z" value="0"/>
<int name="delay" value="110"/>
<string name="_hash" value="fb603d921b99d6aaddde5cac44e58c1ccbe74ab9e89bb660770c7b360a742090"/>
</canvas>
<canvas name="2" width="45" height="76">
<vector name="origin" x="22" y="76"/>
<int name="z" value="0"/>
<int name="delay" value="110"/>
<string name="_hash" value="a72eaba79e435b5f89b1984c4b52a8c2fd866e159a74b3dd6f59a24a213d2185"/>
</canvas>
<canvas name="3" width="45" height="76">
<vector name="origin" x="22" y="76"/>
<int name="z" value="0"/>
<int name="delay" value="50"/>
<string name="_hash" value="319abc1b56de87792adbfcf66b0689a2959deccbd208646e93210bb02fc557dc"/>
</canvas>
<canvas name="4" width="45" height="76">
<vector name="origin" x="22" y="76"/>
<int name="z" value="0"/>
<int name="delay" value="50"/>
<string name="_hash" value="ef182a05f52f091548dc14584f752d1f4bdb6c0d0163c937f1865d516a73c9e0"/>
</canvas>
<canvas name="5" width="45" height="76">
<vector name="origin" x="22" y="76"/>
<int name="z" value="0"/>
<int name="delay" value="110"/>
<string name="_hash" value="d19f0ad78d0ecbe5ce6315c4a6525ca25f51e9a1fef611d40c648bbb30eaa361"/>
</canvas>
<canvas name="6" width="45" height="76">
<vector name="origin" x="22" y="76"/>
<int name="z" value="0"/>
<int name="delay" value="170"/>
<string name="_hash" value="a51689455a9167250e7ee4a3671ea8859d29e9434d95e903cbe9367e39e3743a"/>
</canvas>
<canvas name="7" width="45" height="76">
<vector name="origin" x="22" y="76"/>
<int name="z" value="0"/>
<int name="delay" value="170"/>
<string name="_hash" value="823bb89b7236afbf4d400b91b139840c629a7a8148af8d9cffcf39e814926209"/>
</canvas>
<canvas name="8" width="1" height="1">
<vector name="origin" x="22" y="76"/>
<int name="z" value="0"/>
<int name="delay" value="170"/>
<string name="_inlink" value="action/6"/>
</canvas>
<uol name="9" value="7"/>
<canvas name="10" width="1" height="1">
<vector name="origin" x="22" y="76"/>
<int name="z" value="0"/>
<int name="delay" value="220"/>
<string name="_inlink" value="action/6"/>
</canvas>
<canvas name="11" width="45" height="76">
<vector name="origin" x="22" y="76"/>
<int name="z" value="0"/>
<int name="delay" value="110"/>
<string name="_hash" value="594960e16d42215ef3913143108a257030a2d7fee3b2485c3b55b7182e64381f"/>
</canvas>
<canvas name="12" width="45" height="76">
<vector name="origin" x="22" y="76"/>
<int name="z" value="0"/>
<int name="delay" value="110"/>
<string name="_hash" value="30f9e4a38a2354bbc6ee84ef301bda5aa88b3dfa39fcc2495a189b629796a879"/>
</canvas>
<canvas name="13" width="45" height="76">
<vector name="origin" x="22" y="76"/>
<int name="z" value="0"/>
<int name="delay" value="110"/>
<string name="_hash" value="775234cf7007af37d5d1212133a7352995fdb27941ff56ac2ac869bec28fbaa3"/>
</canvas>
<canvas name="14" width="45" height="76">
<vector name="origin" x="22" y="76"/>
<int name="z" value="0"/>
<int name="delay" value="110"/>
<string name="_hash" value="9bdf1e6e46f574786f7691df1dd02275ffa2d41db78211ddf4a09192f974849d"/>
</canvas>
<canvas name="15" width="45" height="76">
<vector name="origin" x="22" y="76"/>
<int name="z" value="0"/>
<int name="delay" value="110"/>
<string name="_hash" value="52535f0b94387d13be48ea3cf78c5021f48c51cd16220699e3e68632502f4a37"/>
</canvas>
</imgdir>
</imgdir>
