<?xml version="1.0" encoding="UTF-8" standalone="yes"?>
<imgdir name="1052231.img">
<imgdir name="info">
<imgdir name="illustration2">
<canvas name="base" width="1" height="1">
<vector name="origin" x="0" y="0"/>
<int name="z" value="0"/>
</canvas>
<imgdir name="face">
<canvas name="0" width="278" height="296">
<vector name="origin" x="18" y="186"/>
<int name="z" value="0"/>
<string name="_hash" value="625390ef64a50ba7ce812d846e02a518c4bc7c3c4f73adc2add768bbdfbe9ef4"/>
</canvas>
<canvas name="1" width="278" height="296">
<vector name="origin" x="18" y="186"/>
<int name="z" value="0"/>
<string name="_hash" value="d56a07dd063008fc73174fc7e884486759838ca95e88b331bc996883fd2cc1a0"/>
</canvas>
<canvas name="2" width="278" height="296">
<vector name="origin" x="18" y="186"/>
<int name="z" value="0"/>
<string name="_hash" value="aade77ff92dbcc0d99125881b98cd80d959883272fbe688accadcf3d25d16059"/>
</canvas>
</imgdir>
</imgdir>
</imgdir>
<imgdir name="stand">
<canvas name="0" width="1" height="1">
<vector name="origin" x="28" y="87"/>
<int name="z" value="0"/>
<int name="delay" value="360"/>
<string name="_hash" value="5c912c02d18bcde0ed07ef57eef0e8c2550d9cc77e999cc61ccd36154180c5f2"/>
<string name="_outlink" value="Npc/1052207.img/stand/0"/>
</canvas>
<canvas name="1" width="1" height="1">
<vector name="origin" x="28" y="87"/>
<int name="z" value="0"/>
<int name="delay" value="210"/>
<string name="_hash" value="e1f7d822b031ec26cd27606d74eb6743bcf04a33f906289e6e224cac53cd2357"/>
<string name="_outlink" value="Npc/1052207.img/stand/1"/>
</canvas>
<canvas name="2" width="1" height="1">
<vector name="origin" x="28" y="87"/>
<int name="z" value="0"/>
<int name="delay" value="210"/>
<string name="_hash" value="ecf379001cd24feb9160d577fd66c6f461340c10d800d4433b7098040bbfb663"/>
<string name="_outlink" value="Npc/1052207.img/stand/2"/>
</canvas>
<uol name="3" value="0"/>
<uol name="4" value="1"/>
<uol name="5" value="2"/>
<uol name="6" value="0"/>
<uol name="7" value="1"/>
<uol name="8" value="2"/>
</imgdir>
<imgdir name="say">
<imgdir name="speak">
<string name="0" value="n0"/>
<string name="1" value="n1"/>
</imgdir>
<canvas name="0" width="1" height="1">
<vector name="origin" x="28" y="87"/>
<int name="z" value="0"/>
<int name="delay" value="180"/>
<string name="_hash" value="c7674238ff3572ea267c2af3efd31e0a93e31e98a0c65c79e538a235613fa809"/>
<string name="_outlink" value="Npc/1052207.img/say/0"/>
</canvas>
<canvas name="1" width="1" height="1">
<vector name="origin" x="28" y="87"/>
<int name="z" value="0"/>
<int name="delay" value="180"/>
<string name="_hash" value="dba6c4fa5efb08dc105e8e78fa6a2b4a9b14bdbd945a47f85c70c818f6ff9247"/>
<string name="_outlink" value="Npc/1052207.img/say/1"/>
</canvas>
<canvas name="2" width="1" height="1">
<vector name="origin" x="28" y="87"/>
<int name="z" value="0"/>
<int name="delay" value="180"/>
<string name="_outlink" value="Npc/1052207.img/say/0"/>
</canvas>
<canvas name="3" width="1" height="1">
<vector name="origin" x="28" y="87"/>
<int name="z" value="0"/>
<int name="delay" value="180"/>
<string name="_hash" value="42f19700fe77e5407ee84d1d655e823c48421a1aa2ec7d679509c180184217f7"/>
<string name="_outlink" value="Npc/1052207.img/say/3"/>
</canvas>
<uol name="4" value="0"/>
<uol name="5" value="1"/>
<uol name="6" value="2"/>
<uol name="7" value="3"/>
<uol name="8" value="0"/>
<uol name="9" value="1"/>
<uol name="10" value="2"/>
<uol name="11" value="3"/>
</imgdir>
<imgdir name="sing">
<canvas name="0" width="1" height="1">
<vector name="origin" x="28" y="87"/>
<int name="z" value="0"/>
<int name="delay" value="210"/>
<string name="_hash" value="52b197a7119160e88257e738312a97a22a157024a6286337fb9c7af5a08e9e61"/>
<string name="_outlink" value="Npc/1052207.img/sing/0"/>
</canvas>
<canvas name="1" width="1" height="1">
<vector name="origin" x="28" y="86"/>
<int name="z" value="0"/>
<int name="delay" value="210"/>
<string name="_hash" value="b76e0479a75c73929f4f1de4d1e19cfe335323ba342f87a64b99b0479a5e4292"/>
<string name="_outlink" value="Npc/1052207.img/sing/1"/>
</canvas>
<canvas name="2" width="1" height="1">
<vector name="origin" x="28" y="87"/>
<int name="z" value="0"/>
<int name="delay" value="210"/>
<string name="_hash" value="bfe8dded1eece63a3f6538002964a696799d0290797bf49a6a32d00797b24d75"/>
<string name="_outlink" value="Npc/1052207.img/sing/2"/>
</canvas>
<canvas name="3" width="1" height="1">
<vector name="origin" x="28" y="86"/>
<int name="z" value="0"/>
<int name="delay" value="210"/>
<string name="_hash" value="1e847b43d6bc9993769ef92c297969177de7c4079558462581a30df40a28e949"/>
<string name="_outlink" value="Npc/1052207.img/sing/3"/>
</canvas>
<uol name="4" value="0"/>
<uol name="5" value="1"/>
<uol name="6" value="2"/>
<uol name="7" value="3"/>
<uol name="8" value="0"/>
<uol name="9" value="1"/>
<uol name="10" value="2"/>
<uol name="11" value="3"/>
<uol name="12" value="0"/>
<uol name="13" value="1"/>
<uol name="14" value="2"/>
<uol name="15" value="3"/>
</imgdir>
</imgdir>
