<?xml version="1.0" encoding="UTF-8" standalone="yes"?>
<imgdir name="1052217.img">
<imgdir name="info">
<imgdir name="illustration2">
<canvas name="base" width="1" height="1">
<vector name="origin" x="0" y="0"/>
<int name="z" value="0"/>
</canvas>
<imgdir name="face">
<canvas name="0" width="223" height="308">
<vector name="origin" x="-15" y="197"/>
<int name="z" value="0"/>
<string name="_hash" value="6d2e81669d0b0b81492ae7bf562e4a9f5259952184d388fa86193ac12b33437a"/>
</canvas>
</imgdir>
</imgdir>
</imgdir>
<imgdir name="stand">
<canvas name="0" width="1" height="1">
<vector name="origin" x="27" y="81"/>
<int name="z" value="0"/>
<int name="delay" value="1000"/>
<string name="_hash" value="f9e0291efc1343d32db88aaa3f56aa978c99dae56a0d9e04add24fdbb375019e"/>
<string name="_outlink" value="Npc/1052124.img/stand/0"/>
</canvas>
<canvas name="1" width="1" height="1">
<vector name="origin" x="27" y="81"/>
<int name="z" value="0"/>
<int name="delay" value="110"/>
<string name="_hash" value="e07142bd4dad5e78a4ee56b6f9b712e91395c261fcce5f840512cd6cc66879c2"/>
<string name="_outlink" value="Npc/1052124.img/stand/1"/>
</canvas>
<canvas name="2" width="1" height="1">
<vector name="origin" x="27" y="81"/>
<int name="z" value="0"/>
<int name="delay" value="110"/>
<string name="_hash" value="47b53023c2bad9e79c4ec4e0b36eb2ee623c83bf0743be9cead8ee373c088383"/>
<string name="_outlink" value="Npc/1052124.img/stand/2"/>
</canvas>
<canvas name="3" width="1" height="1">
<vector name="origin" x="26" y="82"/>
<int name="z" value="0"/>
<int name="delay" value="110"/>
<string name="_hash" value="fc362a097743364802b92bfba98e69cb2f4259c542bb7c8f45a11df30de6f6e0"/>
<string name="_outlink" value="Npc/1052124.img/stand/3"/>
</canvas>
<canvas name="4" width="1" height="1">
<vector name="origin" x="27" y="81"/>
<int name="z" value="0"/>
<int name="delay" value="110"/>
<string name="_hash" value="cca017dff7c2ed49a3eff96d131c3aefd1e887df411a439737cb8c9f8a188eb5"/>
<string name="_outlink" value="Npc/1052124.img/stand/4"/>
</canvas>
<canvas name="5" width="1" height="1">
<vector name="origin" x="31" y="80"/>
<int name="z" value="0"/>
<int name="delay" value="110"/>
<string name="_hash" value="f230b1c091920e3d9589f5579e2fadcfc477ff09968de79cfc146c16b856a5f5"/>
<string name="_outlink" value="Npc/1052124.img/stand/5"/>
</canvas>
<canvas name="6" width="1" height="1">
<vector name="origin" x="28" y="80"/>
<int name="z" value="0"/>
<int name="delay" value="110"/>
<string name="_hash" value="98e03487a0b60586cbef0d1e28fc8321ca60492604d9f00296600989ed8a8d19"/>
<string name="_outlink" value="Npc/1052124.img/stand/6"/>
</canvas>
</imgdir>
</imgdir>
