<?xml version="1.0" encoding="UTF-8" standalone="yes"?>
<imgdir name="1052129.img">
<imgdir name="info">
<int name="hideName" value="1"/>
<int name="dcLeft" value="-19"/>
<int name="dcTop" value="-1"/>
<int name="dcRight" value="24"/>
<int name="dcBottom" value="35"/>
<canvas name="default" width="60" height="35">
<vector name="origin" x="30" y="17"/>
<int name="z" value="0"/>
<string name="_hash" value="589e7f7d2caf78e9c372466e04ae2e514ab85df9269855db8b63ca8eab8a6aa8"/>
</canvas>
</imgdir>
<imgdir name="stand">
<canvas name="0" width="1" height="1">
<vector name="origin" x="0" y="0"/>
</canvas>
</imgdir>
</imgdir>
