<?xml version="1.0" encoding="UTF-8" standalone="yes"?>
<imgdir name="1052241.img">
<imgdir name="info">
<imgdir name="script">
<imgdir name="0">
<string name="script" value="npc_1052241"/>
</imgdir>
</imgdir>
</imgdir>
<imgdir name="stand">
<canvas name="0" width="1" height="1">
<vector name="origin" x="28" y="77"/>
<int name="z" value="0"/>
<string name="_hash" value="1ca6a46340e3c901d8447531a94001c1e5258b3905779d35b72d9b2c14a58b65"/>
<string name="_outlink" value="Npc/1052203.img/stand/0"/>
</canvas>
</imgdir>
<imgdir name="sigh">
<canvas name="0" width="1" height="1">
<vector name="origin" x="27" y="78"/>
<int name="z" value="0"/>
<int name="delay" value="150"/>
<string name="_hash" value="fb710d2adadfcdf4c20332bd1d04013a6515dd48960f2910fcce4c70a79b4106"/>
<string name="_outlink" value="Npc/1052203.img/sigh/0"/>
</canvas>
<canvas name="1" width="1" height="1">
<vector name="origin" x="42" y="77"/>
<int name="z" value="0"/>
<int name="delay" value="150"/>
<string name="_hash" value="8a429f2fc84ad3a061ba96f6ca04f529ccce39978cd32e4b316bd41476f56ea6"/>
<string name="_outlink" value="Npc/1052203.img/sigh/1"/>
</canvas>
<canvas name="2" width="1" height="1">
<vector name="origin" x="42" y="77"/>
<int name="z" value="0"/>
<int name="delay" value="150"/>
<string name="_hash" value="a6bf61a2d6d517e87bb309c31cdad162212201c85b73164f0990f63c067d893e"/>
<string name="_outlink" value="Npc/1052203.img/sigh/2"/>
</canvas>
<canvas name="3" width="1" height="1">
<vector name="origin" x="44" y="77"/>
<int name="z" value="0"/>
<int name="delay" value="150"/>
<string name="_hash" value="c12a39624369cf9778b9d7a5d30eef54b283ac30137c807771d733a71bf09822"/>
<string name="_outlink" value="Npc/1052203.img/sigh/3"/>
</canvas>
<canvas name="4" width="1" height="1">
<vector name="origin" x="28" y="77"/>
<int name="z" value="0"/>
<int name="delay" value="150"/>
<string name="_outlink" value="Npc/1052203.img/stand/0"/>
</canvas>
<canvas name="5" width="1" height="1">
<vector name="origin" x="28" y="77"/>
<int name="z" value="0"/>
<int name="delay" value="150"/>
<string name="_outlink" value="Npc/1052203.img/stand/0"/>
</canvas>
</imgdir>
<imgdir name="condition1">
<int name="34424" value="2"/>
<int name="hide" value="1"/>
<imgdir name="stand">
<canvas name="0" width="1" height="1">
</canvas>
</imgdir>
<imgdir name="sigh">
<canvas name="0" width="1" height="1">
</canvas>
</imgdir>
</imgdir>
<imgdir name="condition2">
<int name="34423" value="2"/>
<uol name="stand" value="../stand"/>
<uol name="sigh" value="../sigh"/>
</imgdir>
<imgdir name="condition3">
<int name="34423" value="1"/>
<uol name="stand" value="../stand"/>
<uol name="sigh" value="../sigh"/>
</imgdir>
<imgdir name="condition4">
<int name="34400" value="2"/>
<int name="hide" value="1"/>
<imgdir name="stand">
<canvas name="0" width="1" height="1">
</canvas>
</imgdir>
<imgdir name="sigh">
<canvas name="0" width="1" height="1">
</canvas>
</imgdir>
</imgdir>
</imgdir>
