<?xml version="1.0" encoding="UTF-8" standalone="yes"?>
<imgdir name="1052244.img">
<imgdir name="info">
<string name="hideName" value="1"/>
</imgdir>
<imgdir name="stand">
<canvas name="0" width="62" height="76">
<vector name="origin" x="24" y="65"/>
<int name="z" value="0"/>
<string name="_hash" value="b747b9e883a37ab26e6004ef2daa703fccc9ef1ad1b79458cc38c9dd4cd4f202"/>
</canvas>
</imgdir>
<imgdir name="condition1">
<int name="34410" value="2"/>
<int name="hide" value="1"/>
<imgdir name="stand">
<canvas name="0" width="1" height="1">
</canvas>
</imgdir>
</imgdir>
</imgdir>
