<?xml version="1.0" encoding="UTF-8" standalone="yes"?>
<imgdir name="1052003.img">
<imgdir name="info">
<imgdir name="speak">
<string name="0" value="n0"/>
<string name="1" value="n1"/>
</imgdir>
<imgdir name="script">
<imgdir name="0">
<string name="script" value="make_alert"/>
</imgdir>
</imgdir>
</imgdir>
<imgdir name="stand">
<canvas name="0" width="1" height="1">
<vector name="origin" x="22" y="68"/>
<int name="z" value="0"/>
<string name="_hash" value="0dadb08e51a30d4335b2c692622c81433d41ae675183bb131202cbbd1fd0d134"/>
<string name="_outlink" value="Npc/0010000.img/stand/0"/>
</canvas>
</imgdir>
<imgdir name="move">
<canvas name="0" width="1" height="1">
<vector name="origin" x="22" y="69"/>
<int name="z" value="0"/>
<int name="delay" value="100"/>
<string name="_hash" value="2e910cd5308bbcdcf8e43056ead7012a3744f7cbfde246a3f446dac518c2208f"/>
<string name="_outlink" value="Npc/0010000.img/move/0"/>
</canvas>
<canvas name="1" width="1" height="1">
<vector name="origin" x="22" y="68"/>
<int name="z" value="0"/>
<int name="delay" value="100"/>
<string name="_hash" value="ab30ceecfc7f0d6ef15374af7d29d54cca8026a5cc83a2196a84d2620f27001d"/>
<string name="_outlink" value="Npc/0010000.img/move/1"/>
</canvas>
<canvas name="2" width="1" height="1">
<vector name="origin" x="22" y="69"/>
<int name="z" value="0"/>
<int name="delay" value="100"/>
<string name="_hash" value="44ed93865063313e38162f1ee3d2e229e01a2e5716523657401e7a39de1da3ec"/>
<string name="_outlink" value="Npc/0010000.img/move/2"/>
</canvas>
<canvas name="3" width="1" height="1">
<vector name="origin" x="22" y="67"/>
<int name="z" value="0"/>
<int name="delay" value="100"/>
<string name="_hash" value="6eb2b96def87b1f4db5de16514926d2ebf2cb82793db459037358ac337be8c56"/>
<string name="_outlink" value="Npc/0010000.img/move/3"/>
</canvas>
</imgdir>
<imgdir name="hair">
<canvas name="0" width="1" height="1">
<vector name="origin" x="22" y="68"/>
<int name="z" value="0"/>
<int name="delay" value="150"/>
<string name="_hash" value="4e2e2b61e02b67f3c011059e8f344062f6bea6c034040461318d89d67c7279fc"/>
<string name="_outlink" value="Npc/0010000.img/hair/0"/>
</canvas>
<canvas name="1" width="1" height="1">
<vector name="origin" x="23" y="68"/>
<int name="z" value="0"/>
<int name="delay" value="150"/>
<string name="_hash" value="a8efd6915fc9a48ec165a6bf5a8563b6b63122b9a3c62bbf93de1d6dc8d8d662"/>
<string name="_outlink" value="Npc/0010000.img/hair/1"/>
</canvas>
<canvas name="2" width="1" height="1">
<vector name="origin" x="24" y="68"/>
<int name="z" value="0"/>
<int name="delay" value="150"/>
<string name="_hash" value="0644a1b9b55b7d3f0ee9f6fd95a96a6772902847f3205467bc0cfda9f0adf89e"/>
<string name="_outlink" value="Npc/0010000.img/hair/2"/>
</canvas>
<uol name="3" value="1"/>
<uol name="4" value="0"/>
<uol name="5" value="1"/>
<uol name="6" value="2"/>
<uol name="7" value="1"/>
<uol name="8" value="0"/>
<uol name="9" value="1"/>
<uol name="10" value="2"/>
<uol name="11" value="1"/>
<uol name="12" value="0"/>
</imgdir>
</imgdir>
