<?xml version="1.0" encoding="UTF-8" standalone="yes"?>
<imgdir name="1052243.img">
<imgdir name="info">
<string name="hideName" value="1"/>
</imgdir>
<imgdir name="stand">
<canvas name="0" width="44" height="79">
<vector name="origin" x="22" y="72"/>
<int name="z" value="0"/>
<int name="delay" value="150"/>
<string name="_hash" value="0f266365d690371b52a835718a2cecde86bfca6f299176066efdaeca64e15d6d"/>
</canvas>
<canvas name="1" width="44" height="93">
<vector name="origin" x="22" y="86"/>
<int name="z" value="0"/>
<int name="delay" value="150"/>
<string name="_hash" value="59d3c4c1a8ef9de66851f16d727aa211a7918fb48d50c3d41168c92503a08f52"/>
</canvas>
<canvas name="2" width="44" height="95">
<vector name="origin" x="22" y="88"/>
<int name="z" value="0"/>
<int name="delay" value="150"/>
<string name="_hash" value="e71b0a4efdecacece735a5ec98b5e44ac3a7224d49b4a71616b087d92b0fc66e"/>
</canvas>
<canvas name="3" width="44" height="91">
<vector name="origin" x="22" y="84"/>
<int name="z" value="0"/>
<int name="delay" value="150"/>
<string name="_hash" value="0196c7de20295a686665cd72dc32a4ed54a29003d0edcad8577735105f249c1c"/>
</canvas>
<canvas name="4" width="1" height="1">
<vector name="origin" x="22" y="72"/>
<int name="z" value="0"/>
<int name="delay" value="150"/>
<string name="_inlink" value="stand/0"/>
</canvas>
<canvas name="5" width="1" height="1">
<vector name="origin" x="22" y="72"/>
<int name="z" value="0"/>
<int name="delay" value="150"/>
<string name="_inlink" value="stand/0"/>
</canvas>
<canvas name="6" width="1" height="1">
<vector name="origin" x="22" y="72"/>
<int name="z" value="0"/>
<int name="delay" value="150"/>
<string name="_inlink" value="stand/0"/>
</canvas>
<canvas name="7" width="1" height="1">
<vector name="origin" x="22" y="72"/>
<int name="z" value="0"/>
<int name="delay" value="150"/>
<string name="_inlink" value="stand/0"/>
</canvas>
</imgdir>
<imgdir name="condition1">
<int name="34410" value="2"/>
<int name="hide" value="1"/>
<imgdir name="stand">
<canvas name="0" width="1" height="1">
</canvas>
</imgdir>
</imgdir>
</imgdir>
