<?xml version="1.0" encoding="UTF-8" standalone="yes"?>
<imgdir name="1052208.img">
<imgdir name="info">
<int name="dcLeft" value="-50"/>
<int name="dcTop" value="-135"/>
<int name="dcRight" value="32"/>
<int name="dcBottom" value="0"/>
</imgdir>
<imgdir name="stand">
<canvas name="0" width="49" height="77">
<vector name="origin" x="29" y="77"/>
<int name="z" value="0"/>
<int name="delay" value="630"/>
<string name="_hash" value="96e527cc3f1fb36fab63208daa2171397f42817865236ce616d0ec0778cac202"/>
</canvas>
</imgdir>
<imgdir name="say">
<canvas name="0" width="1" height="1">
<vector name="origin" x="29" y="77"/>
<int name="z" value="0"/>
<int name="delay" value="180"/>
<string name="_inlink" value="stand/0"/>
</canvas>
<canvas name="1" width="49" height="77">
<vector name="origin" x="29" y="77"/>
<int name="z" value="0"/>
<int name="delay" value="180"/>
<string name="_hash" value="c4d18b23fef2f6eea18e070673ea5dccf16061d658924c1d45db508a86e97368"/>
</canvas>
<canvas name="2" width="49" height="77">
<vector name="origin" x="29" y="77"/>
<int name="z" value="0"/>
<int name="delay" value="180"/>
<string name="_hash" value="f01f570619e5db01c67a9b8d0a5b228ba12da8a35e7cc2217f77c31096d2fced"/>
</canvas>
<canvas name="3" width="1" height="1">
<vector name="origin" x="29" y="77"/>
<int name="z" value="0"/>
<int name="delay" value="180"/>
<string name="_inlink" value="say/1"/>
</canvas>
</imgdir>
<imgdir name="condition1">
<int name="34410" value="2"/>
<int name="hide" value="1"/>
<imgdir name="stand">
<canvas name="0" width="1" height="1">
</canvas>
</imgdir>
<imgdir name="say">
<canvas name="0" width="1" height="1">
</canvas>
</imgdir>
</imgdir>
</imgdir>
