<?xml version="1.0" encoding="UTF-8" standalone="yes"?>
<imgdir name="1052100.img">
<imgdir name="info">
<imgdir name="speak">
<string name="0" value="n0"/>
<string name="1" value="n1"/>
</imgdir>
<imgdir name="script">
<imgdir name="0">
<string name="script" value="hair_kerning1"/>
</imgdir>
</imgdir>
</imgdir>
<imgdir name="stand">
<canvas name="0" width="56" height="81">
<vector name="origin" x="28" y="81"/>
<string name="_hash" value="467f3bb0ea86112976398b96cb2a8e19b70def920dc34e82b87e0fba2b71b6b9"/>
</canvas>
</imgdir>
</imgdir>
