<?xml version="1.0" encoding="UTF-8" standalone="yes"?>
<imgdir name="1052248.img">
<imgdir name="info">
<string name="hideName" value="1"/>
</imgdir>
<imgdir name="stand">
<canvas name="0" width="51" height="72">
<vector name="origin" x="21" y="65"/>
<int name="z" value="0"/>
<int name="delay" value="150"/>
<string name="_hash" value="1a4361988655753f0d426bc300f812bc142cc6dba74716a47595fa621e1ef0c4"/>
</canvas>
<canvas name="1" width="49" height="72">
<vector name="origin" x="21" y="65"/>
<int name="z" value="0"/>
<int name="delay" value="150"/>
<string name="_hash" value="e68b743be056292df5f6478e16acfb9a5635287f14c7de5ad3e9685d04ab8b53"/>
</canvas>
<canvas name="2" width="48" height="72">
<vector name="origin" x="21" y="65"/>
<int name="z" value="0"/>
<int name="delay" value="150"/>
<string name="_hash" value="be2501d2d6239c96c43b629a9f363fb11cc475121a89037529c23a6073ea82a3"/>
</canvas>
<canvas name="3" width="49" height="72">
<vector name="origin" x="21" y="65"/>
<int name="z" value="0"/>
<int name="delay" value="150"/>
<string name="_hash" value="195a7ee9e8f7012a29e401aed803bef5013d3f950a1cc69af58494fd2803831e"/>
</canvas>
<canvas name="4" width="51" height="72">
<vector name="origin" x="21" y="65"/>
<int name="z" value="0"/>
<int name="delay" value="150"/>
<string name="_hash" value="5562fa7dc0949122c326b5a9899f2baeb6e32b739e831c0d15eba7765051b14e"/>
</canvas>
<canvas name="5" width="53" height="72">
<vector name="origin" x="21" y="65"/>
<int name="z" value="0"/>
<int name="delay" value="150"/>
<string name="_hash" value="86852debc85f9b990a9ccbb5d6e85c8349ac80f7b1f7e0d38337772247a64e52"/>
</canvas>
<canvas name="6" width="54" height="72">
<vector name="origin" x="21" y="65"/>
<int name="z" value="0"/>
<int name="delay" value="150"/>
<string name="_hash" value="685205f3a0db39dd2ef1755486cef33cf64d67c22738fbd6f3c749a36620ae0e"/>
</canvas>
<canvas name="7" width="53" height="72">
<vector name="origin" x="21" y="65"/>
<int name="z" value="0"/>
<int name="delay" value="150"/>
<string name="_hash" value="cbc09e7b930f31d6f3c26e8a17c75cec1c05292475e15152f271f4f2e794c6b2"/>
</canvas>
</imgdir>
<imgdir name="condition1">
<int name="34407" value="2"/>
<int name="hide" value="1"/>
<imgdir name="stand">
<canvas name="0" width="1" height="1">
</canvas>
</imgdir>
</imgdir>
</imgdir>
