<?xml version="1.0" encoding="UTF-8" standalone="yes"?>
<imgdir name="1052001.img">
<imgdir name="info">
<int name="dcLeft" value="-34"/>
<int name="dcTop" value="-93"/>
<int name="dcRight" value="37"/>
<int name="dcBottom" value="0"/>
<imgdir name="speak">
<string name="0" value="n0"/>
</imgdir>
<imgdir name="script">
<imgdir name="0">
<string name="script" value="dualBladeJob"/>
</imgdir>
</imgdir>
</imgdir>
<imgdir name="stand">
<canvas name="0" width="1" height="1">
<vector name="origin" x="44" y="92"/>
<int name="z" value="0"/>
<string name="_hash" value="151d766f06fe12427e0863d1898730fb73d40400c7f3a56ab64edaf0045f70ae"/>
<string name="_outlink" value="Npc/0010203.img/stand/0"/>
</canvas>
</imgdir>
</imgdir>
