<?xml version="1.0" encoding="UTF-8" standalone="yes"?>
<imgdir name="1052116.img">
<imgdir name="info">
<int name="dcLeft" value="-50"/>
<int name="dcTop" value="-135"/>
<int name="dcRight" value="32"/>
<int name="dcBottom" value="0"/>
</imgdir>
<imgdir name="stand">
<canvas name="0" width="46" height="68">
<vector name="origin" x="23" y="68"/>
<int name="z" value="0"/>
<int name="delay" value="1000"/>
<string name="_hash" value="17d2752a806d9d1c9c0ed45a2f667e822a5dcd1086a2c1430882562b1cad78d4"/>
</canvas>
<canvas name="1" width="46" height="68">
<vector name="origin" x="23" y="68"/>
<int name="z" value="0"/>
<int name="delay" value="210"/>
<string name="_hash" value="ea86606c99580fbd6691014951e28f8123f0eb0fe1cc1321bfbdce96ed19b6ae"/>
</canvas>
</imgdir>
<imgdir name="say">
<canvas name="0" width="46" height="68">
<vector name="origin" x="23" y="68"/>
<int name="z" value="0"/>
<int name="delay" value="120"/>
<string name="_hash" value="6679c52bcb218ffaffe74b925c01eb8a68fd8df3c1826fef246010aa93b857e6"/>
</canvas>
<canvas name="1" width="46" height="68">
<vector name="origin" x="23" y="68"/>
<int name="z" value="0"/>
<int name="delay" value="120"/>
<string name="_hash" value="2b8dc0bb963d33d263d5050105e88393cbb89f1d669f2438fd9d38ae81fbe79b"/>
</canvas>
<canvas name="2" width="1" height="1">
<vector name="origin" x="23" y="68"/>
<int name="z" value="0"/>
<int name="delay" value="210"/>
<string name="_inlink" value="say/0"/>
</canvas>
<uol name="3" value="1"/>
<canvas name="4" width="1" height="1">
<vector name="origin" x="23" y="68"/>
<int name="z" value="0"/>
<int name="delay" value="900"/>
<string name="_inlink" value="say/0"/>
</canvas>
<uol name="5" value="1"/>
<imgdir name="speak">
<string name="0" value="n0"/>
<string name="1" value="n1"/>
</imgdir>
</imgdir>
</imgdir>
