<?xml version="1.0" encoding="UTF-8" standalone="yes"?>
<imgdir name="1052106.img">
<imgdir name="info">
<imgdir name="speak">
<string name="0" value="n0"/>
</imgdir>
<imgdir name="script">
<imgdir name="0">
<string name="script" value="npc_1052106"/>
</imgdir>
</imgdir>
</imgdir>
<imgdir name="stand">
<canvas name="0" width="45" height="54">
<vector name="origin" x="27" y="54"/>
<int name="delay" value="3000"/>
<string name="_hash" value="450c3e0811b819e7276e344c5132cbdcca5b94ec75aa405777dc25e5a63dec80"/>
</canvas>
</imgdir>
<imgdir name="eye">
<canvas name="0" width="1" height="1">
<vector name="origin" x="27" y="54"/>
<int name="delay" value="2000"/>
<string name="_inlink" value="stand/0"/>
</canvas>
<canvas name="1" width="45" height="54">
<vector name="origin" x="27" y="54"/>
<int name="delay" value="100"/>
<string name="_hash" value="658ce034f54bc0cc6c8af78ee3e2f96a00fdb0c2bbdade520d2ba1767de995ae"/>
</canvas>
<canvas name="2" width="45" height="54">
<vector name="origin" x="27" y="54"/>
<int name="delay" value="100"/>
<string name="_hash" value="c2c76efe61250441bf44dade5c5cdde5f85c0a80b3325aa31e66d38a94044a64"/>
</canvas>
</imgdir>
</imgdir>
