<?xml version="1.0" encoding="UTF-8" standalone="yes"?>
<imgdir name="1052125.img">
<imgdir name="info">
<imgdir name="script">
<imgdir name="0">
<string name="script" value="Depart_topFloorIn"/>
</imgdir>
</imgdir>
</imgdir>
<imgdir name="stand">
<canvas name="0" width="52" height="72">
<vector name="origin" x="26" y="72"/>
<int name="z" value="0"/>
<int name="delay" value="1000"/>
<string name="_hash" value="2eede49d2a57b24ec864991b36fbc0e02c0ec67b63c4fad93f9e2b2d79f6d354"/>
</canvas>
<canvas name="1" width="49" height="72">
<vector name="origin" x="23" y="72"/>
<int name="z" value="0"/>
<int name="delay" value="120"/>
<string name="_hash" value="38b7341f8c8283561131b3dfe4e5fee4c453745e80b520df7ecb96ac9a6d8c5e"/>
</canvas>
<canvas name="2" width="48" height="72">
<vector name="origin" x="22" y="72"/>
<int name="z" value="0"/>
<int name="delay" value="120"/>
<string name="_hash" value="8185faead6b001e541c4a608f64d5e108353dadc977a1a605a831e00eb8ce827"/>
</canvas>
<canvas name="3" width="48" height="73">
<vector name="origin" x="22" y="73"/>
<int name="z" value="0"/>
<int name="delay" value="90"/>
<string name="_hash" value="bf704377dfbf5f1d59cda6844349b8f7bc0cf1c5e1c3595de1b45043fab8fc1d"/>
</canvas>
<canvas name="4" width="48" height="73">
<vector name="origin" x="22" y="73"/>
<int name="z" value="0"/>
<int name="delay" value="90"/>
<string name="_hash" value="e1d9d33d0b5abb2379b4343608fe668f23eab9142a19fe806970bb7519d50837"/>
</canvas>
<canvas name="5" width="1" height="1">
<vector name="origin" x="22" y="73"/>
<int name="z" value="0"/>
<int name="delay" value="90"/>
<string name="_inlink" value="stand/3"/>
</canvas>
<canvas name="6" width="1" height="1">
<vector name="origin" x="22" y="73"/>
<int name="z" value="0"/>
<int name="delay" value="90"/>
<string name="_inlink" value="stand/4"/>
</canvas>
<canvas name="7" width="1" height="1">
<vector name="origin" x="22" y="72"/>
<int name="z" value="0"/>
<int name="delay" value="120"/>
<string name="_inlink" value="stand/2"/>
</canvas>
<canvas name="8" width="49" height="72">
<vector name="origin" x="23" y="72"/>
<int name="z" value="0"/>
<int name="delay" value="120"/>
<string name="_hash" value="943cb7fe4b4752d8b396ce7694afc0077f76204087bec8629e9d316af4b6379d"/>
</canvas>
</imgdir>
<imgdir name="say">
<canvas name="0" width="1" height="1">
<vector name="origin" x="26" y="72"/>
<int name="z" value="0"/>
<int name="delay" value="120"/>
<string name="_inlink" value="stand/0"/>
</canvas>
<canvas name="1" width="52" height="72">
<vector name="origin" x="26" y="72"/>
<int name="z" value="0"/>
<int name="delay" value="120"/>
<string name="_hash" value="4cca955858dc8cc33d46f271dc5c2dc45deb510154e7a4854ee5256df9e67898"/>
</canvas>
<canvas name="2" width="52" height="72">
<vector name="origin" x="26" y="72"/>
<int name="z" value="0"/>
<int name="delay" value="120"/>
<string name="_hash" value="b3f422716dd99ace1a5827aee617949775946ab02b54c01ae24b6cff2ad6681a"/>
</canvas>
<canvas name="3" width="1" height="1">
<vector name="origin" x="26" y="72"/>
<int name="z" value="0"/>
<int name="delay" value="120"/>
<string name="_inlink" value="say/1"/>
</canvas>
<canvas name="4" width="52" height="72">
<vector name="origin" x="26" y="72"/>
<int name="z" value="0"/>
<int name="delay" value="120"/>
<string name="_hash" value="06b07f12169473e68a98a480ebfe4d8297210ef313b419c6264a886b018d3af4"/>
</canvas>
<canvas name="5" width="1" height="1">
<vector name="origin" x="26" y="72"/>
<int name="z" value="0"/>
<int name="delay" value="120"/>
<string name="_inlink" value="say/1"/>
</canvas>
<canvas name="6" width="52" height="72">
<vector name="origin" x="26" y="72"/>
<int name="z" value="0"/>
<int name="delay" value="120"/>
<string name="_hash" value="86dd57d9277afa69ff0b6127f0b4fa0040c9eb44240d49a36102fad98db80d3a"/>
</canvas>
<canvas name="7" width="52" height="72">
<vector name="origin" x="26" y="72"/>
<int name="z" value="0"/>
<int name="delay" value="120"/>
<string name="_hash" value="502158449ed2279fef1af7858cb2dcf620b55cadad41e6de7e21a31e2ad18dc5"/>
</canvas>
<canvas name="8" width="1" height="1">
<vector name="origin" x="26" y="72"/>
<int name="z" value="0"/>
<int name="delay" value="120"/>
<string name="_inlink" value="stand/0"/>
</canvas>
<canvas name="9" width="1" height="1">
<vector name="origin" x="26" y="72"/>
<int name="z" value="0"/>
<int name="delay" value="120"/>
<string name="_inlink" value="say/1"/>
</canvas>
<uol name="10" value="2"/>
<uol name="11" value="3"/>
<uol name="12" value="2"/>
<uol name="13" value="3"/>
<uol name="14" value="2"/>
<uol name="15" value="3"/>
<uol name="16" value="2"/>
<uol name="17" value="3"/>
<imgdir name="speak">
<string name="0" value="n0"/>
<string name="1" value="n1"/>
</imgdir>
</imgdir>
<imgdir name="action">
<canvas name="0" width="1" height="1">
<vector name="origin" x="26" y="72"/>
<int name="z" value="0"/>
<int name="delay" value="1200"/>
<string name="_inlink" value="stand/0"/>
</canvas>
<canvas name="1" width="48" height="72">
<vector name="origin" x="22" y="72"/>
<int name="z" value="0"/>
<int name="delay" value="90"/>
<string name="_hash" value="c240309a0236d9c1e4c5a2dd9171100e231bdd0964006ec9372e1886658d3eaf"/>
</canvas>
<canvas name="2" width="48" height="72">
<vector name="origin" x="22" y="72"/>
<int name="z" value="0"/>
<int name="delay" value="90"/>
<string name="_hash" value="e1165ec24cfe447623301f50d996fee6276de0a140a914b3e08532ece18b727e"/>
</canvas>
<canvas name="3" width="48" height="72">
<vector name="origin" x="22" y="72"/>
<int name="z" value="0"/>
<int name="delay" value="90"/>
<string name="_hash" value="fcb2bf5562a79db5e9c59d9515b23885d81130d8b4dbf3c7d53f0c3b501e94d6"/>
</canvas>
<canvas name="4" width="1" height="1">
<vector name="origin" x="22" y="72"/>
<int name="z" value="0"/>
<int name="delay" value="90"/>
<string name="_inlink" value="action/2"/>
</canvas>
<canvas name="5" width="1" height="1">
<vector name="origin" x="22" y="72"/>
<int name="z" value="0"/>
<int name="delay" value="90"/>
<string name="_inlink" value="action/1"/>
</canvas>
<canvas name="6" width="1" height="1">
<vector name="origin" x="22" y="72"/>
<int name="z" value="0"/>
<int name="delay" value="90"/>
<string name="_inlink" value="action/2"/>
</canvas>
<canvas name="7" width="1" height="1">
<vector name="origin" x="22" y="72"/>
<int name="z" value="0"/>
<int name="delay" value="90"/>
<string name="_inlink" value="action/3"/>
</canvas>
<canvas name="8" width="48" height="72">
<vector name="origin" x="22" y="72"/>
<int name="z" value="0"/>
<int name="delay" value="90"/>
<string name="_hash" value="b932430321461e5b07457a22cdf6746e1609a429764559e64d742576fcfd1963"/>
</canvas>
<canvas name="9" width="48" height="72">
<vector name="origin" x="22" y="72"/>
<int name="z" value="0"/>
<int name="delay" value="60"/>
<string name="_hash" value="8dd6e12e3ccc6297115bfdbc61029db79443548082f708df2b539ed63c404bb0"/>
</canvas>
<canvas name="10" width="48" height="72">
<vector name="origin" x="22" y="72"/>
<int name="z" value="0"/>
<int name="delay" value="60"/>
<string name="_hash" value="3b07ed8ca3850e249d63839106e8cb7e2ccb04b0610af0760c51d5d3430a6c61"/>
</canvas>
<canvas name="11" width="48" height="72">
<vector name="origin" x="22" y="72"/>
<int name="z" value="0"/>
<int name="delay" value="30"/>
<string name="_hash" value="fd2cee022639f8adc353adf781b2616488160c5fbd12d59f90c4174f66b448d8"/>
</canvas>
<canvas name="12" width="52" height="72">
<vector name="origin" x="26" y="72"/>
<int name="z" value="0"/>
<int name="delay" value="30"/>
<string name="_hash" value="47b3330e1540779e8961b3aa7836bc2ee681b8a9d799d4117ed4994e7f758821"/>
</canvas>
<canvas name="13" width="52" height="72">
<vector name="origin" x="26" y="72"/>
<int name="z" value="0"/>
<int name="delay" value="30"/>
<string name="_hash" value="603029f58024915ef7e4d00c75f3e819a1d2ae44ccbb92423ef8298bc83f79e2"/>
</canvas>
</imgdir>
</imgdir>
