<?xml version="1.0" encoding="UTF-8" standalone="yes"?>
<imgdir name="1052132.img">
<imgdir name="info">
<int name="hideName" value="1"/>
<int name="dcLeft" value="-19"/>
<int name="dcTop" value="-1"/>
<int name="dcRight" value="24"/>
<int name="dcBottom" value="35"/>
<canvas name="default" width="60" height="36">
<vector name="origin" x="30" y="18"/>
<int name="z" value="0"/>
<string name="_hash" value="dafd31df528ade373f040ce76c2ee0801b042cab6295b79a0710447d7775ae2d"/>
</canvas>
<imgdir name="script">
<imgdir name="0">
<string name="script" value="myoung_drawer4"/>
</imgdir>
</imgdir>
</imgdir>
<imgdir name="stand">
<canvas name="0" width="1" height="1">
<vector name="origin" x="0" y="0"/>
</canvas>
</imgdir>
</imgdir>
