<?xml version="1.0" encoding="UTF-8" standalone="yes"?>
<imgdir name="1052110.img">
<imgdir name="info">
<canvas name="default" width="1" height="1">
<vector name="origin" x="28" y="77"/>
<int name="z" value="0"/>
<string name="_hash" value="0c49a2c5b9830b498fdf013fa39f0ae4e9f4fa604fa5f849310c8cc39d4c7d81"/>
<string name="_outlink" value="Npc/1052109.img/info/default"/>
</canvas>
<imgdir name="script">
<imgdir name="0">
<string name="script" value="givebubbleDoll2"/>
</imgdir>
</imgdir>
<int name="hideName" value="1"/>
</imgdir>
<imgdir name="stand">
<canvas name="0" width="1" height="1">
<vector name="origin" x="0" y="61"/>
<string name="_hash" value="8de8425622f1663886f2ef10b2c4f61b803b621e6c835dc8b77b9f256d6ab392"/>
<string name="_outlink" value="Npc/1013002.img/stand/0"/>
</canvas>
</imgdir>
</imgdir>
