<?xml version="1.0" encoding="UTF-8" standalone="yes"?>
<imgdir name="1052224.img">
<imgdir name="info">
<int name="dcLeft" value="-50"/>
<int name="dcTop" value="-135"/>
<int name="dcRight" value="32"/>
<int name="dcBottom" value="0"/>
<imgdir name="script">
<imgdir name="0">
<string name="script" value="npc_1052224"/>
</imgdir>
</imgdir>
</imgdir>
<imgdir name="stand">
<canvas name="0" width="48" height="83">
<vector name="origin" x="28" y="83"/>
<int name="z" value="0"/>
<string name="_hash" value="7df306ad55a3445698b18f554eaeb7971c3f4ad591abaf733b00a21426a45c21"/>
</canvas>
</imgdir>
<imgdir name="say">
<canvas name="0" width="51" height="83">
<vector name="origin" x="28" y="83"/>
<int name="z" value="0"/>
<int name="delay" value="180"/>
<string name="_hash" value="a84dbb0ee6858bd20ce0d19bd41334f8d11249284513bf9cacb93333cf2f1172"/>
</canvas>
<canvas name="1" width="51" height="83">
<vector name="origin" x="28" y="83"/>
<int name="z" value="0"/>
<int name="delay" value="180"/>
<string name="_hash" value="b4b3e93a686b0b4f170e82e9e3c9d06578ee6d118561bd7b11d08bbeed2b4d42"/>
</canvas>
<canvas name="2" width="51" height="83">
<vector name="origin" x="28" y="83"/>
<int name="z" value="0"/>
<int name="delay" value="180"/>
<string name="_hash" value="7c69b9ba570ef7a9d1a9c01e050e37712b7d850d8eab638770d5082e0bd6bac4"/>
</canvas>
<canvas name="3" width="1" height="1">
<vector name="origin" x="28" y="83"/>
<int name="z" value="0"/>
<int name="delay" value="180"/>
<string name="_inlink" value="say/1"/>
</canvas>
</imgdir>
</imgdir>
