<?xml version="1.0" encoding="UTF-8" standalone="yes"?>
<imgdir name="1052128.img">
<imgdir name="info">
<int name="dcLeft" value="-20"/>
<int name="dcTop" value="-27"/>
<int name="dcRight" value="32"/>
<int name="dcBottom" value="7"/>
</imgdir>
<imgdir name="stand">
<canvas name="0" width="33" height="20">
<vector name="origin" x="13" y="19"/>
<string name="_hash" value="ee74984fbdfd783b1a7b826174e2bbe61806d4a1a624e2f18d5f3b7c8b5614bc"/>
</canvas>
</imgdir>
<imgdir name="condition1">
<imgdir name="stand">
<canvas name="0" width="1" height="1">
<vector name="origin" x="13" y="19"/>
<string name="_inlink" value="stand/0"/>
</canvas>
</imgdir>
<int name="hide" value="1"/>
<int name="2866" value="2"/>
</imgdir>
</imgdir>
