<?xml version="1.0" encoding="UTF-8" standalone="yes"?>
<imgdir name="1052212.img">
<imgdir name="info">
<canvas name="default" width="1" height="1">
<vector name="origin" x="27" y="76"/>
<int name="z" value="0"/>
<string name="_hash" value="6ebe4b866ba46e1c4a2303448ae52cfb5d35dd8655994fc504bd1b42e77677c3"/>
<string name="_outlink" value="Npc/1052206.img/stand/0"/>
</canvas>
</imgdir>
<imgdir name="stand">
<canvas name="0" width="77" height="77">
<vector name="origin" x="27" y="76"/>
<int name="z" value="0"/>
<string name="_hash" value="3540fa44802d535a32a5152eedff9007c6a7a41a07e95e1896a9c863338251fa"/>
</canvas>
</imgdir>
<imgdir name="condition1">
<int name="hide" value="1"/>
<int name="34419" value="2"/>
<imgdir name="stand">
<canvas name="0" width="1" height="1">
</canvas>
</imgdir>
</imgdir>
<imgdir name="condition2">
<int name="34418" value="2"/>
<uol name="stand" value="../stand"/>
</imgdir>
<imgdir name="condition3">
<int name="34418" value="1"/>
<uol name="stand" value="../stand"/>
</imgdir>
<imgdir name="condition4">
<int name="34400" value="2"/>
<int name="hide" value="1"/>
<imgdir name="stand">
<canvas name="0" width="1" height="1">
</canvas>
</imgdir>
</imgdir>
</imgdir>
