<?xml version="1.0" encoding="UTF-8" standalone="yes"?>
<imgdir name="1052230.img">
<imgdir name="info">
<int name="forceMove" value="1"/>
<imgdir name="illustration2">
<canvas name="base" width="1" height="1">
<vector name="origin" x="0" y="0"/>
<int name="z" value="0"/>
</canvas>
<imgdir name="face">
<canvas name="0" width="268" height="249">
<vector name="origin" x="8" y="136"/>
<int name="z" value="0"/>
<string name="_hash" value="dc9c4921f99000da77672b2ccc9413948879a31f24e1d18a1ba188838f4901a0"/>
</canvas>
<canvas name="1" width="268" height="249">
<vector name="origin" x="8" y="136"/>
<int name="z" value="0"/>
<string name="_hash" value="766aeb3394ea9a5924d25ccb355dddaff9f5a05d90661fb0419695ef91ec9f58"/>
</canvas>
<canvas name="2" width="268" height="249">
<vector name="origin" x="8" y="136"/>
<int name="z" value="0"/>
<string name="_hash" value="d7364f9c0ff6c9d8d61c276701ef4a8676669374b448e8fa4f38af34ac9a3990"/>
</canvas>
<canvas name="3" width="268" height="246">
<vector name="origin" x="8" y="136"/>
<int name="z" value="0"/>
<string name="_hash" value="ea5c411b3ff5bda574b711cc683b2f3f0bd8701e8a10ffdd335a39286dc3d336"/>
</canvas>
</imgdir>
</imgdir>
</imgdir>
<imgdir name="stand">
<canvas name="0" width="1" height="1">
<vector name="origin" x="27" y="76"/>
<int name="z" value="0"/>
<string name="_hash" value="6ebe4b866ba46e1c4a2303448ae52cfb5d35dd8655994fc504bd1b42e77677c3"/>
<string name="_outlink" value="Npc/1052206.img/stand/0"/>
</canvas>
</imgdir>
<imgdir name="say">
<canvas name="0" width="1" height="1">
<vector name="origin" x="27" y="76"/>
<int name="z" value="0"/>
<int name="delay" value="200"/>
<string name="_outlink" value="Npc/1052206.img/stand/0"/>
</canvas>
<canvas name="1" width="1" height="1">
<vector name="origin" x="27" y="76"/>
<int name="z" value="0"/>
<int name="delay" value="200"/>
<string name="_hash" value="4d4667f725836e51fb7b8b2ad6dfd6c0dbed3c158093ab04fa382f7d4029fa99"/>
<string name="_outlink" value="Npc/1052206.img/say/1"/>
</canvas>
<canvas name="2" width="1" height="1">
<vector name="origin" x="27" y="76"/>
<int name="z" value="0"/>
<int name="delay" value="200"/>
<string name="_outlink" value="Npc/1052206.img/stand/0"/>
</canvas>
<canvas name="3" width="1" height="1">
<vector name="origin" x="27" y="76"/>
<int name="z" value="0"/>
<int name="delay" value="200"/>
<string name="_outlink" value="Npc/1052206.img/say/1"/>
</canvas>
</imgdir>
<imgdir name="eye">
<canvas name="0" width="1" height="1">
<vector name="origin" x="27" y="76"/>
<int name="z" value="0"/>
<string name="_outlink" value="Npc/1052206.img/stand/0"/>
</canvas>
<canvas name="1" width="1" height="1">
<vector name="origin" x="27" y="76"/>
<int name="z" value="0"/>
<string name="_hash" value="6285b76aff9a1684df53ba55ab229053d504030d55699897d4989742b16824ad"/>
<string name="_outlink" value="Npc/1052206.img/eye/1"/>
</canvas>
<canvas name="2" width="1" height="1">
<vector name="origin" x="27" y="76"/>
<int name="z" value="0"/>
<string name="_hash" value="9d4b02e71256744c2c5524167015e041fa6ac5fe0b82d9d096faeca3e26a3bf0"/>
<string name="_outlink" value="Npc/1052206.img/eye/2"/>
</canvas>
</imgdir>
<imgdir name="move">
<canvas name="0" width="54" height="76">
<vector name="origin" x="27" y="75"/>
<int name="z" value="0"/>
<int name="delay" value="200"/>
<string name="_hash" value="3c1008722c85d5ca7e7e796ea5d9dacc0dabdef95be1b9ddcf8ab458968f6ce7"/>
</canvas>
<canvas name="1" width="54" height="77">
<vector name="origin" x="27" y="76"/>
<int name="z" value="0"/>
<int name="delay" value="200"/>
<string name="_hash" value="25c526ebb064d1bb97fa900b89712c38166674ae387c93fd1646b9dc43e44a6b"/>
</canvas>
<canvas name="2" width="54" height="76">
<vector name="origin" x="27" y="75"/>
<int name="z" value="0"/>
<int name="delay" value="200"/>
<string name="_hash" value="0e9ea8ac7f1dcb3d30a8cc84e4f27935db0153efed483bf0fa6130c38aaf504e"/>
</canvas>
<canvas name="3" width="54" height="77">
<vector name="origin" x="27" y="76"/>
<int name="z" value="0"/>
<int name="delay" value="200"/>
<string name="_hash" value="ba1ac58ca1cc4abd7798abd9c8aec1461a448826b65813a381dffed6840ea8a6"/>
</canvas>
</imgdir>
</imgdir>
