<?xml version="1.0" encoding="UTF-8" standalone="yes"?>
<imgdir name="1052225.img">
<imgdir name="info">
<imgdir name="script">
<imgdir name="0">
<string name="script" value="npc_1052225"/>
</imgdir>
</imgdir>
</imgdir>
<imgdir name="stand">
<canvas name="0" width="57" height="79">
<vector name="origin" x="29" y="79"/>
<int name="z" value="0"/>
<string name="_hash" value="8d48f255c8cf54a93c24e8fff30d102b1dfba7e29f93f12537c4347e0a2898e5"/>
</canvas>
</imgdir>
<imgdir name="eye">
<canvas name="0" width="1" height="1">
<vector name="origin" x="29" y="79"/>
<int name="z" value="0"/>
<int name="delay" value="210"/>
<string name="_inlink" value="stand/0"/>
</canvas>
<canvas name="1" width="57" height="79">
<vector name="origin" x="29" y="79"/>
<int name="z" value="0"/>
<int name="delay" value="210"/>
<string name="_hash" value="388b5f1225fc91a084f903068b46f89972e9dd0c8be9b6dfc320372145d19b54"/>
</canvas>
<canvas name="2" width="57" height="79">
<vector name="origin" x="29" y="79"/>
<int name="z" value="0"/>
<int name="delay" value="210"/>
<string name="_hash" value="37204c0beddc33b383608489a865b33e4aaa45f06d0fff3dde7c34c47db1cb98"/>
</canvas>
</imgdir>
<imgdir name="say">
<canvas name="0" width="57" height="79">
<vector name="origin" x="29" y="79"/>
<int name="z" value="0"/>
<int name="delay" value="210"/>
<string name="_hash" value="459278f8d1b754abcaae546c308309a53f18e5719790125b632a147c488fc6e6"/>
</canvas>
<canvas name="1" width="57" height="79">
<vector name="origin" x="29" y="79"/>
<int name="z" value="0"/>
<int name="delay" value="210"/>
<string name="_hash" value="85e55b9cc0b3aca6b64b7140d318f187c23a108cb4b08b95e423fc66d23821f0"/>
</canvas>
<canvas name="2" width="1" height="1">
<vector name="origin" x="29" y="79"/>
<int name="z" value="0"/>
<int name="delay" value="210"/>
<string name="_inlink" value="say/0"/>
</canvas>
<canvas name="3" width="57" height="79">
<vector name="origin" x="29" y="79"/>
<int name="z" value="0"/>
<int name="delay" value="210"/>
<string name="_hash" value="8b1951260a2e991ecb2c44d0b8a7aafd44e5994f6f69be8fd722c91bc4553c96"/>
</canvas>
</imgdir>
</imgdir>
