<?xml version="1.0" encoding="UTF-8" standalone="yes"?>
<imgdir name="1052247.img">
<imgdir name="info">
<string name="hideName" value="1"/>
</imgdir>
<imgdir name="stand">
<canvas name="0" width="105" height="58">
<vector name="origin" x="57" y="80"/>
<int name="z" value="0"/>
<int name="delay" value="150"/>
<string name="_hash" value="deb54107cdf61fd2733ce207d0d35f9582c517d191470d29a0784d9357fc5f4e"/>
</canvas>
<canvas name="1" width="105" height="58">
<vector name="origin" x="57" y="80"/>
<int name="z" value="0"/>
<int name="delay" value="150"/>
<string name="_hash" value="3150797580099b407c495dc1063a2f45270e92d1cb8f8a283ed76d35da9157fd"/>
</canvas>
<canvas name="2" width="105" height="58">
<vector name="origin" x="57" y="80"/>
<int name="z" value="0"/>
<int name="delay" value="150"/>
<string name="_hash" value="1cf98263afce47710d2892669f569fd346320a785393cc2fa76f74ffdb00a7b0"/>
</canvas>
<canvas name="3" width="105" height="57">
<vector name="origin" x="57" y="79"/>
<int name="z" value="0"/>
<int name="delay" value="150"/>
<string name="_hash" value="b5085a87ee663f3af247974c34ed68e59f0811d9923514b9fa9e9df8344905c9"/>
</canvas>
<canvas name="4" width="1" height="1">
<vector name="origin" x="57" y="80"/>
<int name="z" value="0"/>
<int name="delay" value="150"/>
<string name="_inlink" value="stand/0"/>
</canvas>
<canvas name="5" width="1" height="1">
<vector name="origin" x="57" y="80"/>
<int name="z" value="0"/>
<int name="delay" value="150"/>
<string name="_inlink" value="stand/1"/>
</canvas>
<canvas name="6" width="1" height="1">
<vector name="origin" x="57" y="80"/>
<int name="z" value="0"/>
<int name="delay" value="150"/>
<string name="_inlink" value="stand/2"/>
</canvas>
<canvas name="7" width="1" height="1">
<vector name="origin" x="57" y="79"/>
<int name="z" value="0"/>
<int name="delay" value="150"/>
<string name="_inlink" value="stand/3"/>
</canvas>
</imgdir>
<imgdir name="condition1">
<int name="34407" value="2"/>
<int name="hide" value="1"/>
<imgdir name="stand">
<canvas name="0" width="1" height="1">
</canvas>
</imgdir>
</imgdir>
</imgdir>
