<?xml version="1.0" encoding="UTF-8" standalone="yes"?>
<imgdir name="1052134.img">
<imgdir name="info">
</imgdir>
<imgdir name="stand">
<canvas name="0" width="51" height="73">
<vector name="origin" x="27" y="73"/>
<int name="z" value="0"/>
<int name="delay" value="3000"/>
<string name="_hash" value="3b8fa7e13a7a8592570470e21f3776c8cec6b18e1af9bf3154c1181137e194a8"/>
</canvas>
</imgdir>
<imgdir name="say">
<imgdir name="speak">
<string name="0" value="n0"/>
<string name="1" value="n1"/>
</imgdir>
<canvas name="0" width="1" height="1">
<vector name="origin" x="27" y="73"/>
<int name="z" value="0"/>
<string name="_inlink" value="stand/0"/>
</canvas>
<canvas name="1" width="46" height="73">
<vector name="origin" x="22" y="73"/>
<int name="z" value="0"/>
<string name="_hash" value="0b393a338ce63a50b2af003de82ab99f3c1c8dc1768aba918d12c7d1dfb7490c"/>
</canvas>
<canvas name="2" width="46" height="73">
<vector name="origin" x="22" y="73"/>
<int name="z" value="0"/>
<string name="_hash" value="715e38128017171cef551999c98663bf2da52ce16f1845b1f33717c2860a353c"/>
</canvas>
<canvas name="3" width="1" height="1">
<vector name="origin" x="22" y="73"/>
<int name="z" value="0"/>
<string name="_inlink" value="say/1"/>
</canvas>
<canvas name="4" width="1" height="1">
<vector name="origin" x="22" y="73"/>
<int name="z" value="0"/>
<string name="_inlink" value="say/2"/>
</canvas>
</imgdir>
<imgdir name="eye">
<canvas name="0" width="1" height="1">
<vector name="origin" x="27" y="73"/>
<int name="z" value="0"/>
<string name="_inlink" value="stand/0"/>
</canvas>
<canvas name="1" width="51" height="74">
<vector name="origin" x="27" y="74"/>
<int name="z" value="0"/>
<string name="_hash" value="8b06e7da228c9b07d824062d16133d9885487a04ac010250c96bd9026f84567b"/>
</canvas>
<canvas name="2" width="51" height="73">
<vector name="origin" x="27" y="73"/>
<int name="z" value="0"/>
<string name="_hash" value="5889ac0c799829bc9a57bad773f7b47d9938bd3bafbe9c059d1c6befe635876b"/>
</canvas>
<canvas name="3" width="51" height="74">
<vector name="origin" x="27" y="74"/>
<int name="z" value="0"/>
<string name="_hash" value="f304582a12c6af5a1f3c7c8fc1c4f6c7049cb435858e1e55b0ac75bb0adf2619"/>
</canvas>
</imgdir>
<imgdir name="heart">
<canvas name="0" width="1" height="1">
<vector name="origin" x="27" y="73"/>
<int name="z" value="0"/>
<string name="_inlink" value="stand/0"/>
</canvas>
<canvas name="1" width="51" height="74">
<vector name="origin" x="27" y="74"/>
<int name="z" value="0"/>
<string name="_hash" value="4b6b90893e0c3225c9e56c9f08b066de154196a522d5ff2042dc3cd81407a0f1"/>
</canvas>
<canvas name="2" width="51" height="73">
<vector name="origin" x="27" y="73"/>
<int name="z" value="0"/>
<string name="_hash" value="0c95e637786329494a394086f164f4594c8023df44cfaca0938600f3f0b85e77"/>
</canvas>
<canvas name="3" width="1" height="1">
<vector name="origin" x="27" y="74"/>
<int name="z" value="0"/>
<string name="_inlink" value="heart/1"/>
</canvas>
<canvas name="4" width="1" height="1">
<vector name="origin" x="27" y="73"/>
<int name="z" value="0"/>
<string name="_inlink" value="heart/2"/>
</canvas>
</imgdir>
</imgdir>
