<?xml version="1.0" encoding="UTF-8" standalone="yes"?>
<imgdir name="1052009.img">
<imgdir name="info">
<int name="dcLeft" value="-31"/>
<int name="dcTop" value="-33"/>
<int name="dcRight" value="32"/>
<int name="dcBottom" value="0"/>
<imgdir name="script">
<imgdir name="0">
<string name="script" value="subway_get2"/>
</imgdir>
</imgdir>
</imgdir>
<imgdir name="stand">
<canvas name="0" width="1" height="1">
<vector name="origin" x="32" y="34"/>
<string name="_hash" value="d8da42acaf8f8b0823baec1388ca76bec66b54f393c6946acb501f75c3d80837"/>
<string name="_outlink" value="Npc/1052008.img/stand/0"/>
</canvas>
</imgdir>
</imgdir>
