<?xml version="1.0" encoding="UTF-8" standalone="yes"?>
<imgdir name="1052118.img">
<imgdir name="info">
<int name="dcLeft" value="-60"/>
<int name="dcTop" value="-106"/>
<int name="dcRight" value="57"/>
<int name="dcBottom" value="0"/>
</imgdir>
<imgdir name="stand">
<canvas name="0" width="118" height="107">
<vector name="origin" x="61" y="107"/>
<int name="z" value="0"/>
<string name="_hash" value="d77bbf96591d3c058627d967d443bf67058a630974703b8befb206d891f914b0"/>
</canvas>
</imgdir>
<imgdir name="action">
<canvas name="0" width="118" height="107">
<vector name="origin" x="61" y="107"/>
<int name="z" value="0"/>
<int name="delay" value="160"/>
<string name="_hash" value="5881d0be56a5a201370c55748162538e4534768141c11673af3e76b81f4b9f57"/>
</canvas>
<canvas name="4" width="1" height="1">
<vector name="origin" x="61" y="107"/>
<int name="z" value="0"/>
<int name="delay" value="160"/>
<string name="_inlink" value="action/0"/>
</canvas>
<canvas name="3" width="118" height="107">
<vector name="origin" x="61" y="107"/>
<int name="z" value="0"/>
<int name="delay" value="160"/>
<string name="_hash" value="d0ef88f39785c0ba683a09111399d9136d927bc2da826597181f4e4439133825"/>
</canvas>
<canvas name="2" width="1" height="1">
<vector name="origin" x="61" y="107"/>
<int name="z" value="0"/>
<int name="delay" value="160"/>
<string name="_inlink" value="action/0"/>
</canvas>
<canvas name="1" width="1" height="1">
<vector name="origin" x="61" y="107"/>
<int name="z" value="0"/>
<int name="delay" value="160"/>
<string name="_inlink" value="action/3"/>
</canvas>
</imgdir>
</imgdir>
