<?xml version="1.0" encoding="UTF-8" standalone="yes"?>
<imgdir name="1052237.img">
<imgdir name="info">
<int name="dcLeft" value="-50"/>
<int name="dcTop" value="-135"/>
<int name="dcRight" value="32"/>
<int name="dcBottom" value="0"/>
</imgdir>
<imgdir name="stand">
<canvas name="0" width="1" height="1">
<vector name="origin" x="28" y="87"/>
<int name="z" value="0"/>
<int name="delay" value="540"/>
<string name="_hash" value="f90c233552fdd3c3fcd4b22d2aa90f6a0ebfdd8bd49a4f8579dd653fe1d3e24b"/>
<string name="_outlink" value="Npc/1052223.img/stand/0"/>
</canvas>
</imgdir>
<imgdir name="eye">
<canvas name="0" width="1" height="1">
<vector name="origin" x="28" y="87"/>
<int name="z" value="0"/>
<int name="delay" value="210"/>
<string name="_outlink" value="Npc/1052223.img/stand/0"/>
</canvas>
<canvas name="1" width="1" height="1">
<vector name="origin" x="28" y="87"/>
<int name="z" value="0"/>
<int name="delay" value="210"/>
<string name="_hash" value="1fe058be107dc1a16f3aa384eaffff47e374767879c9869e007d10609ff53726"/>
<string name="_outlink" value="Npc/1052223.img/eye/1"/>
</canvas>
<canvas name="2" width="1" height="1">
<vector name="origin" x="28" y="87"/>
<int name="z" value="0"/>
<int name="delay" value="210"/>
<string name="_hash" value="e3f8ddb7b048e99e0674b497dfb4fc2bc70314bd91ac7872fd708556dd19a2a2"/>
<string name="_outlink" value="Npc/1052223.img/eye/2"/>
</canvas>
<int name="delay" value="360"/>
<uol name="3" value="0"/>
<uol name="4" value="1"/>
<uol name="5" value="2"/>
<uol name="6" value="0"/>
<uol name="7" value="1"/>
<uol name="8" value="2"/>
</imgdir>
<imgdir name="say">
<canvas name="0" width="1" height="1">
<vector name="origin" x="28" y="87"/>
<int name="z" value="0"/>
<int name="delay" value="210"/>
<string name="_hash" value="eff4647b7c1e63f713f823407a4f7fb5ad3d6aa8082d22806fb216c9b7ae91f5"/>
<string name="_outlink" value="Npc/1052223.img/say/0"/>
</canvas>
<canvas name="1" width="1" height="1">
<vector name="origin" x="28" y="87"/>
<int name="z" value="0"/>
<int name="delay" value="210"/>
<string name="_outlink" value="Npc/1052223.img/stand/0"/>
</canvas>
<canvas name="2" width="1" height="1">
<vector name="origin" x="28" y="87"/>
<int name="z" value="0"/>
<int name="delay" value="210"/>
<string name="_outlink" value="Npc/1052223.img/say/0"/>
</canvas>
<canvas name="3" width="1" height="1">
<vector name="origin" x="28" y="87"/>
<int name="z" value="0"/>
<int name="delay" value="210"/>
<string name="_hash" value="87e837f038963bad04218b1324f63f46880004540fcd1a12bd8f1b2b11325d86"/>
<string name="_outlink" value="Npc/1052223.img/say/3"/>
</canvas>
<uol name="4" value="0"/>
<uol name="5" value="1"/>
<uol name="6" value="2"/>
<uol name="7" value="3"/>
<uol name="8" value="0"/>
<uol name="9" value="1"/>
<uol name="10" value="2"/>
<uol name="11" value="3"/>
</imgdir>
</imgdir>
