<?xml version="1.0" encoding="UTF-8" standalone="yes"?>
<imgdir name="1052202.img">
<imgdir name="info">
<imgdir name="script">
<imgdir name="0">
<string name="script" value="npc_1052202"/>
</imgdir>
</imgdir>
</imgdir>
<imgdir name="stand">
<canvas name="0" width="154" height="169">
<vector name="origin" x="69" y="167"/>
<int name="z" value="0"/>
<string name="_hash" value="d9fc82d78d8b1c44b0dd8c466d052b68e4bfc1ac4f275f329abb5fe957215e06"/>
</canvas>
<canvas name="1" width="154" height="169">
<vector name="origin" x="69" y="167"/>
<int name="z" value="0"/>
<string name="_hash" value="8a1898a35b92611372146f072bdf1429cfa959ddf6702ccfc7a1f7b0ba350ae2"/>
</canvas>
<canvas name="2" width="1" height="1">
<vector name="origin" x="69" y="167"/>
<int name="z" value="0"/>
<string name="_hash" value="be2ea1f8ec443c413f8a7ca9ae7290de254087966b7ffb7a163c0910b0d7a5cb"/>
<string name="_outlink" value="Npc/1052201.img/info/default"/>
</canvas>
<canvas name="3" width="154" height="169">
<vector name="origin" x="69" y="167"/>
<int name="z" value="0"/>
<string name="_hash" value="9a8a3249e0e7d76489d39291e17199e3d65d842352ac2723aaec845cd501fc26"/>
</canvas>
<canvas name="4" width="154" height="169">
<vector name="origin" x="69" y="167"/>
<int name="z" value="0"/>
<string name="_hash" value="a26fe7614401ad3d414b75759e662ea025728ed5c8730189f96083aa1347b50e"/>
</canvas>
<canvas name="5" width="154" height="169">
<vector name="origin" x="69" y="167"/>
<int name="z" value="0"/>
<string name="_hash" value="9c0bde7f2928a807f769cc91f2ce6059d12bd891aa14fb73b262735034237b52"/>
</canvas>
<canvas name="6" width="154" height="169">
<vector name="origin" x="69" y="167"/>
<int name="z" value="0"/>
<string name="_hash" value="0dce682177caa4e8304240f29b29775f6142dfc9341470d52935b97cea9500f4"/>
</canvas>
<canvas name="7" width="154" height="169">
<vector name="origin" x="69" y="167"/>
<int name="z" value="0"/>
<string name="_hash" value="5b666795cfa12770a5f4cd8a8699e5e020c10c2766f4c694c0740b9e3afd76f9"/>
</canvas>
<canvas name="8" width="154" height="169">
<vector name="origin" x="69" y="167"/>
<int name="z" value="0"/>
<string name="_hash" value="17f63ac7a641473cccbd1d8fcf448b3394334a80f8b184e0d198b6eea45dbf93"/>
</canvas>
<canvas name="9" width="154" height="169">
<vector name="origin" x="69" y="167"/>
<int name="z" value="0"/>
<string name="_hash" value="07a35f0672b4adff635fa8a432a5b0f80c46e64257688d9fa54c3be7693e320e"/>
</canvas>
<canvas name="10" width="154" height="169">
<vector name="origin" x="69" y="167"/>
<int name="z" value="0"/>
<string name="_hash" value="949e0a8a78354f99fbb27acc325950c2d020e1021edb08c46fee327b71490d89"/>
</canvas>
<canvas name="11" width="154" height="169">
<vector name="origin" x="69" y="167"/>
<int name="z" value="0"/>
<string name="_hash" value="9b1bfea1110450fc91b7947f5c03c944da1b4b3457de056c02fa273164cd6c7a"/>
</canvas>
</imgdir>
</imgdir>
