<?xml version="1.0" encoding="UTF-8" standalone="yes"?>
<imgdir name="1052201.img">
<imgdir name="info">
<canvas name="default" width="154" height="169">
<vector name="origin" x="69" y="167"/>
<int name="z" value="0"/>
<string name="_hash" value="be2ea1f8ec443c413f8a7ca9ae7290de254087966b7ffb7a163c0910b0d7a5cb"/>
</canvas>
<imgdir name="script">
<imgdir name="0">
<string name="script" value="npc_1052201"/>
</imgdir>
</imgdir>
<int name="dcLeft" value="-70"/>
<int name="dcTop" value="-170"/>
<int name="dcRight" value="70"/>
<int name="dcBottom" value="0"/>
</imgdir>
<imgdir name="stand">
<canvas name="0" width="142" height="100">
<vector name="origin" x="63" y="100"/>
<int name="z" value="0"/>
<string name="_hash" value="c8b99db0a7b49a52f0c7ebb9a839b78f99b43781d39402de1d60824ef596d1ad"/>
</canvas>
</imgdir>
</imgdir>
