<?xml version="1.0" encoding="UTF-8" standalone="yes"?>
<imgdir name="1052219.img">
<imgdir name="info">
</imgdir>
<imgdir name="stand">
<canvas name="0" width="73" height="81">
<vector name="origin" x="39" y="81"/>
<int name="z" value="0"/>
<string name="_hash" value="a76c8f2e3aa9872d642710797fa40ed7576bd0416bccb71d34acca8933d13066"/>
</canvas>
</imgdir>
<imgdir name="say">
<canvas name="0" width="73" height="81">
<vector name="origin" x="39" y="81"/>
<int name="z" value="0"/>
<int name="delay" value="180"/>
<string name="_hash" value="ccc929b2a545666f1008afd44cdcce56cc9af97b248e96ac84a9c35b1ab0f50f"/>
</canvas>
<canvas name="1" width="73" height="81">
<vector name="origin" x="38" y="81"/>
<int name="z" value="0"/>
<int name="delay" value="180"/>
<string name="_hash" value="7f0b7af400cf6729e50dc6704bfd1bd34fc86afad4a0ee86082e78264d8adc08"/>
</canvas>
<canvas name="2" width="73" height="81">
<vector name="origin" x="37" y="81"/>
<int name="z" value="0"/>
<int name="delay" value="180"/>
<string name="_hash" value="0d5cc06a9e7584f46ed6b844d59abbe088eb685ff628c1c3ca36385cc22cb32b"/>
</canvas>
<canvas name="3" width="73" height="81">
<vector name="origin" x="38" y="81"/>
<int name="z" value="0"/>
<int name="delay" value="180"/>
<string name="_hash" value="3b35c0156e5f12d76ba40f09b2e7c3787113ba6ab2760f152c9f0e96b36c554f"/>
</canvas>
<canvas name="4" width="73" height="81">
<vector name="origin" x="39" y="81"/>
<int name="z" value="0"/>
<int name="delay" value="180"/>
<string name="_hash" value="6a07deb9c31e2d43b3fd19a05f29a582f06d159571a4d982fde874f15542514b"/>
</canvas>
<canvas name="5" width="1" height="1">
<vector name="origin" x="38" y="81"/>
<int name="z" value="0"/>
<int name="delay" value="180"/>
<string name="_inlink" value="say/3"/>
</canvas>
<canvas name="6" width="73" height="81">
<vector name="origin" x="37" y="81"/>
<int name="z" value="0"/>
<int name="delay" value="180"/>
<string name="_hash" value="534c85c6c822572c4c4b3bb0c3488d2a96ffacb9847594df986d9332c87321f3"/>
</canvas>
<canvas name="7" width="1" height="1">
<vector name="origin" x="38" y="81"/>
<int name="z" value="0"/>
<int name="delay" value="180"/>
<string name="_inlink" value="say/3"/>
</canvas>
</imgdir>
<imgdir name="eye">
<canvas name="0" width="73" height="81">
<vector name="origin" x="39" y="81"/>
<int name="z" value="0"/>
<int name="delay" value="150"/>
<string name="_hash" value="b27f539d436771b887f7e2432991583265e6fd045c635a31fbb5e5f1be2b85c9"/>
</canvas>
<canvas name="1" width="73" height="81">
<vector name="origin" x="39" y="81"/>
<int name="z" value="0"/>
<int name="delay" value="150"/>
<string name="_hash" value="494de3d47f2d00a91bbccde25e8514ca375827824aff0600f6b5a3109b2d029e"/>
</canvas>
<canvas name="2" width="73" height="81">
<vector name="origin" x="39" y="81"/>
<int name="z" value="0"/>
<int name="delay" value="150"/>
<string name="_hash" value="63d98da9240d365b8fa382ce30509a9c027641f46d52f793dc2faacdd0f2ab32"/>
</canvas>
<canvas name="3" width="73" height="81">
<vector name="origin" x="39" y="81"/>
<int name="z" value="0"/>
<int name="delay" value="150"/>
<string name="_hash" value="7a9568b91a57e1e88fb7de9e5772a894f0570e324aed2597d26c5f00a3c491e5"/>
</canvas>
<canvas name="4" width="73" height="81">
<vector name="origin" x="39" y="81"/>
<int name="z" value="0"/>
<int name="delay" value="150"/>
<string name="_hash" value="5f502eaad2500d91dcc8ee8724a4d02c5f1ed9b9467a434973db3f7b302431c2"/>
</canvas>
</imgdir>
<imgdir name="dry">
<canvas name="0" width="73" height="81">
<vector name="origin" x="39" y="81"/>
<int name="z" value="0"/>
<int name="delay" value="150"/>
<string name="_hash" value="ae2d9a1dd1823312ecc2d57277c80a9575377e22673b07390c1f66965c807aab"/>
</canvas>
<canvas name="1" width="98" height="78">
<vector name="origin" x="62" y="78"/>
<int name="z" value="0"/>
<int name="delay" value="150"/>
<string name="_hash" value="60923ae797ded27ee81274d4ab53ad029238371ffa614be5a9ecfcacc55e2091"/>
</canvas>
<canvas name="2" width="99" height="78">
<vector name="origin" x="63" y="78"/>
<int name="z" value="0"/>
<int name="delay" value="150"/>
<string name="_hash" value="03f21fbdbf588d5024e4a191f9764ccce390e0b9daaf431db7c12effc9b31d35"/>
</canvas>
<canvas name="3" width="100" height="78">
<vector name="origin" x="64" y="78"/>
<int name="z" value="0"/>
<int name="delay" value="150"/>
<string name="_hash" value="1a75825ace2f7318ae8aa7e5276b5f0ed36e1924db97d55ad30f4ff50cae8f8a"/>
</canvas>
<canvas name="4" width="100" height="78">
<vector name="origin" x="64" y="78"/>
<int name="z" value="0"/>
<int name="delay" value="150"/>
<string name="_hash" value="e6fc0f2299dd5b0c3216d4e6e39365acd9e9ea674cfe9c1223b86e19f5359388"/>
</canvas>
<canvas name="5" width="96" height="78">
<vector name="origin" x="60" y="78"/>
<int name="z" value="0"/>
<int name="delay" value="150"/>
<string name="_hash" value="6b1017d619a438615e9c05cd72d41ed73d4497e136955c19845056ff35ad4a27"/>
</canvas>
</imgdir>
</imgdir>
