<?xml version="1.0" encoding="UTF-8" standalone="yes"?>
<imgdir name="1052206.img">
<imgdir name="info">
</imgdir>
<imgdir name="stand">
<canvas name="0" width="54" height="77">
<vector name="origin" x="27" y="76"/>
<int name="z" value="0"/>
<string name="_hash" value="6ebe4b866ba46e1c4a2303448ae52cfb5d35dd8655994fc504bd1b42e77677c3"/>
</canvas>
</imgdir>
<imgdir name="say">
<canvas name="0" width="1" height="1">
<vector name="origin" x="27" y="76"/>
<int name="z" value="0"/>
<int name="delay" value="200"/>
<string name="_inlink" value="stand/0"/>
</canvas>
<canvas name="1" width="54" height="77">
<vector name="origin" x="27" y="76"/>
<int name="z" value="0"/>
<int name="delay" value="200"/>
<string name="_hash" value="4d4667f725836e51fb7b8b2ad6dfd6c0dbed3c158093ab04fa382f7d4029fa99"/>
</canvas>
<canvas name="2" width="1" height="1">
<vector name="origin" x="27" y="76"/>
<int name="z" value="0"/>
<int name="delay" value="200"/>
<string name="_inlink" value="stand/0"/>
</canvas>
<canvas name="3" width="1" height="1">
<vector name="origin" x="27" y="76"/>
<int name="z" value="0"/>
<int name="delay" value="200"/>
<string name="_inlink" value="say/1"/>
</canvas>
</imgdir>
<imgdir name="eye">
<canvas name="0" width="1" height="1">
<vector name="origin" x="27" y="76"/>
<int name="z" value="0"/>
<string name="_inlink" value="stand/0"/>
</canvas>
<canvas name="1" width="54" height="77">
<vector name="origin" x="27" y="76"/>
<int name="z" value="0"/>
<string name="_hash" value="6285b76aff9a1684df53ba55ab229053d504030d55699897d4989742b16824ad"/>
</canvas>
<canvas name="2" width="54" height="77">
<vector name="origin" x="27" y="76"/>
<int name="z" value="0"/>
<string name="_hash" value="9d4b02e71256744c2c5524167015e041fa6ac5fe0b82d9d096faeca3e26a3bf0"/>
</canvas>
</imgdir>
<imgdir name="condition1">
<int name="34422" value="2"/>
<int name="hide" value="1"/>
<imgdir name="stand">
<canvas name="0" width="1" height="1">
</canvas>
</imgdir>
<imgdir name="eye">
<canvas name="0" width="1" height="1">
</canvas>
</imgdir>
<imgdir name="say">
<canvas name="0" width="1" height="1">
</canvas>
</imgdir>
</imgdir>
<imgdir name="condition2">
<int name="34419" value="2"/>
<uol name="stand" value="../stand"/>
<uol name="say" value="../say"/>
<uol name="eye" value="../eye"/>
</imgdir>
<imgdir name="condition3">
<int name="hide" value="1"/>
<int name="34416" value="2"/>
<imgdir name="stand">
<canvas name="0" width="1" height="1">
</canvas>
</imgdir>
<imgdir name="say">
<canvas name="0" width="1" height="1">
</canvas>
</imgdir>
<imgdir name="eye">
<canvas name="0" width="1" height="1">
</canvas>
</imgdir>
</imgdir>
<imgdir name="condition4">
<int name="34402" value="2"/>
<uol name="stand" value="../stand"/>
<uol name="say" value="../say"/>
<uol name="eye" value="../eye"/>
</imgdir>
<imgdir name="condition5">
<int name="hide" value="1"/>
<int name="34400" value="2"/>
<imgdir name="stand">
<canvas name="0" width="1" height="1">
</canvas>
</imgdir>
<imgdir name="say">
<canvas name="0" width="1" height="1">
</canvas>
</imgdir>
<imgdir name="eye">
<canvas name="0" width="1" height="1">
</canvas>
</imgdir>
</imgdir>
</imgdir>
