<?xml version="1.0" encoding="UTF-8" standalone="yes"?>
<imgdir name="1052250.img">
<imgdir name="info">
<string name="hideName" value="1"/>
</imgdir>
<imgdir name="stand">
<canvas name="0" width="98" height="80">
<vector name="origin" x="67" y="73"/>
<int name="z" value="0"/>
<int name="delay" value="150"/>
<string name="_hash" value="14c42f0bb671bb52c666aa2059f2da0335071cec503400cda70bf182865a9ac7"/>
</canvas>
<canvas name="1" width="105" height="79">
<vector name="origin" x="74" y="72"/>
<int name="z" value="0"/>
<int name="delay" value="150"/>
<string name="_hash" value="51e5d258a23b2d8b16a0734e5adc5d70b014fe7fe221dbd616bd7f3b87357124"/>
</canvas>
<canvas name="2" width="91" height="84">
<vector name="origin" x="60" y="77"/>
<int name="z" value="0"/>
<int name="delay" value="150"/>
<string name="_hash" value="50531befddf613dec545c25589a7c3d6835670b297c3103111eca5f1518013de"/>
</canvas>
<canvas name="3" width="106" height="93">
<vector name="origin" x="75" y="86"/>
<int name="z" value="0"/>
<int name="delay" value="150"/>
<string name="_hash" value="6c7613141526b58975d0f1eb8fbd361f4d4c1c8a42cfd01e62e87d5748314d11"/>
</canvas>
<canvas name="4" width="92" height="79">
<vector name="origin" x="61" y="72"/>
<int name="z" value="0"/>
<int name="delay" value="150"/>
<string name="_hash" value="cdb7329c7eb3d978f2fd3d30cc6510e66c9c4953086727a7cb031841372de0c1"/>
</canvas>
<canvas name="5" width="98" height="79">
<vector name="origin" x="67" y="72"/>
<int name="z" value="0"/>
<int name="delay" value="150"/>
<string name="_hash" value="ac51d0680a8bb9752369a1b2a376cb49026b2924656334edac72e6a4c7967d40"/>
</canvas>
<canvas name="6" width="105" height="80">
<vector name="origin" x="74" y="73"/>
<int name="z" value="0"/>
<int name="delay" value="150"/>
<string name="_hash" value="7d83d7ec6a54cd2eac80b0490831abaa7bd16bd68a830413f23708aca9e87efb"/>
</canvas>
<canvas name="7" width="106" height="93">
<vector name="origin" x="75" y="86"/>
<int name="z" value="0"/>
<int name="delay" value="150"/>
<string name="_hash" value="a599536f96472a91f162b875b62c2f268305fb0fa45d94dcecb977df7f170ea4"/>
</canvas>
</imgdir>
<imgdir name="condition1">
<int name="34407" value="2"/>
<int name="hide" value="1"/>
<imgdir name="stand">
<canvas name="0" width="1" height="1">
</canvas>
</imgdir>
</imgdir>
</imgdir>
