<?xml version="1.0" encoding="UTF-8" standalone="yes"?>
<imgdir name="1052004.img">
<imgdir name="info">
<imgdir name="script">
<imgdir name="0">
<string name="script" value="face_henesys1"/>
</imgdir>
</imgdir>
</imgdir>
<imgdir name="stand">
<canvas name="0" width="43" height="76">
<vector name="origin" x="24" y="76"/>
<string name="_hash" value="a4ce12c1456d5ef20c2309341c81f1a385b11537baf56d5800d2ed9867634276"/>
</canvas>
</imgdir>
<imgdir name="say">
<canvas name="0" width="1" height="1">
<vector name="origin" x="24" y="76"/>
<int name="z" value="0"/>
<string name="_inlink" value="stand/0"/>
</canvas>
<canvas name="1" width="43" height="76">
<vector name="origin" x="24" y="76"/>
<int name="z" value="0"/>
<string name="_hash" value="fa8b9eb9b1f3123fb4a908cc268b0894ab5d738eb2fe91d71772d77dadc17703"/>
</canvas>
<uol name="2" value="0"/>
<uol name="3" value="1"/>
<uol name="4" value="0"/>
<uol name="5" value="0"/>
<uol name="6" value="0"/>
<uol name="7" value="0"/>
<imgdir name="speak">
<string name="0" value="n0"/>
<string name="1" value="n1"/>
</imgdir>
</imgdir>
<imgdir name="eye">
<canvas name="0" width="1" height="1">
<vector name="origin" x="24" y="76"/>
<int name="z" value="0"/>
<string name="_inlink" value="stand/0"/>
</canvas>
<canvas name="1" width="44" height="76">
<vector name="origin" x="24" y="76"/>
<int name="z" value="0"/>
<string name="_hash" value="7a48e44dbd40fb041bd162cdca3670c7399108f9ae5b58f4c2c79de1b747f44c"/>
</canvas>
<canvas name="2" width="50" height="76">
<vector name="origin" x="26" y="76"/>
<int name="z" value="0"/>
<string name="_hash" value="734b1903115715b855e252c3e2badee71ab900398b255ca6f0d4416433c658fe"/>
</canvas>
<canvas name="3" width="49" height="76">
<vector name="origin" x="25" y="76"/>
<int name="z" value="0"/>
<string name="_hash" value="f38f5a652fda717f11781cd458cdd55572d4d3c8566994d99a414912cfe5f393"/>
</canvas>
<canvas name="4" width="48" height="76">
<vector name="origin" x="24" y="76"/>
<int name="z" value="0"/>
<string name="_hash" value="f47d80eedcd7c0374b2de601a7188d9b38b6c1dc10cb8f42cfd4cc2acdb2497b"/>
</canvas>
<canvas name="5" width="48" height="76">
<vector name="origin" x="24" y="76"/>
<int name="z" value="0"/>
<string name="_hash" value="635c497762882eeda6a590351df8aca7b702200931e3915b4ca8735e323b2d45"/>
</canvas>
<canvas name="6" width="1" height="1">
<vector name="origin" x="24" y="76"/>
<int name="z" value="0"/>
<string name="_inlink" value="eye/1"/>
</canvas>
</imgdir>
</imgdir>
