<?xml version="1.0" encoding="UTF-8" standalone="yes"?>
<imgdir name="1052013.img">
<imgdir name="info">
<int name="dcMark" value="1"/>
<int name="dcLeft" value="-62"/>
<int name="dcTop" value="-110"/>
<int name="dcRight" value="63"/>
<int name="dcBottom" value="0"/>
<imgdir name="script">
<imgdir name="0">
<string name="script" value="go_pcmap"/>
</imgdir>
</imgdir>
</imgdir>
<imgdir name="stand">
<canvas name="0" width="124" height="109">
<vector name="origin" x="64" y="109"/>
<int name="delay" value="150"/>
<string name="_hash" value="4b2936501d1946a0fa875d2fcef0c1aa63d3a2c60b3d43a5cf901ffddda3cd82"/>
</canvas>
<canvas name="1" width="124" height="109">
<vector name="origin" x="64" y="109"/>
<int name="delay" value="150"/>
<string name="_hash" value="d38d3df6ac518512a4e22cba6c13d08a8855631419c07dda64a95806eeeb1509"/>
</canvas>
<canvas name="2" width="124" height="109">
<vector name="origin" x="64" y="109"/>
<int name="delay" value="150"/>
<string name="_hash" value="ccdc4607b7abd76e95a963095e48f7bc2d17bcbc0faa325f3e1acf00def9a8eb"/>
</canvas>
<canvas name="3" width="124" height="109">
<vector name="origin" x="64" y="109"/>
<int name="delay" value="150"/>
<string name="_hash" value="1ae17066751a325e8944cc99b1211fe124c8396f77ea9d5913b41f885cb10738"/>
</canvas>
<canvas name="4" width="124" height="109">
<vector name="origin" x="64" y="109"/>
<int name="delay" value="150"/>
<string name="_hash" value="48d28c7b7e0d61c67d4f45613fa5c6a5f403786bbce2597d1844bf14f028a388"/>
</canvas>
<uol name="5" value="1"/>
</imgdir>
</imgdir>
