<?xml version="1.0" encoding="UTF-8" standalone="yes"?>
<imgdir name="1052103.img">
<imgdir name="info">
<imgdir name="speak">
<string name="0" value="n0"/>
<string name="1" value="n1"/>
</imgdir>
</imgdir>
<imgdir name="stand">
<canvas name="0" width="44" height="66">
<vector name="origin" x="22" y="66"/>
<int name="delay" value="500"/>
<string name="_hash" value="9742daa1bf27d84f0406127d6d3463ee1797bc6fc2b89451d0590249e3f2a535"/>
</canvas>
<canvas name="1" width="44" height="66">
<vector name="origin" x="22" y="66"/>
<int name="delay" value="500"/>
<string name="_hash" value="71d4e346dabc32be10bc7c5f52dce2b5ebd687c6aed6a7839978236ef6654384"/>
</canvas>
<canvas name="2" width="44" height="66">
<vector name="origin" x="22" y="66"/>
<int name="delay" value="500"/>
<string name="_hash" value="6386b3512ab7ca5cad149e016ae55496e23c58727b036c8ed60e607220a313e4"/>
</canvas>
<uol name="3" value="1"/>
</imgdir>
<imgdir name="move">
<canvas name="0" width="44" height="66">
<vector name="origin" x="22" y="66"/>
<int name="delay" value="200"/>
<string name="_hash" value="5e28b67be0091c26139a58dcebaa11a0cd17eb36496c0a45035fb806e33b0456"/>
</canvas>
<canvas name="1" width="44" height="65">
<vector name="origin" x="22" y="65"/>
<int name="delay" value="200"/>
<string name="_hash" value="d00e70e21955dccabd5c30c8d4480118c80f85a0e8cc39194f0ebe18118fe6b4"/>
</canvas>
<canvas name="2" width="44" height="66">
<vector name="origin" x="22" y="66"/>
<int name="delay" value="100"/>
<string name="_hash" value="bea46bdae1f24b2b3e3c9d8c7e9fe09ac8dd7dcdc21f38f217d82c8b15070099"/>
</canvas>
<canvas name="3" width="44" height="66">
<vector name="origin" x="22" y="66"/>
<int name="delay" value="100"/>
<string name="_hash" value="feb3087c057953a563b3a4bc2748b7e99b839e345b1eb8e26a8f759cc94d6a76"/>
</canvas>
<canvas name="4" width="44" height="65">
<vector name="origin" x="22" y="65"/>
<int name="delay" value="200"/>
<string name="_hash" value="2cde74fe969022cd369dccaf8470fd801fb380cfff85fcef21a109b792091354"/>
</canvas>
<imgdir name="speak">
<string name="0" value="n0"/>
<string name="1" value="n1"/>
</imgdir>
</imgdir>
<imgdir name="smile">
<uol name="0" value="../stand/1"/>
<canvas name="1" width="44" height="66">
<vector name="origin" x="22" y="66"/>
<int name="delay" value="300"/>
<string name="_hash" value="69d8ea8d232bfe0c09981d3bfd6294338a3809f8b0e02c3f29881ad80a09a1b5"/>
</canvas>
<canvas name="2" width="44" height="66">
<vector name="origin" x="22" y="66"/>
<int name="delay" value="300"/>
<string name="_hash" value="4dd81c02156613a1141285c6770c41231c8953184bd2aa1067345969190c4c02"/>
</canvas>
<canvas name="3" width="44" height="66">
<vector name="origin" x="22" y="66"/>
<int name="delay" value="100"/>
<string name="_hash" value="eb6cef650c2b82856eff57a4b3787e76ced1f363fa2707cfe05113d54be9fde7"/>
</canvas>
<canvas name="4" width="44" height="66">
<vector name="origin" x="22" y="66"/>
<int name="delay" value="400"/>
<string name="_hash" value="0e13c2e273a28452ead0454a3852c2f51d4380bedb520a7aa1b32ececd9ccc0d"/>
</canvas>
<canvas name="5" width="1" height="1">
<vector name="origin" x="22" y="66"/>
<int name="delay" value="300"/>
<string name="_inlink" value="stand/0"/>
</canvas>
<canvas name="6" width="44" height="66">
<vector name="origin" x="22" y="66"/>
<int name="delay" value="200"/>
<string name="_hash" value="85f827350c1f849cab9546ae35fcdb3ab160f96646f418ae62b7d49403818ddd"/>
</canvas>
<uol name="7" value="../stand/1"/>
<uol name="8" value="../stand/2"/>
<uol name="9" value="../stand/1"/>
<uol name="10" value="../stand/0"/>
<uol name="11" value="../stand/1"/>
<uol name="12" value="../stand/2"/>
<imgdir name="speak">
<string name="0" value="n0"/>
<string name="1" value="n1"/>
</imgdir>
</imgdir>
</imgdir>
