<?xml version="1.0" encoding="UTF-8" standalone="yes"?>
<imgdir name="1052006.img">
<imgdir name="info">
<imgdir name="speak">
<string name="0" value="n0"/>
<string name="1" value="n1"/>
</imgdir>
<imgdir name="script">
<imgdir name="0">
<string name="script" value="subway_ticket"/>
</imgdir>
</imgdir>
</imgdir>
<imgdir name="stand">
<canvas name="0" width="44" height="67">
<vector name="origin" x="22" y="67"/>
<string name="_hash" value="b4b7e7939644262f425276f8fb9a7e70844bb4c550ba7ea24ee43086775c8820"/>
</canvas>
</imgdir>
</imgdir>
