<?xml version="1.0" encoding="UTF-8" standalone="yes"?>
<imgdir name="1052133.img">
<imgdir name="info">
<int name="hide" value="1"/>
</imgdir>
<imgdir name="stand">
<canvas name="0" width="1" height="1">
<vector name="origin" x="29" y="75"/>
<int name="delay" value="1500"/>
<string name="_hash" value="7c48b66955ba89920b258e464e120f9b7a78f1b50cc69bd54e923985c92fd764"/>
<string name="_outlink" value="Npc/1052105.img/stand/0"/>
</canvas>
<canvas name="1" width="1" height="1">
<vector name="origin" x="29" y="75"/>
<int name="delay" value="200"/>
<string name="_hash" value="a1b97838f8967a3cd5e2b1b16473b0d1173f651a1de3ea76503a665f6ef42c94"/>
<string name="_outlink" value="Npc/1052105.img/stand/1"/>
</canvas>
<canvas name="2" width="1" height="1">
<vector name="origin" x="29" y="75"/>
<int name="delay" value="100"/>
<string name="_hash" value="25465fc264838139e76dc6ec7aa12a24e8138a55bfa7d009cc94a04e605ef9f2"/>
<string name="_outlink" value="Npc/1052105.img/stand/2"/>
</canvas>
<canvas name="3" width="1" height="1">
<vector name="origin" x="29" y="75"/>
<int name="delay" value="1000"/>
<string name="_outlink" value="Npc/1052105.img/stand/0"/>
</canvas>
<canvas name="4" width="1" height="1">
<vector name="origin" x="29" y="75"/>
<int name="delay" value="2000"/>
<string name="_outlink" value="Npc/1052105.img/stand/2"/>
</canvas>
</imgdir>
<imgdir name="say">
<canvas name="0" width="1" height="1">
<vector name="origin" x="29" y="75"/>
<int name="delay" value="1000"/>
<string name="_outlink" value="Npc/1052105.img/stand/0"/>
</canvas>
<canvas name="1" width="1" height="1">
<vector name="origin" x="29" y="75"/>
<int name="delay" value="200"/>
<string name="_hash" value="07d61b536191fdf15bf6c692075edd0c39d159dfc39baf1e8b47f2f1731c9e29"/>
<string name="_outlink" value="Npc/1052105.img/say/1"/>
</canvas>
<canvas name="2" width="1" height="1">
<vector name="origin" x="29" y="75"/>
<int name="delay" value="300"/>
<string name="_outlink" value="Npc/1052105.img/stand/0"/>
</canvas>
<canvas name="3" width="1" height="1">
<vector name="origin" x="29" y="75"/>
<int name="delay" value="150"/>
<string name="_outlink" value="Npc/1052105.img/say/1"/>
</canvas>
<uol name="4" value="2"/>
<uol name="5" value="1"/>
<canvas name="6" width="1" height="1">
<vector name="origin" x="29" y="75"/>
<int name="delay" value="200"/>
<string name="_outlink" value="Npc/1052105.img/stand/0"/>
</canvas>
<uol name="7" value="1"/>
<imgdir name="speak">
<string name="0" value="s0"/>
<string name="1" value="s1"/>
</imgdir>
</imgdir>
<imgdir name="condition1">
<imgdir name="stand">
<canvas name="0" width="1" height="1">
<vector name="origin" x="29" y="75"/>
<int name="delay" value="1500"/>
<string name="_outlink" value="Npc/1052105.img/stand/0"/>
</canvas>
<canvas name="1" width="1" height="1">
<vector name="origin" x="29" y="75"/>
<int name="delay" value="200"/>
<string name="_outlink" value="Npc/1052105.img/stand/1"/>
</canvas>
<canvas name="2" width="1" height="1">
<vector name="origin" x="29" y="75"/>
<int name="delay" value="100"/>
<string name="_outlink" value="Npc/1052105.img/stand/2"/>
</canvas>
<canvas name="3" width="1" height="1">
<vector name="origin" x="29" y="75"/>
<int name="delay" value="1000"/>
<string name="_outlink" value="Npc/1052105.img/stand/0"/>
</canvas>
<canvas name="4" width="1" height="1">
<vector name="origin" x="29" y="75"/>
<int name="delay" value="2000"/>
<string name="_outlink" value="Npc/1052105.img/stand/2"/>
</canvas>
</imgdir>
<imgdir name="say">
<canvas name="0" width="1" height="1">
<vector name="origin" x="29" y="75"/>
<int name="delay" value="1000"/>
<string name="_outlink" value="Npc/1052105.img/stand/0"/>
</canvas>
<canvas name="1" width="1" height="1">
<vector name="origin" x="29" y="75"/>
<int name="delay" value="200"/>
<string name="_outlink" value="Npc/1052105.img/say/1"/>
</canvas>
<canvas name="2" width="1" height="1">
<vector name="origin" x="29" y="75"/>
<int name="delay" value="300"/>
<string name="_outlink" value="Npc/1052105.img/stand/0"/>
</canvas>
<canvas name="3" width="1" height="1">
<vector name="origin" x="29" y="75"/>
<int name="delay" value="150"/>
<string name="_outlink" value="Npc/1052105.img/say/1"/>
</canvas>
<uol name="4" value="2"/>
<uol name="5" value="1"/>
<canvas name="6" width="1" height="1">
<vector name="origin" x="29" y="75"/>
<int name="delay" value="200"/>
<string name="_outlink" value="Npc/1052105.img/stand/0"/>
</canvas>
<uol name="7" value="1"/>
<imgdir name="speak">
<string name="0" value="s0"/>
<string name="1" value="s1"/>
</imgdir>
</imgdir>
<int name="2868" value="1"/>
</imgdir>
</imgdir>
