<?xml version="1.0" encoding="UTF-8" standalone="yes"?>
<imgdir name="1052214.img">
<imgdir name="info">
<int name="hide" value="1"/>
<imgdir name="script">
<imgdir name="0">
<string name="script" value="npc_1052214"/>
</imgdir>
</imgdir>
</imgdir>
<imgdir name="stand">
<canvas name="0" width="1" height="1">
<vector name="origin" x="29" y="77"/>
<int name="z" value="0"/>
<int name="delay" value="630"/>
<string name="_hash" value="96e527cc3f1fb36fab63208daa2171397f42817865236ce616d0ec0778cac202"/>
<string name="_outlink" value="Npc/1052208.img/stand/0"/>
</canvas>
</imgdir>
<imgdir name="say">
<canvas name="0" width="1" height="1">
<vector name="origin" x="29" y="77"/>
<int name="z" value="0"/>
<int name="delay" value="180"/>
<string name="_outlink" value="Npc/1052208.img/stand/0"/>
</canvas>
<canvas name="1" width="1" height="1">
<vector name="origin" x="29" y="77"/>
<int name="z" value="0"/>
<int name="delay" value="180"/>
<string name="_hash" value="c4d18b23fef2f6eea18e070673ea5dccf16061d658924c1d45db508a86e97368"/>
<string name="_outlink" value="Npc/1052208.img/say/1"/>
</canvas>
<canvas name="2" width="1" height="1">
<vector name="origin" x="29" y="77"/>
<int name="z" value="0"/>
<int name="delay" value="180"/>
<string name="_hash" value="f01f570619e5db01c67a9b8d0a5b228ba12da8a35e7cc2217f77c31096d2fced"/>
<string name="_outlink" value="Npc/1052208.img/say/2"/>
</canvas>
<canvas name="3" width="1" height="1">
<vector name="origin" x="29" y="77"/>
<int name="z" value="0"/>
<int name="delay" value="180"/>
<string name="_outlink" value="Npc/1052208.img/say/1"/>
</canvas>
</imgdir>
<imgdir name="condition1">
<int name="34422" value="2"/>
<int name="hide" value="1"/>
<imgdir name="stand">
<canvas name="0" width="1" height="1">
</canvas>
</imgdir>
<imgdir name="say">
<canvas name="0" width="1" height="1">
</canvas>
</imgdir>
</imgdir>
<imgdir name="condition2">
<int name="34410" value="2"/>
<uol name="stand" value="../stand"/>
<uol name="say" value="../say"/>
</imgdir>
</imgdir>
