<?xml version="1.0" encoding="UTF-8" standalone="yes"?>
<imgdir name="0002006.img">
<imgdir name="info">
</imgdir>
<imgdir name="stand">
<canvas name="0" width="70" height="71">
<vector name="origin" x="31" y="71"/>
<int name="z" value="0"/>
<int name="delay" value="3000"/>
<string name="_hash" value="ebcc4e824d4e7c8508a6d93ffa67105342176a06706b8728ffa631ad13d2812a"/>
</canvas>
</imgdir>
<imgdir name="smile1">
<canvas name="0" width="1" height="1">
<vector name="origin" x="31" y="71"/>
<int name="z" value="0"/>
<int name="delay" value="120"/>
<string name="_inlink" value="stand/0"/>
</canvas>
<canvas name="1" width="70" height="71">
<vector name="origin" x="31" y="71"/>
<int name="z" value="0"/>
<int name="delay" value="120"/>
<string name="_hash" value="f8540d2d8936b5da27be345759f5862dfff02806565a61de1c8b37f6883ee599"/>
</canvas>
<canvas name="2" width="70" height="71">
<vector name="origin" x="31" y="71"/>
<int name="z" value="0"/>
<int name="delay" value="120"/>
<string name="_hash" value="d72578664985320de16bc601ed91def969ea9aedbb7b894838f6f3b7d33eff8b"/>
</canvas>
<canvas name="3" width="70" height="70">
<vector name="origin" x="31" y="70"/>
<int name="z" value="0"/>
<int name="delay" value="120"/>
<string name="_hash" value="53bfd3f31ba9f34bc76a48c4c2e304030af5a442d13bef3afa66619a362f78f6"/>
</canvas>
<canvas name="4" width="1" height="1">
<vector name="origin" x="31" y="71"/>
<int name="z" value="0"/>
<int name="delay" value="120"/>
<string name="_inlink" value="smile1/2"/>
</canvas>
<canvas name="5" width="1" height="1">
<vector name="origin" x="31" y="70"/>
<int name="z" value="0"/>
<int name="delay" value="120"/>
<string name="_inlink" value="smile1/3"/>
</canvas>
<canvas name="6" width="1" height="1">
<vector name="origin" x="31" y="71"/>
<int name="z" value="0"/>
<int name="delay" value="120"/>
<string name="_inlink" value="smile1/1"/>
</canvas>
<canvas name="7" width="1" height="1">
<vector name="origin" x="31" y="71"/>
<int name="z" value="0"/>
<int name="delay" value="120"/>
<string name="_inlink" value="stand/0"/>
</canvas>
</imgdir>
<imgdir name="babari">
<canvas name="0" width="1" height="1">
<vector name="origin" x="31" y="71"/>
<int name="z" value="0"/>
<int name="delay" value="100"/>
<string name="_inlink" value="stand/0"/>
</canvas>
<canvas name="1" width="70" height="69">
<vector name="origin" x="31" y="69"/>
<int name="z" value="0"/>
<int name="delay" value="100"/>
<string name="_hash" value="e273215f1163f93827281d25eae9a65157fa5e1b082266c614cd5338bac7051d"/>
</canvas>
<canvas name="2" width="70" height="67">
<vector name="origin" x="31" y="67"/>
<int name="z" value="0"/>
<int name="delay" value="100"/>
<string name="_hash" value="25ace554ab54e623671b131abb093f65c6ee8b39360864b1812a27f6549c5252"/>
</canvas>
<canvas name="3" width="70" height="66">
<vector name="origin" x="31" y="66"/>
<int name="z" value="0"/>
<int name="delay" value="100"/>
<string name="_hash" value="c81de40eed65bbf2b9e5b8a2ec54e9586265948a13367410f5eba3c8d33edc31"/>
</canvas>
<canvas name="4" width="1" height="1">
<vector name="origin" x="31" y="67"/>
<int name="z" value="0"/>
<int name="delay" value="100"/>
<string name="_inlink" value="babari/2"/>
</canvas>
<canvas name="5" width="1" height="1">
<vector name="origin" x="31" y="66"/>
<int name="z" value="0"/>
<int name="delay" value="100"/>
<string name="_inlink" value="babari/3"/>
</canvas>
<canvas name="6" width="1" height="1">
<vector name="origin" x="31" y="67"/>
<int name="z" value="0"/>
<int name="delay" value="100"/>
<string name="_inlink" value="babari/2"/>
</canvas>
<canvas name="7" width="1" height="1">
<vector name="origin" x="31" y="69"/>
<int name="z" value="0"/>
<int name="delay" value="100"/>
<string name="_inlink" value="babari/1"/>
</canvas>
<canvas name="8" width="70" height="71">
<vector name="origin" x="31" y="71"/>
<int name="z" value="0"/>
<int name="delay" value="100"/>
<string name="_hash" value="286c6428924128be63a7462e3c2532dbf75be43b7314826ace0c72a31c62d3fc"/>
</canvas>
<imgdir name="speak">
<string name="0" value="n2"/>
</imgdir>
</imgdir>
<imgdir name="say">
<canvas name="0" width="1" height="1">
<vector name="origin" x="31" y="71"/>
<int name="z" value="0"/>
<int name="delay" value="150"/>
<string name="_inlink" value="stand/0"/>
</canvas>
<canvas name="1" width="1" height="1">
<vector name="origin" x="31" y="71"/>
<int name="z" value="0"/>
<int name="delay" value="150"/>
<string name="_inlink" value="smile1/1"/>
</canvas>
<canvas name="2" width="1" height="1">
<vector name="origin" x="31" y="71"/>
<int name="z" value="0"/>
<int name="delay" value="150"/>
<string name="_inlink" value="stand/0"/>
</canvas>
<canvas name="3" width="1" height="1">
<vector name="origin" x="31" y="71"/>
<int name="z" value="0"/>
<int name="delay" value="150"/>
<string name="_inlink" value="smile1/1"/>
</canvas>
<uol name="4" value="2"/>
<uol name="5" value="3"/>
<imgdir name="speak">
<string name="0" value="n0"/>
<string name="1" value="n1"/>
</imgdir>
</imgdir>
<imgdir name="shoulder">
<canvas name="0" width="70" height="71">
<vector name="origin" x="31" y="71"/>
<int name="z" value="0"/>
<int name="delay" value="150"/>
<string name="_hash" value="b0041baa11a0940da0feea980b612bb2a816674d071d2d3e5b67d9edbc94936f"/>
</canvas>
<canvas name="1" width="70" height="71">
<vector name="origin" x="31" y="71"/>
<int name="z" value="0"/>
<int name="delay" value="150"/>
<string name="_hash" value="6105d2047622bd07d3f9920a1916f9fe1dc08121b4e83be1658eb6028209348f"/>
</canvas>
<canvas name="2" width="70" height="70">
<vector name="origin" x="31" y="70"/>
<int name="z" value="0"/>
<int name="delay" value="150"/>
<string name="_hash" value="23bdf6b0e839d7f3e499a7cb739cbb67e728f54c207c56bacb755257a09d39f2"/>
</canvas>
<canvas name="3" width="70" height="69">
<vector name="origin" x="31" y="69"/>
<int name="z" value="0"/>
<int name="delay" value="150"/>
<string name="_hash" value="14c9bd9070f5f16f953ea5400af18a5fb163bbd1ef300f0ab50a1ecfc4a031e9"/>
</canvas>
<canvas name="4" width="1" height="1">
<vector name="origin" x="31" y="70"/>
<int name="z" value="0"/>
<int name="delay" value="150"/>
<string name="_inlink" value="shoulder/2"/>
</canvas>
<canvas name="6" width="1" height="1">
<vector name="origin" x="31" y="71"/>
<int name="z" value="0"/>
<int name="delay" value="150"/>
<string name="_inlink" value="shoulder/1"/>
</canvas>
</imgdir>
</imgdir>
