<?xml version="1.0" encoding="UTF-8" standalone="yes"?>
<imgdir name="0002007.img">
<imgdir name="info">
<imgdir name="script">
<imgdir name="0">
<string name="script" value="tutorialSkip"/>
</imgdir>
</imgdir>
<int name="hideName" value="1"/>
<canvas name="default" width="44" height="75">
<vector name="origin" x="25" y="75"/>
<int name="delay" value="3000"/>
<string name="_hash" value="8d6d6bbc917712eaa376f848c49d7d18e4b98e442692007ae8ff8285ea08641c"/>
</canvas>
</imgdir>
<imgdir name="stand">
<canvas name="0" width="1" height="1">
<vector name="origin" x="0" y="0"/>
<int name="delay" value="300"/>
<int name="a0" value="0"/>
</canvas>
</imgdir>
</imgdir>
