<?xml version="1.0" encoding="UTF-8" standalone="yes"?>
<imgdir name="0010200.img">
<imgdir name="info">
<imgdir name="script">
<imgdir name="0">
<string name="script" value="infoArcher"/>
</imgdir>
</imgdir>
<imgdir name="speak">
<string name="0" value="s0"/>
</imgdir>
</imgdir>
<imgdir name="stand">
<canvas name="0" width="78" height="80">
<vector name="origin" x="41" y="80"/>
<int name="z" value="0"/>
<int name="delay" value="3000"/>
<string name="_hash" value="58c4d64de2eed809b449c832390628e20113a7ca49752fd6d7ff2b2570c41bad"/>
</canvas>
</imgdir>
</imgdir>
