<?xml version="1.0" encoding="UTF-8" standalone="yes"?>
<imgdir name="0010204.img">
<imgdir name="info">
<imgdir name="script">
<imgdir name="0">
<string name="script" value="infoPirate"/>
</imgdir>
</imgdir>
</imgdir>
<imgdir name="say">
<canvas name="0" width="67" height="82">
<vector name="origin" x="30" y="80"/>
<int name="delay" value="600"/>
<string name="_hash" value="15330e40bed18bd1b37c5dee31202ff4a3a818160d3088e105c22130b4ce36c3"/>
</canvas>
<canvas name="1" width="67" height="82">
<vector name="origin" x="30" y="80"/>
<int name="delay" value="210"/>
<string name="_hash" value="00ef850ac3f4124c19421b3d951ee43ed06743385cbeeb5d1639072428415370"/>
</canvas>
<canvas name="2" width="1" height="1">
<vector name="origin" x="30" y="80"/>
<int name="delay" value="210"/>
<string name="_inlink" value="say/0"/>
</canvas>
<uol name="3" value="1"/>
<uol name="4" value="1"/>
<uol name="5" value="2"/>
<uol name="6" value="1"/>
<uol name="7" value="2"/>
<uol name="8" value="1"/>
<uol name="9" value="1"/>
<uol name="10" value="2"/>
<uol name="11" value="2"/>
<uol name="12" value="1"/>
<uol name="13" value="2"/>
<uol name="14" value="1"/>
<uol name="15" value="2"/>
<uol name="16" value="1"/>
<uol name="17" value="2"/>
<uol name="18" value="2"/>
<uol name="19" value="1"/>
<uol name="20" value="1"/>
<imgdir name="speak">
<string name="0" value="n0"/>
<string name="1" value="n1"/>
</imgdir>
</imgdir>
<imgdir name="stand">
<canvas name="0" width="1" height="1">
<vector name="origin" x="30" y="80"/>
<int name="delay" value="300"/>
<string name="_inlink" value="say/0"/>
</canvas>
<canvas name="1" width="67" height="82">
<vector name="origin" x="30" y="80"/>
<int name="delay" value="90"/>
<string name="_hash" value="ada0d759a08f8b3c4c48f6356582e7ec849e39833cdcc794c94311ad1f3358f5"/>
</canvas>
<canvas name="2" width="67" height="82">
<vector name="origin" x="30" y="80"/>
<int name="delay" value="90"/>
<string name="_hash" value="d00897336c932fb113fc659f722c89b93cd9b108ce53a6f32a91e8762ab2f8e3"/>
</canvas>
</imgdir>
</imgdir>
