<?xml version="1.0" encoding="UTF-8" standalone="yes"?>
<imgdir name="0010310.img">
<imgdir name="info">
<imgdir name="script">
<imgdir name="0">
<string name="script" value="talk_firstLight"/>
</imgdir>
</imgdir>
<int name="hideName" value="1"/>
</imgdir>
<imgdir name="stand">
<canvas name="0" width="71" height="105">
<vector name="origin" x="35" y="105"/>
<int name="z" value="0"/>
<int name="delay" value="150"/>
<int name="a0" value="0"/>
<int name="a1" value="128"/>
<string name="_hash" value="5c094aeb58ba38a716258c661ac280bcf3161ae0a7bac029d24336abeb495f04"/>
</canvas>
<canvas name="1" width="71" height="107">
<vector name="origin" x="35" y="107"/>
<int name="z" value="0"/>
<int name="delay" value="150"/>
<int name="a0" value="128"/>
<int name="a1" value="255"/>
<string name="_hash" value="0cdd8988304151fd7bb42ef8ad2488e549ef4fb9d4e868d1102d1869353cd5e0"/>
</canvas>
<canvas name="2" width="71" height="127">
<vector name="origin" x="35" y="127"/>
<int name="z" value="0"/>
<int name="delay" value="150"/>
<string name="_hash" value="5396d51a2ebab0877f545eab70c458ca76d92c08164fb884ec1a569ff51503d5"/>
</canvas>
<canvas name="3" width="71" height="122">
<vector name="origin" x="35" y="122"/>
<int name="z" value="0"/>
<int name="delay" value="150"/>
<string name="_hash" value="532efb7099fd963708b1781510a8cda6c7c179bcbcf42341ca013a49f51c27c5"/>
</canvas>
<canvas name="4" width="71" height="125">
<vector name="origin" x="35" y="125"/>
<int name="z" value="0"/>
<int name="delay" value="150"/>
<string name="_hash" value="94e921dbdcb5065f6a8ed0673fecb64bb0d3c8878907904a57d0f5bac6a5e0fa"/>
</canvas>
<canvas name="5" width="1" height="1">
<vector name="origin" x="35" y="105"/>
<int name="z" value="0"/>
<int name="delay" value="150"/>
<string name="_inlink" value="stand/0"/>
</canvas>
<canvas name="6" width="1" height="1">
<vector name="origin" x="35" y="107"/>
<int name="z" value="0"/>
<int name="delay" value="150"/>
<string name="_inlink" value="stand/1"/>
</canvas>
<canvas name="7" width="1" height="1">
<vector name="origin" x="35" y="127"/>
<int name="z" value="0"/>
<int name="delay" value="150"/>
<string name="_inlink" value="stand/2"/>
</canvas>
<canvas name="8" width="1" height="1">
<vector name="origin" x="35" y="122"/>
<int name="z" value="0"/>
<int name="delay" value="150"/>
<string name="_inlink" value="stand/3"/>
</canvas>
<canvas name="9" width="1" height="1">
<vector name="origin" x="35" y="125"/>
<int name="z" value="0"/>
<int name="delay" value="150"/>
<string name="_inlink" value="stand/4"/>
</canvas>
</imgdir>
</imgdir>
