<?xml version="1.0" encoding="UTF-8" standalone="yes"?>
<imgdir name="0010307.img">
<imgdir name="info">
<int name="componentNPC" value="1"/>
<imgdir name="component">
<int name="skin" value="0"/>
<int name="face" value="20099"/>
<int name="hair" value="36847"/>
<int name="clothes" value="1050288"/>
<int name="shoes" value="1072833"/>
</imgdir>
<imgdir name="speak">
<string name="0" value="n0"/>
<string name="1" value="n1"/>
</imgdir>
</imgdir>
<imgdir name="stand">
<canvas name="0" width="1" height="1">
<vector name="origin" x="24" y="73"/>
<int name="z" value="0"/>
<int name="delay" value="900"/>
<string name="_hash" value="df88e9b7c6c63f448ef5f42c795d60345836f742e46dad4d00dd5bd9f5634d78"/>
<string name="_outlink" value="Npc/0010300.img/stand/0"/>
</canvas>
</imgdir>
</imgdir>
