<?xml version="1.0" encoding="UTF-8" standalone="yes"?>
<imgdir name="0010202.img">
<imgdir name="info">
<imgdir name="script">
<imgdir name="0">
<string name="script" value="infoSwordman"/>
</imgdir>
</imgdir>
<imgdir name="speak">
<string name="0" value="s0"/>
</imgdir>
</imgdir>
<imgdir name="stand">
<canvas name="0" width="81" height="88">
<vector name="origin" x="27" y="88"/>
<int name="z" value="0"/>
<string name="_hash" value="6d8231ce3b421a54bdf17ff668977b0ba43f0f453c302f84426222e0eefc0e5e"/>
</canvas>
</imgdir>
</imgdir>
