<?xml version="1.0" encoding="UTF-8" standalone="yes"?>
<imgdir name="0010203.img">
<imgdir name="info">
<imgdir name="script">
<imgdir name="0">
<string name="script" value="infoRogue"/>
</imgdir>
</imgdir>
<imgdir name="speak">
<string name="0" value="s0"/>
</imgdir>
</imgdir>
<imgdir name="stand">
<canvas name="0" width="87" height="95">
<vector name="origin" x="44" y="92"/>
<int name="z" value="0"/>
<string name="_hash" value="151d766f06fe12427e0863d1898730fb73d40400c7f3a56ab64edaf0045f70ae"/>
</canvas>
</imgdir>
</imgdir>
