<?xml version="1.0" encoding="UTF-8" standalone="yes"?>
<imgdir name="0010308.img">
<imgdir name="info">
<int name="componentNPC" value="1"/>
<imgdir name="component">
<int name="skin" value="0"/>
<int name="face" value="21198"/>
<int name="hair" value="37856"/>
<int name="clothes" value="1051353"/>
<int name="shoes" value="1072834"/>
</imgdir>
<imgdir name="speak">
<string name="0" value="n0"/>
<string name="1" value="n1"/>
</imgdir>
</imgdir>
<imgdir name="stand">
<canvas name="0" width="1" height="1">
<vector name="origin" x="24" y="73"/>
<int name="z" value="0"/>
<int name="delay" value="900"/>
<string name="_hash" value="df88e9b7c6c63f448ef5f42c795d60345836f742e46dad4d00dd5bd9f5634d78"/>
<string name="_outlink" value="Npc/0010300.img/stand/0"/>
</canvas>
</imgdir>
<imgdir name="move">
<canvas name="0" width="1" height="1">
<vector name="origin" x="24" y="74"/>
<int name="z" value="0"/>
<int name="delay" value="270"/>
<string name="_hash" value="e169d6580e67c8959289b2384f01bb432646e3e172fe792bc6bfaf1828aa8e82"/>
<string name="_outlink" value="Npc/0010300.img/move/0"/>
</canvas>
</imgdir>
</imgdir>
