<?xml version="1.0" encoding="UTF-8" standalone="yes"?>
<imgdir name="0010300.img">
<imgdir name="info">
<int name="forceMove" value="1"/>
<int name="componentNPC" value="1"/>
<imgdir name="component">
<int name="skin" value="3"/>
<int name="face" value="21397"/>
<int name="hair" value="37847"/>
<int name="cap" value="1003855"/>
<int name="clothes" value="1052245"/>
<int name="shoes" value="1072438"/>
</imgdir>
</imgdir>
<imgdir name="stand">
<canvas name="0" width="50" height="73">
<vector name="origin" x="24" y="73"/>
<int name="z" value="0"/>
<int name="delay" value="900"/>
<string name="_hash" value="df88e9b7c6c63f448ef5f42c795d60345836f742e46dad4d00dd5bd9f5634d78"/>
</canvas>
</imgdir>
<imgdir name="move">
<canvas name="0" width="50" height="74">
<vector name="origin" x="24" y="74"/>
<int name="z" value="0"/>
<int name="delay" value="270"/>
<string name="_hash" value="e169d6580e67c8959289b2384f01bb432646e3e172fe792bc6bfaf1828aa8e82"/>
</canvas>
</imgdir>
</imgdir>
