<?xml version="1.0" encoding="UTF-8" standalone="yes"?>
<imgdir name="0012000.img">
<imgdir name="info">
<imgdir name="script">
<imgdir name="0">
<string name="script" value="talk_lukas"/>
</imgdir>
</imgdir>
</imgdir>
<imgdir name="stand">
<canvas name="0" width="1" height="1">
<vector name="origin" x="29" y="70"/>
<int name="z" value="0"/>
<int name="delay" value="1200"/>
<string name="_hash" value="04b10893bab18d9df6e2ee467439dbb8530751ea4cb6a91c6ca0bb65c8045691"/>
<string name="_outlink" value="Npc/0010304.img/stand/0"/>
</canvas>
<canvas name="1" width="1" height="1">
<vector name="origin" x="29" y="70"/>
<int name="z" value="0"/>
<int name="delay" value="120"/>
<string name="_hash" value="581d05903a71f496c37e0ff2604ae7e529791e2b7733e1318182f8abb7175939"/>
<string name="_outlink" value="Npc/0010304.img/stand/1"/>
</canvas>
<canvas name="2" width="1" height="1">
<vector name="origin" x="29" y="70"/>
<int name="z" value="0"/>
<int name="delay" value="120"/>
<string name="_outlink" value="Npc/0010304.img/stand/0"/>
</canvas>
<uol name="3" value="1"/>
<uol name="4" value="2"/>
<uol name="5" value="1"/>
<uol name="6" value="2"/>
</imgdir>
<imgdir name="say">
<canvas name="0" width="1" height="1">
<vector name="origin" x="29" y="70"/>
<int name="z" value="0"/>
<int name="delay" value="1200"/>
<string name="_outlink" value="Npc/0010304.img/stand/0"/>
</canvas>
<canvas name="1" width="1" height="1">
<vector name="origin" x="29" y="70"/>
<int name="z" value="0"/>
<int name="delay" value="120"/>
<string name="_hash" value="bf968d9c5589495cc98693560305deb99f46081dc2194fa56c22073e0b2b289f"/>
<string name="_outlink" value="Npc/0010304.img/say/1"/>
</canvas>
<canvas name="2" width="1" height="1">
<vector name="origin" x="29" y="70"/>
<int name="z" value="0"/>
<int name="delay" value="120"/>
<string name="_outlink" value="Npc/0010304.img/stand/0"/>
</canvas>
<uol name="3" value="1"/>
<uol name="4" value="2"/>
<uol name="5" value="1"/>
<uol name="6" value="2"/>
<uol name="7" value="1"/>
<uol name="8" value="2"/>
<uol name="9" value="1"/>
<uol name="10" value="2"/>
<imgdir name="speak">
<string name="0" value="n0"/>
<string name="1" value="n1"/>
<string name="2" value="n2"/>
</imgdir>
</imgdir>
</imgdir>
