<?xml version="1.0" encoding="UTF-8" standalone="yes"?>
<imgdir name="0012100.img">
<imgdir name="info">
<imgdir name="script">
<imgdir name="0">
<string name="script" value="enterTraining"/>
</imgdir>
</imgdir>
</imgdir>
<imgdir name="stand">
<canvas name="0" width="1" height="1">
<vector name="origin" x="29" y="80"/>
<int name="z" value="0"/>
<int name="delay" value="1200"/>
<string name="_hash" value="125cfede52893c5a0644945d3cdaff70a349a7663242b90a64f3a468ba5770cb"/>
<string name="_outlink" value="Npc/0010301.img/stand/0"/>
</canvas>
<canvas name="1" width="1" height="1">
<vector name="origin" x="29" y="80"/>
<int name="z" value="0"/>
<int name="delay" value="120"/>
<string name="_hash" value="0fd74c04ee43b205d13d26b42c4cd981b25278882babd63c3dd4b64cff59595b"/>
<string name="_outlink" value="Npc/0010301.img/stand/1"/>
</canvas>
<canvas name="2" width="1" height="1">
<vector name="origin" x="29" y="80"/>
<int name="z" value="0"/>
<int name="delay" value="120"/>
<string name="_hash" value="217f4fbd764f6f22a8ad43cd66825e5e0df3f0267738fa3fb0a7d0383978950d"/>
<string name="_outlink" value="Npc/0010301.img/stand/2"/>
</canvas>
<canvas name="3" width="1" height="1">
<vector name="origin" x="29" y="80"/>
<int name="z" value="0"/>
<int name="delay" value="120"/>
<string name="_outlink" value="Npc/0010301.img/stand/0"/>
</canvas>
<uol name="4" value="1"/>
<uol name="5" value="2"/>
<uol name="6" value="3"/>
<uol name="7" value="1"/>
<uol name="8" value="2"/>
<uol name="9" value="3"/>
</imgdir>
<imgdir name="say">
<canvas name="0" width="1" height="1">
<vector name="origin" x="29" y="80"/>
<int name="z" value="0"/>
<int name="delay" value="1200"/>
<string name="_outlink" value="Npc/0010301.img/stand/0"/>
</canvas>
<canvas name="1" width="1" height="1">
<vector name="origin" x="28" y="80"/>
<int name="z" value="0"/>
<int name="delay" value="120"/>
<string name="_hash" value="76cff01b1728d103a5686a300b8e21154a9d137eb22eeb12e809cec033d52292"/>
<string name="_outlink" value="Npc/0010301.img/say/1"/>
</canvas>
<canvas name="2" width="1" height="1">
<vector name="origin" x="28" y="80"/>
<int name="z" value="0"/>
<int name="delay" value="120"/>
<string name="_hash" value="2466784fc3bfb898993fa0c7986ea24afd1cd764eedc06d487ccd1a4f98073dc"/>
<string name="_outlink" value="Npc/0010301.img/say/2"/>
</canvas>
<uol name="3" value="1"/>
<uol name="4" value="2"/>
<uol name="5" value="1"/>
<uol name="6" value="2"/>
<uol name="7" value="1"/>
<uol name="8" value="2"/>
<uol name="9" value="1"/>
<uol name="10" value="2"/>
<imgdir name="speak">
<string name="0" value="n0"/>
<string name="1" value="n1"/>
<string name="2" value="n2"/>
</imgdir>
</imgdir>
</imgdir>
