<?xml version="1.0" encoding="UTF-8" standalone="yes"?>
<imgdir name="0012101.img">
<imgdir name="info">
<imgdir name="speak">
<string name="0" value="n0"/>
<string name="1" value="n1"/>
<string name="2" value="n2"/>
</imgdir>
<imgdir name="script">
<imgdir name="0">
<string name="script" value="rein"/>
</imgdir>
</imgdir>
</imgdir>
<imgdir name="stand">
<canvas name="0" width="1" height="1">
<vector name="origin" x="27" y="55"/>
<int name="z" value="0"/>
<string name="delay" value="1500"/>
<string name="_hash" value="db65aefd72d1637a9ce99af09b2367238682cf138121f0c96d3e66dc051370ad"/>
<string name="_outlink" value="Npc/0002101.img/stand/0"/>
</canvas>
<canvas name="1" width="1" height="1">
<vector name="origin" x="27" y="55"/>
<int name="z" value="0"/>
<int name="delay" value="100"/>
<string name="_hash" value="ceaa1392da5bdea8ed737fa28b916357b5940f86ef719c2e9f5beca6684d8bde"/>
<string name="_outlink" value="Npc/0002101.img/stand/1"/>
</canvas>
<canvas name="2" width="1" height="1">
<vector name="origin" x="27" y="55"/>
<int name="z" value="0"/>
<int name="delay" value="150"/>
<string name="_hash" value="b356f0b114c7b71c653dc22a2d5a9077b4b57c62edb11a1e903d0c760bf4457a"/>
<string name="_outlink" value="Npc/0002101.img/stand/2"/>
</canvas>
</imgdir>
<imgdir name="smile0">
<canvas name="0" width="1" height="1">
<vector name="origin" x="27" y="55"/>
<int name="z" value="0"/>
<string name="delay" value="5000"/>
<string name="_outlink" value="Npc/0002101.img/stand/1"/>
</canvas>
<imgdir name="speak">
<string name="0" value="s0"/>
</imgdir>
</imgdir>
<imgdir name="smile1">
<canvas name="0" width="1" height="1">
<vector name="origin" x="32" y="52"/>
<int name="z" value="0"/>
<string name="delay" value="5000"/>
<string name="_hash" value="926825d54faba156fe3b6d95fedf18143019e60976f25f1d155df223aa34befd"/>
<string name="_outlink" value="Npc/0002101.img/smile1/0"/>
</canvas>
<imgdir name="speak">
<string name="0" value="s1"/>
<string name="1" value="s2"/>
</imgdir>
</imgdir>
<imgdir name="bewildered">
<canvas name="0" width="1" height="1">
<vector name="origin" x="27" y="55"/>
<int name="z" value="0"/>
<int name="delay" value="150"/>
<string name="_hash" value="13c644e1f7265c9188a62c07121ebb9cb3c6327091461bb54fc9d3de732d1a72"/>
<string name="_outlink" value="Npc/0002101.img/bewildered/0"/>
</canvas>
<canvas name="1" width="1" height="1">
<vector name="origin" x="27" y="55"/>
<int name="z" value="0"/>
<int name="delay" value="150"/>
<string name="_hash" value="4cc3ddb2efa88cc91cc3c913ad59338ec33db4ee96975784659afccfc1cc0063"/>
<string name="_outlink" value="Npc/0002101.img/bewildered/1"/>
</canvas>
<canvas name="2" width="1" height="1">
<vector name="origin" x="27" y="55"/>
<int name="z" value="0"/>
<int name="delay" value="150"/>
<string name="_hash" value="ebb6b625d4650f768b212db2e89bc65c59b3e89a4984ee3fd8a7598b9c0fe730"/>
<string name="_outlink" value="Npc/0002101.img/bewildered/2"/>
</canvas>
<canvas name="3" width="1" height="1">
<vector name="origin" x="27" y="55"/>
<int name="z" value="0"/>
<int name="delay" value="150"/>
<string name="_hash" value="ac4a7f2a90fa3cf315fde326da78fcb98423e2fd1957d8f17cb2b422ac7fed2c"/>
<string name="_outlink" value="Npc/0002101.img/bewildered/3"/>
</canvas>
<canvas name="4" width="1" height="1">
<vector name="origin" x="27" y="55"/>
<int name="z" value="0"/>
<int name="delay" value="4400"/>
<string name="_hash" value="1d6edea4e66e83a60fcb2eb925e16b4995ed09fdb77be123d7c6304434b43465"/>
<string name="_outlink" value="Npc/0002101.img/bewildered/4"/>
</canvas>
<imgdir name="speak">
<string name="0" value="b0"/>
</imgdir>
</imgdir>
<imgdir name="cry">
<canvas name="0" width="1" height="1">
<vector name="origin" x="27" y="55"/>
<int name="z" value="0"/>
<string name="delay" value="100"/>
<string name="_hash" value="11a57318598c6bd1e71894581caa9f10fa34f4b29a26773574cff33491de3d9a"/>
<string name="_outlink" value="Npc/0002101.img/cry/0"/>
</canvas>
<canvas name="1" width="1" height="1">
<vector name="origin" x="27" y="55"/>
<int name="z" value="0"/>
<string name="delay" value="100"/>
<string name="_hash" value="972d042eff7cf46690636c70c6fa31f5f2c88b339592fd1dd05767ad76a1c70b"/>
<string name="_outlink" value="Npc/0002101.img/cry/1"/>
</canvas>
<canvas name="2" width="1" height="1">
<vector name="origin" x="27" y="55"/>
<int name="z" value="0"/>
<string name="delay" value="100"/>
<string name="_hash" value="2509bbdd4a27967d9684f4c406677e7b63a8b45d2c7fae873ca5fb3b4b54a362"/>
<string name="_outlink" value="Npc/0002101.img/cry/2"/>
</canvas>
<canvas name="3" width="1" height="1">
<vector name="origin" x="27" y="55"/>
<int name="z" value="0"/>
<string name="delay" value="100"/>
<string name="_hash" value="bdf0e1a360ab44daf09d82256714c7ec7610390e7948476f148e8bca4cfcee29"/>
<string name="_outlink" value="Npc/0002101.img/cry/3"/>
</canvas>
<canvas name="4" width="1" height="1">
<vector name="origin" x="27" y="55"/>
<int name="z" value="0"/>
<string name="delay" value="100"/>
<string name="_hash" value="6ecfafa93fd91f8b3e2605a1ddb6588e181f98ed77f3e026f14a2b4c785ac733"/>
<string name="_outlink" value="Npc/0002101.img/cry/4"/>
</canvas>
<uol name="5" value="0"/>
<uol name="6" value="1"/>
<uol name="7" value="2"/>
<uol name="8" value="3"/>
<uol name="9" value="4"/>
<uol name="10" value="0"/>
<uol name="11" value="1"/>
<uol name="12" value="2"/>
<uol name="13" value="3"/>
<uol name="14" value="4"/>
<uol name="15" value="0"/>
<uol name="16" value="1"/>
<uol name="17" value="2"/>
<uol name="18" value="3"/>
<uol name="19" value="4"/>
<uol name="20" value="0"/>
<uol name="21" value="1"/>
<uol name="22" value="2"/>
<uol name="23" value="3"/>
<uol name="24" value="4"/>
<uol name="25" value="0"/>
<uol name="26" value="1"/>
<uol name="27" value="2"/>
<uol name="28" value="3"/>
<uol name="29" value="3"/>
<uol name="30" value="0"/>
<uol name="31" value="1"/>
<uol name="32" value="2"/>
<uol name="33" value="2"/>
<uol name="34" value="4"/>
<uol name="35" value="0"/>
<uol name="36" value="1"/>
<uol name="37" value="2"/>
<uol name="38" value="3"/>
<uol name="39" value="4"/>
<uol name="40" value="0"/>
<uol name="41" value="1"/>
<uol name="42" value="2"/>
<uol name="43" value="3"/>
<uol name="44" value="4"/>
<uol name="45" value="0"/>
<uol name="46" value="1"/>
<uol name="47" value="2"/>
<uol name="48" value="3"/>
<uol name="49" value="4"/>
<imgdir name="speak">
<string name="0" value="c0"/>
</imgdir>
</imgdir>
</imgdir>
