<?xml version="1.0" encoding="UTF-8" standalone="yes"?>
<imgdir name="0022001.img">
<imgdir name="info">
<imgdir name="script">
<imgdir name="0">
<string name="script" value="goOutWaitingRoom"/>
</imgdir>
</imgdir>
</imgdir>
<imgdir name="stand">
<canvas name="0" width="1" height="1">
<vector name="origin" x="34" y="80"/>
<int name="z" value="0"/>
<int name="delay" value="1200"/>
<string name="_hash" value="67e3deb1e0d43bbdc5b3fb47da21e5315fc3c07cae9a457a7ef1ad4aed38b968"/>
<string name="_outlink" value="Npc/0010305.img/stand/0"/>
</canvas>
<canvas name="1" width="1" height="1">
<vector name="origin" x="34" y="80"/>
<int name="z" value="0"/>
<int name="delay" value="120"/>
<string name="_hash" value="e3b6d961b0d4a2ee762d42ea3a870b9e4e92dc93d3adbf2548728e42f38cda82"/>
<string name="_outlink" value="Npc/0010305.img/stand/1"/>
</canvas>
<canvas name="2" width="1" height="1">
<vector name="origin" x="34" y="80"/>
<int name="z" value="0"/>
<int name="delay" value="120"/>
<string name="_hash" value="43b741ab8db983edd95ed4d7c28e7b295ee451eb20bf199a64f27778cc7170ed"/>
<string name="_outlink" value="Npc/0010305.img/stand/2"/>
</canvas>
<canvas name="3" width="1" height="1">
<vector name="origin" x="34" y="80"/>
<int name="z" value="0"/>
<int name="delay" value="120"/>
<string name="_hash" value="5fa950f3780c06c32c1e419ab00e30127ad15983afb91215451e248bb731ddf0"/>
<string name="_outlink" value="Npc/0010305.img/stand/3"/>
</canvas>
<uol name="4" value="1"/>
<uol name="5" value="2"/>
<uol name="6" value="3"/>
<uol name="7" value="1"/>
<uol name="8" value="2"/>
<uol name="9" value="3"/>
</imgdir>
<imgdir name="say">
<canvas name="0" width="1" height="1">
<vector name="origin" x="34" y="80"/>
<int name="z" value="0"/>
<int name="delay" value="1200"/>
<string name="_outlink" value="Npc/0010305.img/stand/0"/>
</canvas>
<canvas name="1" width="1" height="1">
<vector name="origin" x="34" y="80"/>
<int name="z" value="0"/>
<int name="delay" value="120"/>
<string name="_hash" value="d8671073aa3cc3f426e522aef7573b754c8447387b242af9e98c649d40b0e953"/>
<string name="_outlink" value="Npc/0010305.img/say/1"/>
</canvas>
<canvas name="2" width="1" height="1">
<vector name="origin" x="34" y="80"/>
<int name="z" value="0"/>
<int name="delay" value="120"/>
<string name="_hash" value="ce097ba38b1266b47f2d28f62cca349509d72b814e33abbd1d83024db6b8e344"/>
<string name="_outlink" value="Npc/0010305.img/say/2"/>
</canvas>
<uol name="3" value="1"/>
<uol name="4" value="2"/>
<uol name="5" value="1"/>
<uol name="6" value="2"/>
<uol name="7" value="1"/>
<uol name="8" value="2"/>
<uol name="9" value="1"/>
<uol name="10" value="2"/>
<imgdir name="speak">
<string name="0" value="n0"/>
<string name="1" value="n1"/>
</imgdir>
</imgdir>
</imgdir>
