<?xml version="1.0" encoding="UTF-8" standalone="yes"?>
<imgdir name="1002103.img">
<imgdir name="info">
<imgdir name="speak">
<string name="0" value="n0"/>
<string name="1" value="n1"/>
</imgdir>
<imgdir name="script">
<imgdir name="0">
<string name="script" value="leaderAl"/>
</imgdir>
</imgdir>
</imgdir>
<imgdir name="stand">
<canvas name="0" width="65" height="86">
<vector name="origin" x="30" y="86"/>
<int name="delay" value="3000"/>
<string name="_hash" value="abe7c99ada15d3fd12d4b2407fc3b22eca359eb2a1be44d69efcfd3469346d91"/>
</canvas>
</imgdir>
<imgdir name="eye">
<canvas name="0" width="1" height="1">
<vector name="origin" x="30" y="86"/>
<int name="delay" value="180"/>
<string name="_inlink" value="stand/0"/>
</canvas>
<canvas name="1" width="65" height="86">
<vector name="origin" x="30" y="86"/>
<int name="delay" value="180"/>
<string name="_hash" value="b48f27deb51200c8c9e9f51011d54337099447454eb99209a67f1a87ceba9768"/>
</canvas>
<canvas name="2" width="1" height="1">
<vector name="origin" x="30" y="86"/>
<int name="delay" value="180"/>
<string name="_inlink" value="stand/0"/>
</canvas>
<canvas name="3" width="1" height="1">
<vector name="origin" x="30" y="86"/>
<int name="delay" value="180"/>
<string name="_inlink" value="eye/1"/>
</canvas>
<canvas name="4" width="65" height="86">
<vector name="origin" x="30" y="86"/>
<int name="delay" value="180"/>
<string name="_hash" value="ebe4dfe6d09927cedc4828c9c8fad4757f3fbb777b7b5e8ba83247da25b483e1"/>
</canvas>
<canvas name="5" width="1" height="1">
<vector name="origin" x="30" y="86"/>
<int name="delay" value="180"/>
<string name="_inlink" value="stand/0"/>
</canvas>
<canvas name="6" width="1" height="1">
<vector name="origin" x="30" y="86"/>
<int name="delay" value="180"/>
<string name="_inlink" value="eye/4"/>
</canvas>
<canvas name="7" width="1" height="1">
<vector name="origin" x="30" y="86"/>
<int name="delay" value="180"/>
<string name="_inlink" value="stand/0"/>
</canvas>
</imgdir>
<imgdir name="hand">
<canvas name="0" width="1" height="1">
<vector name="origin" x="30" y="86"/>
<int name="delay" value="180"/>
<string name="_inlink" value="stand/0"/>
</canvas>
<canvas name="1" width="65" height="86">
<vector name="origin" x="30" y="86"/>
<int name="delay" value="180"/>
<string name="_hash" value="646bc15f9ed4ca04560efa0e957df41ff113766e2564fe0b3b6d62302cd3f55f"/>
</canvas>
<canvas name="2" width="1" height="1">
<vector name="origin" x="30" y="86"/>
<int name="delay" value="180"/>
<string name="_inlink" value="stand/0"/>
</canvas>
<canvas name="3" width="1" height="1">
<vector name="origin" x="30" y="86"/>
<int name="delay" value="180"/>
<string name="_inlink" value="hand/1"/>
</canvas>
<canvas name="4" width="1" height="1">
<vector name="origin" x="30" y="86"/>
<int name="delay" value="180"/>
<string name="_inlink" value="stand/0"/>
</canvas>
<canvas name="5" width="1" height="1">
<vector name="origin" x="30" y="86"/>
<int name="delay" value="180"/>
<string name="_inlink" value="hand/1"/>
</canvas>
<canvas name="6" width="1" height="1">
<vector name="origin" x="30" y="86"/>
<int name="delay" value="180"/>
<string name="_inlink" value="stand/0"/>
</canvas>
<canvas name="7" width="1" height="1">
<vector name="origin" x="30" y="86"/>
<int name="delay" value="180"/>
<string name="_inlink" value="hand/1"/>
</canvas>
</imgdir>
<imgdir name="laugh">
<canvas name="0" width="1" height="1">
<vector name="origin" x="30" y="86"/>
<int name="delay" value="180"/>
<string name="_inlink" value="stand/0"/>
</canvas>
<canvas name="1" width="65" height="86">
<vector name="origin" x="30" y="86"/>
<int name="delay" value="180"/>
<string name="_hash" value="8ef30942c15b950d6c615285b32b5543f95259ef5b8d7506fc9ab8f0df51d3a4"/>
</canvas>
<canvas name="2" width="65" height="86">
<vector name="origin" x="30" y="86"/>
<int name="delay" value="180"/>
<string name="_hash" value="3b6820613a91e3a9250c6c08eb0d25a78f999d519a0103ee5d1758f49b644207"/>
</canvas>
<canvas name="3" width="65" height="86">
<vector name="origin" x="30" y="86"/>
<int name="delay" value="180"/>
<string name="_hash" value="39985613e281d64935230b36e00f3b74a05f9f178dcc68bbd36306f87057b195"/>
</canvas>
<canvas name="4" width="1" height="1">
<vector name="origin" x="30" y="86"/>
<int name="delay" value="180"/>
<string name="_inlink" value="laugh/2"/>
</canvas>
<canvas name="5" width="1" height="1">
<vector name="origin" x="30" y="86"/>
<int name="delay" value="180"/>
<string name="_inlink" value="laugh/3"/>
</canvas>
<canvas name="6" width="1" height="1">
<vector name="origin" x="30" y="86"/>
<int name="delay" value="180"/>
<string name="_inlink" value="laugh/2"/>
</canvas>
<canvas name="7" width="1" height="1">
<vector name="origin" x="30" y="86"/>
<int name="delay" value="180"/>
<string name="_inlink" value="laugh/3"/>
</canvas>
<canvas name="8" width="65" height="86">
<vector name="origin" x="30" y="86"/>
<int name="delay" value="180"/>
<string name="_hash" value="6de6be2e29512ba1db3bf9b4fbaa05bf15dfb5b323c84a7c92f0bb10d95a307b"/>
</canvas>
<canvas name="9" width="65" height="86">
<vector name="origin" x="30" y="86"/>
<int name="delay" value="180"/>
<string name="_hash" value="8a2576c7a31847f10ab78dd4146528248c22b0c8c922c65947c7991cb18085ad"/>
</canvas>
<canvas name="10" width="65" height="86">
<vector name="origin" x="30" y="86"/>
<int name="delay" value="180"/>
<string name="_hash" value="c346e97edf1484fd009812fd8c89790a36687080458b14dfb22c06084adbc916"/>
</canvas>
<canvas name="11" width="65" height="86">
<vector name="origin" x="30" y="86"/>
<int name="delay" value="180"/>
<string name="_hash" value="759ccff6d10a1c836ba2f0a0cf714a3af50d8c816f82f7fad349919372548305"/>
</canvas>
<canvas name="12" width="65" height="86">
<vector name="origin" x="30" y="86"/>
<int name="delay" value="180"/>
<string name="_hash" value="5403fd9203c49ab870a17db5ec533d78cff09104ae3e63a2f692e4b4e799b35d"/>
</canvas>
</imgdir>
<imgdir name="say">
<canvas name="0" width="1" height="1">
<vector name="origin" x="30" y="86"/>
<int name="delay" value="180"/>
<string name="_inlink" value="stand/0"/>
</canvas>
<canvas name="1" width="65" height="86">
<vector name="origin" x="30" y="86"/>
<int name="delay" value="180"/>
<string name="_hash" value="a26e60f0ea786cafde3181caa35c15a6f48f65c6640a0e89c2fb930588b3277e"/>
</canvas>
<imgdir name="speak">
<string name="0" value="d0"/>
<string name="1" value="d1"/>
</imgdir>
</imgdir>
</imgdir>
