<?xml version="1.0" encoding="UTF-8" standalone="yes"?>
<imgdir name="1002001.img">
<imgdir name="info">
<imgdir name="speak">
<string name="0" value="n0"/>
<string name="1" value="n1"/>
<string name="2" value="n2"/>
</imgdir>
</imgdir>
<imgdir name="stand">
<canvas name="0" width="50" height="78">
<vector name="origin" x="26" y="78"/>
<int name="z" value="0"/>
<string name="_hash" value="c2111b9f46d05cf0700d929a726a3fd1c483d219156512eb17bb46edbf0a3ec8"/>
</canvas>
</imgdir>
</imgdir>
