<?xml version="1.0" encoding="UTF-8" standalone="yes"?>
<imgdir name="1002002.img">
<imgdir name="info">
<imgdir name="speak">
<string name="0" value="n0"/>
<string name="1" value="n1"/>
</imgdir>
<imgdir name="script">
<imgdir name="0">
<string name="script" value="florina2"/>
</imgdir>
</imgdir>
</imgdir>
<imgdir name="stand">
<canvas name="0" width="54" height="75">
<vector name="origin" x="27" y="75"/>
<string name="_hash" value="7513b35ef99fa12de3ea05a1c5354003e9fb480b2ef7143cc10d1fe737f2b538"/>
</canvas>
</imgdir>
</imgdir>
