<?xml version="1.0" encoding="UTF-8" standalone="yes"?>
<imgdir name="1002102.img">
<imgdir name="info">
<int name="trunkPut" value="100"/>
</imgdir>
<imgdir name="stand">
<canvas name="0" width="53" height="65">
<vector name="origin" x="23" y="65"/>
<int name="delay" value="3000"/>
<string name="_hash" value="0d1d8da6fc955bcc53f2416ec1934f9c162644526bf40bc30505c0378afe6bcb"/>
</canvas>
</imgdir>
<imgdir name="eye">
<canvas name="0" width="1" height="1">
<vector name="origin" x="23" y="65"/>
<int name="delay" value="180"/>
<string name="_inlink" value="stand/0"/>
</canvas>
<canvas name="1" width="53" height="65">
<vector name="origin" x="23" y="65"/>
<int name="delay" value="180"/>
<string name="_hash" value="d42844a31f91836bfb4c29332587b0a95b8b75776b9173ae58dd837c484f31a6"/>
</canvas>
<canvas name="2" width="53" height="65">
<vector name="origin" x="23" y="65"/>
<int name="delay" value="180"/>
<string name="_hash" value="29902906e64c81da699170df86c16b7f0dcafe42690e36c7e0894200434fa5c4"/>
</canvas>
</imgdir>
<imgdir name="say">
<canvas name="0" width="1" height="1">
<vector name="origin" x="23" y="65"/>
<int name="delay" value="210"/>
<string name="_inlink" value="stand/0"/>
</canvas>
<canvas name="1" width="53" height="65">
<vector name="origin" x="23" y="65"/>
<int name="delay" value="210"/>
<string name="_hash" value="98fc2fe1256d41f67e33cb689789c90bbec7ae78b0fb0a0cc63f5a11c3dbc067"/>
</canvas>
<canvas name="2" width="1" height="1">
<vector name="origin" x="23" y="65"/>
<int name="delay" value="210"/>
<string name="_inlink" value="stand/0"/>
</canvas>
<canvas name="3" width="1" height="1">
<vector name="origin" x="23" y="65"/>
<int name="delay" value="210"/>
<string name="_inlink" value="say/1"/>
</canvas>
<uol name="4" value="0"/>
<uol name="5" value="1"/>
<uol name="6" value="2"/>
<uol name="7" value="3"/>
<uol name="8" value="0"/>
<uol name="9" value="1"/>
<uol name="10" value="2"/>
<uol name="11" value="3"/>
<imgdir name="speak">
<string name="0" value="n0"/>
<string name="1" value="n1"/>
</imgdir>
</imgdir>
<imgdir name="clean">
<canvas name="0" width="53" height="65">
<vector name="origin" x="23" y="65"/>
<int name="delay" value="150"/>
<string name="_hash" value="54d725178ca78f8c6ac86c507d896250299feb15d7c6f812306a726a67ec7096"/>
</canvas>
<canvas name="1" width="49" height="66">
<vector name="origin" x="19" y="65"/>
<int name="delay" value="150"/>
<string name="_hash" value="21755cae67f5e3f2e22050a08c41e51a1a0295c242bd375b28a50d63e5937f8c"/>
</canvas>
<canvas name="2" width="49" height="66">
<vector name="origin" x="19" y="65"/>
<int name="delay" value="150"/>
<string name="_hash" value="57128c19c5afe948e3bf167eec42b68c7fdac73d8d922d5986d853e34835e64e"/>
</canvas>
<canvas name="3" width="49" height="66">
<vector name="origin" x="19" y="65"/>
<int name="delay" value="150"/>
<string name="_hash" value="cbac7e870eb27d3cda6cfaa53a077a828cfe62373def3bf040a05531b7f758dc"/>
</canvas>
<canvas name="4" width="49" height="66">
<vector name="origin" x="19" y="65"/>
<int name="delay" value="150"/>
<string name="_hash" value="91d11f63adb3dbb37ed79e1ca0ee5974ebc56010852e5c10bcf77e103b99a7d5"/>
</canvas>
<canvas name="5" width="49" height="66">
<vector name="origin" x="19" y="65"/>
<int name="delay" value="150"/>
<string name="_hash" value="d4a088287a924c525800d618207f96dec29141af2c38fa4f2e6ff02840f76812"/>
</canvas>
<canvas name="6" width="49" height="66">
<vector name="origin" x="19" y="65"/>
<int name="delay" value="150"/>
<string name="_hash" value="585e57883fe5b459739c0748d2bee8a4d8a8ad86b6833fc61ca366e3f6f25c13"/>
</canvas>
<canvas name="7" width="1" height="1">
<vector name="origin" x="19" y="65"/>
<int name="delay" value="150"/>
<string name="_inlink" value="clean/3"/>
</canvas>
<canvas name="8" width="1" height="1">
<vector name="origin" x="19" y="65"/>
<int name="delay" value="150"/>
<string name="_inlink" value="clean/4"/>
</canvas>
<canvas name="9" width="49" height="66">
<vector name="origin" x="19" y="65"/>
<int name="delay" value="150"/>
<string name="_hash" value="bd509a223b9aa2e4b0bb6794e20d305b03ab1063c0a4d23448743329ff043a6b"/>
</canvas>
<canvas name="10" width="49" height="66">
<vector name="origin" x="19" y="65"/>
<int name="delay" value="150"/>
<string name="_hash" value="e00c869edc9c3f40cbf69d305f0cb397ad0a802867db30c8dd1b1737807e094e"/>
</canvas>
</imgdir>
</imgdir>
