<?xml version="1.0" encoding="UTF-8" standalone="yes"?>
<imgdir name="1002105.img">
<imgdir name="info">
<imgdir name="script">
<imgdir name="0">
<string name="script" value="dimensionGate"/>
</imgdir>
</imgdir>
<canvas name="default" width="79" height="136">
<vector name="origin" x="39" y="136"/>
<int name="z" value="0"/>
<int name="delay" value="3000"/>
<string name="_hash" value="0fb2c10a9f511bfc61aa3a21ebf80946499e1196fc6411728743acb49b94a084"/>
</canvas>
<int name="dcLeft" value="-100"/>
<int name="dcTop" value="-300"/>
<int name="dcRight" value="100"/>
<int name="dcBottom" value="0"/>
</imgdir>
<imgdir name="stand">
<canvas name="0" width="201" height="201">
<vector name="origin" x="100" y="273"/>
<int name="z" value="0"/>
<int name="delay" value="120"/>
<string name="_hash" value="7ce1533299dcb1aba10f55c22c5cce5902506373ba2dd728be9a2332c877c5dd"/>
</canvas>
</imgdir>
</imgdir>
