<?xml version="1.0" encoding="UTF-8" standalone="yes"?>
<imgdir name="1002009.img">
<imgdir name="info">
<imgdir name="script">
<imgdir name="0">
<string name="script" value="dolphin0_feed"/>
</imgdir>
</imgdir>
<int name="dcLeft" value="-50"/>
<int name="dcTop" value="-100"/>
<int name="dcRight" value="30"/>
<int name="dcBottom" value="0"/>
</imgdir>
<imgdir name="stand">
<canvas name="0" width="78" height="110">
<vector name="origin" x="50" y="111"/>
<int name="z" value="0"/>
<int name="delay" value="210"/>
<string name="_hash" value="056d6ce7aa9b130d46b1d7e82bc6ac0477cc1eb5405ba760679ed53701d57487"/>
</canvas>
<canvas name="1" width="77" height="112">
<vector name="origin" x="49" y="112"/>
<int name="z" value="0"/>
<int name="delay" value="210"/>
<string name="_hash" value="98be4f9fe69fe14087815ffc7875bef0ef2f2b4624585ad3ff5a9e3d6ba29aab"/>
</canvas>
<canvas name="2" width="77" height="110">
<vector name="origin" x="49" y="111"/>
<int name="z" value="0"/>
<int name="delay" value="210"/>
<string name="_hash" value="830b4ab40dda778b8092395ee5d5e37e0d1b90a04312c9bc4708dd2f51a6f828"/>
</canvas>
<canvas name="3" width="78" height="112">
<vector name="origin" x="50" y="110"/>
<int name="z" value="0"/>
<int name="delay" value="210"/>
<string name="_hash" value="9e4ae9ba3d2586f2d658046a156c09a817df72a619acc353e8c53c3ee2ae731a"/>
</canvas>
</imgdir>
<imgdir name="smile">
<canvas name="0" width="77" height="112">
<vector name="origin" x="49" y="108"/>
<int name="z" value="0"/>
<int name="delay" value="210"/>
<string name="_hash" value="9c11930794eb29be0823a905edcb92649c4091e42bf4d83b92bb56b8d0f9f830"/>
</canvas>
<canvas name="1" width="76" height="111">
<vector name="origin" x="47" y="112"/>
<int name="z" value="0"/>
<int name="delay" value="210"/>
<string name="_hash" value="6b7f520bca53bfea4591cef5f6d4d704abe60fb4f996996d5f56fa22350e9d8e"/>
</canvas>
<canvas name="2" width="1" height="1">
<vector name="origin" x="49" y="108"/>
<int name="z" value="0"/>
<int name="delay" value="210"/>
<string name="_inlink" value="smile/0"/>
</canvas>
<canvas name="3" width="1" height="1">
<vector name="origin" x="47" y="112"/>
<int name="z" value="0"/>
<int name="delay" value="210"/>
<string name="_inlink" value="smile/1"/>
</canvas>
<canvas name="4" width="1" height="1">
<vector name="origin" x="49" y="108"/>
<int name="z" value="0"/>
<int name="delay" value="210"/>
<string name="_inlink" value="smile/0"/>
</canvas>
</imgdir>
<imgdir name="summon">
<canvas name="0" width="70" height="110">
<vector name="origin" x="-45" y="-13"/>
<int name="z" value="0"/>
<int name="delay" value="210"/>
<string name="_hash" value="b7829e0b30ea1cdbe53745e54c46125afec9a6a6973c4c2cc7ff0a3ebaff4895"/>
</canvas>
<canvas name="1" width="77" height="103">
<vector name="origin" x="-6" y="25"/>
<int name="z" value="0"/>
<int name="delay" value="210"/>
<string name="_hash" value="7dcfa95f5994690568d82653cf2968f72ba38f0b870c40de46557a0200fb1433"/>
</canvas>
<canvas name="2" width="70" height="110">
<vector name="origin" x="15" y="54"/>
<int name="z" value="0"/>
<int name="delay" value="210"/>
<string name="_hash" value="95d689720a3ebf25b97d712cf0cc54d60849dee0693fe25a7c1228faf7709927"/>
</canvas>
<canvas name="3" width="77" height="103">
<vector name="origin" x="33" y="83"/>
<int name="z" value="0"/>
<int name="delay" value="210"/>
<string name="_hash" value="7d480641c5de500e50ed6c13a7889b340b8091ae71ee367592345849fe0eb354"/>
</canvas>
<canvas name="4" width="76" height="104">
<vector name="origin" x="40" y="99"/>
<int name="z" value="0"/>
<int name="delay" value="210"/>
<string name="_hash" value="0a9874548d2059906fb5faa31967cb96b607f1bedb349cefb2568c356764f531"/>
</canvas>
<canvas name="5" width="1" height="1">
<vector name="origin" x="50" y="111"/>
<int name="z" value="0"/>
<int name="delay" value="210"/>
<string name="_inlink" value="stand/0"/>
</canvas>
<int name="special" value="1"/>
</imgdir>
<imgdir name="vanish">
<canvas name="0" width="1" height="1">
<vector name="origin" x="50" y="111"/>
<int name="z" value="0"/>
<int name="delay" value="210"/>
<string name="_inlink" value="stand/0"/>
</canvas>
<canvas name="1" width="106" height="81">
<vector name="origin" x="53" y="99"/>
<int name="z" value="0"/>
<int name="delay" value="210"/>
<string name="_hash" value="094a71c35830510f36b7c2bd7e668e38a0e1b650ad6e4ef0b047f8fdd07b1922"/>
</canvas>
<canvas name="2" width="97" height="92">
<vector name="origin" x="59" y="84"/>
<int name="z" value="0"/>
<int name="delay" value="210"/>
<string name="_hash" value="f88a094f8dda1f9bc26c2e417258b0b906d1b1a8471fa179f5b270ec7554e351"/>
</canvas>
<canvas name="3" width="92" height="87">
<vector name="origin" x="109" y="56"/>
<int name="z" value="0"/>
<int name="delay" value="210"/>
<string name="_hash" value="a5c3e481a5fdef7aed8efbb8ae9bd1b759a6b1b7eea3f8c31167b2b2b0140289"/>
</canvas>
<canvas name="4" width="92" height="87">
<vector name="origin" x="139" y="38"/>
<int name="z" value="0"/>
<int name="delay" value="210"/>
<string name="_hash" value="ae08f33be30243142d7596648a87b84de73432d76839d0aac51fbadfec650f21"/>
</canvas>
<canvas name="5" width="92" height="87">
<vector name="origin" x="171" y="12"/>
<int name="z" value="0"/>
<int name="delay" value="5000"/>
<string name="_hash" value="368d6fafab416a01fa119372c1560bb08498202872b9004e66f6054b6c3f94c0"/>
</canvas>
<int name="special" value="1"/>
</imgdir>
</imgdir>
