<?xml version="1.0" encoding="UTF-8" standalone="yes"?>
<imgdir name="1010100.img">
<imgdir name="info">
</imgdir>
<imgdir name="stand">
<canvas name="0" width="50" height="67">
<vector name="origin" x="25" y="67"/>
<int name="z" value="0"/>
<string name="_hash" value="90fad8f59112d671d9a884d2ef41b4fda8ca63575379ebe27a351c7574dc777f"/>
</canvas>
</imgdir>
<imgdir name="blink">
<canvas name="0" width="1" height="1">
<vector name="origin" x="25" y="67"/>
<int name="z" value="0"/>
<string name="delay" value="150"/>
<string name="_inlink" value="stand/0"/>
</canvas>
<canvas name="1" width="50" height="67">
<vector name="origin" x="25" y="67"/>
<int name="z" value="0"/>
<string name="delay" value="100"/>
<string name="_hash" value="a5db4d875fa93b2aeeca5ca9fe12d19d4a0baf33a442c868c7018131bf8925e9"/>
</canvas>
<canvas name="2" width="50" height="67">
<vector name="origin" x="25" y="67"/>
<int name="z" value="0"/>
<string name="delay" value="1200"/>
<string name="_hash" value="068e02c6456a6cd1976f1c8f28686c7143449d336d6d902c3297e7c4fb50ecf6"/>
</canvas>
<uol name="3" value="0"/>
<uol name="4" value="1"/>
<uol name="5" value="2"/>
<uol name="6" value="0"/>
<uol name="7" value="1"/>
<uol name="8" value="2"/>
<uol name="9" value="0"/>
<uol name="10" value="0"/>
<uol name="11" value="0"/>
<uol name="12" value="0"/>
<uol name="13" value="0"/>
<uol name="14" value="0"/>
<uol name="15" value="0"/>
<uol name="16" value="0"/>
</imgdir>
<imgdir name="say">
<canvas name="0" width="1" height="1">
<vector name="origin" x="25" y="67"/>
<int name="z" value="0"/>
<string name="_inlink" value="stand/0"/>
</canvas>
<canvas name="1" width="50" height="67">
<vector name="origin" x="25" y="67"/>
<int name="z" value="0"/>
<string name="_hash" value="cf0381261b15bd346243d10c4e66b654685745c8223373d7c5d4ff2f1d601c6f"/>
</canvas>
<canvas name="2" width="1" height="1">
<vector name="origin" x="25" y="67"/>
<int name="z" value="0"/>
<string name="_inlink" value="stand/0"/>
</canvas>
<canvas name="3" width="1" height="1">
<vector name="origin" x="25" y="67"/>
<int name="z" value="0"/>
<string name="_inlink" value="say/1"/>
</canvas>
<imgdir name="speak">
<string name="0" value="n0"/>
<string name="1" value="n1"/>
<string name="2" value="n2"/>
</imgdir>
</imgdir>
<imgdir name="hair">
<canvas name="0" width="1" height="1">
<vector name="origin" x="25" y="67"/>
<int name="z" value="0"/>
<string name="_inlink" value="stand/0"/>
</canvas>
<canvas name="1" width="50" height="67">
<vector name="origin" x="25" y="67"/>
<int name="z" value="0"/>
<string name="_hash" value="f02b0826f8a501ba77cecad6834c3eb18a6abd769948cb3e58f2bd73f929ee6d"/>
</canvas>
<canvas name="2" width="50" height="67">
<vector name="origin" x="25" y="67"/>
<int name="z" value="0"/>
<string name="_hash" value="973f34176ce88ae95a4b32ab46663893610c4a0de5b890c545a44195473d8ee0"/>
</canvas>
<canvas name="3" width="50" height="67">
<vector name="origin" x="25" y="67"/>
<int name="z" value="0"/>
<string name="_hash" value="66ed7c85d337c4bb4d31619d50a1d9956543f4887b3a1dfcc2aad43bd0a93785"/>
</canvas>
<canvas name="4" width="50" height="67">
<vector name="origin" x="25" y="67"/>
<int name="z" value="0"/>
<string name="_hash" value="fb9593d53a1c4fb05cd73524e675fbc816679755d7a2c7c81767990bc58fcf9c"/>
</canvas>
<canvas name="5" width="1" height="1">
<vector name="origin" x="25" y="67"/>
<int name="z" value="0"/>
<string name="_inlink" value="blink/1"/>
</canvas>
<canvas name="6" width="1" height="1">
<vector name="origin" x="25" y="67"/>
<int name="z" value="0"/>
<string name="_inlink" value="blink/2"/>
</canvas>
</imgdir>
</imgdir>
