<?xml version="1.0" encoding="UTF-8" standalone="yes"?>
<imgdir name="1012124.img">
<imgdir name="info">
<imgdir name="script">
<imgdir name="0">
<string name="script" value="risi_reward"/>
</imgdir>
</imgdir>
<int name="dcLeft" value="-32"/>
<int name="dcTop" value="-110"/>
<int name="dcRight" value="33"/>
<int name="dcBottom" value="-33"/>
</imgdir>
<imgdir name="stand">
<canvas name="0" width="121" height="77">
<vector name="origin" x="57" y="110"/>
<int name="z" value="0"/>
<int name="delay" value="180"/>
<string name="_hash" value="9566a0ebe80f65acc233a887fd614587f1f534c095f89de1e7b6bc882f25509d"/>
</canvas>
<canvas name="1" width="122" height="77">
<vector name="origin" x="58" y="109"/>
<int name="z" value="0"/>
<int name="delay" value="180"/>
<string name="_hash" value="3783e6684941c6e258bf80da769dcc7773f889efff3dfb01b982456da6ea452c"/>
</canvas>
<canvas name="2" width="120" height="75">
<vector name="origin" x="57" y="108"/>
<int name="z" value="0"/>
<int name="delay" value="180"/>
<string name="_hash" value="fe20b0d914ea0c2ebcadedc134177e93007cbb599c650a388b75fefaff645a0a"/>
</canvas>
<canvas name="3" width="119" height="77">
<vector name="origin" x="56" y="109"/>
<int name="z" value="0"/>
<int name="delay" value="180"/>
<string name="_hash" value="7b4b4936259e1b22a1de3bef48470f332b4dff1d228a0bd648d0f1758e29f102"/>
</canvas>
<canvas name="4" width="120" height="77">
<vector name="origin" x="57" y="110"/>
<int name="z" value="0"/>
<int name="delay" value="180"/>
<string name="_hash" value="253fb99d8d9c9c8aad46b90ecad8047c7870fa16b39e49ebaa00173856b07c37"/>
</canvas>
<canvas name="5" width="120" height="75">
<vector name="origin" x="56" y="110"/>
<int name="z" value="0"/>
<int name="delay" value="180"/>
<string name="_hash" value="fc73b3adc8702f8393066cfefec58bd1f71c11ac9cd4b3fc30e226e8957ea2e5"/>
</canvas>
</imgdir>
<imgdir name="summon">
<canvas name="0" width="230" height="158">
<vector name="origin" x="111" y="150"/>
<int name="z" value="0"/>
<int name="delay" value="180"/>
<string name="_hash" value="ac1ff3499cd1f76e95c6f6c7f2d152ec7cacb65e3d4b2564aedfe6a131ad32bf"/>
</canvas>
<canvas name="1" width="249" height="184">
<vector name="origin" x="116" y="165"/>
<int name="z" value="0"/>
<int name="delay" value="180"/>
<string name="_hash" value="8be823bcfecbb53d96ac93fdf7af08ad5c7c154204f4da87e4a7edc2ffc658cf"/>
</canvas>
<canvas name="2" width="243" height="182">
<vector name="origin" x="112" y="163"/>
<int name="z" value="0"/>
<int name="delay" value="180"/>
<string name="_hash" value="e3dd31229ede2248066cda65d26dbf5da417758200cf89bd36e002267521f7a7"/>
</canvas>
<canvas name="3" width="245" height="193">
<vector name="origin" x="118" y="171"/>
<int name="z" value="0"/>
<int name="delay" value="180"/>
<string name="_hash" value="60eb3cf32f23c2b4376c585dcb6aa8a64c2434c9cbfe48457a8fa31f3d1ccea4"/>
</canvas>
<canvas name="4" width="244" height="187">
<vector name="origin" x="116" y="169"/>
<int name="z" value="0"/>
<int name="delay" value="180"/>
<string name="_hash" value="6ce6ad83882e67b602f273b262459ed25f64d8b902f27ade68ba741cada9232b"/>
</canvas>
<canvas name="5" width="237" height="179">
<vector name="origin" x="112" y="163"/>
<int name="z" value="0"/>
<int name="delay" value="180"/>
<string name="_hash" value="c709536538e569a45a34033f2307f9b724c53b4a978c8fc8f97c85d2220fe7e2"/>
</canvas>
<canvas name="6" width="209" height="155">
<vector name="origin" x="92" y="146"/>
<int name="z" value="0"/>
<int name="delay" value="180"/>
<string name="_hash" value="b69c41d1d1de3625be387171ceca2fa425cf54af886f6d6125bd4ed44a156cb3"/>
</canvas>
<canvas name="7" width="176" height="136">
<vector name="origin" x="78" y="137"/>
<int name="z" value="0"/>
<int name="delay" value="180"/>
<string name="_hash" value="e21cfc019248b407af65c50e1119308d48dbc9db4ab1007c98ac7338b1b25f7c"/>
</canvas>
<canvas name="8" width="113" height="102">
<vector name="origin" x="41" y="118"/>
<int name="z" value="0"/>
<int name="delay" value="180"/>
<string name="_hash" value="ff5667a6e620d80bae21726de3a460dc5fd398d1b0760501fcfb055686ef82ee"/>
</canvas>
<canvas name="9" width="84" height="76">
<vector name="origin" x="40" y="110"/>
<int name="z" value="0"/>
<int name="delay" value="180"/>
<string name="_hash" value="31271b078c2d3e6ad938b8eb5770d72b1d8b301f8275992874e2c28cb5c7dd13"/>
</canvas>
<canvas name="10" width="87" height="82">
<vector name="origin" x="42" y="113"/>
<int name="z" value="0"/>
<int name="delay" value="240"/>
<string name="_hash" value="8f9c96c2065f576e655de6f4c24f7b41410c54f484c59b42cd0726dd5ecf10e0"/>
</canvas>
<canvas name="11" width="169" height="169">
<vector name="origin" x="82" y="159"/>
<int name="z" value="0"/>
<int name="delay" value="180"/>
<string name="_hash" value="46e1a94a8a40ba3dc125f738fa8ad5ba417fc75632fe1dcb864f92c01a1796de"/>
</canvas>
<canvas name="12" width="182" height="160">
<vector name="origin" x="87" y="155"/>
<int name="z" value="0"/>
<int name="delay" value="180"/>
<string name="_hash" value="d41109685e1e28e6f8728c5f838bad53c5bf40a9f7e9a37e01968451278f3d38"/>
</canvas>
<canvas name="13" width="139" height="132">
<vector name="origin" x="67" y="140"/>
<int name="z" value="0"/>
<int name="delay" value="210"/>
<string name="_hash" value="1a13c76da0a0bff564167218df785ec5062fa42718865559ba8fc9eece023842"/>
</canvas>
<canvas name="14" width="133" height="127">
<vector name="origin" x="64" y="137"/>
<int name="z" value="0"/>
<int name="delay" value="210"/>
<string name="_hash" value="4e495924f435da0954c2ce1029452e2f16b214eea8a044eb481b88fb572043cd"/>
</canvas>
<canvas name="15" width="120" height="75">
<vector name="origin" x="56" y="110"/>
<int name="z" value="0"/>
<int name="delay" value="180"/>
<string name="_hash" value="1edf505501f6a237b7d0e08581868d6fbbd8c7422de2b4f4cd6781f60b7a1a99"/>
</canvas>
<int name="special" value="1"/>
</imgdir>
<imgdir name="vanish">
<canvas name="0" width="121" height="108">
<vector name="origin" x="57" y="127"/>
<int name="z" value="0"/>
<int name="delay" value="180"/>
<string name="_hash" value="8c77147d70085569d5736089e55cf3f6295d511afdc37ed577d523c8d8fd0df8"/>
</canvas>
<canvas name="1" width="143" height="143">
<vector name="origin" x="70" y="146"/>
<int name="z" value="0"/>
<int name="delay" value="180"/>
<string name="_hash" value="2a2629bc1e134b2fb86a4917132a4ba20f31ee63aa957da76c04d4ea8e6f4ca7"/>
</canvas>
<canvas name="2" width="147" height="141">
<vector name="origin" x="72" y="145"/>
<int name="z" value="0"/>
<int name="delay" value="180"/>
<string name="_hash" value="b7b7d93d1c2ec094ff5b71c025e1c6bca471b1c84a065516c16e4d4aff54fb3b"/>
</canvas>
<canvas name="3" width="152" height="140">
<vector name="origin" x="73" y="143"/>
<int name="z" value="0"/>
<int name="delay" value="180"/>
<string name="_hash" value="5c958d351e9bc70c943b62e6b1b2777726bf27def99f27d648fb66f851018fb9"/>
</canvas>
<canvas name="4" width="171" height="151">
<vector name="origin" x="84" y="149"/>
<int name="z" value="0"/>
<int name="delay" value="180"/>
<string name="_hash" value="5db9976bb3f54df443f9ab325a19ae1917d4fe85cdceca92c0841f2a4e9bec35"/>
</canvas>
<canvas name="5" width="193" height="146">
<vector name="origin" x="90" y="148"/>
<int name="z" value="0"/>
<int name="delay" value="180"/>
<string name="_hash" value="8ad8a609b1e23363927d691d0e882126378a0deeb61fae096838639cf9c52041"/>
</canvas>
<canvas name="6" width="199" height="153">
<vector name="origin" x="93" y="149"/>
<int name="z" value="0"/>
<int name="delay" value="180"/>
<string name="_hash" value="a29b2499b121baabf3182deaa8806b3e8557b1f3571dbfe8cb268175d54f266e"/>
</canvas>
<canvas name="7" width="199" height="158">
<vector name="origin" x="91" y="152"/>
<int name="z" value="0"/>
<int name="delay" value="180"/>
<string name="_hash" value="3d062675b0d39e43330f5816a2804459075a263cdc6016bee8dd10d3eea6312e"/>
</canvas>
<canvas name="8" width="188" height="145">
<vector name="origin" x="87" y="146"/>
<int name="z" value="0"/>
<int name="delay" value="5000"/>
<string name="_hash" value="49f731f849c6b580f0ed95c423f78f39222bc7f24754366170b7bf0c0b93d078"/>
</canvas>
<int name="special" value="1"/>
</imgdir>
</imgdir>
