<?xml version="1.0" encoding="UTF-8" standalone="yes"?>
<imgdir name="1012101.img">
<imgdir name="info">
<imgdir name="speak">
<string name="0" value="n0"/>
</imgdir>
</imgdir>
<imgdir name="stand">
<canvas name="0" width="44" height="71">
<vector name="origin" x="21" y="71"/>
<int name="z" value="0"/>
<int name="delay" value="300"/>
<string name="_hash" value="93c50717f5cc30a12dbf530b64c6eca99eed31e9c6065c09c4bc39e4cbbee51c"/>
</canvas>
</imgdir>
<imgdir name="say">
<canvas name="0" width="1" height="1">
<vector name="origin" x="21" y="71"/>
<int name="z" value="0"/>
<string name="_inlink" value="stand/0"/>
</canvas>
<canvas name="1" width="44" height="71">
<vector name="origin" x="21" y="71"/>
<int name="z" value="0"/>
<string name="_hash" value="337e014b85ab05bf3910be984db773ddf304efcd7bd6b20d06de68adc6d0d847"/>
</canvas>
<uol name="2" value="0"/>
<uol name="3" value="1"/>
<uol name="4" value="0"/>
<uol name="5" value="0"/>
<uol name="6" value="0"/>
<uol name="7" value="0"/>
<uol name="8" value="0"/>
<uol name="9" value="0"/>
<uol name="10" value="1"/>
</imgdir>
<imgdir name="eye">
<canvas name="0" width="1" height="1">
<vector name="origin" x="21" y="71"/>
<int name="z" value="0"/>
<string name="_inlink" value="stand/0"/>
</canvas>
<canvas name="1" width="44" height="71">
<vector name="origin" x="21" y="71"/>
<int name="z" value="0"/>
<string name="_hash" value="1f7d566e8eec776f6735eea5b3a568e7c9a22f47b369f4a15ae0d542b806fa2d"/>
</canvas>
<canvas name="2" width="44" height="71">
<vector name="origin" x="21" y="71"/>
<int name="z" value="0"/>
<string name="_hash" value="c875db631749cceba1308614501c2b1e712b1e6628c3e35007e5fdb17d096e98"/>
</canvas>
<canvas name="3" width="1" height="1">
<vector name="origin" x="21" y="71"/>
<int name="z" value="0"/>
<string name="_inlink" value="stand/0"/>
</canvas>
</imgdir>
</imgdir>
