<?xml version="1.0" encoding="UTF-8" standalone="yes"?>
<imgdir name="1012112.img">
<imgdir name="info">
<imgdir name="script">
<imgdir name="0">
<string name="script" value="moonrabbit"/>
</imgdir>
</imgdir>
</imgdir>
<imgdir name="stand">
<canvas name="0" width="52" height="86">
<vector name="origin" x="26" y="86"/>
<int name="delay" value="2500"/>
<string name="_hash" value="c9b06af5d735099ab4e3d8f733a529723dc4c1abf7349f8a017afc640766b3ec"/>
</canvas>
<canvas name="1" width="52" height="86">
<vector name="origin" x="26" y="86"/>
<int name="delay" value="100"/>
<string name="_hash" value="baa197b8bd2ace93908ee119debfce00dd899d126658927042e16b282d507472"/>
</canvas>
<canvas name="2" width="52" height="86">
<vector name="origin" x="26" y="86"/>
<int name="delay" value="100"/>
<string name="_hash" value="6ef0315ca68c7269486c6ea7d03e4a5970b036711f463090f06807686e1994ef"/>
</canvas>
<uol name="3" value="1"/>
<uol name="4" value="2"/>
</imgdir>
<imgdir name="say">
<canvas name="0" width="1" height="1">
<vector name="origin" x="26" y="86"/>
<int name="delay" value="150"/>
<string name="_inlink" value="stand/0"/>
</canvas>
<canvas name="1" width="52" height="86">
<vector name="origin" x="26" y="86"/>
<int name="delay" value="250"/>
<string name="_hash" value="c131a755d00b901ef892590b00c985fad50eba812682fb1d629757d6f82565e0"/>
</canvas>
<uol name="2" value="0"/>
<uol name="3" value="1"/>
<uol name="4" value="0"/>
<uol name="5" value="0"/>
<uol name="6" value="1"/>
<uol name="7" value="0"/>
<uol name="8" value="0"/>
<uol name="9" value="1"/>
<uol name="10" value="0"/>
<uol name="11" value="1"/>
<uol name="12" value="0"/>
<uol name="13" value="0"/>
<uol name="14" value="1"/>
<uol name="15" value="0"/>
<uol name="16" value="1"/>
<imgdir name="speak">
<string name="0" value="s0"/>
<string name="1" value="s1"/>
</imgdir>
</imgdir>
</imgdir>
