<?xml version="1.0" encoding="UTF-8" standalone="yes"?>
<imgdir name="1012114.img">
<imgdir name="info">
<imgdir name="script">
<imgdir name="0">
<string name="script" value="moonrabbit_tiger"/>
</imgdir>
</imgdir>
</imgdir>
<imgdir name="stand">
<canvas name="0" width="77" height="76">
<vector name="origin" x="32" y="76"/>
<int name="delay" value="1000"/>
<string name="_hash" value="9c7d2b709d8861f9f2bac78026cf5702fa38b1f5ea776ab435531b804b9ff786"/>
</canvas>
<canvas name="1" width="77" height="76">
<vector name="origin" x="32" y="76"/>
<int name="delay" value="70"/>
<string name="_hash" value="5068f376928b2c7fcec44e9419fdc2b4f4fc61c52abb9eaf3f0f045a9a21a090"/>
</canvas>
<canvas name="2" width="77" height="76">
<vector name="origin" x="32" y="76"/>
<int name="delay" value="70"/>
<string name="_hash" value="72697e70087cc294b61b74d8dfed90f40a9f7627b654c7339600d718e4d6094f"/>
</canvas>
<uol name="3" value="0"/>
<uol name="4" value="0"/>
<uol name="5" value="1"/>
<uol name="6" value="2"/>
<uol name="7" value="0"/>
</imgdir>
<imgdir name="say">
<canvas name="0" width="1" height="1">
<vector name="origin" x="32" y="76"/>
<int name="delay" value="200"/>
<string name="_inlink" value="stand/0"/>
</canvas>
<canvas name="1" width="77" height="76">
<vector name="origin" x="32" y="76"/>
<int name="delay" value="300"/>
<string name="_hash" value="8b01ff7cec67258ccd7f0bdc42ad154f332d54c7fa573b45b283ae790b57a67a"/>
</canvas>
<uol name="2" value="0"/>
<uol name="3" value="1"/>
<uol name="4" value="0"/>
<uol name="5" value="0"/>
<uol name="6" value="1"/>
<uol name="7" value="0"/>
<uol name="8" value="1"/>
<imgdir name="speak">
<string name="0" value="s0"/>
<string name="1" value="s1"/>
</imgdir>
</imgdir>
</imgdir>
