<?xml version="1.0" encoding="UTF-8" standalone="yes"?>
<imgdir name="1012001.img">
<imgdir name="info">
</imgdir>
<imgdir name="stand">
<canvas name="0" width="52" height="74">
<vector name="origin" x="28" y="74"/>
<int name="z" value="0"/>
<int name="delay" value="150"/>
<string name="_hash" value="8e7f373f252f3ea6b6d18752227119a84bb3e901b8e954e10d6633e71da5c215"/>
</canvas>
</imgdir>
<imgdir name="eye">
<canvas name="0" width="1" height="1">
<vector name="origin" x="28" y="74"/>
<int name="z" value="0"/>
<string name="_inlink" value="stand/0"/>
</canvas>
<canvas name="1" width="52" height="74">
<vector name="origin" x="28" y="74"/>
<int name="z" value="0"/>
<string name="_hash" value="3c3d1426e160c8c1c0821eec97b744da5b9e709fe5f60c9ef8b08f2c68887006"/>
</canvas>
</imgdir>
<imgdir name="say">
<canvas name="0" width="1" height="1">
<vector name="origin" x="28" y="74"/>
<int name="z" value="0"/>
<string name="_inlink" value="stand/0"/>
</canvas>
<canvas name="1" width="52" height="74">
<vector name="origin" x="28" y="74"/>
<int name="z" value="0"/>
<string name="_hash" value="2b99cf42984d4dce8154cf788bde5dde4b140cb8e199858b6e2e9c9071f425ec"/>
</canvas>
<uol name="2" value="0"/>
<uol name="3" value="1"/>
<uol name="4" value="0"/>
<uol name="5" value="1"/>
<uol name="6" value="0"/>
<uol name="7" value="0"/>
<uol name="8" value="0"/>
<uol name="9" value="0"/>
<uol name="10" value="0"/>
<uol name="11" value="1"/>
<imgdir name="speak">
<string name="0" value="n0"/>
<string name="1" value="n1"/>
<string name="2" value="n2"/>
</imgdir>
</imgdir>
</imgdir>
