<?xml version="1.0" encoding="UTF-8" standalone="yes"?>
<imgdir name="1012115.img">
<imgdir name="info">
<imgdir name="script">
<imgdir name="0">
<string name="script" value="blackShadowHene1"/>
</imgdir>
</imgdir>
<int name="dcLeft" value="-30"/>
<int name="dcTop" value="-107"/>
<int name="dcRight" value="90"/>
<int name="dcBottom" value="-7"/>
<int name="hideName" value="1"/>
<int name="talkMouseOnly" value="1"/>
</imgdir>
<imgdir name="stand">
<canvas name="0" width="4" height="4">
<vector name="origin" x="0" y="4"/>
</canvas>
</imgdir>
<imgdir name="blackShadow">
<canvas name="0" width="60" height="107">
<vector name="origin" x="26" y="117"/>
<int name="z" value="0"/>
<string name="_hash" value="8652ac84f3704de30189c79202c9dd916050f2e9927fd506335ae106499af7b2"/>
</canvas>
<canvas name="1" width="60" height="108">
<vector name="origin" x="34" y="118"/>
<int name="z" value="0"/>
<string name="_hash" value="3cb451617ff1f93f58b52de96a1fb1e6aa559a8882b9601d765621726594f664"/>
</canvas>
<canvas name="2" width="60" height="108">
<vector name="origin" x="38" y="119"/>
<int name="z" value="0"/>
<string name="_hash" value="ff8bfee2cbf77b0935063c1ea20fc0757e33b61e3f306fc0a19b5acfc2c75bc6"/>
</canvas>
<canvas name="3" width="60" height="108">
<vector name="origin" x="42" y="120"/>
<int name="z" value="0"/>
<string name="_hash" value="42f21100da50c3061b8a183247610829318ced299f7a44e8050abaeb8e9aec2d"/>
</canvas>
<canvas name="4" width="60" height="107">
<vector name="origin" x="44" y="119"/>
<int name="z" value="0"/>
<string name="_hash" value="0c441e46b1e5c500f9c2396941774170f5b81ec94e3961e457f5a2b761090944"/>
</canvas>
<canvas name="5" width="60" height="107">
<vector name="origin" x="52" y="118"/>
<int name="z" value="0"/>
<string name="_hash" value="d3f8a81e69b0474ca9bd1a32d86f7758efcb170efabc4b76f9776ed8b1af7098"/>
</canvas>
<canvas name="6" width="60" height="107">
<vector name="origin" x="65" y="117"/>
<int name="z" value="0"/>
<string name="_hash" value="540c09728a608b2a50ac5877594949a2039c239e2c5950db3efbba9fc611176b"/>
</canvas>
<canvas name="7" width="60" height="107">
<vector name="origin" x="77" y="117"/>
<int name="z" value="0"/>
<string name="_hash" value="bffdd97bd761f1ca52d972ce85410d4dcb1147f20e95f14b68b26174f8922e35"/>
</canvas>
<canvas name="8" width="60" height="108">
<vector name="origin" x="81" y="118"/>
<int name="z" value="0"/>
<string name="_hash" value="371adb868616a2e553c3eaea9747cc3583f20edacd0cb9072a2d0d98ad3fe80d"/>
</canvas>
<canvas name="9" width="60" height="108">
<vector name="origin" x="83" y="119"/>
<int name="z" value="0"/>
<string name="_hash" value="825b46b94a606fec5be41a5bf7769d48a44173e65786cb98d2e09bf74019a43a"/>
</canvas>
<canvas name="10" width="60" height="108">
<vector name="origin" x="84" y="120"/>
<int name="z" value="0"/>
<string name="_hash" value="4790231ce1a7a48f481abac8fa2a317b0a5c1f58252325d6d3d87e069ee01be8"/>
</canvas>
<canvas name="11" width="60" height="107">
<vector name="origin" x="85" y="119"/>
<int name="z" value="0"/>
<string name="_hash" value="2c826b104176fe639a8fb6e30c95efabce7e2157252ae3b743445a7bd42362d4"/>
</canvas>
<canvas name="12" width="60" height="107">
<vector name="origin" x="86" y="118"/>
<int name="z" value="0"/>
<string name="_hash" value="18952ee0886a6b5b81cb9760bc497c109ed3cfbca31f9b743e07c7661a652aaf"/>
</canvas>
<canvas name="13" width="60" height="107">
<vector name="origin" x="86" y="117"/>
<int name="z" value="0"/>
<string name="_hash" value="cf6786244db004e417ec4afa2f0509c7fd4281f1ada5655fc955e6a4051bf90c"/>
</canvas>
<canvas name="14" width="60" height="107">
<vector name="origin" x="86" y="117"/>
<int name="z" value="0"/>
<string name="_hash" value="a0bca15b4a0dbf3100711395b85cd7fddbd90fd832d6ccec08e9896496704e36"/>
</canvas>
<canvas name="15" width="60" height="107">
<vector name="origin" x="86" y="117"/>
<int name="z" value="0"/>
<string name="_hash" value="7d9dbc8635b555e31601141105d0518c31a5cd312d5fa85d740339a0e68bb8c8"/>
</canvas>
<canvas name="16" width="60" height="106">
<vector name="origin" x="86" y="117"/>
<int name="z" value="0"/>
<string name="_hash" value="8f2c0cfba848603d85e7d106bbe28e4759c06cccd903b45a2ed14cad91e871e1"/>
</canvas>
<canvas name="17" width="60" height="104">
<vector name="origin" x="86" y="116"/>
<int name="z" value="0"/>
<string name="_hash" value="abee794d8e5a9103b838c05d8361c990e293926d1b4725d976edc266bff73a84"/>
</canvas>
<canvas name="18" width="60" height="105">
<vector name="origin" x="86" y="117"/>
<int name="z" value="0"/>
<string name="_hash" value="c920d26756bc54b2fbcc5a1d56eb9a61f1b2af39257e923c63b7b948788ba19b"/>
</canvas>
<canvas name="19" width="60" height="105">
<vector name="origin" x="86" y="116"/>
<int name="z" value="0"/>
<string name="_hash" value="ba4deec36f5e77ede834ebc0374acd6dc225d587fdaa6b41bffe88a6d94916c3"/>
</canvas>
<canvas name="20" width="60" height="107">
<vector name="origin" x="86" y="117"/>
<int name="z" value="0"/>
<string name="_hash" value="0ed93754b977c8ee13c950d20b2ddcc03842bc18deff5d19eb4722a81266f7bb"/>
</canvas>
<canvas name="21" width="60" height="106">
<vector name="origin" x="86" y="116"/>
<int name="z" value="0"/>
<string name="_hash" value="f439569a221e0a87471f271cbee29929efc555fa995f9dcb2c90b9f7f679b24f"/>
</canvas>
<canvas name="22" width="60" height="107">
<vector name="origin" x="86" y="117"/>
<int name="z" value="0"/>
<string name="_hash" value="8ea2d52e55485fb86f24c7c22633cdf03e75a6e3c68540793d9012cc650d1889"/>
</canvas>
<canvas name="23" width="60" height="105">
<vector name="origin" x="86" y="116"/>
<int name="z" value="0"/>
<string name="_hash" value="785a1e20fae77fc8a92a7b4a851b2f283eea3b09be24e4ccc258878907f73509"/>
</canvas>
<canvas name="24" width="60" height="105">
<vector name="origin" x="86" y="117"/>
<int name="z" value="0"/>
<string name="_hash" value="c8248f09a5fbdf1033f01c60d6d925e86246179194b53a9f79f6e835027fb5d1"/>
</canvas>
<canvas name="25" width="60" height="104">
<vector name="origin" x="86" y="116"/>
<int name="z" value="0"/>
<string name="_hash" value="62904962f79a3bfe6890bed527ea3b68b67c0ce892641fdc05ae5a3502b4f805"/>
</canvas>
<canvas name="26" width="60" height="106">
<vector name="origin" x="86" y="117"/>
<int name="z" value="0"/>
<string name="_hash" value="a42ce6922410c67ff22b1d43637461693d37f1e8edec441f0df4b4db0b75b5e1"/>
</canvas>
<canvas name="27" width="60" height="106">
<vector name="origin" x="86" y="116"/>
<int name="z" value="0"/>
<string name="_hash" value="1aeff961ca26ba6ea3da11a9d228605c8a3e9466cc63e8bc88e55bae7f8f7d77"/>
</canvas>
<canvas name="28" width="60" height="107">
<vector name="origin" x="86" y="117"/>
<int name="z" value="0"/>
<string name="_hash" value="c0b2ab4823681eb0c628ca4572a4000c9ddcc452ccaf404892c3947de01e0ff9"/>
</canvas>
<canvas name="29" width="1" height="1">
<vector name="origin" x="86" y="118"/>
<int name="z" value="0"/>
<string name="_inlink" value="blackShadow/28"/>
</canvas>
<canvas name="30" width="60" height="107">
<vector name="origin" x="85" y="119"/>
<int name="z" value="0"/>
<string name="_hash" value="5d104c587543a4e28b51c96b1517c12af07895c8ff39ab10b908a45829e42a47"/>
</canvas>
<canvas name="31" width="60" height="108">
<vector name="origin" x="84" y="120"/>
<int name="z" value="0"/>
<string name="_hash" value="6b7f738a15f99ac3a681022734a6eba0281a0f08498a3ba7630724cfc52d6955"/>
</canvas>
<canvas name="32" width="60" height="108">
<vector name="origin" x="83" y="119"/>
<int name="z" value="0"/>
<string name="_hash" value="ef1088afaec3e4780fd12107199c62f48970ccd4b03cb24fdbdd236385bf175a"/>
</canvas>
<canvas name="33" width="60" height="108">
<vector name="origin" x="81" y="118"/>
<int name="z" value="0"/>
<string name="_hash" value="8b79829fdc49b208f9b1a1293a18866a52f875c8e2de667c7b8e13c2e0136b82"/>
</canvas>
<canvas name="34" width="60" height="107">
<vector name="origin" x="77" y="117"/>
<int name="z" value="0"/>
<string name="_hash" value="95e58c30b725d40c4c8e054404f5e6b46574d341a9524eb355d2d4603cf89ac9"/>
</canvas>
<canvas name="35" width="60" height="107">
<vector name="origin" x="65" y="117"/>
<int name="z" value="0"/>
<string name="_hash" value="2b37e62fc6d95ad1ed6c935abb62ccc44397024ac0947abcd53dcb009019680f"/>
</canvas>
<canvas name="36" width="60" height="107">
<vector name="origin" x="52" y="118"/>
<int name="z" value="0"/>
<string name="_hash" value="ff7dc28ae07f81f32c04afcc5da74c6e2e22137116b82f572be725080da21585"/>
</canvas>
<canvas name="37" width="60" height="107">
<vector name="origin" x="44" y="119"/>
<int name="z" value="0"/>
<string name="_hash" value="73b6774b1ff80a4dd0130d0b6fe849bcc76bec0780fc2d0e59e07d8093728629"/>
</canvas>
<canvas name="38" width="60" height="108">
<vector name="origin" x="42" y="120"/>
<int name="z" value="0"/>
<string name="_hash" value="f2cc4a7d641af9a0c4e91b7226ae7362d79dc9296b63dbb9caf8aafbae897c4c"/>
</canvas>
<canvas name="39" width="60" height="108">
<vector name="origin" x="40" y="119"/>
<int name="z" value="0"/>
<string name="_hash" value="fd80e3c1c64f24eac0fe4f822be8f6c3a9441313b40ef37d54df8c6e5ca92416"/>
</canvas>
<int name="special" value="1"/>
</imgdir>
</imgdir>
