<?xml version="1.0" encoding="UTF-8" standalone="yes"?>
<imgdir name="1012103.img">
<imgdir name="info">
<imgdir name="script">
<imgdir name="0">
<string name="script" value="hair_henesys1"/>
</imgdir>
</imgdir>
</imgdir>
<imgdir name="stand">
<canvas name="0" width="61" height="75">
<vector name="origin" x="32" y="75"/>
<int name="z" value="0"/>
<int name="delay" value="300"/>
<string name="_hash" value="45c61b7ecc41b2e9bddb2e5a7212771b8b7e97e53a1381b34be788347f6c766b"/>
</canvas>
</imgdir>
<imgdir name="eye">
<canvas name="0" width="1" height="1">
<vector name="origin" x="32" y="75"/>
<int name="z" value="0"/>
<string name="_inlink" value="stand/0"/>
</canvas>
<canvas name="1" width="61" height="75">
<vector name="origin" x="32" y="75"/>
<int name="z" value="0"/>
<string name="_hash" value="4fcb5ff61176bafb750c8df4cb5ca43f5f285d9553c1cbd9cfa0f7025a52de91"/>
</canvas>
<canvas name="2" width="1" height="1">
<vector name="origin" x="32" y="75"/>
<int name="z" value="0"/>
<string name="_inlink" value="stand/0"/>
</canvas>
<canvas name="3" width="1" height="1">
<vector name="origin" x="32" y="75"/>
<int name="z" value="0"/>
<string name="_inlink" value="eye/1"/>
</canvas>
</imgdir>
<imgdir name="say">
<canvas name="0" width="1" height="1">
<vector name="origin" x="32" y="75"/>
<int name="z" value="0"/>
<string name="_inlink" value="stand/0"/>
</canvas>
<canvas name="1" width="61" height="75">
<vector name="origin" x="32" y="75"/>
<int name="z" value="0"/>
<string name="_hash" value="30c4888507aed82c2d66307c2bd3827b5a00f1f82412fb58b56f9d0cdd9c1fc6"/>
</canvas>
<uol name="2" value="0"/>
<uol name="3" value="1"/>
<uol name="4" value="0"/>
<uol name="5" value="0"/>
<uol name="6" value="0"/>
<uol name="7" value="0"/>
<imgdir name="speak">
<string name="0" value="n0"/>
<string name="1" value="n1"/>
</imgdir>
</imgdir>
<imgdir name="dry">
<canvas name="0" width="61" height="75">
<vector name="origin" x="32" y="75"/>
<int name="z" value="0"/>
<string name="_hash" value="ac043e56a3973a1086ca2a9bc3b950fe4bfac5a7fff4044c650f470498bbee2b"/>
</canvas>
<canvas name="1" width="60" height="75">
<vector name="origin" x="31" y="75"/>
<int name="z" value="0"/>
<string name="_hash" value="4069ca30a78484f92b19df5f80198d11c9c6ff0f57476a264c9eefb6ca3ce97f"/>
</canvas>
<canvas name="2" width="58" height="75">
<vector name="origin" x="29" y="75"/>
<int name="z" value="0"/>
<string name="_hash" value="49ed91952c2acb762541dd6d855f6f9c4650cb252d907d4d68fc6add077d79e2"/>
</canvas>
<canvas name="3" width="1" height="1">
<vector name="origin" x="31" y="75"/>
<int name="z" value="0"/>
<string name="_inlink" value="dry/1"/>
</canvas>
<canvas name="4" width="1" height="1">
<vector name="origin" x="29" y="75"/>
<int name="z" value="0"/>
<string name="_inlink" value="dry/2"/>
</canvas>
<canvas name="5" width="1" height="1">
<vector name="origin" x="31" y="75"/>
<int name="z" value="0"/>
<string name="_inlink" value="dry/1"/>
</canvas>
</imgdir>
</imgdir>
