<?xml version="1.0" encoding="UTF-8" standalone="yes"?>
<imgdir name="1012006.img">
<imgdir name="info">
<imgdir name="script">
<imgdir name="0">
<string name="script" value="pet_lifeitem"/>
</imgdir>
</imgdir>
</imgdir>
<imgdir name="stand">
<canvas name="0" width="56" height="79">
<vector name="origin" x="30" y="79"/>
<int name="z" value="0"/>
<int name="delay" value="600"/>
<string name="_hash" value="933703acf14c3d1b1bb9c78054c11654f69371eac1b31028d384e893dfa69b36"/>
</canvas>
</imgdir>
<imgdir name="say">
<canvas name="0" width="1" height="1">
<vector name="origin" x="30" y="79"/>
<int name="z" value="0"/>
<string name="_inlink" value="stand/0"/>
</canvas>
<canvas name="1" width="56" height="79">
<vector name="origin" x="30" y="79"/>
<int name="z" value="0"/>
<string name="_hash" value="9d43dd44d64b1a79a420850398ef5bbb936f790ff5f17497c216b63ddd50b960"/>
</canvas>
<canvas name="2" width="1" height="1">
<vector name="origin" x="30" y="79"/>
<int name="z" value="0"/>
<string name="_inlink" value="stand/0"/>
</canvas>
<canvas name="3" width="1" height="1">
<vector name="origin" x="30" y="79"/>
<int name="z" value="0"/>
<string name="_inlink" value="say/1"/>
</canvas>
<uol name="4" value="0"/>
<uol name="5" value="1"/>
<uol name="6" value="2"/>
<uol name="7" value="3"/>
<uol name="8" value="0"/>
<uol name="9" value="0"/>
<uol name="10" value="0"/>
<uol name="11" value="0"/>
<imgdir name="speak">
<string name="0" value="n0"/>
<string name="1" value="n1"/>
</imgdir>
</imgdir>
<imgdir name="eye">
<canvas name="0" width="1" height="1">
<vector name="origin" x="30" y="79"/>
<int name="z" value="0"/>
<string name="_inlink" value="stand/0"/>
</canvas>
<canvas name="1" width="56" height="79">
<vector name="origin" x="30" y="79"/>
<int name="z" value="0"/>
<string name="_hash" value="aa2f85fb89e8d430958a87812bde02ce9e48a1e0b8b974c8e29b993a144b36f6"/>
</canvas>
<canvas name="2" width="1" height="1">
<vector name="origin" x="30" y="79"/>
<int name="z" value="0"/>
<string name="_inlink" value="eye/1"/>
</canvas>
<canvas name="3" width="1" height="1">
<vector name="origin" x="30" y="79"/>
<int name="z" value="0"/>
<string name="_inlink" value="eye/1"/>
</canvas>
<uol name="4" value="0"/>
<uol name="6" value="0"/>
</imgdir>
</imgdir>
