<?xml version="1.0" encoding="UTF-8" standalone="yes"?>
<imgdir name="1012107.img">
<imgdir name="info">
</imgdir>
<imgdir name="stand">
<canvas name="0" width="45" height="69">
<vector name="origin" x="22" y="69"/>
<int name="z" value="0"/>
<int name="delay" value="300"/>
<string name="_hash" value="7ef18ec7d405d67fde0fdd4c9cb93758d3bc8ed432c86bc711ceb6faa13dd6fb"/>
</canvas>
</imgdir>
<imgdir name="eye">
<canvas name="0" width="1" height="1">
<vector name="origin" x="22" y="69"/>
<int name="z" value="0"/>
<string name="_inlink" value="stand/0"/>
</canvas>
<canvas name="1" width="45" height="69">
<vector name="origin" x="22" y="69"/>
<int name="z" value="0"/>
<string name="_hash" value="67c840057d0a9f357484b06c92d4f5eb6a489391c6d9edef1b405ed8c1f615dc"/>
</canvas>
<canvas name="2" width="45" height="69">
<vector name="origin" x="22" y="69"/>
<int name="z" value="0"/>
<string name="_hash" value="94fd992a512ffd0448cb6ff3271eb879f3b95d7984d6c5b66257fe7c5fdc12ed"/>
</canvas>
<uol name="3" value="0"/>
<uol name="4" value="1"/>
<uol name="5" value="2"/>
</imgdir>
<imgdir name="say">
<canvas name="0" width="1" height="1">
<vector name="origin" x="22" y="69"/>
<int name="z" value="0"/>
<string name="_inlink" value="stand/0"/>
</canvas>
<canvas name="1" width="45" height="69">
<vector name="origin" x="22" y="69"/>
<int name="z" value="0"/>
<string name="_hash" value="3e207875e693103d548ab438c475f0433731e6e08f0c314b9f1f47b11f39329b"/>
</canvas>
<uol name="2" value="0"/>
<uol name="3" value="1"/>
<uol name="4" value="0"/>
<uol name="5" value="0"/>
<uol name="6" value="0"/>
<uol name="7" value="0"/>
<imgdir name="speak">
<string name="0" value="s0"/>
<string name="1" value="s1"/>
<string name="2" value="s2"/>
</imgdir>
</imgdir>
</imgdir>
