<?xml version="1.0" encoding="UTF-8" standalone="yes"?>
<imgdir name="1012007.img">
<imgdir name="info">
<imgdir name="script">
<imgdir name="0">
<string name="script" value="pet_letter"/>
</imgdir>
</imgdir>
</imgdir>
<imgdir name="stand">
<canvas name="0" width="57" height="74">
<vector name="origin" x="31" y="74"/>
<int name="delay" value="300"/>
<string name="_hash" value="9beb096fdc83ae26cf46f31961f4c2b024442f157970c5f9dd7abc7c82893052"/>
</canvas>
</imgdir>
<imgdir name="say">
<canvas name="0" width="1" height="1">
<vector name="origin" x="31" y="74"/>
<int name="z" value="0"/>
<string name="_inlink" value="stand/0"/>
</canvas>
<canvas name="1" width="57" height="74">
<vector name="origin" x="31" y="74"/>
<int name="z" value="0"/>
<string name="_hash" value="f01b1f2663ef1707ea0d70ec3e04fe31796eed1b6c039d46c3921b6304ad9764"/>
</canvas>
<canvas name="2" width="1" height="1">
<vector name="origin" x="31" y="74"/>
<int name="z" value="0"/>
<string name="_inlink" value="stand/0"/>
</canvas>
<canvas name="3" width="1" height="1">
<vector name="origin" x="31" y="74"/>
<int name="z" value="0"/>
<string name="_inlink" value="say/1"/>
</canvas>
<uol name="4" value="0"/>
<uol name="5" value="1"/>
<uol name="6" value="2"/>
<uol name="7" value="3"/>
<uol name="8" value="0"/>
<uol name="9" value="0"/>
<uol name="10" value="0"/>
<uol name="11" value="0"/>
<imgdir name="speak">
<string name="0" value="n0"/>
<string name="1" value="n1"/>
</imgdir>
</imgdir>
<imgdir name="eye">
<canvas name="0" width="1" height="1">
<vector name="origin" x="31" y="74"/>
<int name="z" value="0"/>
<string name="_inlink" value="stand/0"/>
</canvas>
<canvas name="1" width="57" height="74">
<vector name="origin" x="31" y="74"/>
<int name="z" value="0"/>
<string name="_hash" value="b686c582b3ed79ac1487771cbff3768e0b4e867acc81da429b0c5bd9a3d5f623"/>
</canvas>
<canvas name="2" width="57" height="74">
<vector name="origin" x="31" y="74"/>
<int name="z" value="0"/>
<string name="_hash" value="7465fcf55b18f08b619ecd0de553fb0082169149515b3d423edc089489854b1b"/>
</canvas>
</imgdir>
</imgdir>
