<?xml version="1.0" encoding="UTF-8" standalone="yes"?>
<imgdir name="1012102.img">
<imgdir name="info">
<imgdir name="speak">
<string name="0" value="n0"/>
<string name="1" value="n1"/>
<string name="2" value="n2"/>
</imgdir>
<imgdir name="script">
<imgdir name="0">
<string name="script" value="npc_1012102"/>
</imgdir>
</imgdir>
</imgdir>
<imgdir name="stand">
<int name="zigzag" value="1"/>
<canvas name="0" width="58" height="67">
<vector name="origin" x="28" y="67"/>
<int name="z" value="0"/>
<string name="_hash" value="f7331b669f22b06d5f84b2e27a3214f6e55429f41fef90898a479aef5438ad2c"/>
</canvas>
</imgdir>
<imgdir name="say">
<canvas name="0" width="1" height="1">
<vector name="origin" x="28" y="67"/>
<int name="z" value="0"/>
<string name="_inlink" value="stand/0"/>
</canvas>
<canvas name="1" width="58" height="67">
<vector name="origin" x="28" y="67"/>
<int name="z" value="0"/>
<string name="_hash" value="9da37233df3ef6a2d1cad2cd1e896f9f0a8902e4269ac225852c270045f264be"/>
</canvas>
<uol name="2" value="0"/>
<uol name="3" value="1"/>
<uol name="4" value="0"/>
<uol name="5" value="0"/>
<uol name="6" value="0"/>
<uol name="7" value="0"/>
</imgdir>
<imgdir name="cry">
<canvas name="0" width="1" height="1">
<vector name="origin" x="28" y="67"/>
<int name="z" value="0"/>
<string name="_inlink" value="stand/0"/>
</canvas>
<canvas name="1" width="58" height="66">
<vector name="origin" x="28" y="66"/>
<int name="z" value="0"/>
<string name="_hash" value="cabaf99bc1af1b1cd094dc3334e07c07066194f09b947573e3254ed3c13f68bd"/>
</canvas>
<canvas name="2" width="58" height="67">
<vector name="origin" x="28" y="67"/>
<int name="z" value="0"/>
<string name="_hash" value="c1f7de4718df5867c9e5ac3a9639bcba7b140831e2f698730e073158ff9bc454"/>
</canvas>
<canvas name="3" width="58" height="66">
<vector name="origin" x="28" y="66"/>
<int name="z" value="0"/>
<string name="_hash" value="cf04fb14e9c05daa1a60ded83b5bce50dd64e1cd074dc3ad3d084f6fc138b5cf"/>
</canvas>
<canvas name="4" width="58" height="67">
<vector name="origin" x="28" y="67"/>
<int name="z" value="0"/>
<string name="_hash" value="ec44e13e5261a6635df9e4bf4ce00a5861fd91e078c58c1c618fab2081650de3"/>
</canvas>
<canvas name="5" width="58" height="66">
<vector name="origin" x="28" y="66"/>
<int name="z" value="0"/>
<string name="_hash" value="6f9bdfa14b3fbde55d3e3d55f78570f2c6976955ff75be1e6ab9afcd3ea075ab"/>
</canvas>
<canvas name="6" width="58" height="67">
<vector name="origin" x="28" y="67"/>
<int name="z" value="0"/>
<string name="_hash" value="5a8c24e37c44534e3cce78b75fdb8a61bc6cb1dffecfbdb41f129ff61bfdfb4c"/>
</canvas>
</imgdir>
<imgdir name="act2156">
<canvas name="0" width="58" height="67">
<vector name="origin" x="28" y="67"/>
<int name="delay" value="150"/>
<string name="_hash" value="9f4137d00e4ccd92576963ae652b358f28b0cd030888ce3ec81c02be0362dc2f"/>
</canvas>
<canvas name="1" width="71" height="78">
<vector name="origin" x="35" y="71"/>
<int name="delay" value="150"/>
<string name="_hash" value="15450f3c45920d53057f77d620340c1b53899b54cda93589b5b692204a779f6f"/>
</canvas>
<canvas name="2" width="80" height="83">
<vector name="origin" x="36" y="71"/>
<int name="delay" value="150"/>
<string name="_hash" value="9044186133496c154886c5eabc59f0a9bd4d034b2941b9eca566becc9873de14"/>
</canvas>
<canvas name="3" width="81" height="71">
<vector name="origin" x="40" y="65"/>
<int name="delay" value="150"/>
<string name="_hash" value="8a2a5118a989de26dd183ca55810ad3ff93c26daed5e9562e29bfa0cff583f92"/>
</canvas>
<canvas name="4" width="86" height="68">
<vector name="origin" x="40" y="62"/>
<int name="delay" value="150"/>
<string name="_hash" value="e1273f353588f15b6839525caef5c87c9be6204bd45003f01080f7085641703c"/>
</canvas>
<canvas name="5" width="77" height="62">
<vector name="origin" x="33" y="58"/>
<int name="delay" value="150"/>
<string name="_hash" value="4dfa51824583cdd45c9f5b6afcbeecaa63439aba713c668aa450bce825940757"/>
</canvas>
<canvas name="6" width="70" height="54">
<vector name="origin" x="30" y="53"/>
<int name="delay" value="210"/>
<string name="_hash" value="f5c0b4bbddb193c6cfa1fcdb93a525c9a90179423c1591daa3ffacfa65c3b5af"/>
</canvas>
<canvas name="7" width="37" height="37">
<vector name="origin" x="17" y="37"/>
<int name="delay" value="210"/>
<string name="_hash" value="d3c49ef3e123b2a16e67e558314b0807866bc8db17c5cc423f99199fcfdd5b89"/>
</canvas>
<canvas name="8" width="41" height="46">
<vector name="origin" x="17" y="46"/>
<int name="delay" value="210"/>
<string name="_hash" value="d43afa148aa3c26e8196d3e104fc647fb3ad5797589dea9d91e35a416af8e66c"/>
</canvas>
<canvas name="9" width="46" height="51">
<vector name="origin" x="17" y="51"/>
<int name="delay" value="270"/>
<string name="_hash" value="e0131527e56ac04463d5a1c6c9720eb3e8b812aadfd8dcdb1e69a1bca0a5835d"/>
</canvas>
<canvas name="10" width="64" height="87">
<vector name="origin" x="17" y="87"/>
<int name="delay" value="210"/>
<string name="_hash" value="dd1fe6158d9fc58639b5303131b1426657557b31240570f9a5824f0090a0ac4b"/>
</canvas>
<canvas name="11" width="51" height="54">
<vector name="origin" x="17" y="54"/>
<int name="delay" value="210"/>
<string name="_hash" value="39f9b72bcdb788bbfa1746338ac87d85ec59705ced7a0a16247dcae2f27ad283"/>
</canvas>
<canvas name="12" width="53" height="56">
<vector name="origin" x="17" y="56"/>
<int name="delay" value="270"/>
<string name="_hash" value="488a3a3036c6d3b18496e550cafa54287c7a1388c6c9344951ef7ab5489adbe3"/>
</canvas>
<uol name="13" value="7"/>
<uol name="14" value="8"/>
<canvas name="15" width="1" height="1">
<vector name="origin" x="17" y="51"/>
<int name="delay" value="330"/>
<string name="_inlink" value="act2156/9"/>
</canvas>
<uol name="16" value="10"/>
<uol name="17" value="11"/>
<uol name="18" value="12"/>
<canvas name="20" width="70" height="91">
<vector name="origin" x="17" y="91"/>
<int name="delay" value="210"/>
<string name="_hash" value="fa7c235b5bc7254ae76ed2d30c86af4cb55b3488f738f65a1f69536bd9ec10ee"/>
</canvas>
<canvas name="21" width="71" height="78">
<vector name="origin" x="35" y="71"/>
<int name="delay" value="150"/>
<string name="_hash" value="c22c18ffbf0f571f2515f110175a36eac551ab5642b2bc5b7c032b2ccee5d1b9"/>
</canvas>
<canvas name="22" width="80" height="83">
<vector name="origin" x="36" y="71"/>
<int name="delay" value="150"/>
<string name="_hash" value="73d9950b39d5d0ef719d0964911804fb71a3c973816c2c78b642bfb959b5d3f7"/>
</canvas>
<uol name="23" value="0"/>
<uol name="24" value="0"/>
<int name="special" value="1"/>
</imgdir>
</imgdir>
