<?xml version="1.0" encoding="UTF-8" standalone="yes"?>
<imgdir name="1012111.img">
<imgdir name="info">
</imgdir>
<imgdir name="stand">
<canvas name="0" width="49" height="78">
<vector name="origin" x="25" y="78"/>
<int name="z" value="0"/>
<int name="delay" value="450"/>
<string name="_hash" value="f83b2b99ab3396173774235ce9c92caee7448780d4187827dd7565833ce914cd"/>
</canvas>
</imgdir>
<imgdir name="say">
<canvas name="0" width="1" height="1">
<vector name="origin" x="25" y="78"/>
<int name="z" value="0"/>
<string name="_inlink" value="stand/0"/>
</canvas>
<canvas name="1" width="49" height="78">
<vector name="origin" x="25" y="78"/>
<int name="z" value="0"/>
<string name="_hash" value="9829b72795b709507b8ebe73dff0499ee99386d78a20be6451d0f1edf04de520"/>
</canvas>
<uol name="2" value="0"/>
<uol name="3" value="1"/>
<uol name="4" value="0"/>
<uol name="5" value="0"/>
<uol name="6" value="0"/>
<uol name="7" value="0"/>
<imgdir name="speak">
<string name="0" value="s0"/>
<string name="1" value="s1"/>
</imgdir>
</imgdir>
<imgdir name="eye">
<canvas name="0" width="1" height="1">
<vector name="origin" x="25" y="78"/>
<int name="z" value="0"/>
<int name="delay" value="150"/>
<string name="_inlink" value="stand/0"/>
</canvas>
<canvas name="1" width="49" height="78">
<vector name="origin" x="25" y="78"/>
<int name="z" value="0"/>
<int name="delay" value="150"/>
<string name="_hash" value="2a0ce526aa187c53d4d55e08551e70edcb0d6a75e5e1ff0114e400fff9b15277"/>
</canvas>
<canvas name="2" width="49" height="78">
<vector name="origin" x="25" y="78"/>
<int name="z" value="0"/>
<int name="delay" value="150"/>
<string name="_hash" value="064e5f6c02b335c55f08f6463af73e007e26f3d30eba17823eae80d5504e4b0a"/>
</canvas>
<canvas name="3" width="49" height="78">
<vector name="origin" x="25" y="78"/>
<int name="z" value="0"/>
<int name="delay" value="150"/>
<string name="_hash" value="8b770fef74591ae09f5e9c5193d50d1853c44123458b1fc93146574e526279b4"/>
</canvas>
<canvas name="4" width="1" height="1">
<vector name="origin" x="25" y="78"/>
<int name="z" value="0"/>
<int name="delay" value="150"/>
<string name="_inlink" value="eye/2"/>
</canvas>
<canvas name="5" width="1" height="1">
<vector name="origin" x="25" y="78"/>
<int name="z" value="0"/>
<int name="delay" value="150"/>
<string name="_inlink" value="eye/1"/>
</canvas>
</imgdir>
</imgdir>
