<?xml version="1.0" encoding="UTF-8" standalone="yes"?>
<imgdir name="1012108.img">
<imgdir name="info">
</imgdir>
<imgdir name="stand">
<canvas name="0" width="46" height="66">
<vector name="origin" x="22" y="66"/>
<int name="delay" value="1000"/>
<string name="_hash" value="88fb4ae69b457ad9360ecae178501e9c6c35ec300093ad28e0290cce601e5889"/>
</canvas>
<canvas name="1" width="46" height="66">
<vector name="origin" x="22" y="66"/>
<int name="delay" value="100"/>
<string name="_hash" value="a385539d18afbdede92ce6a3d59e530f24b323b67226ab037375102fbd58f739"/>
</canvas>
<canvas name="2" width="46" height="66">
<vector name="origin" x="22" y="66"/>
<int name="delay" value="100"/>
<string name="_hash" value="696dbb5c7423f5c740d71c5e4947c6bec860ec73e94472b70c70a647e3f07da5"/>
</canvas>
<canvas name="3" width="1" height="1">
<vector name="origin" x="22" y="66"/>
<int name="delay" value="600"/>
<string name="_inlink" value="stand/0"/>
</canvas>
<uol name="4" value="1"/>
<uol name="5" value="2"/>
<canvas name="6" width="1" height="1">
<vector name="origin" x="22" y="66"/>
<int name="delay" value="100"/>
<string name="_inlink" value="stand/0"/>
</canvas>
<uol name="7" value="1"/>
<uol name="8" value="2"/>
</imgdir>
<imgdir name="say">
<canvas name="0" width="1" height="1">
<vector name="origin" x="22" y="66"/>
<int name="delay" value="1000"/>
<string name="_inlink" value="stand/0"/>
</canvas>
<canvas name="1" width="46" height="66">
<vector name="origin" x="22" y="66"/>
<int name="delay" value="100"/>
<string name="_hash" value="51692285c5d0db4de8e1b27eb6974cbe69892e26e3025b14050cc6dceb84b1ff"/>
</canvas>
<canvas name="2" width="1" height="1">
<vector name="origin" x="22" y="66"/>
<int name="delay" value="200"/>
<string name="_inlink" value="stand/0"/>
</canvas>
<canvas name="3" width="1" height="1">
<vector name="origin" x="22" y="66"/>
<int name="delay" value="100"/>
<string name="_inlink" value="say/1"/>
</canvas>
<canvas name="4" width="1" height="1">
<vector name="origin" x="22" y="66"/>
<int name="delay" value="200"/>
<string name="_inlink" value="stand/0"/>
</canvas>
<canvas name="5" width="1" height="1">
<vector name="origin" x="22" y="66"/>
<int name="delay" value="100"/>
<string name="_inlink" value="say/1"/>
</canvas>
<canvas name="6" width="1" height="1">
<vector name="origin" x="22" y="66"/>
<int name="delay" value="700"/>
<string name="_inlink" value="stand/0"/>
</canvas>
<canvas name="7" width="1" height="1">
<vector name="origin" x="22" y="66"/>
<int name="delay" value="700"/>
<string name="_inlink" value="stand/2"/>
</canvas>
<canvas name="8" width="1" height="1">
<vector name="origin" x="22" y="66"/>
<int name="delay" value="100"/>
<string name="_inlink" value="stand/1"/>
</canvas>
<canvas name="9" width="1" height="1">
<vector name="origin" x="22" y="66"/>
<int name="delay" value="100"/>
<string name="_inlink" value="stand/2"/>
</canvas>
<imgdir name="speak">
<string name="0" value="s0"/>
<string name="1" value="s1"/>
<string name="2" value="s2"/>
</imgdir>
</imgdir>
<imgdir name="condition1">
<int name="22557" value="1"/>
<int name="hide" value="1"/>
<imgdir name="stand">
<canvas name="0" width="1" height="1">
<vector name="origin" x="22" y="66"/>
<int name="delay" value="1000"/>
<string name="_inlink" value="stand/0"/>
</canvas>
<canvas name="1" width="1" height="1">
<vector name="origin" x="22" y="66"/>
<int name="delay" value="100"/>
<string name="_inlink" value="stand/1"/>
</canvas>
<canvas name="2" width="1" height="1">
<vector name="origin" x="22" y="66"/>
<int name="delay" value="100"/>
<string name="_inlink" value="stand/2"/>
</canvas>
<canvas name="3" width="1" height="1">
<vector name="origin" x="22" y="66"/>
<int name="delay" value="600"/>
<string name="_inlink" value="stand/0"/>
</canvas>
<uol name="4" value="1"/>
<uol name="5" value="2"/>
<canvas name="6" width="1" height="1">
<vector name="origin" x="22" y="66"/>
<int name="delay" value="100"/>
<string name="_inlink" value="stand/0"/>
</canvas>
<uol name="7" value="1"/>
<uol name="8" value="2"/>
</imgdir>
<imgdir name="say">
<canvas name="0" width="1" height="1">
<vector name="origin" x="22" y="66"/>
<int name="delay" value="1000"/>
<string name="_inlink" value="stand/0"/>
</canvas>
<canvas name="1" width="1" height="1">
<vector name="origin" x="22" y="66"/>
<int name="delay" value="100"/>
<string name="_inlink" value="say/1"/>
</canvas>
<canvas name="2" width="1" height="1">
<vector name="origin" x="22" y="66"/>
<int name="delay" value="200"/>
<string name="_inlink" value="stand/0"/>
</canvas>
<canvas name="3" width="1" height="1">
<vector name="origin" x="22" y="66"/>
<int name="delay" value="100"/>
<string name="_inlink" value="say/1"/>
</canvas>
<canvas name="4" width="1" height="1">
<vector name="origin" x="22" y="66"/>
<int name="delay" value="200"/>
<string name="_inlink" value="stand/0"/>
</canvas>
<canvas name="5" width="1" height="1">
<vector name="origin" x="22" y="66"/>
<int name="delay" value="100"/>
<string name="_inlink" value="say/1"/>
</canvas>
<canvas name="6" width="1" height="1">
<vector name="origin" x="22" y="66"/>
<int name="delay" value="700"/>
<string name="_inlink" value="stand/0"/>
</canvas>
<canvas name="7" width="1" height="1">
<vector name="origin" x="22" y="66"/>
<int name="delay" value="700"/>
<string name="_inlink" value="stand/2"/>
</canvas>
<canvas name="8" width="1" height="1">
<vector name="origin" x="22" y="66"/>
<int name="delay" value="100"/>
<string name="_inlink" value="stand/1"/>
</canvas>
<canvas name="9" width="1" height="1">
<vector name="origin" x="22" y="66"/>
<int name="delay" value="100"/>
<string name="_inlink" value="stand/2"/>
</canvas>
<imgdir name="speak">
<string name="0" value="s0"/>
<string name="1" value="s1"/>
<string name="2" value="s2"/>
</imgdir>
</imgdir>
</imgdir>
<imgdir name="condition2">
<int name="22557" value="0"/>
<int name="hide" value="1"/>
<imgdir name="stand">
<canvas name="0" width="1" height="1">
<vector name="origin" x="22" y="66"/>
<int name="delay" value="1000"/>
<string name="_inlink" value="stand/0"/>
</canvas>
<canvas name="1" width="1" height="1">
<vector name="origin" x="22" y="66"/>
<int name="delay" value="100"/>
<string name="_inlink" value="stand/1"/>
</canvas>
<canvas name="2" width="1" height="1">
<vector name="origin" x="22" y="66"/>
<int name="delay" value="100"/>
<string name="_inlink" value="stand/2"/>
</canvas>
<canvas name="3" width="1" height="1">
<vector name="origin" x="22" y="66"/>
<int name="delay" value="600"/>
<string name="_inlink" value="stand/0"/>
</canvas>
<uol name="4" value="1"/>
<uol name="5" value="2"/>
<canvas name="6" width="1" height="1">
<vector name="origin" x="22" y="66"/>
<int name="delay" value="100"/>
<string name="_inlink" value="stand/0"/>
</canvas>
<uol name="7" value="1"/>
<uol name="8" value="2"/>
</imgdir>
<imgdir name="say">
<canvas name="0" width="1" height="1">
<vector name="origin" x="22" y="66"/>
<int name="delay" value="1000"/>
<string name="_inlink" value="stand/0"/>
</canvas>
<canvas name="1" width="1" height="1">
<vector name="origin" x="22" y="66"/>
<int name="delay" value="100"/>
<string name="_inlink" value="say/1"/>
</canvas>
<canvas name="2" width="1" height="1">
<vector name="origin" x="22" y="66"/>
<int name="delay" value="200"/>
<string name="_inlink" value="stand/0"/>
</canvas>
<canvas name="3" width="1" height="1">
<vector name="origin" x="22" y="66"/>
<int name="delay" value="100"/>
<string name="_inlink" value="say/1"/>
</canvas>
<canvas name="4" width="1" height="1">
<vector name="origin" x="22" y="66"/>
<int name="delay" value="200"/>
<string name="_inlink" value="stand/0"/>
</canvas>
<canvas name="5" width="1" height="1">
<vector name="origin" x="22" y="66"/>
<int name="delay" value="100"/>
<string name="_inlink" value="say/1"/>
</canvas>
<canvas name="6" width="1" height="1">
<vector name="origin" x="22" y="66"/>
<int name="delay" value="700"/>
<string name="_inlink" value="stand/0"/>
</canvas>
<canvas name="7" width="1" height="1">
<vector name="origin" x="22" y="66"/>
<int name="delay" value="700"/>
<string name="_inlink" value="stand/2"/>
</canvas>
<canvas name="8" width="1" height="1">
<vector name="origin" x="22" y="66"/>
<int name="delay" value="100"/>
<string name="_inlink" value="stand/1"/>
</canvas>
<canvas name="9" width="1" height="1">
<vector name="origin" x="22" y="66"/>
<int name="delay" value="100"/>
<string name="_inlink" value="stand/2"/>
</canvas>
<imgdir name="speak">
<string name="0" value="s0"/>
<string name="1" value="s1"/>
<string name="2" value="s2"/>
</imgdir>
</imgdir>
</imgdir>
<imgdir name="condition3">
<imgdir name="stand">
<canvas name="0" width="75" height="86">
<vector name="origin" x="42" y="86"/>
<int name="z" value="0"/>
<int name="delay" value="210"/>
<string name="_hash" value="f7d5903b0c315f8197ff4e3c387389a3de271c09d570647595f713f01823e091"/>
</canvas>
<canvas name="1" width="75" height="86">
<vector name="origin" x="42" y="86"/>
<int name="z" value="0"/>
<int name="delay" value="210"/>
<string name="_hash" value="fd18e5b14f919f83bd69a4da964e3af7ab8eae871a92d684843451df1975ee1b"/>
</canvas>
<canvas name="2" width="1" height="1">
<vector name="origin" x="42" y="86"/>
<int name="z" value="0"/>
<int name="delay" value="210"/>
<string name="_inlink" value="condition3/stand/0"/>
</canvas>
<canvas name="3" width="1" height="1">
<vector name="origin" x="42" y="86"/>
<int name="z" value="0"/>
<int name="delay" value="210"/>
<string name="_inlink" value="condition3/stand/1"/>
</canvas>
<uol name="4" value="0"/>
<uol name="5" value="1"/>
<uol name="6" value="2"/>
<uol name="7" value="3"/>
</imgdir>
<imgdir name="say">
<canvas name="0" width="75" height="86">
<vector name="origin" x="42" y="86"/>
<int name="z" value="0"/>
<int name="delay" value="210"/>
<string name="_hash" value="ba3a901dbdf99774459cb045b6a190a9b344337a6236bd41cdad8c4c3799f8a2"/>
</canvas>
<canvas name="1" width="75" height="86">
<vector name="origin" x="42" y="86"/>
<int name="z" value="0"/>
<int name="delay" value="210"/>
<string name="_hash" value="7514634ca443c2165c0c76b71cb591c5b3d0ba5cca92dac22343a6600b4dc7b8"/>
</canvas>
<canvas name="2" width="76" height="86">
<vector name="origin" x="43" y="86"/>
<int name="z" value="0"/>
<int name="delay" value="210"/>
<string name="_hash" value="9c426f0227a93e5058b2a3bcd122f2d46d7c40dae9d356fea639fb488c65dc5d"/>
</canvas>
<canvas name="3" width="75" height="86">
<vector name="origin" x="42" y="86"/>
<int name="z" value="0"/>
<int name="delay" value="210"/>
<string name="_hash" value="fe99240e3483bb85bdf2cf83db263ee22c683a7bd77fc9cd792a63fd7f73b136"/>
</canvas>
<canvas name="4" width="1" height="1">
<vector name="origin" x="43" y="86"/>
<int name="z" value="0"/>
<int name="delay" value="210"/>
<string name="_inlink" value="condition3/say/2"/>
</canvas>
<canvas name="5" width="1" height="1">
<vector name="origin" x="42" y="86"/>
<int name="z" value="0"/>
<int name="delay" value="210"/>
<string name="_inlink" value="condition3/say/0"/>
</canvas>
<canvas name="6" width="75" height="86">
<vector name="origin" x="42" y="86"/>
<int name="z" value="0"/>
<int name="delay" value="210"/>
<string name="_hash" value="1ccac32ffa6b2e6edbf8cd900171f25815e6a08bf7594c8fb3188a15369c6ae6"/>
</canvas>
<canvas name="7" width="75" height="86">
<vector name="origin" x="42" y="86"/>
<int name="z" value="0"/>
<int name="delay" value="210"/>
<string name="_hash" value="27e65499d234e7dcdcdca19dadf3dc022f0d944d2d21d851e4175d6b226bac84"/>
</canvas>
<imgdir name="speak">
<string name="0" value="s0"/>
<string name="1" value="s1"/>
<string name="2" value="s2"/>
</imgdir>
</imgdir>
<string name="dateStart" value="201812100000"/>
<string name="dateEnd" value="201812270000"/>
</imgdir>
<imgdir name="condition4">
<imgdir name="stand">
<canvas name="0" width="95" height="67">
<vector name="origin" x="34" y="67"/>
<int name="z" value="0"/>
<int name="delay" value="180"/>
<string name="_hash" value="8d9489e5a28e4eab377d3c923fc366465744dedd68b5d1318d5a44229d3e6f87"/>
</canvas>
<canvas name="1" width="97" height="67">
<vector name="origin" x="36" y="67"/>
<int name="z" value="0"/>
<int name="delay" value="180"/>
<string name="_hash" value="dadd139204d9a7d0f85db2c88560744795d615ab2d0daea7f1a079dfd786b23d"/>
</canvas>
<canvas name="2" width="98" height="67">
<vector name="origin" x="37" y="67"/>
<int name="z" value="0"/>
<int name="delay" value="180"/>
<string name="_hash" value="6da03c92ca50f8ba81c805f2dfb3fa8cce09df02ddd86da01199f083d0248fa8"/>
</canvas>
<canvas name="3" width="97" height="67">
<vector name="origin" x="36" y="67"/>
<int name="z" value="0"/>
<int name="delay" value="180"/>
<string name="_hash" value="a57eafb77da756317d3d1c200688d50c085e34f83eb83ee612a8dd67bb6bf9ab"/>
</canvas>
<canvas name="4" width="95" height="67">
<vector name="origin" x="34" y="67"/>
<int name="z" value="0"/>
<int name="delay" value="180"/>
<string name="_hash" value="4a77ca02279c63379e2309e93862624ceed4c2ad854d7b000f6cfe2796ff40f9"/>
</canvas>
<uol name="5" value="0"/>
<uol name="6" value="1"/>
<uol name="7" value="2"/>
<uol name="8" value="3"/>
<uol name="9" value="4"/>
</imgdir>
<imgdir name="say">
<canvas name="0" width="95" height="67">
<vector name="origin" x="34" y="67"/>
<int name="z" value="0"/>
<int name="delay" value="180"/>
<string name="_hash" value="edc69c2f7b5941eb2d4e8b4b1cb9378def2aaaab3a4c5a99ff057419f30c5313"/>
</canvas>
<canvas name="1" width="1" height="1">
<vector name="origin" x="36" y="67"/>
<int name="z" value="0"/>
<int name="delay" value="180"/>
<string name="_inlink" value="condition4/stand/1"/>
</canvas>
<canvas name="2" width="98" height="67">
<vector name="origin" x="37" y="67"/>
<int name="z" value="0"/>
<int name="delay" value="180"/>
<string name="_hash" value="f2e6779f6bbb538a763ad264ebb8fab6e750d2b85e30a2a3554bd96a34163a06"/>
</canvas>
<canvas name="3" width="97" height="67">
<vector name="origin" x="36" y="67"/>
<int name="z" value="0"/>
<int name="delay" value="180"/>
<string name="_hash" value="bfd1496938aeb9ceccd7c058fa0191c681cadc188019131f5df6605263f7f3bd"/>
</canvas>
<canvas name="4" width="95" height="67">
<vector name="origin" x="34" y="67"/>
<int name="z" value="0"/>
<int name="delay" value="180"/>
<string name="_hash" value="a664e7fde4f8c7d4fc7131473eda3e4bf36a54aa45e53d45be16cb3ec4a326a5"/>
</canvas>
<imgdir name="speak">
<string name="0" value="s3"/>
<string name="1" value="s4"/>
</imgdir>
</imgdir>
<imgdir name="eye">
<canvas name="0" width="1" height="1">
<vector name="origin" x="34" y="67"/>
<int name="z" value="0"/>
<int name="delay" value="180"/>
<string name="_inlink" value="condition4/say/0"/>
</canvas>
<canvas name="1" width="95" height="67">
<vector name="origin" x="34" y="67"/>
<int name="z" value="0"/>
<int name="delay" value="180"/>
<string name="_hash" value="189b3daff480e7e52277f16d9f7adf4cb45919e9ce53a4eb0000aef951fc0201"/>
</canvas>
<canvas name="2" width="95" height="67">
<vector name="origin" x="34" y="67"/>
<int name="z" value="0"/>
<int name="delay" value="180"/>
<string name="_hash" value="e9819d921d8edcfd1fa995552e7ebd3c866e662f9d6d8c200cff2b15d0ec3a33"/>
</canvas>
</imgdir>
<string name="dateStart" value="202003100000"/>
<string name="dateEnd" value="202004082359"/>
</imgdir>
</imgdir>
