<?xml version="1.0" encoding="UTF-8" standalone="yes"?>
<imgdir name="1012123.img">
<imgdir name="info">
</imgdir>
<imgdir name="stand">
<canvas name="0" width="64" height="83">
<vector name="origin" x="28" y="83"/>
<int name="delay" value="3000"/>
<string name="_hash" value="c39bb41cf7e21138984f3a23732d62c057ecf7a9beac10d5aa9e5523125bd272"/>
</canvas>
</imgdir>
<imgdir name="say">
<canvas name="0" width="64" height="83">
<vector name="origin" x="28" y="83"/>
<int name="delay" value="1000"/>
<string name="_hash" value="03215e660f4cff45163898dda963cb0d62be14df9992f7e4903ff5b23f6b5189"/>
</canvas>
<canvas name="1" width="1" height="1">
<vector name="origin" x="28" y="83"/>
<int name="delay" value="100"/>
<string name="_inlink" value="stand/0"/>
</canvas>
<canvas name="2" width="1" height="1">
<vector name="origin" x="28" y="83"/>
<int name="delay" value="1000"/>
<string name="_inlink" value="say/0"/>
</canvas>
<canvas name="3" width="1" height="1">
<vector name="origin" x="28" y="83"/>
<int name="delay" value="1000"/>
<string name="_inlink" value="stand/0"/>
</canvas>
<uol name="4" value="0"/>
<uol name="5" value="1"/>
<uol name="6" value="2"/>
<uol name="7" value="3"/>
<uol name="8" value="0"/>
<uol name="9" value="1"/>
<uol name="10" value="2"/>
<uol name="11" value="3"/>
<imgdir name="speak">
<string name="0" value="n0"/>
<string name="1" value="n1"/>
</imgdir>
</imgdir>
<imgdir name="eye">
<canvas name="0" width="1" height="1">
<vector name="origin" x="28" y="83"/>
<int name="delay" value="150"/>
<string name="_inlink" value="stand/0"/>
</canvas>
<canvas name="1" width="64" height="83">
<vector name="origin" x="28" y="83"/>
<int name="delay" value="150"/>
<string name="_hash" value="c44e1bdcad031aa827cdd9c13e78a2c5c5d49d4ba9b7da01df069868187b11d3"/>
</canvas>
<canvas name="2" width="64" height="83">
<vector name="origin" x="28" y="83"/>
<int name="delay" value="150"/>
<string name="_hash" value="c9938faefc43e3200fabeab7377a563436d3099dcd33b7b366b7ab69499c544a"/>
</canvas>
</imgdir>
<imgdir name="hand">
<canvas name="0" width="1" height="1">
<vector name="origin" x="28" y="83"/>
<int name="delay" value="150"/>
<string name="_inlink" value="stand/0"/>
</canvas>
<canvas name="1" width="64" height="83">
<vector name="origin" x="28" y="83"/>
<int name="delay" value="150"/>
<string name="_hash" value="c5fdc969cda7a7fde5c77752ed6e241e5c78f13c197d7d0687036e7305b9ef02"/>
</canvas>
<canvas name="2" width="64" height="83">
<vector name="origin" x="28" y="83"/>
<int name="delay" value="150"/>
<string name="_hash" value="13abe5a5edf02375142dd7b327e072907fb2ba429a40f78c9461c554b915ef18"/>
</canvas>
<canvas name="3" width="1" height="1">
<vector name="origin" x="28" y="83"/>
<int name="delay" value="150"/>
<string name="_inlink" value="hand/1"/>
</canvas>
<canvas name="4" width="1" height="1">
<vector name="origin" x="28" y="83"/>
<int name="delay" value="150"/>
<string name="_inlink" value="hand/2"/>
</canvas>
<canvas name="5" width="1" height="1">
<vector name="origin" x="28" y="83"/>
<int name="delay" value="150"/>
<string name="_inlink" value="hand/1"/>
</canvas>
<canvas name="6" width="1" height="1">
<vector name="origin" x="28" y="83"/>
<int name="delay" value="150"/>
<string name="_inlink" value="hand/2"/>
</canvas>
</imgdir>
</imgdir>
