<?xml version="1.0" encoding="UTF-8" standalone="yes"?>
<imgdir name="1012113.img">
<imgdir name="info">
<imgdir name="script">
<imgdir name="0">
<string name="script" value="moonrabbit_bonus"/>
</imgdir>
</imgdir>
</imgdir>
<imgdir name="stand">
<canvas name="0" width="52" height="86">
<vector name="origin" x="26" y="86"/>
<int name="delay" value="2500"/>
<string name="_hash" value="14c468d3c080f0905343a83d30b48180f57b0b1bb520ed3c27e74155f8827556"/>
</canvas>
<canvas name="1" width="52" height="86">
<vector name="origin" x="26" y="86"/>
<int name="delay" value="100"/>
<string name="_hash" value="55d2755e39cd2f89f3d34e11407e8f3ef9d302fda114a9f8817a4a93e98113a9"/>
</canvas>
<canvas name="2" width="52" height="86">
<vector name="origin" x="26" y="86"/>
<int name="delay" value="100"/>
<string name="_hash" value="a1f3fb80ccbb79bf094ff4a973f5090165fec8ba15e7e684d95d0083f2a53d8b"/>
</canvas>
<uol name="3" value="1"/>
<uol name="4" value="2"/>
</imgdir>
<imgdir name="say">
<canvas name="0" width="1" height="1">
<vector name="origin" x="26" y="86"/>
<int name="delay" value="150"/>
<string name="_inlink" value="stand/0"/>
</canvas>
<canvas name="1" width="52" height="86">
<vector name="origin" x="26" y="86"/>
<int name="delay" value="250"/>
<string name="_hash" value="e10228a5ac8227cc36c51c21373bbeef0df9f1f446b6e3e4d38a7cb564e9411f"/>
</canvas>
<uol name="2" value="0"/>
<uol name="3" value="1"/>
<uol name="4" value="0"/>
<uol name="5" value="0"/>
<uol name="6" value="1"/>
<uol name="7" value="0"/>
<uol name="8" value="0"/>
<uol name="9" value="1"/>
<uol name="10" value="0"/>
<uol name="11" value="1"/>
<uol name="12" value="0"/>
<uol name="13" value="1"/>
<uol name="14" value="0"/>
<uol name="15" value="0"/>
<uol name="16" value="1"/>
<imgdir name="speak">
<string name="0" value="s0"/>
<string name="1" value="s1"/>
</imgdir>
</imgdir>
</imgdir>
