<?xml version="1.0" encoding="UTF-8" standalone="yes"?>
<imgdir name="1012109.img">
<imgdir name="info">
</imgdir>
<imgdir name="stand">
<canvas name="0" width="43" height="71">
<vector name="origin" x="19" y="71"/>
<int name="z" value="0"/>
<int name="delay" value="300"/>
<string name="_hash" value="235fb99783ad3e79524243e036201f133ec106e27e52242eb527792d1de24ade"/>
</canvas>
</imgdir>
<imgdir name="say">
<canvas name="0" width="1" height="1">
<vector name="origin" x="19" y="71"/>
<int name="z" value="0"/>
<string name="_inlink" value="stand/0"/>
</canvas>
<canvas name="1" width="43" height="71">
<vector name="origin" x="19" y="71"/>
<int name="z" value="0"/>
<string name="_hash" value="eba2427db5ca7966ed18d4f4b227a37e0d4c78ff64a47aba69bf9040fe364735"/>
</canvas>
<canvas name="2" width="1" height="1">
<vector name="origin" x="19" y="71"/>
<int name="z" value="0"/>
<string name="_inlink" value="stand/0"/>
</canvas>
<canvas name="3" width="1" height="1">
<vector name="origin" x="19" y="71"/>
<int name="z" value="0"/>
<string name="_inlink" value="say/1"/>
</canvas>
<canvas name="4" width="1" height="1">
<vector name="origin" x="19" y="71"/>
<int name="z" value="0"/>
<string name="_inlink" value="say/1"/>
</canvas>
<canvas name="5" width="43" height="71">
<vector name="origin" x="19" y="71"/>
<int name="z" value="0"/>
<string name="_hash" value="fd22b2535a7b9d3b18a1b3813bd1f16e3af676116f8d3418908ab2d4a150a740"/>
</canvas>
<canvas name="6" width="43" height="71">
<vector name="origin" x="19" y="71"/>
<int name="z" value="0"/>
<string name="_hash" value="b0031dc0fe3ad81344686a5c9453ea6fb60895104d7a48c2d671811abd077f90"/>
</canvas>
<uol name="7" value="0"/>
<uol name="8" value="0"/>
<uol name="9" value="0"/>
<uol name="10" value="0"/>
<uol name="11" value="0"/>
<imgdir name="speak">
<string name="0" value="s0"/>
<string name="1" value="s1"/>
</imgdir>
</imgdir>
</imgdir>
