<?xml version="1.0" encoding="UTF-8" standalone="yes"?>
<imgdir name="1012116.img">
<imgdir name="info">
<imgdir name="script">
<imgdir name="0">
<string name="script" value="blackShadowHene2"/>
</imgdir>
</imgdir>
<int name="dcLeft" value="-30"/>
<int name="dcTop" value="-87"/>
<int name="dcRight" value="30"/>
<int name="dcBottom" value="-27"/>
<int name="hideName" value="1"/>
<int name="talkMouseOnly" value="1"/>
</imgdir>
<imgdir name="stand">
<canvas name="0" width="4" height="4">
<vector name="origin" x="0" y="4"/>
</canvas>
</imgdir>
</imgdir>
