<?xml version="1.0" encoding="UTF-8" standalone="yes"?>
<imgdir name="1012004.img">
<imgdir name="info">
</imgdir>
<imgdir name="stand">
<canvas name="0" width="50" height="73">
<vector name="origin" x="25" y="73"/>
<int name="z" value="0"/>
<int name="delay" value="150"/>
<string name="_hash" value="ab85ab8e07da9d1300f661b733a7e54d65e59227e004a39a3bc208a9bdfededd"/>
</canvas>
</imgdir>
<imgdir name="eye">
<canvas name="0" width="1" height="1">
<vector name="origin" x="25" y="73"/>
<int name="z" value="0"/>
<string name="_inlink" value="stand/0"/>
</canvas>
<canvas name="1" width="50" height="73">
<vector name="origin" x="25" y="73"/>
<int name="z" value="0"/>
<string name="_hash" value="162fd7706abdc111c5b57d24d112df0c1821981fbc89fb43d5f4a8f31f5ab2b9"/>
</canvas>
<canvas name="2" width="1" height="1">
<vector name="origin" x="25" y="73"/>
<int name="z" value="0"/>
<string name="_inlink" value="stand/0"/>
</canvas>
<canvas name="3" width="1" height="1">
<vector name="origin" x="25" y="73"/>
<int name="z" value="0"/>
<string name="_inlink" value="eye/1"/>
</canvas>
<uol name="4" value="0"/>
<uol name="5" value="1"/>
<uol name="6" value="2"/>
<uol name="7" value="3"/>
<uol name="8" value="0"/>
<uol name="9" value="0"/>
<uol name="10" value="0"/>
<uol name="11" value="0"/>
<uol name="12" value="0"/>
</imgdir>
<imgdir name="hand">
<canvas name="0" width="1" height="1">
<vector name="origin" x="25" y="73"/>
<int name="z" value="0"/>
<string name="_inlink" value="stand/0"/>
</canvas>
<canvas name="1" width="50" height="73">
<vector name="origin" x="25" y="73"/>
<int name="z" value="0"/>
<string name="_hash" value="2cb18f91fce96785b5d75d4cb65deba158ae4f78460b2ab41067376be47b9e05"/>
</canvas>
<canvas name="2" width="50" height="73">
<vector name="origin" x="25" y="73"/>
<int name="z" value="0"/>
<string name="_hash" value="ac405e9b0c1091d7b62028e76e652d012463212b000b72ab17af7b4379f49119"/>
</canvas>
<canvas name="3" width="52" height="73">
<vector name="origin" x="25" y="73"/>
<int name="z" value="0"/>
<string name="_hash" value="4e9b53df2dfa65347bba33357d15fe2d6280b8608727dd22e4b58d0f63b424fe"/>
</canvas>
<canvas name="4" width="50" height="73">
<vector name="origin" x="25" y="73"/>
<int name="z" value="0"/>
<string name="_hash" value="16befa672a21c2d44b474c5f2dce4a37977793a3f80b6fd58f0cfc33c590fedb"/>
</canvas>
<canvas name="5" width="1" height="1">
<vector name="origin" x="25" y="73"/>
<int name="z" value="0"/>
<string name="_inlink" value="hand/3"/>
</canvas>
<canvas name="6" width="1" height="1">
<vector name="origin" x="25" y="73"/>
<int name="z" value="0"/>
<string name="_inlink" value="hand/1"/>
</canvas>
</imgdir>
<imgdir name="say">
<canvas name="0" width="1" height="1">
<vector name="origin" x="25" y="73"/>
<int name="z" value="0"/>
<string name="_inlink" value="stand/0"/>
</canvas>
<canvas name="1" width="50" height="73">
<vector name="origin" x="25" y="73"/>
<int name="z" value="0"/>
<string name="_hash" value="68d34b4ba0201196f0f956fafa55ed494ffe32c2b7b518656e8ade3dd5526050"/>
</canvas>
<uol name="2" value="0"/>
<uol name="3" value="1"/>
<uol name="4" value="0"/>
<uol name="5" value="1"/>
<uol name="6" value="0"/>
<uol name="7" value="1"/>
<uol name="8" value="1"/>
<uol name="9" value="1"/>
<uol name="10" value="1"/>
<uol name="11" value="1"/>
<imgdir name="speak">
<string name="0" value="n0"/>
<string name="1" value="n1"/>
</imgdir>
</imgdir>
</imgdir>
