<?xml version="1.0" encoding="UTF-8" standalone="yes"?>
<imgdir name="1012117.img">
<imgdir name="info">
<imgdir name="speak">
<string name="0" value="n0"/>
<string name="1" value="n1"/>
</imgdir>
<imgdir name="script">
<imgdir name="0">
<string name="script" value="hair_royal"/>
</imgdir>
</imgdir>
</imgdir>
<imgdir name="stand">
<canvas name="0" width="67" height="87">
<vector name="origin" x="31" y="87"/>
<string name="_hash" value="003b556b8bd4dd2d7cef41e128ccd4332336c04527c827b636116be471bf4a30"/>
</canvas>
</imgdir>
<imgdir name="scissors">
<canvas name="0" width="1" height="1">
<vector name="origin" x="31" y="87"/>
<int name="z" value="0"/>
<int name="delay" value="500"/>
<string name="_inlink" value="stand/0"/>
</canvas>
<canvas name="1" width="67" height="86">
<vector name="origin" x="31" y="86"/>
<int name="z" value="0"/>
<int name="delay" value="500"/>
<string name="_hash" value="a141dc17c55d0524d209ce4cebe6893618bfb5a02258c8447e1ec08ac025ee60"/>
</canvas>
<canvas name="2" width="67" height="85">
<vector name="origin" x="31" y="85"/>
<int name="z" value="0"/>
<int name="delay" value="500"/>
<string name="_hash" value="6c471256c828418bc56e0dc10476f38388611f507b693e43f150502de7c49a0c"/>
</canvas>
<canvas name="3" width="67" height="85">
<vector name="origin" x="31" y="85"/>
<int name="z" value="0"/>
<int name="delay" value="300"/>
<string name="_hash" value="93b7bcc627e5346a3c15bdaa6ac76fd4b6575ec5821452831898fb1c48029d99"/>
</canvas>
<canvas name="4" width="1" height="1">
<vector name="origin" x="31" y="85"/>
<int name="z" value="0"/>
<int name="delay" value="300"/>
<string name="_inlink" value="scissors/2"/>
</canvas>
<canvas name="5" width="1" height="1">
<vector name="origin" x="31" y="85"/>
<int name="z" value="0"/>
<int name="delay" value="300"/>
<string name="_inlink" value="scissors/3"/>
</canvas>
<canvas name="6" width="1" height="1">
<vector name="origin" x="31" y="85"/>
<int name="z" value="0"/>
<int name="delay" value="300"/>
<string name="_inlink" value="scissors/2"/>
</canvas>
<canvas name="7" width="1" height="1">
<vector name="origin" x="31" y="85"/>
<int name="z" value="0"/>
<int name="delay" value="300"/>
<string name="_inlink" value="scissors/3"/>
</canvas>
<canvas name="8" width="1" height="1">
<vector name="origin" x="31" y="85"/>
<int name="z" value="0"/>
<int name="delay" value="500"/>
<string name="_inlink" value="scissors/2"/>
</canvas>
<canvas name="9" width="1" height="1">
<vector name="origin" x="31" y="86"/>
<int name="z" value="0"/>
<int name="delay" value="500"/>
<string name="_inlink" value="scissors/1"/>
</canvas>
</imgdir>
<imgdir name="say">
<canvas name="0" width="1" height="1">
<vector name="origin" x="31" y="87"/>
<int name="z" value="0"/>
<int name="delay" value="400"/>
<string name="_inlink" value="stand/0"/>
</canvas>
<canvas name="1" width="67" height="87">
<vector name="origin" x="31" y="87"/>
<int name="z" value="0"/>
<int name="delay" value="400"/>
<string name="_hash" value="5e97774493effccae07d3116244e46aa45b2c52abd349df49e4528dfdbfbd24c"/>
</canvas>
<canvas name="2" width="1" height="1">
<vector name="origin" x="31" y="87"/>
<int name="z" value="0"/>
<int name="delay" value="400"/>
<string name="_inlink" value="stand/0"/>
</canvas>
<canvas name="3" width="67" height="87">
<vector name="origin" x="31" y="87"/>
<int name="z" value="0"/>
<int name="delay" value="400"/>
<string name="_hash" value="b53f36e197e293d57c76ae6b641247957ab2b61dad71dd9123ea6e8ab7c30249"/>
</canvas>
<canvas name="4" width="1" height="1">
<vector name="origin" x="31" y="87"/>
<int name="z" value="0"/>
<int name="delay" value="400"/>
<string name="_inlink" value="say/1"/>
</canvas>
<canvas name="5" width="1" height="1">
<vector name="origin" x="31" y="87"/>
<int name="z" value="0"/>
<int name="delay" value="400"/>
<string name="_inlink" value="stand/0"/>
</canvas>
<canvas name="6" width="1" height="1">
<vector name="origin" x="31" y="87"/>
<int name="z" value="0"/>
<int name="delay" value="400"/>
<string name="_inlink" value="say/1"/>
</canvas>
<canvas name="7" width="1" height="1">
<vector name="origin" x="31" y="87"/>
<int name="z" value="0"/>
<int name="delay" value="400"/>
<string name="_inlink" value="say/3"/>
</canvas>
<canvas name="8" width="1" height="1">
<vector name="origin" x="31" y="87"/>
<int name="z" value="0"/>
<int name="delay" value="400"/>
<string name="_inlink" value="stand/0"/>
</canvas>
<canvas name="9" width="1" height="1">
<vector name="origin" x="31" y="87"/>
<int name="z" value="0"/>
<int name="delay" value="400"/>
<string name="_inlink" value="say/1"/>
</canvas>
</imgdir>
<imgdir name="smile">
<canvas name="0" width="1" height="1">
<vector name="origin" x="31" y="87"/>
<int name="z" value="0"/>
<int name="delay" value="550"/>
<string name="_inlink" value="stand/0"/>
</canvas>
<canvas name="1" width="67" height="86">
<vector name="origin" x="31" y="86"/>
<int name="z" value="0"/>
<int name="delay" value="550"/>
<string name="_hash" value="380b0e5ad913331ef829b69967e22a8050f427e963810bc79ae2474886a5a6c5"/>
</canvas>
<canvas name="2" width="67" height="87">
<vector name="origin" x="31" y="87"/>
<int name="z" value="0"/>
<int name="delay" value="550"/>
<string name="_hash" value="f5d86e7a8f68346ab716b9f9404fd1b4dcd8a756c9777c92f07e2fda5f41ad01"/>
</canvas>
<canvas name="3" width="1" height="1">
<vector name="origin" x="31" y="86"/>
<int name="z" value="0"/>
<int name="delay" value="550"/>
<string name="_inlink" value="smile/1"/>
</canvas>
<canvas name="4" width="1" height="1">
<vector name="origin" x="31" y="87"/>
<int name="z" value="0"/>
<int name="delay" value="550"/>
<string name="_inlink" value="smile/2"/>
</canvas>
<canvas name="5" width="1" height="1">
<vector name="origin" x="31" y="86"/>
<int name="z" value="0"/>
<int name="delay" value="550"/>
<string name="_inlink" value="smile/1"/>
</canvas>
<canvas name="6" width="1" height="1">
<vector name="origin" x="31" y="87"/>
<int name="z" value="0"/>
<int name="delay" value="550"/>
<string name="_inlink" value="smile/2"/>
</canvas>
<canvas name="7" width="1" height="1">
<vector name="origin" x="31" y="86"/>
<int name="z" value="0"/>
<int name="delay" value="550"/>
<string name="_inlink" value="smile/1"/>
</canvas>
</imgdir>
<imgdir name="brows">
<canvas name="0" width="1" height="1">
<vector name="origin" x="31" y="87"/>
<int name="z" value="0"/>
<int name="delay" value="550"/>
<string name="_inlink" value="stand/0"/>
</canvas>
<canvas name="1" width="67" height="87">
<vector name="origin" x="31" y="87"/>
<int name="z" value="0"/>
<int name="delay" value="550"/>
<string name="_hash" value="0a1100be72cf3381ec9ffd80b9dd729f28ecf3660928d95842b682c439787546"/>
</canvas>
<canvas name="2" width="67" height="87">
<vector name="origin" x="31" y="87"/>
<int name="z" value="0"/>
<int name="delay" value="550"/>
<string name="_hash" value="052a317a5f742dcc388b2685ccd00b378b2849205b6ebd7d6d44f5cace1524c3"/>
</canvas>
<canvas name="3" width="67" height="87">
<vector name="origin" x="31" y="87"/>
<int name="z" value="0"/>
<int name="delay" value="550"/>
<string name="_hash" value="541daff36d7cdb952b5a6e8d800bffc067b39a76bbb94cfc8c9537328e919b55"/>
</canvas>
<canvas name="4" width="67" height="87">
<vector name="origin" x="31" y="87"/>
<int name="z" value="0"/>
<int name="delay" value="550"/>
<string name="_hash" value="2e8ed3e24e93f5436ace8225d38cda67867bbf0d48cfb7ce6e32134a8796cbb5"/>
</canvas>
<canvas name="5" width="67" height="87">
<vector name="origin" x="31" y="87"/>
<int name="z" value="0"/>
<int name="delay" value="550"/>
<string name="_hash" value="4e80fc32ebf0b1e46652891a613eb869fb3b7e42f871376b9a26d0b912d9a5e8"/>
</canvas>
<canvas name="6" width="67" height="87">
<vector name="origin" x="31" y="87"/>
<int name="z" value="0"/>
<int name="delay" value="550"/>
<string name="_hash" value="dc6fba5d5221362a0ac2bb008f2c53e706cea60ae380abb8e4b9512b5c966056"/>
</canvas>
<canvas name="7" width="67" height="87">
<vector name="origin" x="31" y="87"/>
<int name="z" value="0"/>
<int name="delay" value="550"/>
<string name="_hash" value="0958ef3e98f5a553d8205f2bd9722785758505427535c62f3ee3174da43f4cc9"/>
</canvas>
</imgdir>
</imgdir>
