<?xml version="1.0" encoding="UTF-8" standalone="yes"?>
<imgdir name="1013504.img">
<imgdir name="info">
</imgdir>
<imgdir name="stand">
<canvas name="0" width="59" height="56">
<vector name="origin" x="29" y="64"/>
<int name="z" value="0"/>
<string name="_hash" value="3f8803ec4268253562512abdca608ace66ab935bb6ddb47fda4a53dd3586f0c3"/>
</canvas>
</imgdir>
<imgdir name="say">
<canvas name="0" width="1" height="1">
<vector name="origin" x="29" y="64"/>
<int name="z" value="0"/>
<int name="delay" value="180"/>
<string name="_inlink" value="stand/0"/>
</canvas>
<canvas name="1" width="59" height="56">
<vector name="origin" x="29" y="64"/>
<int name="z" value="0"/>
<int name="delay" value="180"/>
<string name="_hash" value="007ac9832cc5ee3b2f8c233af066174f4e5110f031b301356cda77898dc3c6d5"/>
</canvas>
<canvas name="2" width="1" height="1">
<vector name="origin" x="29" y="64"/>
<int name="z" value="0"/>
<int name="delay" value="180"/>
<string name="_inlink" value="stand/0"/>
</canvas>
<canvas name="3" width="1" height="1">
<vector name="origin" x="29" y="64"/>
<int name="z" value="0"/>
<int name="delay" value="180"/>
<string name="_inlink" value="say/1"/>
</canvas>
</imgdir>
<imgdir name="restrain">
<canvas name="0" width="1" height="1">
<vector name="origin" x="29" y="64"/>
<int name="z" value="0"/>
<int name="delay" value="180"/>
<string name="_inlink" value="stand/0"/>
</canvas>
<canvas name="1" width="59" height="56">
<vector name="origin" x="29" y="64"/>
<int name="z" value="0"/>
<int name="delay" value="180"/>
<string name="_hash" value="b3bb018e95ba4605b1a5e3c6e214bf32b75960883427e23fa02ee9ce99ff8aef"/>
</canvas>
<canvas name="2" width="59" height="56">
<vector name="origin" x="29" y="64"/>
<int name="z" value="0"/>
<int name="delay" value="180"/>
<string name="_hash" value="6445e6b9bad78dfd6d89ba58679e439b8e9cd4f193346b59423caff6e65f05ba"/>
</canvas>
<canvas name="3" width="59" height="56">
<vector name="origin" x="29" y="64"/>
<int name="z" value="0"/>
<int name="delay" value="180"/>
<string name="_hash" value="b7a2f36ec5f8e8bde0d92f19e572b84d52321a11b28aa653d1a9e4584d4de2eb"/>
</canvas>
<canvas name="4" width="59" height="56">
<vector name="origin" x="29" y="64"/>
<int name="z" value="0"/>
<int name="delay" value="180"/>
<string name="_hash" value="6b832285a4f5b30e3e3e5ba2c01e806b69bc41a829c724916b83a59b47fb7633"/>
</canvas>
<canvas name="5" width="59" height="56">
<vector name="origin" x="29" y="64"/>
<int name="z" value="0"/>
<int name="delay" value="180"/>
<string name="_hash" value="e1d3ebb9693e6be6b9ea3942c737de832574b740bad181162b06324a5d612dfb"/>
</canvas>
<canvas name="6" width="59" height="56">
<vector name="origin" x="29" y="64"/>
<int name="z" value="0"/>
<int name="delay" value="180"/>
<string name="_hash" value="bb300b2b645315fb88249a5137a4687ee823688884dd1e411e2acd6fcf7d873d"/>
</canvas>
<int name="special" value="1"/>
</imgdir>
</imgdir>
