<?xml version="1.0" encoding="UTF-8" standalone="yes"?>
<imgdir name="1013200.img">
<imgdir name="info">
<imgdir name="script">
<imgdir name="0">
<string name="script" value="babyPig"/>
</imgdir>
</imgdir>
</imgdir>
<imgdir name="stand">
<canvas name="0" width="65" height="91">
<vector name="origin" x="31" y="91"/>
<int name="z" value="0"/>
<int name="delay" value="1000"/>
<string name="_hash" value="c3a2531665d8a6c2b996c71e1df58bc975254d1576339ae548e27196c07c5a8e"/>
</canvas>
</imgdir>
<imgdir name="eye">
<canvas name="0" width="1" height="1">
<vector name="origin" x="31" y="91"/>
<int name="z" value="0"/>
<int name="delay" value="180"/>
<string name="_inlink" value="stand/0"/>
</canvas>
<canvas name="1" width="65" height="91">
<vector name="origin" x="31" y="91"/>
<int name="z" value="0"/>
<int name="delay" value="180"/>
<string name="_hash" value="43abb5a66bce594e26447563a2592a63994a8c8c861d8e705a2b65d5c34464aa"/>
</canvas>
<canvas name="2" width="65" height="91">
<vector name="origin" x="31" y="91"/>
<int name="z" value="0"/>
<int name="delay" value="180"/>
<string name="_hash" value="0d381c7b123eb7fc7a4344a1abb7d0e702a8c355880854ff9babe439235524d1"/>
</canvas>
<uol name="3" value="0"/>
<uol name="4" value="1"/>
<uol name="5" value="2"/>
</imgdir>
<imgdir name="body">
<canvas name="0" width="1" height="1">
<vector name="origin" x="31" y="91"/>
<int name="z" value="0"/>
<int name="delay" value="150"/>
<string name="_inlink" value="stand/0"/>
</canvas>
<canvas name="1" width="71" height="91">
<vector name="origin" x="34" y="91"/>
<int name="z" value="0"/>
<int name="delay" value="150"/>
<string name="_hash" value="95e41a5c056a132e8bfc76637b2f2d5e66b20043b47ed8f4ffacb7eeda441d0c"/>
</canvas>
<canvas name="2" width="69" height="91">
<vector name="origin" x="33" y="91"/>
<int name="z" value="0"/>
<int name="delay" value="150"/>
<string name="_hash" value="23fbd43772857ee304fc62e1aefef591f90a568ec59da2966a08197e5436abac"/>
</canvas>
<canvas name="3" width="1" height="1">
<vector name="origin" x="34" y="91"/>
<int name="z" value="0"/>
<int name="delay" value="150"/>
<string name="_inlink" value="body/1"/>
</canvas>
<canvas name="4" width="1" height="1">
<vector name="origin" x="34" y="91"/>
<int name="z" value="0"/>
<int name="delay" value="150"/>
<string name="_inlink" value="body/1"/>
</canvas>
<canvas name="5" width="1" height="1">
<vector name="origin" x="33" y="91"/>
<int name="z" value="0"/>
<int name="delay" value="150"/>
<string name="_inlink" value="body/2"/>
</canvas>
<canvas name="6" width="1" height="1">
<vector name="origin" x="34" y="91"/>
<int name="z" value="0"/>
<int name="delay" value="150"/>
<string name="_inlink" value="body/1"/>
</canvas>
</imgdir>
<imgdir name="condition1">
<int name="22015" value="2"/>
<int name="hide" value="1"/>
<imgdir name="stand">
<canvas name="0" width="64" height="48">
<vector name="origin" x="30" y="48"/>
<int name="z" value="0"/>
<int name="delay" value="1000"/>
<string name="_hash" value="56a1a4b9f7caa406348235e353a87b5461d4448d3e4ae4aa00220ae407a08719"/>
</canvas>
</imgdir>
<imgdir name="eye">
<canvas name="0" width="1" height="1">
<vector name="origin" x="31" y="48"/>
<int name="z" value="0"/>
<int name="delay" value="180"/>
<string name="_inlink" value="condition1/stand/0"/>
</canvas>
<canvas name="1" width="64" height="48">
<vector name="origin" x="30" y="48"/>
<int name="z" value="0"/>
<int name="delay" value="180"/>
<string name="_hash" value="c53212b1bee7215b43bac966042a95e3ae18645b48dcdcaa2a08534cd4562f1f"/>
</canvas>
<canvas name="2" width="64" height="48">
<vector name="origin" x="30" y="48"/>
<int name="z" value="0"/>
<int name="delay" value="180"/>
<string name="_hash" value="bf40b3ba0fc70747a3c14d6efeb15602e9c497aa4f0128ce05ea45444b817399"/>
</canvas>
<uol name="3" value="0"/>
<uol name="4" value="1"/>
<uol name="5" value="2"/>
</imgdir>
<imgdir name="body">
<canvas name="0" width="1" height="1">
<vector name="origin" x="30" y="48"/>
<int name="z" value="0"/>
<int name="delay" value="150"/>
<string name="_inlink" value="condition1/stand/0"/>
</canvas>
<canvas name="1" width="71" height="53">
<vector name="origin" x="34" y="53"/>
<int name="z" value="0"/>
<int name="delay" value="150"/>
<string name="_hash" value="e820fa05f2068982816c773813e8ad9e135965a43c91d91654e92db83902f3c9"/>
</canvas>
<canvas name="2" width="69" height="52">
<vector name="origin" x="33" y="52"/>
<int name="z" value="0"/>
<int name="delay" value="150"/>
<string name="_hash" value="63f4f48e4778d26ebc7004c3a2e38b3da64df3325083b4b4869b10a7b7d009e4"/>
</canvas>
<canvas name="3" width="1" height="1">
<vector name="origin" x="34" y="53"/>
<int name="z" value="0"/>
<int name="delay" value="150"/>
<string name="_inlink" value="condition1/body/1"/>
</canvas>
<canvas name="4" width="1" height="1">
<vector name="origin" x="33" y="52"/>
<int name="z" value="0"/>
<int name="delay" value="150"/>
<string name="_inlink" value="condition1/body/2"/>
</canvas>
<canvas name="5" width="1" height="1">
<vector name="origin" x="34" y="53"/>
<int name="z" value="0"/>
<int name="delay" value="150"/>
<string name="_inlink" value="condition1/body/1"/>
</canvas>
<canvas name="6" width="1" height="1">
<vector name="origin" x="33" y="52"/>
<int name="z" value="0"/>
<int name="delay" value="150"/>
<string name="_inlink" value="condition1/body/2"/>
</canvas>
<canvas name="7" width="1" height="1">
<vector name="origin" x="34" y="53"/>
<int name="z" value="0"/>
<int name="delay" value="150"/>
<string name="_inlink" value="condition1/body/1"/>
</canvas>
</imgdir>
</imgdir>
</imgdir>
