<?xml version="1.0" encoding="UTF-8" standalone="yes"?>
<imgdir name="1013323.img">
<imgdir name="info">
<imgdir name="speak">
<string name="0" value="n0"/>
<string name="1" value="n1"/>
</imgdir>
<int name="hideName" value="1"/>
</imgdir>
<imgdir name="stand">
<canvas name="0" width="76" height="49">
<vector name="origin" x="36" y="48"/>
<int name="z" value="0"/>
<int name="delay" value="180"/>
<string name="_hash" value="8aeeed31b6d13f4f2ebc8902a1bbad9898955a05e7b53859ffd8f5c40b53e2cb"/>
</canvas>
<canvas name="1" width="76" height="49">
<vector name="origin" x="36" y="48"/>
<int name="z" value="0"/>
<int name="delay" value="180"/>
<string name="_hash" value="15cc18e9049c9047d0886ee158f522a29680445475052de3e66ef02847a6113a"/>
</canvas>
<canvas name="2" width="77" height="49">
<vector name="origin" x="37" y="48"/>
<int name="z" value="0"/>
<int name="delay" value="180"/>
<string name="_hash" value="144ba0a1818c738442b31f78654c5cd91804262b3f452b37632a2fc04bb55b92"/>
</canvas>
<canvas name="3" width="73" height="49">
<vector name="origin" x="33" y="48"/>
<int name="z" value="0"/>
<int name="delay" value="180"/>
<string name="_hash" value="16fe956bc619e65c42f90e85f502593d09ccef2a04eda503428cb4e059f192e4"/>
</canvas>
<canvas name="4" width="73" height="49">
<vector name="origin" x="33" y="48"/>
<int name="z" value="0"/>
<int name="delay" value="180"/>
<string name="_hash" value="682b715173252d3f7bf855820e977e7773f0d9ba724b485dfdc6a544b6a07a5f"/>
</canvas>
</imgdir>
<imgdir name="condition2">
<imgdir name="35948">
<imgdir name="0">
<string name="key" value="23"/>
<string name="value" value="h0"/>
</imgdir>
</imgdir>
<uol name="stand" value="../stand"/>
<int name="hide" value="1"/>
</imgdir>
<imgdir name="condition3">
<imgdir name="35948">
<imgdir name="0">
<string name="key" value="23"/>
<string name="value" value="h1"/>
</imgdir>
</imgdir>
<uol name="stand" value="../stand"/>
</imgdir>
</imgdir>
