<?xml version="1.0" encoding="UTF-8" standalone="yes"?>
<imgdir name="1013617.img">
<imgdir name="info">
<imgdir name="illustration2">
<canvas name="base" width="1" height="1">
</canvas>
<imgdir name="face">
<canvas name="0" width="1" height="1">
<vector name="origin" x="4" y="80"/>
<int name="z" value="0"/>
</canvas>
</imgdir>
</imgdir>
<int name="hideName" value="1"/>
</imgdir>
<imgdir name="stand">
<canvas name="0" width="1" height="1">
<vector name="origin" x="84" y="205"/>
<int name="z" value="0"/>
<string name="_hash" value="bd9b27176949ffda201bbfc4fff1e8506f85a21aa5e117d282e1d1cd3f78fbbd"/>
<string name="_outlink" value="Npc/1013615.img/stand/0"/>
</canvas>
<canvas name="1" width="1" height="1">
<vector name="origin" x="84" y="204"/>
<int name="z" value="0"/>
<string name="_hash" value="70c062edb4dfc0bcdf0ad0ce078e0ba79bd7573aaf56ec314ba5dc03153c5315"/>
<string name="_outlink" value="Npc/1013615.img/stand/1"/>
</canvas>
<canvas name="2" width="1" height="1">
<vector name="origin" x="85" y="203"/>
<int name="z" value="0"/>
<string name="_hash" value="b4569e853354cc11ca06769e6075b755bc11ae41f2adb347be5414096dc25ce4"/>
<string name="_outlink" value="Npc/1013615.img/stand/2"/>
</canvas>
<canvas name="3" width="1" height="1">
<vector name="origin" x="85" y="202"/>
<int name="z" value="0"/>
<string name="_hash" value="82b90240e41fb13e1146b9eb94f95afae93cad546ff3c0ec4622945e7197e54a"/>
<string name="_outlink" value="Npc/1013615.img/stand/3"/>
</canvas>
</imgdir>
</imgdir>
