<?xml version="1.0" encoding="UTF-8" standalone="yes"?>
<imgdir name="1013209.img">
<imgdir name="info">
<imgdir name="illustration2">
<canvas name="base" width="108" height="102">
<vector name="origin" x="108" y="64"/>
<int name="z" value="0"/>
<string name="_hash" value="d34278f2b5c58dac719d06095610b182f237a815906d24a79d1d4c48a7c91e00"/>
</canvas>
<imgdir name="face">
<canvas name="0" width="1" height="1">
<vector name="origin" x="108" y="64"/>
<int name="z" value="0"/>
<string name="_inlink" value="info/illustration2/base"/>
</canvas>
<canvas name="1" width="250" height="180">
<vector name="origin" x="250" y="112"/>
<int name="z" value="0"/>
<string name="_hash" value="181c2fd45b3754711975b2ef88947573fa01adb14f822ed6394c0a0d39438e34"/>
</canvas>
<canvas name="2" width="249" height="176">
<vector name="origin" x="250" y="104"/>
<int name="z" value="0"/>
<string name="_hash" value="1968cd311ad81bd75810822e7a4f30d9f42f9167e37d8dcabc90ed8a88985b42"/>
</canvas>
<canvas name="3" width="304" height="232">
<vector name="origin" x="298" y="132"/>
<int name="z" value="0"/>
<string name="_hash" value="37a78db8ca4ce985eb632f4759488e5ffe1b833f2a7d1440789505cf48358c2b"/>
</canvas>
</imgdir>
</imgdir>
</imgdir>
<imgdir name="stand">
<canvas name="0" width="1" height="1">
<vector name="origin" x="35" y="51"/>
<int name="delay" value="90"/>
<string name="_hash" value="f2175eea7d6024f309347ddbcba4f9cf529286e0004b79c27d84daf8c5f65075"/>
<string name="_outlink" value="Npc/1013000.img/stand/0"/>
</canvas>
<canvas name="1" width="1" height="1">
<vector name="origin" x="35" y="50"/>
<int name="delay" value="90"/>
<string name="_hash" value="73031f19cf5dbe5b93546a82b0334205b1e70aa010a2fd6b75cac55ac6c67c5b"/>
<string name="_outlink" value="Npc/1013000.img/stand/1"/>
</canvas>
<canvas name="2" width="1" height="1">
<vector name="origin" x="35" y="49"/>
<int name="delay" value="90"/>
<string name="_hash" value="18abee91f2f5fc3525dda8e71d347fe0c0bfe84f5bf62cd66c6e85805c95eb62"/>
<string name="_outlink" value="Npc/1013000.img/stand/2"/>
</canvas>
<canvas name="3" width="1" height="1">
<vector name="origin" x="35" y="50"/>
<int name="delay" value="90"/>
<string name="_hash" value="137eddd07200205cfcd963744fc06b91a6f6d6f0f4ae1ca9827a2c8c3a3d9f4a"/>
<string name="_outlink" value="Npc/1013000.img/stand/3"/>
</canvas>
<canvas name="4" width="1" height="1">
<vector name="origin" x="35" y="51"/>
<int name="delay" value="90"/>
<string name="_hash" value="bf941de60b1abe6b22c45ee862d978ee5feea287ba18231d1096da4d388b9c20"/>
<string name="_outlink" value="Npc/1013000.img/stand/4"/>
</canvas>
<canvas name="5" width="1" height="1">
<vector name="origin" x="35" y="52"/>
<int name="delay" value="90"/>
<string name="_hash" value="f74ce19a1243ca68480eb08ddc365bcd18da4fa4ec6b75c9eeaca7c0c3c562fc"/>
<string name="_outlink" value="Npc/1013000.img/stand/5"/>
</canvas>
<canvas name="6" width="1" height="1">
<vector name="origin" x="35" y="51"/>
<int name="delay" value="90"/>
<string name="_outlink" value="Npc/1013000.img/stand/0"/>
</canvas>
<canvas name="7" width="1" height="1">
<vector name="origin" x="35" y="50"/>
<int name="delay" value="90"/>
<string name="_hash" value="833f4e732102b856e80a1c16bc7323bdb1a4a252b18ad4199df4980d9d3a18ff"/>
<string name="_outlink" value="Npc/1013000.img/stand/7"/>
</canvas>
<canvas name="8" width="1" height="1">
<vector name="origin" x="35" y="49"/>
<int name="delay" value="90"/>
<string name="_hash" value="d8f51b046ab52ac190c6f6b492167e885ec66c6f5158021b6e104ba3cd1518f3"/>
<string name="_outlink" value="Npc/1013000.img/stand/8"/>
</canvas>
<canvas name="9" width="1" height="1">
<vector name="origin" x="35" y="50"/>
<int name="delay" value="90"/>
<string name="_hash" value="cc4dd8b681b4ef5ef17a09bed4b60c1258760eccc41679dc67c6ee645cb1018e"/>
<string name="_outlink" value="Npc/1013000.img/stand/9"/>
</canvas>
<canvas name="10" width="1" height="1">
<vector name="origin" x="35" y="51"/>
<int name="delay" value="90"/>
<string name="_outlink" value="Npc/1013000.img/stand/4"/>
</canvas>
<canvas name="11" width="1" height="1">
<vector name="origin" x="35" y="52"/>
<int name="delay" value="90"/>
<string name="_outlink" value="Npc/1013000.img/stand/5"/>
</canvas>
</imgdir>
</imgdir>
