<?xml version="1.0" encoding="UTF-8" standalone="yes"?>
<imgdir name="1013609.img">
<imgdir name="info">
<int name="forceMove" value="1"/>
<int name="hideName" value="1"/>
</imgdir>
<imgdir name="stand">
<canvas name="0" width="1" height="1">
<vector name="origin" x="40" y="48"/>
<int name="z" value="0"/>
<int name="delay" value="150"/>
<string name="_hash" value="ab67df48c0217a8105765f1cf753b4736ba9231fd9eb8186c1cb9e6479610af1"/>
<string name="_outlink" value="Npc/1013509.img/stand/0"/>
</canvas>
<canvas name="1" width="1" height="1">
<vector name="origin" x="40" y="47"/>
<int name="z" value="0"/>
<int name="delay" value="150"/>
<string name="_hash" value="0214be46ee83ea435a74ac0420cd6e364db41745b40d8696acc0b7e8b3499c2a"/>
<string name="_outlink" value="Npc/1013509.img/stand/1"/>
</canvas>
<canvas name="2" width="1" height="1">
<vector name="origin" x="40" y="48"/>
<int name="z" value="0"/>
<int name="delay" value="150"/>
<string name="_outlink" value="Npc/1013509.img/stand/0"/>
</canvas>
<canvas name="3" width="1" height="1">
<vector name="origin" x="40" y="49"/>
<int name="z" value="0"/>
<int name="delay" value="150"/>
<string name="_hash" value="a2d90862ef8e66c431f9b12dcdf1de697c82e229f5ecfd1fcce8a2114addf634"/>
<string name="_outlink" value="Npc/1013509.img/stand/3"/>
</canvas>
<canvas name="4" width="1" height="1">
<vector name="origin" x="40" y="50"/>
<int name="z" value="0"/>
<int name="delay" value="150"/>
<string name="_hash" value="c4da3df525db39b1f4770599b953dd2bc2423b1a283616e4bd0e63ebea5abd00"/>
<string name="_outlink" value="Npc/1013509.img/stand/4"/>
</canvas>
<canvas name="5" width="1" height="1">
<vector name="origin" x="40" y="49"/>
<int name="z" value="0"/>
<int name="delay" value="150"/>
<string name="_outlink" value="Npc/1013509.img/stand/3"/>
</canvas>
</imgdir>
<imgdir name="say">
<canvas name="0" width="1" height="1">
<vector name="origin" x="40" y="48"/>
<int name="z" value="0"/>
<int name="delay" value="150"/>
<string name="_outlink" value="Npc/1013509.img/stand/0"/>
</canvas>
<canvas name="1" width="1" height="1">
<vector name="origin" x="40" y="47"/>
<int name="z" value="0"/>
<int name="delay" value="150"/>
<string name="_hash" value="23ba05fff91db1b7b00dd1b6e9c3af61c8fe26e9e30c5a0bec5fde9303a8b2a6"/>
<string name="_outlink" value="Npc/1013509.img/say/1"/>
</canvas>
<canvas name="2" width="1" height="1">
<vector name="origin" x="40" y="48"/>
<int name="z" value="0"/>
<int name="delay" value="150"/>
<string name="_outlink" value="Npc/1013509.img/stand/0"/>
</canvas>
<canvas name="3" width="1" height="1">
<vector name="origin" x="40" y="49"/>
<int name="z" value="0"/>
<int name="delay" value="150"/>
<string name="_hash" value="6a6be648cc86a5cf093c6a04d9be08cd46c0ad4a734e96183f2bc5caf5a756fc"/>
<string name="_outlink" value="Npc/1013509.img/say/3"/>
</canvas>
</imgdir>
<imgdir name="eye">
<canvas name="0" width="1" height="1">
<vector name="origin" x="40" y="48"/>
<int name="z" value="0"/>
<int name="delay" value="150"/>
<string name="_outlink" value="Npc/1013509.img/stand/0"/>
</canvas>
<canvas name="1" width="1" height="1">
<vector name="origin" x="40" y="47"/>
<int name="z" value="0"/>
<int name="delay" value="150"/>
<string name="_hash" value="cf6ce9d323622919f3f905d944156eedd1abd209d4076cfee71ea47691fdebfd"/>
<string name="_outlink" value="Npc/1013509.img/eye/1"/>
</canvas>
<canvas name="2" width="1" height="1">
<vector name="origin" x="40" y="48"/>
<int name="z" value="0"/>
<int name="delay" value="150"/>
<string name="_hash" value="b7381c93eb2d17501e7d24437917f64d65693ca0f43319f31dccab6a49fe4fe7"/>
<string name="_outlink" value="Npc/1013509.img/eye/2"/>
</canvas>
<canvas name="3" width="1" height="1">
<vector name="origin" x="40" y="49"/>
<int name="z" value="0"/>
<int name="delay" value="150"/>
<string name="_hash" value="3102de1d0d4c2d26f6f1ec013e84e94a343d81654635a463afbf045a69e91206"/>
<string name="_outlink" value="Npc/1013509.img/eye/3"/>
</canvas>
</imgdir>
<imgdir name="move">
<canvas name="0" width="1" height="1">
<vector name="origin" x="40" y="48"/>
<int name="z" value="0"/>
<int name="delay" value="150"/>
<string name="_outlink" value="Npc/1013509.img/stand/0"/>
</canvas>
<canvas name="1" width="1" height="1">
<vector name="origin" x="40" y="46"/>
<int name="z" value="0"/>
<int name="delay" value="150"/>
<string name="_hash" value="9feedcf6d70fdff1952d024d01f5649a852934b4463d566facb2dfe0731b4bf4"/>
<string name="_outlink" value="Npc/1013509.img/move/1"/>
</canvas>
<canvas name="2" width="1" height="1">
<vector name="origin" x="40" y="70"/>
<int name="z" value="0"/>
<int name="delay" value="150"/>
<string name="_hash" value="ec7b2ccf5d206b9f3f4d2b8e3c7b2f21b6857d79b89b0c988ac733c05445a685"/>
<string name="_outlink" value="Npc/1013509.img/move/2"/>
</canvas>
<canvas name="3" width="1" height="1">
<vector name="origin" x="40" y="74"/>
<int name="z" value="0"/>
<int name="delay" value="150"/>
<string name="_hash" value="47e27969199e91fac27692e5ddc0590c10c3d597c4ac0565a9a2387c798073a4"/>
<string name="_outlink" value="Npc/1013509.img/move/3"/>
</canvas>
<canvas name="4" width="1" height="1">
<vector name="origin" x="40" y="60"/>
<int name="z" value="0"/>
<int name="delay" value="150"/>
<string name="_hash" value="b0de8b7397233a254f48cb8030bea2a4c9ed3967633e4219f47e3900dec868b3"/>
<string name="_outlink" value="Npc/1013509.img/move/4"/>
</canvas>
</imgdir>
<imgdir name="talk">
<canvas name="0" width="1" height="1">
<vector name="origin" x="40" y="48"/>
<int name="z" value="0"/>
<int name="delay" value="150"/>
<string name="_hash" value="68423d3814de5f89f7bb2581ad191859828c1e05cb1eaf11d1d9feefeaaf541c"/>
<string name="_outlink" value="Npc/1013509.img/talk/0"/>
</canvas>
<canvas name="1" width="1" height="1">
<vector name="origin" x="40" y="49"/>
<int name="z" value="0"/>
<int name="delay" value="150"/>
<string name="_hash" value="8b73abb13271dabdb813c762af33fe07e43569bbdad03546fdc52648289b83e2"/>
<string name="_outlink" value="Npc/1013509.img/talk/1"/>
</canvas>
<canvas name="2" width="1" height="1">
<vector name="origin" x="40" y="48"/>
<int name="z" value="0"/>
<int name="delay" value="150"/>
<string name="_hash" value="6bd60f96c31773fd8ed894da15a6300cba8102a2aa702b574066080f3506cd85"/>
<string name="_outlink" value="Npc/1013509.img/talk/2"/>
</canvas>
<canvas name="3" width="1" height="1">
<vector name="origin" x="40" y="49"/>
<int name="z" value="0"/>
<int name="delay" value="150"/>
<string name="_hash" value="5ac2e8d9c31267ad840044f8f39585dc75de831d79f879af28602639c0f91f5d"/>
<string name="_outlink" value="Npc/1013509.img/talk/3"/>
</canvas>
<canvas name="4" width="1" height="1">
<vector name="origin" x="40" y="48"/>
<int name="z" value="0"/>
<int name="delay" value="150"/>
<string name="_hash" value="d7489778f6423eb42a17e19d48d91d4cdba0736e64594b4550c0a9e6d1c08d99"/>
<string name="_outlink" value="Npc/1013509.img/talk/4"/>
</canvas>
<canvas name="5" width="1" height="1">
<vector name="origin" x="40" y="49"/>
<int name="z" value="0"/>
<int name="delay" value="150"/>
<string name="_hash" value="a18dd0515f15a15708d6685d0e6772be68b360761d62b5bcce6c62efc46167e9"/>
<string name="_outlink" value="Npc/1013509.img/talk/5"/>
</canvas>
<int name="special" value="1"/>
</imgdir>
<imgdir name="tadaB">
<canvas name="0" width="1" height="1">
<vector name="origin" x="40" y="48"/>
<int name="z" value="0"/>
<int name="delay" value="150"/>
<string name="_outlink" value="Npc/1013509.img/stand/0"/>
</canvas>
<canvas name="1" width="1" height="1">
<vector name="origin" x="40" y="49"/>
<int name="z" value="0"/>
<int name="delay" value="150"/>
<string name="_hash" value="4abfb9f01c0b35ee28b236b9830d9b160ceda665651c0119fa227b8e509a8144"/>
<string name="_outlink" value="Npc/1013509.img/present/1"/>
</canvas>
<canvas name="2" width="1" height="1">
<vector name="origin" x="56" y="70"/>
<int name="z" value="0"/>
<int name="delay" value="150"/>
<string name="_hash" value="a36d5a4f48a6a4c833a52387723ff0a7c6d7d7d2ae166b8c12df36f6f81d2594"/>
<string name="_outlink" value="Npc/1013509.img/present/2"/>
</canvas>
<canvas name="3" width="1" height="1">
<vector name="origin" x="56" y="70"/>
<int name="z" value="0"/>
<int name="delay" value="150"/>
<string name="_hash" value="b193aba9afee68528e87b515e824075b48f28735aec196228a68700eabbc771c"/>
<string name="_outlink" value="Npc/1013509.img/present/3"/>
</canvas>
<canvas name="4" width="1" height="1">
<vector name="origin" x="55" y="67"/>
<int name="z" value="0"/>
<int name="delay" value="150"/>
<string name="_hash" value="f9dec843254b59b7a5afba32319fb199488f14e459017b7be0120349151b2a2a"/>
<string name="_outlink" value="Npc/1013509.img/present/4"/>
</canvas>
<int name="special" value="1"/>
</imgdir>
<imgdir name="tadaL">
<canvas name="0" width="1" height="1">
<vector name="origin" x="56" y="70"/>
<int name="z" value="0"/>
<int name="delay" value="150"/>
<string name="_outlink" value="Npc/1013509.img/present/2"/>
</canvas>
<canvas name="1" width="1" height="1">
<vector name="origin" x="56" y="70"/>
<int name="z" value="0"/>
<int name="delay" value="150"/>
<string name="_outlink" value="Npc/1013509.img/present/3"/>
</canvas>
<canvas name="2" width="1" height="1">
<vector name="origin" x="55" y="67"/>
<int name="z" value="0"/>
<int name="delay" value="150"/>
<string name="_outlink" value="Npc/1013509.img/present/4"/>
</canvas>
<int name="special" value="1"/>
</imgdir>
<imgdir name="tadaE">
<canvas name="0" width="1" height="1">
<vector name="origin" x="56" y="70"/>
<int name="z" value="0"/>
<int name="delay" value="150"/>
<string name="_outlink" value="Npc/1013509.img/present/3"/>
</canvas>
<canvas name="1" width="1" height="1">
<vector name="origin" x="55" y="67"/>
<int name="z" value="0"/>
<int name="delay" value="150"/>
<string name="_outlink" value="Npc/1013509.img/present/4"/>
</canvas>
<canvas name="2" width="1" height="1">
<vector name="origin" x="50" y="64"/>
<int name="z" value="0"/>
<int name="delay" value="150"/>
<string name="_hash" value="21e888e8e944bb8ac07905b628660b07dd461d31f545a360828d34683f4c9f96"/>
<string name="_outlink" value="Npc/1013509.img/present/5"/>
</canvas>
<canvas name="3" width="1" height="1">
<vector name="origin" x="40" y="48"/>
<int name="z" value="0"/>
<int name="delay" value="150"/>
<string name="_hash" value="4f2584caf94541e4693c62ffc3a376c5218fb630cc9e7729e0efc449db02dc2f"/>
<string name="_outlink" value="Npc/1013509.img/present/6"/>
</canvas>
<int name="special" value="1"/>
</imgdir>
<imgdir name="gloom">
<canvas name="0" width="1" height="1">
<vector name="origin" x="40" y="48"/>
<int name="z" value="0"/>
<int name="delay" value="150"/>
<string name="_hash" value="31af9e0a5834307ac61be16f5ffa498c9830bd0631b03247840dd47ffa3bcd74"/>
<string name="_outlink" value="Npc/1013509.img/gloom/0"/>
</canvas>
<canvas name="1" width="1" height="1">
<vector name="origin" x="40" y="47"/>
<int name="z" value="0"/>
<int name="delay" value="150"/>
<string name="_hash" value="4531c4183c89ff765fad71193dd1b4f3cef8a1537c05c8056e15878e099c4154"/>
<string name="_outlink" value="Npc/1013509.img/gloom/1"/>
</canvas>
<canvas name="2" width="1" height="1">
<vector name="origin" x="40" y="47"/>
<int name="z" value="0"/>
<int name="delay" value="150"/>
<string name="_outlink" value="Npc/1013509.img/gloom/1"/>
</canvas>
<canvas name="3" width="1" height="1">
<vector name="origin" x="40" y="48"/>
<int name="z" value="0"/>
<int name="delay" value="150"/>
<string name="_hash" value="62514c3254948806c8de7477447682df21885f4d532742a9af05e68966021fb7"/>
<string name="_outlink" value="Npc/1013509.img/gloom/3"/>
</canvas>
<canvas name="4" width="1" height="1">
<vector name="origin" x="40" y="49"/>
<int name="z" value="0"/>
<int name="delay" value="150"/>
<string name="_hash" value="275b79fff74f1a99a9515dbd149da36ed484ffe987ad24e065c2b0b72568d2a3"/>
<string name="_outlink" value="Npc/1013509.img/gloom/4"/>
</canvas>
<int name="special" value="1"/>
</imgdir>
<imgdir name="cry">
<canvas name="0" width="1" height="1">
<vector name="origin" x="54" y="48"/>
<int name="z" value="0"/>
<int name="delay" value="150"/>
<string name="_hash" value="bacde79f8bebcda2d36c10d0a4ac94879b1a5dab2675746b13826853a8125bdc"/>
<string name="_outlink" value="Npc/1013509.img/cry/0"/>
</canvas>
<canvas name="1" width="1" height="1">
<vector name="origin" x="52" y="46"/>
<int name="z" value="0"/>
<int name="delay" value="150"/>
<string name="_hash" value="bab181ba19adfc901c311b85e79c4882457500d044e854514d86fdd1fb9094bf"/>
<string name="_outlink" value="Npc/1013509.img/cry/1"/>
</canvas>
<canvas name="2" width="1" height="1">
<vector name="origin" x="63" y="70"/>
<int name="z" value="0"/>
<int name="delay" value="150"/>
<string name="_hash" value="aab4a5bfef519a48bc1630f002f9cb8cebeaaea459a1bafa52780ff0261970ec"/>
<string name="_outlink" value="Npc/1013509.img/cry/2"/>
</canvas>
<canvas name="3" width="1" height="1">
<vector name="origin" x="53" y="74"/>
<int name="z" value="0"/>
<int name="delay" value="150"/>
<string name="_hash" value="ad9ae7393ba4d08f715474b4f8855d99dc86af31f310572aee587f1fae573e17"/>
<string name="_outlink" value="Npc/1013509.img/cry/3"/>
</canvas>
<canvas name="4" width="1" height="1">
<vector name="origin" x="57" y="60"/>
<int name="z" value="0"/>
<int name="delay" value="150"/>
<string name="_hash" value="3706b27599e1a8b1fa19a5c45e04879381db5f69712cb4757047070da67922e2"/>
<string name="_outlink" value="Npc/1013509.img/cry/4"/>
</canvas>
<int name="special" value="1"/>
</imgdir>
<imgdir name="jumpjump">
<canvas name="0" width="1" height="1">
<vector name="origin" x="40" y="48"/>
<int name="z" value="0"/>
<int name="delay" value="150"/>
<string name="_outlink" value="Npc/1013509.img/stand/0"/>
</canvas>
<canvas name="1" width="1" height="1">
<vector name="origin" x="40" y="46"/>
<int name="z" value="0"/>
<int name="delay" value="150"/>
<string name="_outlink" value="Npc/1013509.img/move/1"/>
</canvas>
<canvas name="2" width="1" height="1">
<vector name="origin" x="40" y="70"/>
<int name="z" value="0"/>
<int name="delay" value="150"/>
<string name="_outlink" value="Npc/1013509.img/move/2"/>
</canvas>
<canvas name="3" width="1" height="1">
<vector name="origin" x="40" y="74"/>
<int name="z" value="0"/>
<int name="delay" value="150"/>
<string name="_outlink" value="Npc/1013509.img/move/3"/>
</canvas>
<canvas name="4" width="1" height="1">
<vector name="origin" x="40" y="60"/>
<int name="z" value="0"/>
<int name="delay" value="150"/>
<string name="_outlink" value="Npc/1013509.img/move/4"/>
</canvas>
<int name="special" value="1"/>
</imgdir>
</imgdir>
