<?xml version="1.0" encoding="UTF-8" standalone="yes"?>
<imgdir name="1013507.img">
<imgdir name="info">
</imgdir>
<imgdir name="stand">
<canvas name="0" width="71" height="57">
<vector name="origin" x="41" y="57"/>
<int name="z" value="0"/>
<string name="_hash" value="78e881fe6685bee95e23c68d28c92cc8382a3bb588086b7e69e93f567fdd8b64"/>
</canvas>
<canvas name="1" width="72" height="56">
<vector name="origin" x="42" y="56"/>
<int name="z" value="0"/>
<string name="_hash" value="9c7e619f055ade17478ea1eebdddcb2a7d5e0f18f4cfe3ea2d9889c0765d4a97"/>
</canvas>
<canvas name="2" width="72" height="55">
<vector name="origin" x="42" y="55"/>
<int name="z" value="0"/>
<string name="_hash" value="e6abae57e848796c4d95178679d8eb62bcce392034c2739e9ceb70105fad73b8"/>
</canvas>
<canvas name="3" width="71" height="56">
<vector name="origin" x="41" y="56"/>
<int name="z" value="0"/>
<string name="_hash" value="7abbb8232709da3c8a7b2cddc924df93fa76361aee3f6dbc748ae4911e997114"/>
</canvas>
</imgdir>
<imgdir name="say">
<canvas name="0" width="71" height="57">
<vector name="origin" x="41" y="57"/>
<int name="z" value="0"/>
<string name="_hash" value="1db0c8357205bdd960ae4b3264716d6c218621d15ad9e9496d014bb87345466e"/>
</canvas>
<canvas name="1" width="72" height="56">
<vector name="origin" x="42" y="56"/>
<int name="z" value="0"/>
<string name="_hash" value="7faa032388eb36b6b74338589c46199633613c59fced96f4e966e25212199794"/>
</canvas>
<canvas name="2" width="71" height="57">
<vector name="origin" x="41" y="57"/>
<int name="z" value="0"/>
<string name="_hash" value="3b3da8cc950d1164cfd15b36ab51a4040b630da300cbdb01100837063069f7bc"/>
</canvas>
<canvas name="3" width="72" height="56">
<vector name="origin" x="42" y="56"/>
<int name="z" value="0"/>
<string name="_hash" value="5306245172e50d1e719ef94089957537260386d888646f2381eb1fe93d513838"/>
</canvas>
</imgdir>
<imgdir name="eye">
<canvas name="0" width="1" height="1">
<vector name="origin" x="41" y="57"/>
<int name="z" value="0"/>
<string name="_inlink" value="say/0"/>
</canvas>
<canvas name="1" width="72" height="56">
<vector name="origin" x="42" y="56"/>
<int name="z" value="0"/>
<string name="_hash" value="6aaecae68e3c5490f3295a95d52b9b336df4baa886481bd2bfc85ab59a2a0f41"/>
</canvas>
<canvas name="2" width="72" height="55">
<vector name="origin" x="42" y="55"/>
<int name="z" value="0"/>
<string name="_hash" value="cb815850c6b9d2b3cf2b125776048442962192bd7f7b83954c71020676f4b691"/>
</canvas>
<canvas name="3" width="71" height="56">
<vector name="origin" x="41" y="56"/>
<int name="z" value="0"/>
<string name="_hash" value="c81257428afbb0ccd38b61fc57513a661bc83435d8dce11399c741640c1c9a80"/>
</canvas>
</imgdir>
<imgdir name="laugh">
<canvas name="0" width="71" height="57">
<vector name="origin" x="41" y="57"/>
<int name="z" value="0"/>
<string name="_hash" value="aa425550ad087cc68544824811ce81633669bddd50c0464988a7a92536a7d3d2"/>
</canvas>
<canvas name="1" width="72" height="56">
<vector name="origin" x="42" y="56"/>
<int name="z" value="0"/>
<string name="_hash" value="2bc3d9024688da9cb65b1324bc73ddf48d23e4e460667f2dbd42a2d9745c7905"/>
</canvas>
<canvas name="2" width="72" height="57">
<vector name="origin" x="42" y="57"/>
<int name="z" value="0"/>
<string name="_hash" value="e8fd6d021c4f3b304087a12fb3f7c080b47be4c4d107d9fac4bae376d3a6bd77"/>
</canvas>
<canvas name="3" width="72" height="58">
<vector name="origin" x="41" y="58"/>
<int name="z" value="0"/>
<string name="_hash" value="822c083e2b7652a984974e123c24c1843a6fe48706930c5a0e76109e01d9e0c7"/>
</canvas>
<canvas name="4" width="73" height="59">
<vector name="origin" x="41" y="59"/>
<int name="z" value="0"/>
<string name="_hash" value="1ee3291aa2771d0016162f61978e009c0d506a3ab4c60a5fd64833a844867c87"/>
</canvas>
<canvas name="5" width="73" height="60">
<vector name="origin" x="41" y="60"/>
<int name="z" value="0"/>
<string name="_hash" value="d8e6018ec84d1bda1d4364780e1bc9b8e63348909ebc605fbf8dd731ef093af8"/>
</canvas>
<canvas name="6" width="1" height="1">
<vector name="origin" x="41" y="60"/>
<int name="z" value="0"/>
<string name="_inlink" value="laugh/5"/>
</canvas>
<canvas name="7" width="91" height="75">
<vector name="origin" x="47" y="75"/>
<int name="z" value="0"/>
<string name="_hash" value="e3318755f90cbdd5326a20754ffa7fcbcfcf7ab099f2c2eb3375f1beccbff06f"/>
</canvas>
<canvas name="8" width="91" height="56">
<vector name="origin" x="48" y="56"/>
<int name="z" value="0"/>
<string name="_hash" value="a202b8223853900bf0fae2a47c5cd4206e0fcb73fb1787eeb59db058f71b27d1"/>
</canvas>
<canvas name="9" width="91" height="75">
<vector name="origin" x="47" y="75"/>
<int name="z" value="0"/>
<string name="_hash" value="25f3e128c926d098753efad21ef3f007a86c7389e964958063e495c5ca5e48a0"/>
</canvas>
<canvas name="10" width="1" height="1">
<vector name="origin" x="48" y="56"/>
<int name="z" value="0"/>
<string name="_inlink" value="laugh/8"/>
</canvas>
<int name="special" value="1"/>
</imgdir>
</imgdir>
