<?xml version="1.0" encoding="UTF-8" standalone="yes"?>
<imgdir name="1013205.img">
<imgdir name="info">
<imgdir name="script">
<imgdir name="0">
<string name="script" value="Afirentalk"/>
</imgdir>
</imgdir>
<canvas name="default" width="126" height="122">
<vector name="origin" x="63" y="115"/>
<int name="z" value="0"/>
<string name="_hash" value="108b0988d5fb03e4e1e07e16b3532972a0db8d60418495a6605eb216aa44ca01"/>
</canvas>
</imgdir>
<imgdir name="stand">
<canvas name="0" width="257" height="176">
<vector name="origin" x="115" y="180"/>
<int name="z" value="0"/>
<int name="delay" value="3000"/>
<string name="_hash" value="23297af75dd68a82ab68f1410599cd41e76ce6dafc30dd05e8254b5ce3e70697"/>
</canvas>
</imgdir>
</imgdir>
