<?xml version="1.0" encoding="UTF-8" standalone="yes"?>
<imgdir name="1013203.img">
<imgdir name="info">
<imgdir name="script">
<imgdir name="0">
<string name="script" value="ibech"/>
</imgdir>
</imgdir>
</imgdir>
<imgdir name="stand">
<canvas name="0" width="60" height="84">
<vector name="origin" x="26" y="84"/>
<int name="z" value="0"/>
<int name="delay" value="3000"/>
<string name="_hash" value="4b72582a3a7774e8c5a9158fbe9d38f76fe8005280ce84a965ef7b62c87b7a2b"/>
</canvas>
</imgdir>
<imgdir name="say">
<canvas name="0" width="1" height="1">
<vector name="origin" x="26" y="84"/>
<int name="z" value="0"/>
<int name="delay" value="180"/>
<string name="_inlink" value="stand/0"/>
</canvas>
<canvas name="1" width="60" height="84">
<vector name="origin" x="26" y="84"/>
<int name="z" value="0"/>
<int name="delay" value="180"/>
<string name="_hash" value="9e1da364c2c20488a5770d38c1a6d1ae77abc8cffd66b9c1b50ae7d1aff07e67"/>
</canvas>
<canvas name="2" width="1" height="1">
<vector name="origin" x="26" y="84"/>
<int name="z" value="0"/>
<int name="delay" value="180"/>
<string name="_inlink" value="stand/0"/>
</canvas>
<canvas name="3" width="60" height="84">
<vector name="origin" x="26" y="84"/>
<int name="z" value="0"/>
<int name="delay" value="180"/>
<string name="_hash" value="e4a8acc12fdb364175fc7ab1cd45ab9b4815cd621b6702a13af4b7e229e65ef1"/>
</canvas>
<canvas name="4" width="1" height="1">
<vector name="origin" x="26" y="84"/>
<int name="z" value="0"/>
<int name="delay" value="180"/>
<string name="_inlink" value="say/1"/>
</canvas>
<uol name="5" value="0"/>
<uol name="6" value="1"/>
<uol name="7" value="2"/>
<uol name="8" value="3"/>
<uol name="9" value="4"/>
<uol name="10" value="0"/>
<uol name="11" value="1"/>
<uol name="12" value="2"/>
<uol name="13" value="3"/>
<uol name="14" value="4"/>
<imgdir name="speak">
<string name="0" value="n0"/>
<string name="1" value="n1"/>
</imgdir>
</imgdir>
<imgdir name="hand">
<canvas name="0" width="1" height="1">
<vector name="origin" x="26" y="84"/>
<int name="z" value="0"/>
<int name="delay" value="150"/>
<string name="_inlink" value="stand/0"/>
</canvas>
<canvas name="1" width="61" height="84">
<vector name="origin" x="27" y="84"/>
<int name="z" value="0"/>
<int name="delay" value="150"/>
<string name="_hash" value="0d6bf404fcfa1ea2218b2f491f1f540d73b9389f41face4763d55e80f33392df"/>
</canvas>
<canvas name="2" width="60" height="84">
<vector name="origin" x="26" y="84"/>
<int name="z" value="0"/>
<int name="delay" value="150"/>
<string name="_hash" value="826738c35e6d164c5e5e3e595527dbd3787585091db04011f039523f581cf92d"/>
</canvas>
<canvas name="3" width="60" height="84">
<vector name="origin" x="26" y="84"/>
<int name="z" value="0"/>
<int name="delay" value="150"/>
<string name="_hash" value="9eb34905946053e52d3baba0fcc8599dd93a4ffcf68501b9aca6e351fc9414ec"/>
</canvas>
<canvas name="4" width="60" height="84">
<vector name="origin" x="26" y="84"/>
<int name="z" value="0"/>
<int name="delay" value="150"/>
<string name="_hash" value="7855876107d717baac48b07bc7d02b50531b3fb54e30637fc8103f5f50cab9da"/>
</canvas>
<canvas name="5" width="60" height="84">
<vector name="origin" x="26" y="84"/>
<int name="z" value="0"/>
<int name="delay" value="150"/>
<string name="_hash" value="b5636d20de2103387f3e4d07369d5dca8f6c0d15aa671cd8cd3a8b7e771570ab"/>
</canvas>
<canvas name="6" width="60" height="84">
<vector name="origin" x="26" y="84"/>
<int name="z" value="0"/>
<int name="delay" value="150"/>
<string name="_hash" value="07c99c6e60d8c7a34c660eb91874bed6dfec2797881bfecb7515f1a3b6ea8239"/>
</canvas>
<canvas name="7" width="60" height="84">
<vector name="origin" x="26" y="84"/>
<int name="z" value="0"/>
<int name="delay" value="150"/>
<string name="_hash" value="424c1535e2a8c025a1abb9321e960335208fc334eaff4ff24f628f88ed0f9bdf"/>
</canvas>
<canvas name="8" width="1" height="1">
<vector name="origin" x="26" y="84"/>
<int name="z" value="0"/>
<int name="delay" value="150"/>
<string name="_inlink" value="hand/2"/>
</canvas>
<canvas name="9" width="1" height="1">
<vector name="origin" x="27" y="84"/>
<int name="z" value="0"/>
<int name="delay" value="150"/>
<string name="_inlink" value="hand/1"/>
</canvas>
</imgdir>
<imgdir name="escape">
<canvas name="0" width="1" height="1">
<vector name="origin" x="26" y="84"/>
<int name="z" value="0"/>
<int name="delay" value="120"/>
<string name="_inlink" value="stand/0"/>
</canvas>
<canvas name="1" width="60" height="84">
<vector name="origin" x="26" y="84"/>
<int name="z" value="0"/>
<int name="delay" value="120"/>
<string name="_hash" value="b09df7fbe80580496e4ef66e076da9e7f2d761eebdd165f3d3cefdb191cd958a"/>
</canvas>
<canvas name="2" width="60" height="84">
<vector name="origin" x="26" y="84"/>
<int name="z" value="0"/>
<int name="delay" value="120"/>
<string name="_hash" value="e46fa6e410dbd751ce4467de2caf9ff8b4131579bd9ba7c4191ca986442f5052"/>
</canvas>
<canvas name="3" width="65" height="84">
<vector name="origin" x="31" y="84"/>
<int name="z" value="0"/>
<int name="delay" value="120"/>
<string name="_hash" value="bc5c45e9c29954df5feea89505fb352c22ef8b21fa281733f1d49764ff9567b1"/>
</canvas>
<canvas name="4" width="67" height="84">
<vector name="origin" x="33" y="84"/>
<int name="z" value="0"/>
<int name="delay" value="120"/>
<string name="_hash" value="f5cd07de78664107644405d5daed29d833523c6fcb72b177f7853cde649c2964"/>
</canvas>
<canvas name="5" width="72" height="84">
<vector name="origin" x="38" y="85"/>
<int name="z" value="0"/>
<int name="delay" value="120"/>
<string name="_hash" value="ae4e3ba58b6b51e527292ebf3a558b2aacf2c9b7c98cdd5c4a7cb03a5ae17f83"/>
</canvas>
<canvas name="6" width="73" height="80">
<vector name="origin" x="39" y="87"/>
<int name="z" value="0"/>
<int name="delay" value="120"/>
<string name="_hash" value="8afe9c00c10bd45a40d0d1651985b85aa154794033d8229ed91bd4239e0d063e"/>
</canvas>
<canvas name="7" width="74" height="76">
<vector name="origin" x="39" y="96"/>
<int name="z" value="0"/>
<int name="delay" value="120"/>
<string name="_hash" value="38385322c7398728ecba9ca519b7a8da7e7868fbd0df86db0109b095d79e8838"/>
</canvas>
<canvas name="8" width="71" height="58">
<vector name="origin" x="36" y="108"/>
<int name="z" value="0"/>
<int name="delay" value="120"/>
<string name="_hash" value="abfa3bdf51b8264bc6ac2c77573401b8e54a44111f362e676f78d7c67285419f"/>
</canvas>
<canvas name="9" width="56" height="32">
<vector name="origin" x="22" y="114"/>
<int name="z" value="0"/>
<int name="delay" value="120"/>
<string name="_hash" value="ae7fb1ff8a4615dff0b2d5e2754635c2af04cdc1cee0b1f39133cbd61c70508f"/>
</canvas>
<canvas name="10" width="31" height="25">
<vector name="origin" x="17" y="120"/>
<int name="z" value="0"/>
<int name="delay" value="120"/>
<string name="_hash" value="7fb02771210ecdabb13d1e05b0960d3ea724f44b3e71f6e720021c9dcc70b042"/>
</canvas>
<canvas name="11" width="20" height="20">
<vector name="origin" x="17" y="123"/>
<int name="z" value="0"/>
<int name="delay" value="120"/>
<string name="_hash" value="275b0027ffeed13e7a259a98f698cea6a0f7282efc4afdb85adf107d21bb6f38"/>
</canvas>
<int name="special" value="1"/>
</imgdir>
</imgdir>
