<?xml version="1.0" encoding="UTF-8" standalone="yes"?>
<imgdir name="1013520.img">
<imgdir name="info">
<imgdir name="speak">
<string name="0" value="n0"/>
<string name="1" value="n1"/>
<int name="delay" value="180"/>
</imgdir>
<int name="hideName" value="1"/>
</imgdir>
<imgdir name="stand">
<canvas name="0" width="86" height="68">
<vector name="origin" x="47" y="61"/>
<int name="z" value="0"/>
<string name="_hash" value="35b197417faae8093977485e4188d2841bee227d07e0368ea6084432d718a0fa"/>
</canvas>
<canvas name="1" width="86" height="68">
<vector name="origin" x="47" y="61"/>
<int name="z" value="0"/>
<string name="_hash" value="27cb6a18220192386bf7d3d2dbb0394353a7d088fff77d58dda3963aad276eaa"/>
</canvas>
<canvas name="2" width="86" height="68">
<vector name="origin" x="47" y="61"/>
<int name="z" value="0"/>
<string name="_hash" value="91fd09f9a3a686e09ca6704b80ce80165b83d6ce9a165fa03c8fe4daf9fdd3b0"/>
</canvas>
<canvas name="3" width="1" height="1">
<vector name="origin" x="47" y="61"/>
<int name="z" value="0"/>
<string name="_inlink" value="stand/1"/>
</canvas>
<canvas name="4" width="87" height="67">
<vector name="origin" x="47" y="60"/>
<int name="z" value="0"/>
<string name="_hash" value="0a81a4814e09b6f42e6ef26afa3ae7b8e37b9f3c20d2111cfb2969d0453f8fc7"/>
</canvas>
<canvas name="5" width="86" height="68">
<vector name="origin" x="47" y="61"/>
<int name="z" value="0"/>
<string name="_hash" value="288d8271ba2af777714b6481ef577153af398c6b9ee4fa22083f1a9a21f731ef"/>
</canvas>
<canvas name="6" width="87" height="67">
<vector name="origin" x="47" y="60"/>
<int name="z" value="0"/>
<string name="_hash" value="50ffadeac85aad51a59b59dca195aeab1f077d1ca020fc7e6fad5d2d3a5d4f57"/>
</canvas>
<canvas name="7" width="1" height="1">
<vector name="origin" x="47" y="61"/>
<int name="z" value="0"/>
<string name="_inlink" value="stand/1"/>
</canvas>
<canvas name="8" width="1" height="1">
<vector name="origin" x="47" y="61"/>
<int name="z" value="0"/>
<string name="_inlink" value="stand/0"/>
</canvas>
<canvas name="9" width="1" height="1">
<vector name="origin" x="47" y="61"/>
<int name="z" value="0"/>
<string name="_inlink" value="stand/1"/>
</canvas>
<canvas name="10" width="1" height="1">
<vector name="origin" x="47" y="61"/>
<int name="z" value="0"/>
<string name="_inlink" value="stand/2"/>
</canvas>
<canvas name="11" width="1" height="1">
<vector name="origin" x="47" y="61"/>
<int name="z" value="0"/>
<string name="_inlink" value="stand/1"/>
</canvas>
</imgdir>
</imgdir>
