<?xml version="1.0" encoding="UTF-8" standalone="yes"?>
<imgdir name="1013608.img">
<imgdir name="info">
<int name="hideName" value="1"/>
</imgdir>
<imgdir name="stand">
<canvas name="0" width="1" height="1">
<vector name="origin" x="36" y="57"/>
<int name="z" value="0"/>
<string name="_hash" value="c2958d8561f936ae201615e231a7681349a39100e32bc633fc04fb8e54f08753"/>
<string name="_outlink" value="Npc/1013508.img/stand/0"/>
</canvas>
<canvas name="1" width="1" height="1">
<vector name="origin" x="36" y="57"/>
<int name="z" value="0"/>
<string name="_outlink" value="Npc/1013508.img/stand/0"/>
</canvas>
<canvas name="2" width="1" height="1">
<vector name="origin" x="36" y="56"/>
<int name="z" value="0"/>
<string name="_hash" value="ecf643c63519873551bdc0f88331b51dd378d0557604cbb1e52bd6faf513c4dc"/>
<string name="_outlink" value="Npc/1013508.img/stand/2"/>
</canvas>
<canvas name="3" width="1" height="1">
<vector name="origin" x="36" y="56"/>
<int name="z" value="0"/>
<string name="_hash" value="1157ccfa1738ca85abb61bc0203ddb964e2e9edc5949ba97c571cde699597f74"/>
<string name="_outlink" value="Npc/1013508.img/stand/3"/>
</canvas>
<canvas name="4" width="1" height="1">
<vector name="origin" x="36" y="56"/>
<int name="z" value="0"/>
<string name="_outlink" value="Npc/1013508.img/stand/2"/>
</canvas>
<canvas name="5" width="1" height="1">
<vector name="origin" x="36" y="57"/>
<int name="z" value="0"/>
<string name="_hash" value="6ff78a6f136d9e2422e8a8e81468fce23f711867100d00261b01f5535e85180d"/>
<string name="_outlink" value="Npc/1013508.img/stand/5"/>
</canvas>
</imgdir>
<imgdir name="eye">
<canvas name="0" width="1" height="1">
<vector name="origin" x="36" y="57"/>
<int name="z" value="0"/>
<string name="_outlink" value="Npc/1013508.img/stand/0"/>
</canvas>
<canvas name="1" width="1" height="1">
<vector name="origin" x="36" y="57"/>
<int name="z" value="0"/>
<string name="_outlink" value="Npc/1013508.img/stand/0"/>
</canvas>
<canvas name="2" width="1" height="1">
<vector name="origin" x="36" y="56"/>
<int name="z" value="0"/>
<string name="_outlink" value="Npc/1013508.img/stand/2"/>
</canvas>
<canvas name="3" width="1" height="1">
<vector name="origin" x="36" y="56"/>
<int name="z" value="0"/>
<string name="_outlink" value="Npc/1013508.img/stand/3"/>
</canvas>
<canvas name="4" width="1" height="1">
<vector name="origin" x="36" y="56"/>
<int name="z" value="0"/>
<string name="_outlink" value="Npc/1013508.img/stand/2"/>
</canvas>
<canvas name="5" width="1" height="1">
<vector name="origin" x="36" y="57"/>
<int name="z" value="0"/>
<string name="_outlink" value="Npc/1013508.img/stand/5"/>
</canvas>
</imgdir>
<imgdir name="say">
<canvas name="0" width="1" height="1">
<vector name="origin" x="36" y="57"/>
<int name="z" value="0"/>
<string name="_outlink" value="Npc/1013508.img/stand/5"/>
</canvas>
<canvas name="1" width="1" height="1">
<vector name="origin" x="36" y="56"/>
<int name="z" value="0"/>
<string name="_hash" value="a3d29a31e4f6db4b6abda18c650f9f8adb2f57d517b24428a1485f0ea6eefdec"/>
<string name="_outlink" value="Npc/1013508.img/say/1"/>
</canvas>
<canvas name="2" width="1" height="1">
<vector name="origin" x="36" y="57"/>
<int name="z" value="0"/>
<string name="_outlink" value="Npc/1013508.img/stand/5"/>
</canvas>
<canvas name="3" width="1" height="1">
<vector name="origin" x="36" y="56"/>
<int name="z" value="0"/>
<string name="_outlink" value="Npc/1013508.img/say/1"/>
</canvas>
</imgdir>
<imgdir name="full">
<canvas name="0" width="1" height="1">
<vector name="origin" x="35" y="58"/>
<int name="z" value="0"/>
<string name="_hash" value="9d2a0020d3d0e693b6bf31c9e8e5087b72e1b00b99866b713cab82c84696420c"/>
<string name="_outlink" value="Npc/1013508.img/full/6"/>
</canvas>
<canvas name="1" width="1" height="1">
<vector name="origin" x="36" y="57"/>
<int name="z" value="0"/>
<string name="_hash" value="1738ec4f27cfe50b7eb63d5c10ea85287dc3c0630e039bb300a59444e4333866"/>
<string name="_outlink" value="Npc/1013508.img/full/4"/>
</canvas>
<canvas name="2" width="1" height="1">
<vector name="origin" x="37" y="57"/>
<int name="z" value="0"/>
<string name="_hash" value="096b12097188df97333dc63971b1d1af002e50e0d6ef080cef2db475d2175943"/>
<string name="_outlink" value="Npc/1013508.img/full/8"/>
</canvas>
<canvas name="3" width="1" height="1">
<vector name="origin" x="36" y="57"/>
<int name="z" value="0"/>
<string name="_outlink" value="Npc/1013508.img/full/4"/>
</canvas>
<canvas name="4" width="1" height="1">
<vector name="origin" x="35" y="58"/>
<int name="z" value="0"/>
<string name="_outlink" value="Npc/1013508.img/full/6"/>
</canvas>
<canvas name="5" width="1" height="1">
<vector name="origin" x="36" y="57"/>
<int name="z" value="0"/>
<string name="_outlink" value="Npc/1013508.img/full/4"/>
</canvas>
<canvas name="6" width="1" height="1">
<vector name="origin" x="37" y="57"/>
<int name="z" value="0"/>
<string name="_outlink" value="Npc/1013508.img/full/8"/>
</canvas>
<canvas name="7" width="1" height="1">
<vector name="origin" x="36" y="57"/>
<int name="z" value="0"/>
<string name="_outlink" value="Npc/1013508.img/full/4"/>
</canvas>
<int name="special" value="1"/>
</imgdir>
<imgdir name="ready">
<canvas name="0" width="1" height="1">
<vector name="origin" x="36" y="56"/>
<int name="z" value="0"/>
<int name="delay" value="150"/>
<string name="_outlink" value="Npc/1013508.img/stand/2"/>
</canvas>
<canvas name="1" width="1" height="1">
<vector name="origin" x="36" y="57"/>
<int name="z" value="0"/>
<int name="delay" value="150"/>
<string name="_hash" value="51180faff52f5947db484091f5c6d77fd780be81e135c69c4ef412c6c36b8ead"/>
<string name="_outlink" value="Npc/1013508.img/full/1"/>
</canvas>
<canvas name="2" width="1" height="1">
<vector name="origin" x="36" y="56"/>
<int name="z" value="0"/>
<int name="delay" value="150"/>
<string name="_hash" value="e5a2316fee526fc84caa7a0bffcc905a62b7838ef2b52e2fa824c9c839386191"/>
<string name="_outlink" value="Npc/1013508.img/full/2"/>
</canvas>
<canvas name="3" width="1" height="1">
<vector name="origin" x="36" y="57"/>
<int name="z" value="0"/>
<int name="delay" value="150"/>
<string name="_hash" value="48dd20516f79d63a374611797443a145f25c4d74d2f52e681218d3a24cc023fc"/>
<string name="_outlink" value="Npc/1013508.img/full/3"/>
</canvas>
<canvas name="4" width="1" height="1">
<vector name="origin" x="36" y="57"/>
<int name="z" value="0"/>
<int name="delay" value="150"/>
<string name="_outlink" value="Npc/1013508.img/full/4"/>
</canvas>
<canvas name="5" width="1" height="1">
<vector name="origin" x="36" y="57"/>
<int name="z" value="0"/>
<int name="delay" value="150"/>
<string name="_outlink" value="Npc/1013508.img/full/4"/>
</canvas>
<canvas name="6" width="1" height="1">
<vector name="origin" x="35" y="58"/>
<int name="z" value="0"/>
<int name="delay" value="150"/>
<string name="_outlink" value="Npc/1013508.img/full/6"/>
</canvas>
<canvas name="7" width="1" height="1">
<vector name="origin" x="36" y="57"/>
<int name="z" value="0"/>
<int name="delay" value="150"/>
<string name="_outlink" value="Npc/1013508.img/full/4"/>
</canvas>
<canvas name="8" width="1" height="1">
<vector name="origin" x="37" y="57"/>
<int name="z" value="0"/>
<int name="delay" value="150"/>
<string name="_outlink" value="Npc/1013508.img/full/8"/>
</canvas>
<canvas name="9" width="1" height="1">
<vector name="origin" x="36" y="57"/>
<int name="z" value="0"/>
<int name="delay" value="150"/>
<string name="_outlink" value="Npc/1013508.img/full/4"/>
</canvas>
<canvas name="10" width="1" height="1">
<vector name="origin" x="35" y="58"/>
<int name="z" value="0"/>
<int name="delay" value="150"/>
<string name="_outlink" value="Npc/1013508.img/full/6"/>
</canvas>
<canvas name="11" width="1" height="1">
<vector name="origin" x="36" y="57"/>
<int name="z" value="0"/>
<int name="delay" value="150"/>
<string name="_outlink" value="Npc/1013508.img/full/4"/>
</canvas>
<canvas name="12" width="1" height="1">
<vector name="origin" x="37" y="57"/>
<int name="z" value="0"/>
<int name="delay" value="150"/>
<string name="_outlink" value="Npc/1013508.img/full/8"/>
</canvas>
<canvas name="13" width="1" height="1">
<vector name="origin" x="36" y="57"/>
<int name="z" value="0"/>
<int name="delay" value="150"/>
<string name="_outlink" value="Npc/1013508.img/full/4"/>
</canvas>
<int name="special" value="1"/>
</imgdir>
</imgdir>
