<?xml version="1.0" encoding="UTF-8" standalone="yes"?>
<imgdir name="1013605.img">
<imgdir name="info">
<int name="hideName" value="1"/>
</imgdir>
<imgdir name="stand">
<canvas name="0" width="1" height="1">
<vector name="origin" x="28" y="48"/>
<int name="z" value="0"/>
<string name="_hash" value="0830c9060cae8aedeb739fe1a34e18ef1e756258c91473fd13058b93e1181e85"/>
<string name="_outlink" value="Npc/1013505.img/stand/0"/>
</canvas>
</imgdir>
<imgdir name="say">
<canvas name="0" width="1" height="1">
<vector name="origin" x="28" y="48"/>
<int name="z" value="0"/>
<string name="_hash" value="00cb3ad4c516e888adfe74dfb55b81cac23245bcf46890834e016284a48f7ffd"/>
<string name="_outlink" value="Npc/1013505.img/say/0"/>
</canvas>
<canvas name="1" width="1" height="1">
<vector name="origin" x="28" y="48"/>
<int name="z" value="0"/>
<string name="_hash" value="59bc133dfd1874074d34bac2aa9768f8c0432cba93901fbfc6144f22ce5ad9a6"/>
<string name="_outlink" value="Npc/1013505.img/say/1"/>
</canvas>
<canvas name="2" width="1" height="1">
<vector name="origin" x="28" y="49"/>
<int name="z" value="0"/>
<string name="_hash" value="55182fd1be16c7813d4b225cf657b8dc0f69149b5d2a8b9d4d525178aad29069"/>
<string name="_outlink" value="Npc/1013505.img/say/2"/>
</canvas>
<canvas name="3" width="1" height="1">
<vector name="origin" x="28" y="50"/>
<int name="z" value="0"/>
<string name="_hash" value="0017f5dd8061547edb86411d1fcb02067a85c5bea93879271d459262bfbebec6"/>
<string name="_outlink" value="Npc/1013505.img/say/3"/>
</canvas>
<canvas name="4" width="1" height="1">
<vector name="origin" x="28" y="51"/>
<int name="z" value="0"/>
<string name="_hash" value="4be7c0760d4b8315a673e76acb31225e8ab256933556318d7881eb9d99786d42"/>
<string name="_outlink" value="Npc/1013505.img/say/4"/>
</canvas>
<canvas name="5" width="1" height="1">
<vector name="origin" x="28" y="48"/>
<int name="z" value="0"/>
<string name="_hash" value="5bf53929bb060b799eed51981c4ad3a52f3e0779a8b96c129ed84a4a4a45a9e9"/>
<string name="_outlink" value="Npc/1013505.img/say/5"/>
</canvas>
<canvas name="6" width="1" height="1">
<vector name="origin" x="28" y="48"/>
<int name="z" value="0"/>
<string name="_hash" value="21f70fb5abe7c7d8e905f92671e4e3d43797d1eab0e34847ab44660de37a0fba"/>
<string name="_outlink" value="Npc/1013505.img/say/6"/>
</canvas>
</imgdir>
<imgdir name="tired">
<canvas name="0" width="1" height="1">
<vector name="origin" x="28" y="48"/>
<int name="z" value="0"/>
<string name="_hash" value="b756e3deabd4129ba4686d7ba9eb2bde2258a000c2952609c889d9e58986a776"/>
<string name="_outlink" value="Npc/1013505.img/tired/0"/>
</canvas>
<canvas name="1" width="1" height="1">
<vector name="origin" x="28" y="48"/>
<int name="z" value="0"/>
<string name="_hash" value="8e83a7697ffb0ba7ffcacf008c8e96bb01b2bccb9d0ee3f97846548ca7be2c08"/>
<string name="_outlink" value="Npc/1013505.img/tired/1"/>
</canvas>
<canvas name="2" width="1" height="1">
<vector name="origin" x="28" y="49"/>
<int name="z" value="0"/>
<string name="_hash" value="04128b27066cc0dd2afc16c2966b1f666b6d2b6ceabf30782337226c54b77ed8"/>
<string name="_outlink" value="Npc/1013505.img/tired/2"/>
</canvas>
<canvas name="3" width="1" height="1">
<vector name="origin" x="28" y="50"/>
<int name="z" value="0"/>
<string name="_hash" value="fba549a43eab0b22958935b548c3fab885263feb372f53c6dfaf296730e9bf68"/>
<string name="_outlink" value="Npc/1013505.img/tired/3"/>
</canvas>
<canvas name="4" width="1" height="1">
<vector name="origin" x="28" y="50"/>
<int name="z" value="0"/>
<string name="_hash" value="b6dbc80f3534be600edca6364e90fece9d1e1352d444e4e6dc761c5703d44cab"/>
<string name="_outlink" value="Npc/1013505.img/tired/4"/>
</canvas>
<canvas name="5" width="1" height="1">
<vector name="origin" x="28" y="51"/>
<int name="z" value="0"/>
<string name="_hash" value="cc36f79d1f2015447fa5be68fddcec522cf3cd5bc2a1d903da609b750ecb7fdb"/>
<string name="_outlink" value="Npc/1013505.img/tired/5"/>
</canvas>
<canvas name="6" width="1" height="1">
<vector name="origin" x="28" y="48"/>
<int name="z" value="0"/>
<string name="_hash" value="8b333f5c410148c6da5aca3e5a33cd10e8707bbbf63b6ba12700b9a81a6ca270"/>
<string name="_outlink" value="Npc/1013505.img/tired/6"/>
</canvas>
<canvas name="7" width="1" height="1">
<vector name="origin" x="28" y="48"/>
<int name="z" value="0"/>
<string name="_hash" value="07dadd6601e6ccaebd8c292d08f303a1bb8dbf78ae49d5c1de7580d7e453e9e6"/>
<string name="_outlink" value="Npc/1013505.img/tired/7"/>
</canvas>
<int name="special" value="1"/>
</imgdir>
</imgdir>
