<?xml version="1.0" encoding="UTF-8" standalone="yes"?>
<imgdir name="1013356.img">
<imgdir name="info">
<int name="hideName" value="1"/>
</imgdir>
<imgdir name="stand">
<canvas name="0" width="1" height="1">
<vector name="origin" x="16" y="49"/>
<int name="z" value="0"/>
<string name="_hash" value="42a73c8499ee2395239789ab9a86aa0f82177f91a0a32219284c99726acfc12f"/>
<string name="_outlink" value="Npc/1013322.img/stand/0"/>
</canvas>
</imgdir>
<imgdir name="blink">
<canvas name="0" width="1" height="1">
<vector name="origin" x="16" y="49"/>
<int name="z" value="0"/>
<int name="delay" value="180"/>
<string name="_outlink" value="Npc/1013322.img/stand/0"/>
</canvas>
<canvas name="1" width="1" height="1">
<vector name="origin" x="16" y="49"/>
<int name="z" value="0"/>
<int name="delay" value="180"/>
<string name="_hash" value="0f24ff98d09fd506266a78cc1a5576244f0d11ead84078db1d5f73fa725a661b"/>
<string name="_outlink" value="Npc/1013322.img/blink/1"/>
</canvas>
</imgdir>
</imgdir>
