<?xml version="1.0" encoding="UTF-8" standalone="yes"?>
<imgdir name="1013103.img">
<imgdir name="info">
</imgdir>
<imgdir name="stand">
<canvas name="0" width="51" height="84">
<vector name="origin" x="26" y="84"/>
<int name="z" value="0"/>
<int name="delay" value="3000"/>
<string name="_hash" value="faeba89cd3901324ea03ecf951c7e39222bd1746dd95bbec21626f5cc9b899bd"/>
</canvas>
</imgdir>
<imgdir name="say">
<canvas name="0" width="1" height="1">
<vector name="origin" x="26" y="84"/>
<int name="z" value="0"/>
<int name="delay" value="180"/>
<string name="_inlink" value="stand/0"/>
</canvas>
<canvas name="1" width="51" height="84">
<vector name="origin" x="26" y="84"/>
<int name="z" value="0"/>
<int name="delay" value="180"/>
<string name="_hash" value="1480d92e3ed951e323d64367a86b78764e60a2e2aa40ecce43b44d9d47cae6a4"/>
</canvas>
<uol name="2" value="0"/>
<uol name="3" value="1"/>
<uol name="4" value="0"/>
<uol name="5" value="1"/>
<uol name="6" value="0"/>
<uol name="7" value="1"/>
<uol name="8" value="0"/>
<uol name="9" value="1"/>
<uol name="10" value="0"/>
<uol name="11" value="1"/>
<imgdir name="speak">
<string name="0" value="n0"/>
<string name="1" value="n1"/>
</imgdir>
</imgdir>
<imgdir name="eye">
<canvas name="0" width="1" height="1">
<vector name="origin" x="26" y="84"/>
<int name="z" value="0"/>
<int name="delay" value="150"/>
<string name="_inlink" value="stand/0"/>
</canvas>
<canvas name="1" width="51" height="84">
<vector name="origin" x="26" y="84"/>
<int name="z" value="0"/>
<int name="delay" value="150"/>
<string name="_hash" value="b02399a854fa22b56576c8a4ec7aa8051d53a3691f60f734b176f3c12d65d7af"/>
</canvas>
<canvas name="2" width="51" height="84">
<vector name="origin" x="26" y="84"/>
<int name="z" value="0"/>
<int name="delay" value="150"/>
<string name="_hash" value="122cb800a9577cf07a0a6612f9081e01c12a7297afd179b14b54f8fc2224db61"/>
</canvas>
</imgdir>
<imgdir name="eyebrow">
<canvas name="0" width="1" height="1">
<vector name="origin" x="26" y="84"/>
<int name="z" value="0"/>
<int name="delay" value="1000"/>
<string name="_inlink" value="stand/0"/>
</canvas>
<canvas name="1" width="51" height="84">
<vector name="origin" x="26" y="84"/>
<int name="z" value="0"/>
<int name="delay" value="180"/>
<string name="_hash" value="2c5af3ae3df8bb266fdbf12f10f6992370c4c0502342f86af096df7deb741d8d"/>
</canvas>
<uol name="2" value="0"/>
<uol name="3" value="1"/>
</imgdir>
</imgdir>
