<?xml version="1.0" encoding="UTF-8" standalone="yes"?>
<imgdir name="1013300.img">
<imgdir name="info">
<canvas name="default" width="37" height="45">
<vector name="origin" x="13" y="45"/>
<int name="z" value="0"/>
<string name="_hash" value="c1b5cc11ed7b9e322d971deee09877e3bb389cc44ac1b426798e945f8e39c0cd"/>
</canvas>
<imgdir name="speak">
<string name="0" value="n0"/>
<string name="1" value="n1"/>
</imgdir>
</imgdir>
<imgdir name="stand">
<canvas name="0" width="40" height="35">
<vector name="origin" x="16" y="32"/>
<int name="z" value="0"/>
<int name="delay" value="180"/>
<string name="_hash" value="845c8df77e8f2f6f00b5d240d5539419231cab472716da65e2408e24a621fb0e"/>
</canvas>
<canvas name="1" width="40" height="35">
<vector name="origin" x="16" y="32"/>
<int name="z" value="0"/>
<int name="delay" value="180"/>
<string name="_hash" value="9146eb64a089680f161065522cd16521425121e6d98e711bfca7239550b58ae1"/>
</canvas>
<canvas name="2" width="1" height="1">
<vector name="origin" x="16" y="32"/>
<int name="z" value="0"/>
<int name="delay" value="180"/>
<string name="_inlink" value="stand/0"/>
</canvas>
<canvas name="3" width="1" height="1">
<vector name="origin" x="16" y="32"/>
<int name="z" value="0"/>
<int name="delay" value="180"/>
<string name="_inlink" value="stand/1"/>
</canvas>
</imgdir>
<imgdir name="condition2">
<imgdir name="35948">
<imgdir name="0">
<string name="key" value="00"/>
<string name="value" value="h0"/>
</imgdir>
</imgdir>
<uol name="stand" value="../stand"/>
<int name="hide" value="1"/>
</imgdir>
<imgdir name="condition3">
<imgdir name="35948">
<imgdir name="0">
<string name="key" value="00"/>
<string name="value" value="h1"/>
</imgdir>
</imgdir>
<uol name="stand" value="../stand"/>
</imgdir>
</imgdir>
