<?xml version="1.0" encoding="UTF-8" standalone="yes"?>
<imgdir name="1013503.img">
<imgdir name="info">
</imgdir>
<imgdir name="stand">
<canvas name="0" width="52" height="42">
<vector name="origin" x="23" y="42"/>
<int name="z" value="0"/>
<string name="_hash" value="73fbc8dbe44f32e2383ad3bc829abe146c457a1e04ab085d04c955cebdc6eeee"/>
</canvas>
</imgdir>
<imgdir name="say">
<canvas name="0" width="84" height="42">
<vector name="origin" x="44" y="42"/>
<int name="z" value="0"/>
<string name="_hash" value="a51c6adc6bf60fb150400f05eaad865268b8899c0e5b44667e9952fc8be0cfc2"/>
</canvas>
<canvas name="1" width="84" height="42">
<vector name="origin" x="44" y="42"/>
<int name="z" value="0"/>
<string name="_hash" value="89b53136e3a830adb65b98c502c96dbf99ed2fcc33e796a1fe744d105dc2a223"/>
</canvas>
<canvas name="2" width="84" height="42">
<vector name="origin" x="43" y="42"/>
<int name="z" value="0"/>
<string name="_hash" value="245c713dbee1a8194b183cc9959122e6c198fd2026e91a46674d3d9ff74d6ebb"/>
</canvas>
<canvas name="3" width="85" height="42">
<vector name="origin" x="44" y="42"/>
<int name="z" value="0"/>
<string name="_hash" value="caf748e01bc7b5b150b3ae08eb0235ca69cb46b66334e1d145be926d9ab4be96"/>
</canvas>
<canvas name="4" width="85" height="42">
<vector name="origin" x="44" y="42"/>
<int name="z" value="0"/>
<string name="_hash" value="8daa05360208a0de3c57a345e9e42cbd38c8eb7f0d70b226b9268532ab63592d"/>
</canvas>
<canvas name="5" width="83" height="42">
<vector name="origin" x="44" y="42"/>
<int name="z" value="0"/>
<string name="_hash" value="866c135a11bdce56fda79407c4c4c469c9037c389e6f0b79e1a13d1c320f4256"/>
</canvas>
<canvas name="6" width="84" height="42">
<vector name="origin" x="44" y="42"/>
<int name="z" value="0"/>
<string name="_hash" value="174a92e32d07dfdeac3a1e051147bb2b395171ba0ea340b405c079d36dd1ab1c"/>
</canvas>
</imgdir>
<imgdir name="eye">
<canvas name="0" width="1" height="1">
<vector name="origin" x="44" y="42"/>
<int name="z" value="0"/>
<string name="_inlink" value="say/0"/>
</canvas>
<canvas name="1" width="84" height="42">
<vector name="origin" x="44" y="42"/>
<int name="z" value="0"/>
<string name="_hash" value="d6ba4051de02dc5bd43e7e40a751129b94630b3aa51cd515b2a9f8c507bf6dbf"/>
</canvas>
<canvas name="2" width="84" height="42">
<vector name="origin" x="43" y="42"/>
<int name="z" value="0"/>
<string name="_hash" value="7d546425ad13f0760d95a66f635f4e2220ad87a16ed9503ef78900147ca70eba"/>
</canvas>
<canvas name="3" width="85" height="42">
<vector name="origin" x="44" y="42"/>
<int name="z" value="0"/>
<string name="_hash" value="2fce942a8413435c5761e7a3d4a7eb8818ec28a74410481af00179778c854502"/>
</canvas>
<canvas name="4" width="85" height="42">
<vector name="origin" x="44" y="42"/>
<int name="z" value="0"/>
<string name="_hash" value="b542b7c584addd48ed8ea08c1f3c63de2b5ef7981dec77a93234fbfa3e24f96a"/>
</canvas>
<canvas name="5" width="83" height="42">
<vector name="origin" x="44" y="42"/>
<int name="z" value="0"/>
<string name="_hash" value="78bf508a65a3753343beed20c56aeebf0c002d1536326c4551ccb104c93dbacd"/>
</canvas>
<canvas name="6" width="84" height="42">
<vector name="origin" x="44" y="42"/>
<int name="z" value="0"/>
<string name="_hash" value="3dbdce815f7b2ca5a1cf5530efa75b26d08a57368b27f8c6c52ae4c624318032"/>
</canvas>
</imgdir>
<imgdir name="jumpOut">
<canvas name="0" width="1" height="1">
<vector name="origin" x="23" y="42"/>
<int name="z" value="0"/>
<string name="_inlink" value="stand/0"/>
</canvas>
<canvas name="1" width="53" height="42">
<vector name="origin" x="24" y="42"/>
<int name="z" value="0"/>
<string name="_hash" value="91fda104373ed9bdcaa879d80abd086863999062100590a668950c58b1848347"/>
</canvas>
<canvas name="2" width="99" height="78">
<vector name="origin" x="56" y="78"/>
<int name="z" value="0"/>
<string name="_hash" value="1f6411a97c715f9529c6b07589d9b9656b02fbbd4a7e99a30aa68a68cc510377"/>
</canvas>
<canvas name="3" width="149" height="86">
<vector name="origin" x="99" y="84"/>
<int name="z" value="0"/>
<string name="_hash" value="db9acc6e7d961dc6db7ad81774dde34d8bd3245f65cf23b0e85dbf1e53972d20"/>
</canvas>
<canvas name="4" width="167" height="80">
<vector name="origin" x="114" y="78"/>
<int name="z" value="0"/>
<string name="_hash" value="95d8e51c45a1f7c651d4772fc1009aa7330fbbb2197ff4b5bca56c082a45e384"/>
</canvas>
<canvas name="5" width="176" height="56">
<vector name="origin" x="123" y="53"/>
<int name="z" value="0"/>
<string name="_hash" value="1fb2f6ee1870c4c65a23ae41a6e2955dab40813eeb4e8ef1b0c1033cb72b1881"/>
</canvas>
<canvas name="6" width="176" height="55">
<vector name="origin" x="123" y="53"/>
<int name="z" value="0"/>
<string name="_hash" value="bafdedcbbeb9f65595ae370f77e79e33d3363466c517efc5cab6519b6f1b29db"/>
</canvas>
<canvas name="7" width="52" height="42">
<vector name="origin" x="123" y="53"/>
<int name="z" value="0"/>
<string name="_hash" value="28b3e62d4d71b4d3ee9c9a0cc21a316b68648fb7201fe8d108ae7153170a9c56"/>
</canvas>
<int name="special" value="1"/>
</imgdir>
<imgdir name="shine">
<canvas name="0" width="52" height="42">
<vector name="origin" x="123" y="53"/>
<int name="z" value="0"/>
<string name="_hash" value="9b6885c315cbde82f7f86d517ae29f49db0dec7f421bfef59ee180fb38930380"/>
</canvas>
<canvas name="1" width="65" height="46">
<vector name="origin" x="136" y="57"/>
<int name="z" value="0"/>
<string name="_hash" value="f0d2cfb1304311cc436ad0f2463630d29fbbbcd7f0e3cf077d089e576ffc277d"/>
</canvas>
<canvas name="2" width="67" height="42">
<vector name="origin" x="132" y="53"/>
<int name="z" value="0"/>
<string name="_hash" value="4d81fd9365047afa7a5c840775ff0a14456f949d7db54f22578f151ca60934f3"/>
</canvas>
<canvas name="3" width="71" height="42">
<vector name="origin" x="139" y="53"/>
<int name="z" value="0"/>
<string name="_hash" value="4d29545141b4069d29b92135e0871f954663cb41568aed55fac592bb7ab970f5"/>
</canvas>
<canvas name="4" width="68" height="50">
<vector name="origin" x="136" y="61"/>
<int name="z" value="0"/>
<string name="_hash" value="190ce9014d5de0b7e1500dce662a43367364415a0c518d06c71320d5445f503f"/>
</canvas>
<canvas name="5" width="63" height="49">
<vector name="origin" x="134" y="60"/>
<int name="z" value="0"/>
<string name="_hash" value="ba63a316a4388ff5830a475aea036a2fc6452705d066dffcc33b4b64189ff875"/>
</canvas>
<canvas name="6" width="52" height="47">
<vector name="origin" x="123" y="58"/>
<int name="z" value="0"/>
<string name="_hash" value="ead571d9b2010bf5adc50b7daddfe1f7c1e003b8248583814c42ef2c68876b72"/>
</canvas>
<int name="special" value="1"/>
</imgdir>
<imgdir name="gloom">
<canvas name="0" width="52" height="42">
<vector name="origin" x="123" y="53"/>
<int name="z" value="0"/>
<string name="_hash" value="b97b658ef5182b75ba2cfc8c1c31bdc21c6ea23497f405576f4d498fa84bd0a8"/>
</canvas>
<canvas name="1" width="52" height="42">
<vector name="origin" x="123" y="53"/>
<int name="z" value="0"/>
<string name="_hash" value="8690fd27314ede2fe916ad4df49f1336f7bb6c53fa422d6070c099b89770c64e"/>
</canvas>
<canvas name="2" width="52" height="42">
<vector name="origin" x="123" y="53"/>
<int name="z" value="0"/>
<string name="_hash" value="e48dcb0c2e0a49f2df4e0f9cec1e0ea1c599a1972279f98caae63d071156dac9"/>
</canvas>
<canvas name="3" width="1" height="1">
<vector name="origin" x="123" y="53"/>
<int name="z" value="0"/>
<string name="_inlink" value="gloom/1"/>
</canvas>
<int name="special" value="1"/>
</imgdir>
<imgdir name="jumpIn">
<canvas name="Frame 1" width="52" height="42">
<vector name="origin" x="123" y="53"/>
<int name="z" value="0"/>
<string name="_hash" value="be08f10123ff03b0fa25286a7c9846faf3f9d615a1730aa37623c4620da368ab"/>
</canvas>
<canvas name="Frame 2" width="52" height="42">
<vector name="origin" x="123" y="53"/>
<int name="z" value="0"/>
<string name="_hash" value="839b00025595c9c024ee4b543b782bc18f7dce59fb74f97698c244aaafbf15c5"/>
</canvas>
<canvas name="Frame 3" width="51" height="50">
<vector name="origin" x="92" y="78"/>
<int name="z" value="0"/>
<string name="_hash" value="0f804a1d768828cfd24d745dbc657dbe7dc917817a8b23f09f2462aa4ee6e385"/>
</canvas>
<canvas name="Frame 4" width="51" height="52">
<vector name="origin" x="49" y="84"/>
<int name="z" value="0"/>
<string name="_hash" value="9002aa5e19cbaf1c8cf6cfc2aebbfec5e106e68aa43d813939fa154247e89844"/>
</canvas>
<canvas name="Frame 5" width="51" height="42">
<vector name="origin" x="31" y="64"/>
<int name="z" value="0"/>
<string name="_hash" value="8e9ed92d9e837c3d484f8e3c056487d37e72f19f5a29a7586652e7afc864484f"/>
</canvas>
<canvas name="Frame 6" width="88" height="56">
<vector name="origin" x="42" y="52"/>
<int name="z" value="0"/>
<string name="_hash" value="33f8b85cd5ecd9b2ba940078264567f88637044202357a8f8761189385f58ca8"/>
</canvas>
<canvas name="Frame 7" width="88" height="69">
<vector name="origin" x="43" y="66"/>
<int name="z" value="0"/>
<string name="_hash" value="5d9eaac07239d73061f92a156091bd5b880f4128b352bfa36219aac1b012390d"/>
</canvas>
<canvas name="Frame 8" width="94" height="67">
<vector name="origin" x="46" y="63"/>
<int name="z" value="0"/>
<string name="_hash" value="d2faf054f3688bacf3484199f9452516ee91bd82ffe3a6370f69ccc4dee61c1f"/>
</canvas>
<canvas name="Frame 9" width="106" height="57">
<vector name="origin" x="56" y="52"/>
<int name="z" value="0"/>
<string name="_hash" value="d17cf3e9559964b1cee739f1ba9648324344fddd6d8516b78d49bcd015cc1297"/>
</canvas>
<canvas name="Frame 10" width="111" height="46">
<vector name="origin" x="60" y="42"/>
<int name="z" value="0"/>
<string name="_hash" value="f834dabd67a8e9d095abd98988576c7ae9754599ce035d4113018d8a52e1cb76"/>
</canvas>
<canvas name="Frame 11" width="79" height="44">
<vector name="origin" x="38" y="42"/>
<int name="z" value="0"/>
<string name="_hash" value="683adc417b783c283547b51521fd756ab8c454260730029aedad067a90ef9692"/>
</canvas>
<canvas name="Frame 12" width="82" height="45">
<vector name="origin" x="39" y="42"/>
<int name="z" value="0"/>
<string name="_hash" value="4296a9a58be6c244d3cbcb87b1203ea69bf9602b5f3f02286a9255dd5a057fca"/>
</canvas>
<canvas name="Frame 13" width="1" height="1">
<vector name="origin" x="23" y="42"/>
<int name="z" value="0"/>
<string name="_inlink" value="stand/0"/>
</canvas>
<int name="special" value="1"/>
</imgdir>
</imgdir>
