<?xml version="1.0" encoding="UTF-8" standalone="yes"?>
<imgdir name="1013516.img">
<imgdir name="info">
<imgdir name="speak">
<string name="0" value="n0"/>
<string name="1" value="n1"/>
<int name="delay" value="180"/>
</imgdir>
</imgdir>
<imgdir name="stand">
<canvas name="0" width="71" height="52">
<vector name="origin" x="30" y="51"/>
<int name="z" value="0"/>
<string name="_hash" value="5a96a301b26b6e08d44c291b2bb0672cc778cea51cd0718f5cc98482a28179e0"/>
</canvas>
<canvas name="1" width="70" height="51">
<vector name="origin" x="30" y="50"/>
<int name="z" value="0"/>
<string name="_hash" value="a24e7c5ee6022cc4eac7fdabab9704c8def6e001b72ea383f9b825aaae27b382"/>
</canvas>
<canvas name="2" width="71" height="53">
<vector name="origin" x="30" y="52"/>
<int name="z" value="0"/>
<string name="_hash" value="93b27f6ad59098500002a63defc78485d1114397c9fc23925e64efe6261630c2"/>
</canvas>
<canvas name="3" width="69" height="54">
<vector name="origin" x="28" y="53"/>
<int name="z" value="0"/>
<string name="_hash" value="2cff6b861997b417e6dec4cdfc57f9b6b3a264192a53fed4a98425324e5b655f"/>
</canvas>
<canvas name="4" width="1" height="1">
<vector name="origin" x="30" y="52"/>
<int name="z" value="0"/>
<string name="_inlink" value="stand/2"/>
</canvas>
<canvas name="5" width="1" height="1">
<vector name="origin" x="30" y="51"/>
<int name="z" value="0"/>
<string name="_inlink" value="stand/0"/>
</canvas>
<canvas name="6" width="1" height="1">
<vector name="origin" x="30" y="51"/>
<int name="z" value="0"/>
<string name="_inlink" value="stand/0"/>
</canvas>
<canvas name="7" width="71" height="51">
<vector name="origin" x="30" y="50"/>
<int name="z" value="0"/>
<string name="_hash" value="5f6c3b6766e3a6fc1f40302dabe10e8f039d2bc58c629d2491d033c0362086b7"/>
</canvas>
<canvas name="8" width="71" height="53">
<vector name="origin" x="30" y="52"/>
<int name="z" value="0"/>
<string name="_hash" value="82e5ca94e306530269de4e6aa2ef3cd663a6db0eb0302b8b53861884405fc726"/>
</canvas>
<canvas name="9" width="71" height="54">
<vector name="origin" x="30" y="53"/>
<int name="z" value="0"/>
<string name="_hash" value="487105ceb3fba5da145f241383ee00d74ed555fb90463a44072279fd59196b84"/>
</canvas>
<canvas name="10" width="71" height="53">
<vector name="origin" x="30" y="52"/>
<int name="z" value="0"/>
<string name="_hash" value="5bebac17b3d8603579643362fc0c2eaa7d7806693429d78b0e5d476b96f8ebe4"/>
</canvas>
<canvas name="11" width="71" height="51">
<vector name="origin" x="30" y="50"/>
<int name="z" value="0"/>
<string name="_hash" value="6415fde0b10d9777adb01b4104b88d7236d214545b9628e2ad77f5a347622543"/>
</canvas>
<canvas name="12" width="1" height="1">
<vector name="origin" x="30" y="51"/>
<int name="z" value="0"/>
<string name="_inlink" value="stand/0"/>
</canvas>
<canvas name="13" width="1" height="1">
<vector name="origin" x="30" y="50"/>
<int name="z" value="0"/>
<string name="_inlink" value="stand/11"/>
</canvas>
<canvas name="14" width="1" height="1">
<vector name="origin" x="30" y="51"/>
<int name="z" value="0"/>
<string name="_inlink" value="stand/0"/>
</canvas>
<canvas name="15" width="1" height="1">
<vector name="origin" x="30" y="51"/>
<int name="z" value="0"/>
<string name="_inlink" value="stand/0"/>
</canvas>
</imgdir>
</imgdir>
