<?xml version="1.0" encoding="UTF-8" standalone="yes"?>
<imgdir name="1013002.img">
<imgdir name="info">
<imgdir name="script">
<imgdir name="0">
<string name="script" value="dragonEgg"/>
</imgdir>
</imgdir>
<int name="dcLeft" value="-63"/>
<int name="dcTop" value="-250"/>
<int name="dcRight" value="94"/>
<int name="dcBottom" value="-150"/>
<int name="hideName" value="1"/>
</imgdir>
<imgdir name="stand">
<canvas name="0" width="1" height="60">
<vector name="origin" x="0" y="61"/>
<string name="_hash" value="8de8425622f1663886f2ef10b2c4f61b803b621e6c835dc8b77b9f256d6ab392"/>
</canvas>
</imgdir>
</imgdir>
