<?xml version="1.0" encoding="UTF-8" standalone="yes"?>
<imgdir name="1013106.img">
<imgdir name="info">
<imgdir name="script">
<imgdir name="0">
<string name="script" value="evan_lv200"/>
</imgdir>
</imgdir>
</imgdir>
<imgdir name="stand">
<canvas name="0" width="95" height="119">
<vector name="origin" x="38" y="118"/>
<int name="z" value="0"/>
<string name="_hash" value="ba9522f7ff61255d2e96ef7bd1bc9c7db91e670195b4c49efbe2f90fbbbc8c7e"/>
</canvas>
<canvas name="1" width="95" height="119">
<vector name="origin" x="38" y="118"/>
<int name="z" value="0"/>
<string name="_hash" value="440d589e1939208c0a9be90663391834c9e65e67b6ce15cf1e075d9613ae326d"/>
</canvas>
<canvas name="2" width="95" height="119">
<vector name="origin" x="38" y="118"/>
<int name="z" value="0"/>
<string name="_hash" value="edb5c6bc88f9f14e2f3242462ac6bfc144c0d19052c1381486c8db9df14227a5"/>
</canvas>
<canvas name="3" width="95" height="119">
<vector name="origin" x="38" y="118"/>
<int name="z" value="0"/>
<string name="_hash" value="124059d1e2895e80793f770301b20944262521cec4b53c7d426e1ff11c06b3ff"/>
</canvas>
<canvas name="4" width="95" height="120">
<vector name="origin" x="38" y="119"/>
<int name="z" value="0"/>
<string name="_hash" value="447a31c9b3e80a84cd02b3703531e4d9b4ede82f5f04b7a8ef791b16f2e8126b"/>
</canvas>
<canvas name="5" width="95" height="121">
<vector name="origin" x="38" y="120"/>
<int name="z" value="0"/>
<string name="_hash" value="45716adeb5cd5f30e53d7d0468d3db94217a884a1fe452de579f865c7b7d5d03"/>
</canvas>
<canvas name="6" width="95" height="121">
<vector name="origin" x="38" y="120"/>
<int name="z" value="0"/>
<string name="_hash" value="3777febec1e76ff370bf247f3bf136cbda802886e540617fb05648f7bba2a007"/>
</canvas>
<canvas name="7" width="95" height="122">
<vector name="origin" x="38" y="121"/>
<int name="z" value="0"/>
<string name="_hash" value="b804dc0d3386f4ea4e2272a82eb9bfc5123d211bea872f69d416823908e9280b"/>
</canvas>
<canvas name="8" width="95" height="122">
<vector name="origin" x="38" y="121"/>
<int name="z" value="0"/>
<string name="_hash" value="5dbcec3c1a94dd61f6f2e7b49a5c9769c850aca19edd3a580229a089c878ec83"/>
</canvas>
<canvas name="9" width="95" height="121">
<vector name="origin" x="38" y="120"/>
<int name="z" value="0"/>
<string name="_hash" value="98ddb2e012da8e0316a2c1b89134191518b199664bd7467be7929590250f04ac"/>
</canvas>
</imgdir>
</imgdir>
