<?xml version="1.0" encoding="UTF-8" standalone="yes"?>
<imgdir name="1013517.img">
<imgdir name="info">
<imgdir name="speak">
<string name="0" value="n0"/>
<string name="1" value="n1"/>
<int name="delay" value="180"/>
</imgdir>
<int name="hideName" value="1"/>
</imgdir>
<imgdir name="stand">
<canvas name="0" width="114" height="55">
<vector name="origin" x="50" y="53"/>
<int name="z" value="0"/>
<string name="_hash" value="1cb1e9ae4cb23ee2c471c8400e1be51de62afed2b6c7ee556acf0640eff0fc68"/>
</canvas>
<canvas name="1" width="120" height="56">
<vector name="origin" x="54" y="54"/>
<int name="z" value="0"/>
<string name="_hash" value="de2cd0e3ce0cfa819bd7b31630d63d4a076fa9f98cf0c72194947509a54a0656"/>
</canvas>
<canvas name="2" width="125" height="60">
<vector name="origin" x="56" y="57"/>
<int name="z" value="0"/>
<string name="_hash" value="077da463842e134677246d160a2a4a690eda68991a95c3b672e77b7bf212af69"/>
</canvas>
<canvas name="3" width="130" height="65">
<vector name="origin" x="59" y="61"/>
<int name="z" value="0"/>
<string name="_hash" value="c1c69a48b89fa92f3c17f5fdb3b9130e5decae353ba28f507859f071ed40e314"/>
</canvas>
<canvas name="4" width="130" height="66">
<vector name="origin" x="59" y="62"/>
<int name="z" value="0"/>
<string name="_hash" value="53b41d01a4d45641403f5c00c18be7a4ea189ca36a7cf6cf312cc506cca276ea"/>
</canvas>
<canvas name="5" width="131" height="66">
<vector name="origin" x="60" y="63"/>
<int name="z" value="0"/>
<string name="_hash" value="12d0c113606df44d8cef792777f65ac39a07019d68edc2a5b2c0189a7976996e"/>
</canvas>
<canvas name="6" width="102" height="66">
<vector name="origin" x="43" y="64"/>
<int name="z" value="0"/>
<string name="_hash" value="ce7e47e3afe8efe802896f6944c468c9156f4ce32672319ad7fabdd3a4a7cb3d"/>
</canvas>
<canvas name="7" width="103" height="57">
<vector name="origin" x="44" y="55"/>
<int name="z" value="0"/>
<string name="_hash" value="f1c887e2cb14fd6b4942ff0d709693c59a5862129e82de9a5070c710666ee0a4"/>
</canvas>
<canvas name="8" width="114" height="56">
<vector name="origin" x="50" y="54"/>
<int name="z" value="0"/>
<string name="_hash" value="f25e5f1195cc0472ced5f32a9fa81154038e157b84461c850767d8401a24e9b9"/>
</canvas>
<canvas name="9" width="120" height="55">
<vector name="origin" x="54" y="53"/>
<int name="z" value="0"/>
<string name="_hash" value="6777c82a76d8565ca24dec858ca56e503fd08de603c09f7fc1fe918f6722eb4a"/>
</canvas>
<canvas name="10" width="125" height="75">
<vector name="origin" x="56" y="72"/>
<int name="z" value="0"/>
<string name="_hash" value="06ac8b741a0a7c2de972e518cf1f5117873a9d7909802575a0b5e1eba9d6447c"/>
</canvas>
<canvas name="11" width="130" height="77">
<vector name="origin" x="59" y="73"/>
<int name="z" value="0"/>
<string name="_hash" value="6dde7f54acd48533125a873e43946e1789deb09f15b07c9d3e8640488134c9b0"/>
</canvas>
<canvas name="12" width="130" height="78">
<vector name="origin" x="59" y="74"/>
<int name="z" value="0"/>
<string name="_hash" value="b051bd64da65ee58c8097818e957622d5a7d70ab73a56d3e5b72731f8eb0dc98"/>
</canvas>
<canvas name="13" width="131" height="77">
<vector name="origin" x="60" y="74"/>
<int name="z" value="0"/>
<string name="_hash" value="1415a838bd87b7b3f356c807f1583caaad296835f09da249bc3bebfe17865f46"/>
</canvas>
<canvas name="14" width="102" height="57">
<vector name="origin" x="43" y="55"/>
<int name="z" value="0"/>
<string name="_hash" value="3542b385dc4cedefd68d7a912e4d7e66eef6f08a07a3066afd9a3216c14bc804"/>
</canvas>
<canvas name="15" width="103" height="56">
<vector name="origin" x="44" y="54"/>
<int name="z" value="0"/>
<string name="_hash" value="fe04c2873d9f46d8b584a46baf324becf4e460251ebcfc1c92741807f1bb6f58"/>
</canvas>
</imgdir>
</imgdir>
