<?xml version="1.0" encoding="UTF-8" standalone="yes"?>
<imgdir name="1013301.img">
<imgdir name="info">
<imgdir name="speak">
<string name="0" value="n0"/>
<string name="1" value="n1"/>
</imgdir>
</imgdir>
<imgdir name="stand">
<canvas name="0" width="66" height="61">
<vector name="origin" x="43" y="60"/>
<int name="z" value="0"/>
<string name="_hash" value="ce9df618c2af39e7a3cc7e1e194ba6ade10b1f3292b4d7925c0b8f05128c9e0f"/>
</canvas>
</imgdir>
<imgdir name="say">
<canvas name="0" width="1" height="1">
<vector name="origin" x="43" y="60"/>
<int name="z" value="0"/>
<int name="delay" value="210"/>
<string name="_inlink" value="stand/0"/>
</canvas>
<canvas name="1" width="67" height="61">
<vector name="origin" x="44" y="60"/>
<int name="z" value="0"/>
<int name="delay" value="210"/>
<string name="_hash" value="61c4127793b1b27116e18af950bb908af4f75be2fde8950d3c83712d5627b4d6"/>
</canvas>
<canvas name="2" width="67" height="61">
<vector name="origin" x="44" y="60"/>
<int name="z" value="0"/>
<int name="delay" value="210"/>
<string name="_hash" value="2953be63df1c65cbfc949a37dfaf7e4f43f8a3d1eb4c74bb6a777e8077e162ef"/>
</canvas>
<canvas name="3" width="1" height="1">
<vector name="origin" x="43" y="60"/>
<int name="z" value="0"/>
<int name="delay" value="210"/>
<string name="_inlink" value="stand/0"/>
</canvas>
<canvas name="4" width="1" height="1">
<vector name="origin" x="43" y="60"/>
<int name="z" value="0"/>
<int name="delay" value="210"/>
<string name="_inlink" value="stand/0"/>
</canvas>
<canvas name="5" width="67" height="61">
<vector name="origin" x="44" y="60"/>
<int name="z" value="0"/>
<int name="delay" value="210"/>
<string name="_hash" value="f80255b66ea2b10918d47227bcc5b07ecfa9b32eecb1003b5f049339f3d8b013"/>
</canvas>
<canvas name="6" width="1" height="1">
<vector name="origin" x="44" y="60"/>
<int name="z" value="0"/>
<int name="delay" value="210"/>
<string name="_inlink" value="say/2"/>
</canvas>
<canvas name="7" width="1" height="1">
<vector name="origin" x="43" y="60"/>
<int name="z" value="0"/>
<int name="delay" value="210"/>
<string name="_inlink" value="stand/0"/>
</canvas>
</imgdir>
<imgdir name="blink">
<canvas name="0" width="66" height="61">
<vector name="origin" x="43" y="60"/>
<int name="z" value="0"/>
<int name="delay" value="210"/>
<string name="_hash" value="9f4d76e46c583da4501b37d3d720d4d397390c43eb490fb48208d9053c623553"/>
</canvas>
<canvas name="1" width="67" height="61">
<vector name="origin" x="43" y="60"/>
<int name="z" value="0"/>
<int name="delay" value="210"/>
<string name="_hash" value="845e087aa2aab6fc4598173674c1b1fe5b37a6c7e10e68f3d775a765da3fe0ba"/>
</canvas>
<canvas name="2" width="1" height="1">
<vector name="origin" x="43" y="60"/>
<int name="z" value="0"/>
<int name="delay" value="210"/>
<string name="_inlink" value="blink/0"/>
</canvas>
<canvas name="3" width="65" height="61">
<vector name="origin" x="43" y="60"/>
<int name="z" value="0"/>
<int name="delay" value="210"/>
<string name="_hash" value="c6329a9054a45ff849912a55445b6a9f070c7b33d86c0134d5cd04a14fa9ea5f"/>
</canvas>
</imgdir>
<imgdir name="condition2">
<imgdir name="35948">
<imgdir name="0">
<string name="key" value="01"/>
<string name="value" value="h0"/>
</imgdir>
</imgdir>
<uol name="stand" value="../stand"/>
<uol name="say" value="../say"/>
<uol name="blink" value="../blink"/>
<int name="hide" value="1"/>
</imgdir>
<imgdir name="condition3">
<imgdir name="35948">
<imgdir name="0">
<string name="key" value="01"/>
<string name="value" value="h1"/>
</imgdir>
</imgdir>
<uol name="stand" value="../stand"/>
<uol name="say" value="../say"/>
<uol name="blink" value="../blink"/>
</imgdir>
</imgdir>
