<?xml version="1.0" encoding="UTF-8" standalone="yes"?>
<imgdir name="1013432.img">
<imgdir name="info">
<int name="hideName" value="1"/>
<canvas name="default" width="139" height="140">
<vector name="origin" x="72" y="139"/>
<int name="z" value="0"/>
<string name="_hash" value="dfbd6ccae4d1215c32c3acee4dba5e2dda538709c9857cd209fbcc207ce4d9ba"/>
</canvas>
</imgdir>
<imgdir name="stand">
<canvas name="0" width="266" height="166">
<vector name="origin" x="152" y="166"/>
<int name="z" value="0"/>
<string name="_hash" value="6784fe27752e7c8faddc54de0872a448108caa83a9133de03db1d6b8892b1d4f"/>
</canvas>
</imgdir>
<imgdir name="condition2">
<imgdir name="35950">
<imgdir name="0">
<string name="key" value="32"/>
<string name="value" value="h0"/>
</imgdir>
</imgdir>
<imgdir name="stand">
<canvas name="0" width="277" height="280">
<vector name="origin" x="151" y="280"/>
<int name="z" value="0"/>
<string name="_hash" value="0c7c4c9064095339cf0caa54d9c853d3f8f624634ee6c284ca4db2b26f9db7b1"/>
</canvas>
<canvas name="1" width="277" height="280">
<vector name="origin" x="151" y="280"/>
<int name="z" value="0"/>
<string name="_hash" value="616bf8d128cdf359b245de2240d27121feceec99e115bea206cc95d0a1fdc31f"/>
</canvas>
<canvas name="2" width="277" height="280">
<vector name="origin" x="151" y="280"/>
<int name="z" value="0"/>
<string name="_hash" value="36ba0a37e6f3215327c6d614bd38ecd63199d1a5144dffa76af5f3a4d0116744"/>
</canvas>
<canvas name="3" width="277" height="280">
<vector name="origin" x="151" y="280"/>
<int name="z" value="0"/>
<string name="_hash" value="e7044a3e5e7e5211809d1c0743a0ff15765a494dd89f31cd5af279ba8b326721"/>
</canvas>
<canvas name="4" width="277" height="280">
<vector name="origin" x="151" y="280"/>
<int name="z" value="0"/>
<string name="_hash" value="f36367ada8a340c9ebe910ca55721c875114b77f5534ea21b03a5a3115087576"/>
</canvas>
<canvas name="5" width="277" height="280">
<vector name="origin" x="151" y="280"/>
<int name="z" value="0"/>
<string name="_hash" value="9ce67646d1d9c8501fee22f81334bc0939636274690e1ab0ea1db3495aed2c34"/>
</canvas>
<canvas name="6" width="277" height="280">
<vector name="origin" x="151" y="280"/>
<int name="z" value="0"/>
<string name="_hash" value="7635b7e8f77efeed6253f6b8c2d03a8d2b320cc1b05ccbc19fdda2517d8a4ce1"/>
</canvas>
<canvas name="7" width="277" height="280">
<vector name="origin" x="151" y="280"/>
<int name="z" value="0"/>
<string name="_hash" value="2e78bdc942f5d6b891b1bdd2863e6e52636f7b1c98b798e1e14547ee92b69043"/>
</canvas>
</imgdir>
</imgdir>
</imgdir>
