<?xml version="1.0" encoding="UTF-8" standalone="yes"?>
<imgdir name="1013510.img">
<imgdir name="info">
<int name="forceMove" value="1"/>
</imgdir>
<imgdir name="stand">
<canvas name="0" width="72" height="55">
<vector name="origin" x="29" y="55"/>
<int name="z" value="0"/>
<string name="_hash" value="25d9328200ef11ea5da283b74d193ae1e9893f33833031986e873ba7189ef9e9"/>
</canvas>
<canvas name="1" width="73" height="54">
<vector name="origin" x="30" y="54"/>
<int name="z" value="0"/>
<string name="_hash" value="68c378324e229c28fd60988a78672adc5a3b6207ab54fb0aa017f8b476052088"/>
</canvas>
<canvas name="2" width="1" height="1">
<vector name="origin" x="29" y="55"/>
<int name="z" value="0"/>
<string name="_inlink" value="stand/0"/>
</canvas>
<canvas name="3" width="71" height="56">
<vector name="origin" x="28" y="56"/>
<int name="z" value="0"/>
<string name="_hash" value="dfb04b0ea7f79a642319b2970e29989da4aee1822068a8e34bc2cfaa8cc6a1f0"/>
</canvas>
<canvas name="4" width="70" height="57">
<vector name="origin" x="27" y="57"/>
<int name="z" value="0"/>
<string name="_hash" value="7429ed401afec05fd52b5f3a9027c2c32161afa382a012e5adc184b7b0866f3b"/>
</canvas>
<canvas name="5" width="1" height="1">
<vector name="origin" x="28" y="56"/>
<int name="z" value="0"/>
<string name="_inlink" value="stand/3"/>
</canvas>
</imgdir>
<imgdir name="move">
<canvas name="0" width="1" height="1">
<vector name="origin" x="29" y="55"/>
<int name="z" value="0"/>
<string name="_inlink" value="stand/0"/>
</canvas>
<canvas name="1" width="74" height="52">
<vector name="origin" x="30" y="52"/>
<int name="z" value="0"/>
<string name="_hash" value="a9dc0afb754a168162fdcb2d1d87eaac1851f6107701382542e6a158a674068d"/>
</canvas>
<canvas name="2" width="75" height="65">
<vector name="origin" x="27" y="77"/>
<int name="z" value="0"/>
<string name="_hash" value="340548c2d56bd6a28ed74c4d00cb45e19bfc6487d246d4f9292b2e80c5e322ab"/>
</canvas>
<canvas name="3" width="77" height="64">
<vector name="origin" x="28" y="78"/>
<int name="z" value="0"/>
<string name="_hash" value="91846662c1763f3933e301886d90dc50627dcd0cacb20d173b6355b1a4f53cf6"/>
</canvas>
<canvas name="4" width="75" height="57">
<vector name="origin" x="29" y="76"/>
<int name="z" value="0"/>
<string name="_hash" value="3316d6292e23f12ce8ff5c2290820bfad741b06f3172f5738a6a460cf510810d"/>
</canvas>
</imgdir>
<imgdir name="eye">
<canvas name="0" width="72" height="55">
<vector name="origin" x="29" y="55"/>
<int name="z" value="0"/>
<string name="_hash" value="76080e2bf4bb81b3dca49bacc276fe2f47b9ca48ebb617e201f2316925744665"/>
</canvas>
<canvas name="1" width="73" height="54">
<vector name="origin" x="30" y="54"/>
<int name="z" value="0"/>
<string name="_hash" value="2910e69b57f3c10ca7326547215e0b23f717318c43c4b1f6d1936a11e5a42cf5"/>
</canvas>
<canvas name="2" width="72" height="55">
<vector name="origin" x="29" y="55"/>
<int name="z" value="0"/>
<string name="_hash" value="0f371cfc1c774af286c9aa5e9d7611876b261206ffecfccbd2ffcb240bc051cf"/>
</canvas>
<canvas name="3" width="71" height="56">
<vector name="origin" x="28" y="56"/>
<int name="z" value="0"/>
<string name="_hash" value="b120fbb97016203b7579384cf60d9361bf351aea67ebde67103c9ec1637fb181"/>
</canvas>
</imgdir>
<imgdir name="say">
<canvas name="0" width="1" height="1">
<vector name="origin" x="29" y="55"/>
<int name="z" value="0"/>
<int name="delay" value="180"/>
<string name="_inlink" value="stand/0"/>
</canvas>
<canvas name="1" width="73" height="54">
<vector name="origin" x="30" y="54"/>
<int name="z" value="0"/>
<int name="delay" value="180"/>
<string name="_hash" value="e8a1c80693f1966188ff84dff99d4df0ddb698a6d0f4e332487e253ea5db61e4"/>
</canvas>
<canvas name="2" width="72" height="55">
<vector name="origin" x="29" y="55"/>
<int name="z" value="0"/>
<int name="delay" value="180"/>
<string name="_hash" value="b06baf47ada3146489e963a415a1dfc60e15b4cf0c718917abbddf7a6413410a"/>
</canvas>
<canvas name="3" width="71" height="56">
<vector name="origin" x="28" y="56"/>
<int name="z" value="0"/>
<int name="delay" value="180"/>
<string name="_hash" value="057cc48f2a4821e4050b813df7a4d7d4ea75c54d50f75687f4595603e526f543"/>
</canvas>
</imgdir>
<imgdir name="shy">
<canvas name="0" width="74" height="83">
<vector name="origin" x="29" y="83"/>
<int name="z" value="0"/>
<string name="_hash" value="86d4b8b7c913211fd72b3ad4ccb00fd861d6c07a99265d7342b5ca8d4b393022"/>
</canvas>
<canvas name="1" width="75" height="83">
<vector name="origin" x="30" y="83"/>
<int name="z" value="0"/>
<string name="_hash" value="9bb1abb51f1de8487020335a77d05894c7c9da41731dedd86b86f993227f3326"/>
</canvas>
<canvas name="2" width="75" height="66">
<vector name="origin" x="27" y="83"/>
<int name="z" value="0"/>
<string name="_hash" value="b6ea8e85c6ec71db24791e3b42f624ef4899404f7c1abac601568259f0f5cf48"/>
</canvas>
<canvas name="3" width="75" height="63">
<vector name="origin" x="29" y="77"/>
<int name="z" value="0"/>
<string name="_hash" value="5ac88fc890d73709dd08156f427bafa977223143fa041fbd1614999968888c9b"/>
</canvas>
<int name="special" value="1"/>
</imgdir>
<imgdir name="shout">
<canvas name="0" width="1" height="1">
<vector name="origin" x="29" y="55"/>
<int name="z" value="0"/>
<string name="_inlink" value="stand/0"/>
</canvas>
<canvas name="1" width="71" height="56">
<vector name="origin" x="28" y="56"/>
<int name="z" value="0"/>
<string name="_hash" value="4dfbb67cb7b30bf3036507ccf829f65b87394b59cd1efd3700793f8c248df7f8"/>
</canvas>
<canvas name="2" width="70" height="57">
<vector name="origin" x="27" y="57"/>
<int name="z" value="0"/>
<string name="_hash" value="8643d9df9833864d8a3ba1e3b0e70913c5d24ebb67cdf4b414469cf3b95035f4"/>
</canvas>
<canvas name="3" width="123" height="96">
<vector name="origin" x="63" y="96"/>
<int name="z" value="0"/>
<string name="_hash" value="58501535ec63b01891798801a82d16e3832bfb8b0009f230e16d63fcffb42f8d"/>
</canvas>
<canvas name="4" width="118" height="81">
<vector name="origin" x="58" y="81"/>
<int name="z" value="0"/>
<string name="_hash" value="8b65daf4bad77e213d75643be05e3cfe70335ee2d4b2e5ec16168aed2fa833da"/>
</canvas>
<canvas name="5" width="1" height="1">
<vector name="origin" x="63" y="96"/>
<int name="z" value="0"/>
<string name="_inlink" value="shout/3"/>
</canvas>
<canvas name="6" width="1" height="1">
<vector name="origin" x="58" y="81"/>
<int name="z" value="0"/>
<string name="_inlink" value="shout/4"/>
</canvas>
<canvas name="7" width="1" height="1">
<vector name="origin" x="63" y="96"/>
<int name="z" value="0"/>
<string name="_inlink" value="shout/3"/>
</canvas>
<canvas name="8" width="1" height="1">
<vector name="origin" x="58" y="81"/>
<int name="z" value="0"/>
<string name="_inlink" value="shout/4"/>
</canvas>
<canvas name="9" width="1" height="1">
<vector name="origin" x="63" y="96"/>
<int name="z" value="0"/>
<string name="_inlink" value="shout/3"/>
</canvas>
<canvas name="10" width="1" height="1">
<vector name="origin" x="58" y="81"/>
<int name="z" value="0"/>
<string name="_inlink" value="shout/4"/>
</canvas>
<int name="special" value="1"/>
</imgdir>
<imgdir name="run">
<canvas name="0" width="1" height="1">
<vector name="origin" x="29" y="55"/>
<int name="z" value="0"/>
<string name="_inlink" value="stand/0"/>
</canvas>
<canvas name="1" width="1" height="1">
<vector name="origin" x="30" y="52"/>
<int name="z" value="0"/>
<string name="_inlink" value="move/1"/>
</canvas>
<canvas name="2" width="1" height="1">
<vector name="origin" x="47" y="80"/>
<int name="z" value="0"/>
<string name="_inlink" value="move/2"/>
</canvas>
<canvas name="3" width="77" height="64">
<vector name="origin" x="61" y="83"/>
<int name="z" value="0"/>
<string name="_hash" value="3fb5ac25692f230ec412a879cb9f09e3878e37d51b17bb21975977ae0d038696"/>
</canvas>
<canvas name="4" width="1" height="1">
<vector name="origin" x="79" y="55"/>
<int name="z" value="0"/>
<string name="_inlink" value="stand/0"/>
</canvas>
<canvas name="5" width="1" height="1">
<vector name="origin" x="81" y="52"/>
<int name="z" value="0"/>
<string name="_inlink" value="move/1"/>
</canvas>
<canvas name="6" width="1" height="1">
<vector name="origin" x="97" y="80"/>
<int name="z" value="0"/>
<string name="_inlink" value="move/2"/>
</canvas>
<canvas name="7" width="1" height="1">
<vector name="origin" x="111" y="83"/>
<int name="z" value="0"/>
<string name="_inlink" value="run/3"/>
</canvas>
<canvas name="8" width="1" height="1">
<vector name="origin" x="129" y="55"/>
<int name="z" value="0"/>
<string name="_inlink" value="stand/0"/>
</canvas>
<canvas name="9" width="1" height="1">
<vector name="origin" x="131" y="52"/>
<int name="z" value="0"/>
<string name="_inlink" value="move/1"/>
</canvas>
<canvas name="10" width="1" height="1">
<vector name="origin" x="147" y="80"/>
<int name="z" value="0"/>
<string name="_inlink" value="move/2"/>
</canvas>
<canvas name="11" width="1" height="1">
<vector name="origin" x="161" y="83"/>
<int name="z" value="0"/>
<string name="_inlink" value="run/3"/>
</canvas>
<canvas name="12" width="1" height="1">
<vector name="origin" x="179" y="55"/>
<int name="z" value="0"/>
<string name="_inlink" value="stand/0"/>
</canvas>
<canvas name="13" width="1" height="1">
<vector name="origin" x="181" y="52"/>
<int name="z" value="0"/>
<string name="_inlink" value="move/1"/>
</canvas>
<canvas name="14" width="75" height="50">
<vector name="origin" x="183" y="50"/>
<int name="z" value="0"/>
<string name="_hash" value="4f0d4c7904e0d9645f1385478234bcf32a9d399fb5d1ef0a00c98e9a332a2d45"/>
</canvas>
<canvas name="15" width="86" height="92">
<vector name="origin" x="198" y="108"/>
<int name="z" value="0"/>
<string name="_hash" value="61ad01077133f69a0fe0d3c8d132b67735710d7669c5f4cbb0fbf051548203b5"/>
</canvas>
<canvas name="16" width="78" height="72">
<vector name="origin" x="202" y="110"/>
<int name="z" value="0"/>
<string name="_hash" value="de27e71ec819591f3f11af2c161ec001ed9bcc1d312b1722e40717662b8ab07f"/>
</canvas>
<canvas name="17" width="75" height="65">
<vector name="origin" x="202" y="111"/>
<int name="z" value="0"/>
<string name="_hash" value="1505c70ae160ffabf37e3892cf74104834dcd88cf8792d7765a34019e0d308a1"/>
</canvas>
<canvas name="18" width="75" height="57">
<vector name="origin" x="203" y="112"/>
<int name="z" value="0"/>
<string name="_hash" value="3d450a92bf809d29b0c6f2bf1a86e5dc8e5f001d734df3009ca087394c2704a3"/>
</canvas>
<canvas name="19" width="1" height="1">
<vector name="origin" x="204" y="113"/>
<int name="z" value="0"/>
<string name="_inlink" value="run/18"/>
</canvas>
<canvas name="20" width="95" height="90">
<vector name="origin" x="235" y="119"/>
<int name="z" value="0"/>
<string name="_hash" value="db6bbe7ac3e847402e2ee87f6bda3e8e75759650c7df6c7c38c47eea1136d929"/>
</canvas>
<canvas name="21" width="96" height="86">
<vector name="origin" x="237" y="119"/>
<int name="z" value="0"/>
<string name="_hash" value="bac2ac6f73357ece2a75b2226144d108dcb72a42d94583a4a523c8667e17a6f6"/>
</canvas>
<canvas name="22" width="94" height="83">
<vector name="origin" x="236" y="119"/>
<int name="z" value="0"/>
<string name="_hash" value="d8d9bfbb113f5d9a0316f208a78ea9621286d352b661bd99f882ffe12098dfe6"/>
</canvas>
<canvas name="23" width="91" height="82">
<vector name="origin" x="234" y="119"/>
<int name="z" value="0"/>
<string name="_hash" value="2107124b8c34344c59f4180f1d4d261351893865fa68e9747fdd31b285df67e0"/>
</canvas>
<canvas name="24" width="80" height="81">
<vector name="origin" x="223" y="119"/>
<int name="z" value="0"/>
<string name="_hash" value="fe8fddcf2b80a25521ff5e1cac70107b96295c8e9ad916c5d463e9150ba7ae09"/>
</canvas>
<canvas name="25" width="77" height="60">
<vector name="origin" x="217" y="109"/>
<int name="z" value="0"/>
<string name="_hash" value="9b8df75ed7594410a85a5350e0de5f75a64eaa6df1e0338e7732d27748e2860a"/>
</canvas>
<canvas name="26" width="70" height="84">
<vector name="origin" x="199" y="122"/>
<int name="z" value="0"/>
<string name="_hash" value="283f615e5f24ae9c69c060f47358887edeb550c250f5c7760474934d2a35f2e9"/>
</canvas>
<canvas name="27" width="74" height="52">
<vector name="origin" x="185" y="52"/>
<int name="z" value="0"/>
<string name="_hash" value="a2e68cc4d5a89e8797336a896e470ec3a16a36650b0ccd4720d15760e5bcb5af"/>
</canvas>
<canvas name="28" width="75" height="65">
<vector name="origin" x="169" y="80"/>
<int name="z" value="0"/>
<string name="_hash" value="48b2f4e770bbdfbb12ba6af8533ebb068ce0b592f7c3b3e6fb0427ffc047d6cd"/>
</canvas>
<canvas name="29" width="77" height="64">
<vector name="origin" x="157" y="83"/>
<int name="z" value="0"/>
<string name="_hash" value="5df7205afab98e488845d95702c0e3ea6ad3db9377e5b04c997da0ca19c79c2a"/>
</canvas>
<canvas name="30" width="72" height="55">
<vector name="origin" x="134" y="55"/>
<int name="z" value="0"/>
<string name="_hash" value="36a13f9f14312eb97451d0393369add982f82bcf8882cfc8d749fddac5a4eb2d"/>
</canvas>
<canvas name="31" width="1" height="1">
<vector name="origin" x="135" y="52"/>
<int name="z" value="0"/>
<string name="_inlink" value="run/27"/>
</canvas>
<canvas name="32" width="1" height="1">
<vector name="origin" x="119" y="80"/>
<int name="z" value="0"/>
<string name="_inlink" value="run/28"/>
</canvas>
<canvas name="33" width="1" height="1">
<vector name="origin" x="107" y="83"/>
<int name="z" value="0"/>
<string name="_inlink" value="run/29"/>
</canvas>
<canvas name="34" width="1" height="1">
<vector name="origin" x="84" y="55"/>
<int name="z" value="0"/>
<string name="_inlink" value="run/30"/>
</canvas>
<canvas name="35" width="1" height="1">
<vector name="origin" x="85" y="52"/>
<int name="z" value="0"/>
<string name="_inlink" value="run/27"/>
</canvas>
<canvas name="36" width="1" height="1">
<vector name="origin" x="69" y="80"/>
<int name="z" value="0"/>
<string name="_inlink" value="run/28"/>
</canvas>
<canvas name="37" width="1" height="1">
<vector name="origin" x="57" y="83"/>
<int name="z" value="0"/>
<string name="_inlink" value="run/29"/>
</canvas>
<canvas name="38" width="1" height="1">
<vector name="origin" x="34" y="55"/>
<int name="z" value="0"/>
<string name="_inlink" value="run/30"/>
</canvas>
<int name="special" value="1"/>
</imgdir>
</imgdir>
