<?xml version="1.0" encoding="UTF-8" standalone="yes"?>
<imgdir name="1013506.img">
<imgdir name="info">
</imgdir>
<imgdir name="stand">
<canvas name="0" width="77" height="58">
<vector name="origin" x="28" y="58"/>
<int name="z" value="0"/>
<string name="_hash" value="120b64143bd4292003638597228c5a87d375b739a52f19b2bcbe7a442a50879f"/>
</canvas>
<canvas name="1" width="78" height="57">
<vector name="origin" x="28" y="57"/>
<int name="z" value="0"/>
<string name="_hash" value="7e635c53000d5771ba1a60aed711113a753d1012be6d71ae237af91d3d636a3a"/>
</canvas>
<canvas name="2" width="79" height="56">
<vector name="origin" x="28" y="56"/>
<int name="z" value="0"/>
<string name="_hash" value="574a6508ee0f7a44859d056882c102b7b732132ab431203ff0c3026dbb54ae6b"/>
</canvas>
<canvas name="3" width="1" height="1">
<vector name="origin" x="28" y="57"/>
<int name="z" value="0"/>
<string name="_inlink" value="stand/1"/>
</canvas>
</imgdir>
<imgdir name="say">
<canvas name="0" width="77" height="58">
<vector name="origin" x="28" y="58"/>
<int name="z" value="0"/>
<string name="_hash" value="192fe83e0abb659cc2ab00c8d3bc13b07d800943f666852435b429f92c5a3e2a"/>
</canvas>
<canvas name="1" width="78" height="57">
<vector name="origin" x="28" y="57"/>
<int name="z" value="0"/>
<string name="_hash" value="77bd82d24ed006a1f402e40e3b64550c9757be769ef216136b77f88f6080f44c"/>
</canvas>
<canvas name="2" width="77" height="58">
<vector name="origin" x="28" y="58"/>
<int name="z" value="0"/>
<string name="_hash" value="b81a0dc1ac2bf7b1243683f640929e8a351bed68752fdd3fa174c91227de7ecf"/>
</canvas>
<canvas name="3" width="78" height="57">
<vector name="origin" x="28" y="57"/>
<int name="z" value="0"/>
<string name="_hash" value="5a9458a42f919c234c1d6c6ddb3e4d69e8028a392bb950f6c1fbcc9e4b20c1e8"/>
</canvas>
</imgdir>
<imgdir name="eye">
<canvas name="0" width="1" height="1">
<vector name="origin" x="28" y="58"/>
<int name="z" value="0"/>
<string name="_inlink" value="say/0"/>
</canvas>
<canvas name="1" width="78" height="57">
<vector name="origin" x="28" y="57"/>
<int name="z" value="0"/>
<string name="_hash" value="6b7ac0605ac6123fdebe22077ec489cf2f97b79a521735a6bf5ef4e2fe90d887"/>
</canvas>
<canvas name="2" width="79" height="56">
<vector name="origin" x="28" y="56"/>
<int name="z" value="0"/>
<string name="_hash" value="1d86324e1090f97a8fbbe2759fe7145dc038da41d7f7a60a71a4f6e50fa6b39a"/>
</canvas>
<canvas name="3" width="78" height="57">
<vector name="origin" x="28" y="57"/>
<int name="z" value="0"/>
<string name="_hash" value="f407526c291fd30a4418c10164911a2468d7c2c5880c91b2bce2795488185a14"/>
</canvas>
</imgdir>
<imgdir name="tumble">
<canvas name="0" width="1" height="1">
<vector name="origin" x="22" y="59"/>
<int name="z" value="0"/>
<string name="_inlink" value="say/0"/>
</canvas>
<canvas name="1" width="78" height="65">
<vector name="origin" x="41" y="66"/>
<int name="z" value="0"/>
<string name="_hash" value="d368ffae2f836b32cc292f67038ffe23c1b838554a9bb368ff876ab406377b92"/>
</canvas>
<canvas name="2" width="104" height="70">
<vector name="origin" x="46" y="71"/>
<int name="z" value="0"/>
<string name="_hash" value="7d93e30525fa94eab89e49d960f61d016a821d3f12b026a057b014fca15111e1"/>
</canvas>
<canvas name="3" width="1" height="1">
<vector name="origin" x="41" y="66"/>
<int name="z" value="0"/>
<string name="_inlink" value="tumble/1"/>
</canvas>
<canvas name="4" width="1" height="1">
<vector name="origin" x="46" y="71"/>
<int name="z" value="0"/>
<string name="_inlink" value="tumble/2"/>
</canvas>
<canvas name="5" width="62" height="88">
<vector name="origin" x="6" y="33"/>
<int name="z" value="0"/>
<string name="_hash" value="c14f1b66d4d7d0560b4be251e9a1981e9153e3de4a77039181dc1343b8d8f3f2"/>
</canvas>
<canvas name="6" width="62" height="89">
<vector name="origin" x="6" y="-27"/>
<int name="z" value="0"/>
<string name="_hash" value="cc329dfac31c625db785e7b6d765ee6c57853c6b8fd0e35775863359efda4b4c"/>
</canvas>
<canvas name="7" width="89" height="60">
<vector name="origin" x="18" y="-110"/>
<int name="z" value="0"/>
<string name="_hash" value="cd5b5de70c169d05cc581debbc89f4cc887b65838233f45a1bff17a1f52d8f54"/>
</canvas>
<canvas name="8" width="97" height="124">
<vector name="origin" x="26" y="-46"/>
<int name="z" value="0"/>
<string name="_hash" value="5da253ba8874f9557f864797ccffc9c34af6bda499e49ca9d285fe7ab3a3bbf3"/>
</canvas>
<canvas name="9" width="101" height="61">
<vector name="origin" x="28" y="-111"/>
<int name="z" value="0"/>
<string name="_hash" value="ae08b8f2d721c52cb96b381b6a199af5cd73485b24b483203856b0d002ed700d"/>
</canvas>
<canvas name="10" width="1" height="1">
<vector name="origin" x="11" y="-110"/>
<int name="z" value="0"/>
<string name="_inlink" value="say/0"/>
</canvas>
<int name="special" value="1"/>
</imgdir>
<imgdir name="jumpUp">
<canvas name="0" width="1" height="1">
<vector name="origin" x="17" y="-110"/>
<int name="z" value="0"/>
<string name="_inlink" value="say/0"/>
</canvas>
<canvas name="1" width="78" height="56">
<vector name="origin" x="17" y="-112"/>
<int name="z" value="0"/>
<string name="_hash" value="62875ed540960908c97bea2165538a5785b0a212e06f3cbed35b419f8951ce5d"/>
</canvas>
<canvas name="2" width="80" height="55">
<vector name="origin" x="18" y="-113"/>
<int name="z" value="0"/>
<string name="_hash" value="1f03a9e9515adf29db4f0bf2bfec017a384b1f620903dfbb4be7ca502f5ee155"/>
</canvas>
<canvas name="3" width="72" height="91">
<vector name="origin" x="16" y="-34"/>
<int name="z" value="0"/>
<string name="_hash" value="9cbe5f3df7a10fca89f028851e5140d15770979134f54cc7cfc1ca2abd89d6c0"/>
</canvas>
<canvas name="4" width="72" height="77">
<vector name="origin" x="16" y="20"/>
<int name="z" value="0"/>
<string name="_hash" value="82586767f9d4b9b2f9d9b5668fb1cd7d621fde35208f26fc1a69d440cdd47b2b"/>
</canvas>
<canvas name="5" width="72" height="69">
<vector name="origin" x="16" y="56"/>
<int name="z" value="0"/>
<string name="_hash" value="17b41c66816547e44225a844dc68c04b5a51b8090e688b2e85ad16226ebd08f0"/>
</canvas>
<canvas name="6" width="72" height="62">
<vector name="origin" x="16" y="83"/>
<int name="z" value="0"/>
<string name="_hash" value="66e1dcd993bc0766c4c286fffb74bc596205c0c3eb840f3f458d3d0317abe69f"/>
</canvas>
<canvas name="7" width="72" height="76">
<vector name="origin" x="19" y="95"/>
<int name="z" value="0"/>
<string name="_hash" value="53b13d645e496142e533759fc9509a50bf081877b973712554723747293a26c2"/>
</canvas>
<canvas name="8" width="78" height="57">
<vector name="origin" x="28" y="58"/>
<int name="z" value="0"/>
<string name="_hash" value="970459a7c21a877379d06534c6798936be3c6149a167d35b413d7a03950cddbe"/>
</canvas>
<canvas name="9" width="1" height="1">
<vector name="origin" x="28" y="59"/>
<int name="z" value="0"/>
<string name="_inlink" value="say/0"/>
</canvas>
<int name="special" value="1"/>
</imgdir>
<imgdir name="korokoroUp">
<canvas name="0" width="81" height="65">
<vector name="origin" x="41" y="65"/>
<int name="z" value="0"/>
<string name="_hash" value="513c3822fd86806ee9d68badd0bfa8473fd93f79e40db40bc0b7e1531d92a334"/>
</canvas>
<canvas name="1" width="76" height="47">
<vector name="origin" x="38" y="47"/>
<int name="z" value="0"/>
<string name="_hash" value="598d3983ccdcd58779b937f89cab86e9bbd26ccdd06470316bfa0424c4d4a143"/>
</canvas>
<canvas name="2" width="64" height="72">
<vector name="origin" x="20" y="72"/>
<int name="z" value="0"/>
<string name="_hash" value="4952ee6ae3648bb6f7c7200f0d9341cd6cbb9bf3c3e5c19d7a72b880506378a6"/>
</canvas>
<canvas name="3" width="65" height="65">
<vector name="origin" x="25" y="65"/>
<int name="z" value="0"/>
<string name="_hash" value="c4dce2959218d6e284b2e4358bfecde336688e7a28a8211d6a925a785b960417"/>
</canvas>
<canvas name="4" width="96" height="47">
<vector name="origin" x="38" y="47"/>
<int name="z" value="0"/>
<string name="_hash" value="bc8a933503bd56993d078db79816cab8c8c9303a2f032b7f9f2a96e89fa61b07"/>
</canvas>
<canvas name="5" width="64" height="54">
<vector name="origin" x="20" y="54"/>
<int name="z" value="0"/>
<string name="_hash" value="c7fa4f5f9fc95be6bc8373395d377f6f58a3c336b2b9f4d126a2e33d03df8593"/>
</canvas>
<int name="special" value="1"/>
</imgdir>
<imgdir name="korokoroDown">
<canvas name="0" width="1" height="1">
<vector name="origin" x="26" y="-103"/>
<int name="z" value="0"/>
<string name="_inlink" value="korokoroUp/0"/>
</canvas>
<canvas name="1" width="1" height="1">
<vector name="origin" x="23" y="-121"/>
<int name="z" value="0"/>
<string name="_inlink" value="korokoroUp/1"/>
</canvas>
<canvas name="2" width="1" height="1">
<vector name="origin" x="5" y="-96"/>
<int name="z" value="0"/>
<string name="_inlink" value="korokoroUp/2"/>
</canvas>
<canvas name="3" width="65" height="65">
<vector name="origin" x="10" y="-103"/>
<int name="z" value="0"/>
<string name="_hash" value="14176bfe4cf8584a3b19599949205c1909c6fc73dcdc3844903ff44842c28de7"/>
</canvas>
<canvas name="4" width="1" height="1">
<vector name="origin" x="23" y="-121"/>
<int name="z" value="0"/>
<string name="_inlink" value="korokoroUp/4"/>
</canvas>
<canvas name="5" width="64" height="54">
<vector name="origin" x="5" y="-114"/>
<int name="z" value="0"/>
<string name="_hash" value="566554e5a52c02a35c0a0c8622a04f5cf8d060ce92bbcbf21fb1ee46e9345d46"/>
</canvas>
<int name="special" value="1"/>
</imgdir>
</imgdir>
