<?xml version="1.0" encoding="UTF-8" standalone="yes"?>
<imgdir name="1013429.img">
<imgdir name="info">
<int name="hide" value="1"/>
<int name="hideName" value="1"/>
</imgdir>
<imgdir name="stand">
<canvas name="0" width="47" height="49">
<vector name="origin" x="23" y="49"/>
<int name="z" value="0"/>
<string name="_hash" value="80b863e37ce12a425984cb44c9811239d67944d8261a3b1421c202840283d1e8"/>
</canvas>
</imgdir>
<imgdir name="condition2">
<imgdir name="35950">
<imgdir name="0">
<string name="key" value="29"/>
<string name="value" value="h1"/>
</imgdir>
</imgdir>
<uol name="stand" value="../stand"/>
</imgdir>
</imgdir>
