<?xml version="1.0" encoding="UTF-8" standalone="yes"?>
<imgdir name="1013612.img">
<imgdir name="info">
<int name="forceMove" value="1"/>
<int name="hideName" value="1"/>
</imgdir>
<imgdir name="stand">
<canvas name="0" width="1" height="1">
<vector name="origin" x="19" y="45"/>
<int name="z" value="0"/>
<string name="_hash" value="98de76d7f06e2e5a652c649970eecad780604fb3e88f2433e14faa053b4c80fd"/>
<string name="_outlink" value="Npc/1013512.img/stand/0"/>
</canvas>
<canvas name="1" width="1" height="1">
<vector name="origin" x="20" y="44"/>
<int name="z" value="0"/>
<string name="_hash" value="399c1c85e182e813edaece097aa637d78eec205d42bb73e420d16d3204c810f0"/>
<string name="_outlink" value="Npc/1013512.img/stand/1"/>
</canvas>
<canvas name="2" width="1" height="1">
<vector name="origin" x="19" y="45"/>
<int name="z" value="0"/>
<string name="_outlink" value="Npc/1013512.img/stand/0"/>
</canvas>
<canvas name="3" width="1" height="1">
<vector name="origin" x="18" y="46"/>
<int name="z" value="0"/>
<string name="_hash" value="bf58757dbeba72973479862d9fbd34894920f9a3a06d379d29ba6d40b0688a43"/>
<string name="_outlink" value="Npc/1013512.img/stand/3"/>
</canvas>
<canvas name="4" width="1" height="1">
<vector name="origin" x="17" y="47"/>
<int name="z" value="0"/>
<string name="_hash" value="8705511f7f0503948c1797e29533c773969e69f470c2590a0c027af1055061a5"/>
<string name="_outlink" value="Npc/1013512.img/stand/4"/>
</canvas>
<canvas name="5" width="1" height="1">
<vector name="origin" x="18" y="46"/>
<int name="z" value="0"/>
<string name="_outlink" value="Npc/1013512.img/stand/3"/>
</canvas>
</imgdir>
<imgdir name="eye">
<canvas name="0" width="1" height="1">
<vector name="origin" x="19" y="45"/>
<int name="z" value="0"/>
<string name="_outlink" value="Npc/1013512.img/stand/0"/>
</canvas>
<canvas name="1" width="1" height="1">
<vector name="origin" x="18" y="43"/>
<int name="z" value="0"/>
<string name="_hash" value="2bf4856bfe03f471a98c89b81457569a2c7dd0043bda5a49a20387be4a454e4f"/>
<string name="_outlink" value="Npc/1013512.img/eye/1"/>
</canvas>
<canvas name="2" width="1" height="1">
<vector name="origin" x="20" y="46"/>
<int name="z" value="0"/>
<string name="_hash" value="14b106d9ef9c65671d36639da18b46d9e5c187639bb174810a8536a0bfea63d7"/>
<string name="_outlink" value="Npc/1013512.img/eye/2"/>
</canvas>
</imgdir>
<imgdir name="say">
<canvas name="0" width="1" height="1">
<vector name="origin" x="19" y="45"/>
<int name="z" value="0"/>
<int name="delay" value="180"/>
<string name="_hash" value="818386b146a856368565b114eaefc72867758ad51b2f65b585c37044e38e3e58"/>
<string name="_outlink" value="Npc/1013512.img/say/0"/>
</canvas>
<canvas name="1" width="1" height="1">
<vector name="origin" x="18" y="46"/>
<int name="z" value="0"/>
<int name="delay" value="180"/>
<string name="_hash" value="aef2018ce489535c7549b71dbc482de9ff622f731f2f9882155fb5603174720d"/>
<string name="_outlink" value="Npc/1013512.img/say/1"/>
</canvas>
<canvas name="2" width="1" height="1">
<vector name="origin" x="19" y="45"/>
<int name="z" value="0"/>
<int name="delay" value="180"/>
<string name="_outlink" value="Npc/1013512.img/say/0"/>
</canvas>
<canvas name="3" width="1" height="1">
<vector name="origin" x="18" y="46"/>
<int name="z" value="0"/>
<int name="delay" value="180"/>
<string name="_outlink" value="Npc/1013512.img/say/1"/>
</canvas>
</imgdir>
<imgdir name="move">
<canvas name="0" width="1" height="1">
<vector name="origin" x="19" y="45"/>
<int name="z" value="0"/>
<string name="_outlink" value="Npc/1013512.img/stand/0"/>
</canvas>
<canvas name="1" width="1" height="1">
<vector name="origin" x="20" y="42"/>
<int name="z" value="0"/>
<string name="_hash" value="4a63b262712857f0111203b7079e9fa457effdc0fe2ff0932258db5c14d7a4e0"/>
<string name="_outlink" value="Npc/1013512.img/walk/1"/>
</canvas>
<canvas name="2" width="1" height="1">
<vector name="origin" x="18" y="57"/>
<int name="z" value="0"/>
<string name="_hash" value="b5ce3255f7a291e4b94c2f897f8a657af3be72d8fa43f7e4d2b7e75fb150f689"/>
<string name="_outlink" value="Npc/1013512.img/walk/2"/>
</canvas>
<canvas name="3" width="1" height="1">
<vector name="origin" x="19" y="59"/>
<int name="z" value="0"/>
<string name="_hash" value="b816a6d1a1e478173def8c9324ace7760c65cc7ca601b9f8484045f15627bf8e"/>
<string name="_outlink" value="Npc/1013512.img/walk/3"/>
</canvas>
<canvas name="4" width="1" height="1">
<vector name="origin" x="19" y="57"/>
<int name="z" value="0"/>
<string name="_hash" value="86827c5d039970932cd09f28c10b85cf3b474c50ded35a680ba79daeb1a84c5a"/>
<string name="_outlink" value="Npc/1013512.img/walk/4"/>
</canvas>
</imgdir>
<imgdir name="angry">
<canvas name="0" width="1" height="1">
<vector name="origin" x="19" y="45"/>
<int name="z" value="0"/>
<int name="delay" value="180"/>
<string name="_outlink" value="Npc/1013512.img/stand/0"/>
</canvas>
<canvas name="1" width="1" height="1">
<vector name="origin" x="18" y="46"/>
<int name="z" value="0"/>
<int name="delay" value="180"/>
<string name="_hash" value="e6e2dd88a919c09404acc283e7969412ab40d98ac30cd9401a5a6a7df12d87f5"/>
<string name="_outlink" value="Npc/1013512.img/angry/1"/>
</canvas>
<canvas name="2" width="1" height="1">
<vector name="origin" x="17" y="47"/>
<int name="z" value="0"/>
<int name="delay" value="180"/>
<string name="_hash" value="0faf1b383a7ee437b1548aeffbbe56692299c460ccc81a35ee8b205dbe265a33"/>
<string name="_outlink" value="Npc/1013512.img/angry/2"/>
</canvas>
<canvas name="3" width="1" height="1">
<vector name="origin" x="24" y="59"/>
<int name="z" value="0"/>
<int name="delay" value="180"/>
<string name="_hash" value="a7ee2eff99511c41c8365d5488feec10777ca7539ffb7b483bdbd00f9800ba79"/>
<string name="_outlink" value="Npc/1013512.img/angry/3"/>
</canvas>
<canvas name="4" width="1" height="1">
<vector name="origin" x="28" y="63"/>
<int name="z" value="0"/>
<int name="delay" value="180"/>
<string name="_hash" value="0e186fd8fb5a20999bc4990a5e4be3ada214d9404d9c31672b102ac0e855a6aa"/>
<string name="_outlink" value="Npc/1013512.img/angry/4"/>
</canvas>
<canvas name="5" width="1" height="1">
<vector name="origin" x="24" y="59"/>
<int name="z" value="0"/>
<int name="delay" value="180"/>
<string name="_outlink" value="Npc/1013512.img/angry/3"/>
</canvas>
<canvas name="6" width="1" height="1">
<vector name="origin" x="28" y="63"/>
<int name="z" value="0"/>
<int name="delay" value="180"/>
<string name="_outlink" value="Npc/1013512.img/angry/4"/>
</canvas>
<canvas name="7" width="1" height="1">
<vector name="origin" x="24" y="59"/>
<int name="z" value="0"/>
<int name="delay" value="180"/>
<string name="_outlink" value="Npc/1013512.img/angry/3"/>
</canvas>
<canvas name="8" width="1" height="1">
<vector name="origin" x="28" y="63"/>
<int name="z" value="0"/>
<int name="delay" value="180"/>
<string name="_outlink" value="Npc/1013512.img/angry/4"/>
</canvas>
<int name="special" value="1"/>
</imgdir>
<imgdir name="sullen">
<canvas name="0" width="1" height="1">
<vector name="origin" x="19" y="38"/>
<int name="z" value="0"/>
<int name="delay" value="210"/>
<string name="_hash" value="1a41756f3d5fc8d443783c2d9ae430d70f2bcb9e24be99f123ee78854b5ce255"/>
<string name="_outlink" value="Npc/1013512.img/sullen/0"/>
</canvas>
<canvas name="1" width="1" height="1">
<vector name="origin" x="18" y="38"/>
<int name="z" value="0"/>
<int name="delay" value="210"/>
<string name="_hash" value="a896c14d0b74154285f9660908d608cc878a955539959af21b49254fd7ab5d2c"/>
<string name="_outlink" value="Npc/1013512.img/sullen/1"/>
</canvas>
<canvas name="2" width="1" height="1">
<vector name="origin" x="20" y="38"/>
<int name="z" value="0"/>
<int name="delay" value="210"/>
<string name="_hash" value="aebf9ea5efd1eca35b71afc1913e01e4253a8e8e68338fd570e7fb56fcdb3d60"/>
<string name="_outlink" value="Npc/1013512.img/sullen/2"/>
</canvas>
<int name="special" value="1"/>
</imgdir>
<imgdir name="jumpjump">
<canvas name="0" width="1" height="1">
<vector name="origin" x="19" y="45"/>
<int name="z" value="0"/>
<string name="_outlink" value="Npc/1013512.img/stand/0"/>
</canvas>
<canvas name="1" width="1" height="1">
<vector name="origin" x="20" y="42"/>
<int name="z" value="0"/>
<string name="_outlink" value="Npc/1013512.img/walk/1"/>
</canvas>
<canvas name="2" width="1" height="1">
<vector name="origin" x="18" y="57"/>
<int name="z" value="0"/>
<string name="_outlink" value="Npc/1013512.img/walk/2"/>
</canvas>
<canvas name="3" width="1" height="1">
<vector name="origin" x="19" y="59"/>
<int name="z" value="0"/>
<string name="_outlink" value="Npc/1013512.img/walk/3"/>
</canvas>
<canvas name="4" width="1" height="1">
<vector name="origin" x="19" y="57"/>
<int name="z" value="0"/>
<string name="_outlink" value="Npc/1013512.img/walk/4"/>
</canvas>
<int name="special" value="1"/>
</imgdir>
<imgdir name="kirakira">
<canvas name="0" width="1" height="1">
<vector name="origin" x="19" y="45"/>
<int name="z" value="0"/>
<int name="delay" value="210"/>
<string name="_hash" value="f626bb4dc8c08e428d107d7e95e8a998c0ca166a65016538dfcdd3475e4a11a8"/>
<string name="_outlink" value="Npc/1013512.img/kirakira/0"/>
</canvas>
<canvas name="1" width="1" height="1">
<vector name="origin" x="36" y="45"/>
<int name="z" value="0"/>
<int name="delay" value="210"/>
<string name="_hash" value="70152eb6f44551664f6a80980515bd3e3d91b2e652d6187a06495688f74bfb36"/>
<string name="_outlink" value="Npc/1013512.img/kirakira/1"/>
</canvas>
<canvas name="2" width="1" height="1">
<vector name="origin" x="32" y="48"/>
<int name="z" value="0"/>
<int name="delay" value="210"/>
<string name="_hash" value="fb87626db102968d923a4744db782f2d851293ddfe8c1cc9b1c5f4965c4d4890"/>
<string name="_outlink" value="Npc/1013512.img/kirakira/2"/>
</canvas>
<canvas name="3" width="1" height="1">
<vector name="origin" x="31" y="47"/>
<int name="z" value="0"/>
<int name="delay" value="210"/>
<string name="_hash" value="3111392c9670da7d394c42be179bc6c63ba3ee45f3d739e3d89d677260296316"/>
<string name="_outlink" value="Npc/1013512.img/kirakira/3"/>
</canvas>
<int name="special" value="1"/>
</imgdir>
<imgdir name="freeze">
<canvas name="0" width="1" height="1">
<vector name="origin" x="19" y="45"/>
<int name="z" value="0"/>
<int name="delay" value="180"/>
<string name="_outlink" value="Npc/1013512.img/stand/0"/>
</canvas>
<canvas name="1" width="1" height="1">
<vector name="origin" x="31" y="61"/>
<int name="z" value="0"/>
<int name="delay" value="180"/>
<string name="_hash" value="346fc045cab701ac062ec5a36117c5070d04c9cc2e4d3d684dbde70289b6f476"/>
<string name="_outlink" value="Npc/1013512.img/freeze/1"/>
</canvas>
<canvas name="2" width="1" height="1">
<vector name="origin" x="33" y="61"/>
<int name="z" value="0"/>
<int name="delay" value="180"/>
<string name="_hash" value="dca9ae2d5d78344ad2a59d32ad1e8a51fcad25542ce22101c76d44b1db87b081"/>
<string name="_outlink" value="Npc/1013512.img/freeze/2"/>
</canvas>
<canvas name="3" width="1" height="1">
<vector name="origin" x="34" y="61"/>
<int name="z" value="0"/>
<int name="delay" value="180"/>
<string name="_hash" value="99846bc586d0d13f42fb0ad4fd39562be5930cfa238eb0fa0d73660c529fce0b"/>
<string name="_outlink" value="Npc/1013512.img/freeze/3"/>
</canvas>
<canvas name="4" width="1" height="1">
<vector name="origin" x="17" y="61"/>
<int name="z" value="0"/>
<int name="delay" value="300"/>
<string name="_hash" value="d6112a9f72fe71bea452b1dcfd6ab8fe3e2db2e913774d1fb52cef9af25a3ecf"/>
<string name="_outlink" value="Npc/1013512.img/freeze/4"/>
</canvas>
<canvas name="5" width="1" height="1">
<vector name="origin" x="19" y="51"/>
<int name="z" value="0"/>
<int name="delay" value="180"/>
<string name="_hash" value="fccc14dda5a2cba3609d76a9ddd7503aa635b5fb23c8f939b571afd519806a56"/>
<string name="_outlink" value="Npc/1013512.img/freeze/5"/>
</canvas>
<canvas name="6" width="1" height="1">
<vector name="origin" x="20" y="44"/>
<int name="z" value="0"/>
<int name="delay" value="180"/>
<string name="_hash" value="28512d0f8c451e359afaaac69e8b16b2898fb8ad6271e9eaeef784fdf51e38f1"/>
<string name="_outlink" value="Npc/1013512.img/freeze/6"/>
</canvas>
<canvas name="7" width="1" height="1">
<vector name="origin" x="19" y="45"/>
<int name="z" value="0"/>
<int name="delay" value="180"/>
<string name="_hash" value="80d8f5137351c0f443d28ab71fcb6d6af9c79384f215b9824714a07082643b05"/>
<string name="_outlink" value="Npc/1013512.img/freeze/7"/>
</canvas>
<canvas name="8" width="1" height="1">
<vector name="origin" x="18" y="46"/>
<int name="z" value="0"/>
<int name="delay" value="180"/>
<string name="_hash" value="9a71ce8d1a1d7d3aeab52dff57282460d7eb44411d91c0adfabbe81a4ea46c15"/>
<string name="_outlink" value="Npc/1013512.img/freeze/8"/>
</canvas>
<canvas name="9" width="1" height="1">
<vector name="origin" x="17" y="47"/>
<int name="z" value="0"/>
<int name="delay" value="180"/>
<string name="_hash" value="ff5a51e1bf3597cd2c5d455d1f491a6544ed82d07ea5346148bb73218bd4035c"/>
<string name="_outlink" value="Npc/1013512.img/freeze/9"/>
</canvas>
<canvas name="10" width="1" height="1">
<vector name="origin" x="18" y="46"/>
<int name="z" value="0"/>
<int name="delay" value="180"/>
<string name="_hash" value="965231c6bc0c38504edf7712415be50e1dd07180d5aab2d5206d395922af37ee"/>
<string name="_outlink" value="Npc/1013512.img/freeze/10"/>
</canvas>
<canvas name="11" width="1" height="1">
<vector name="origin" x="19" y="45"/>
<int name="z" value="0"/>
<int name="delay" value="180"/>
<string name="_hash" value="02f3ebdbc4158325860f92b880a7663e0df5ba2f30a99d40ec9349e13e8ee3e6"/>
<string name="_outlink" value="Npc/1013512.img/freeze/11"/>
</canvas>
<canvas name="12" width="1" height="1">
<vector name="origin" x="20" y="44"/>
<int name="z" value="0"/>
<int name="delay" value="180"/>
<string name="_hash" value="e3b4106a4a2832f3aaa5197d16b86e8fc7e1f43d3326ff30848460a259646c94"/>
<string name="_outlink" value="Npc/1013512.img/freeze/12"/>
</canvas>
<canvas name="13" width="1" height="1">
<vector name="origin" x="19" y="45"/>
<int name="z" value="0"/>
<int name="delay" value="180"/>
<string name="_hash" value="df7cd673aab8668544bf1d4d8e88be5749a72b0d0a92c9d67b027137eb1aeb7f"/>
<string name="_outlink" value="Npc/1013512.img/freeze/13"/>
</canvas>
<canvas name="14" width="1" height="1">
<vector name="origin" x="18" y="46"/>
<int name="z" value="0"/>
<int name="delay" value="180"/>
<string name="_hash" value="481c91853e3b8792220825675e3a64f673ca431426aa69a317eb21aee1c8fcc7"/>
<string name="_outlink" value="Npc/1013512.img/freeze/14"/>
</canvas>
<canvas name="15" width="1" height="1">
<vector name="origin" x="17" y="47"/>
<int name="z" value="0"/>
<int name="delay" value="180"/>
<string name="_hash" value="1cd678663022c859505c7a153a03c22913295e3c14044ba4f97e316ebb785fb4"/>
<string name="_outlink" value="Npc/1013512.img/freeze/15"/>
</canvas>
<canvas name="16" width="1" height="1">
<vector name="origin" x="18" y="46"/>
<int name="z" value="0"/>
<int name="delay" value="180"/>
<string name="_hash" value="9d028c8c6d8aebbdcace9b20c8a513e1557d1815c45c7a091915461f750552aa"/>
<string name="_outlink" value="Npc/1013512.img/freeze/16"/>
</canvas>
<int name="special" value="1"/>
</imgdir>
<imgdir name="korokoro">
<canvas name="0" width="1" height="1">
<vector name="origin" x="17" y="31"/>
<int name="z" value="0"/>
<string name="_hash" value="299710d3cacf54d4f36143ab7ab0006a7e7b513b561d21569877cc6badf0c416"/>
<string name="_outlink" value="Npc/1013512.img/korokoro/0"/>
</canvas>
<canvas name="1" width="1" height="1">
<vector name="origin" x="20" y="34"/>
<int name="z" value="0"/>
<string name="_hash" value="58fb7719c4dfd2a5020a650914579344e373022cbc9140c71cbeaa7fa13c813e"/>
<string name="_outlink" value="Npc/1013512.img/korokoro/1"/>
</canvas>
<canvas name="2" width="1" height="1">
<vector name="origin" x="17" y="34"/>
<int name="z" value="0"/>
<string name="_hash" value="b86ff2ef52f399e93067d72329399bff7dc0ca4f71a10ad225a9ed332bd53ec1"/>
<string name="_outlink" value="Npc/1013512.img/korokoro/2"/>
</canvas>
<canvas name="3" width="1" height="1">
<vector name="origin" x="16" y="32"/>
<int name="z" value="0"/>
<string name="_hash" value="a12f0bbf4b266c83acd08b909377d0f010ea96548653a540ca333ff10bc97c0c"/>
<string name="_outlink" value="Npc/1013512.img/korokoro/3"/>
</canvas>
<int name="special" value="1"/>
</imgdir>
<imgdir name="laugh">
<canvas name="0" width="1" height="1">
<vector name="origin" x="19" y="45"/>
<int name="z" value="0"/>
<int name="delay" value="150"/>
<string name="_outlink" value="Npc/1013512.img/say/0"/>
</canvas>
<canvas name="1" width="1" height="1">
<vector name="origin" x="20" y="41"/>
<int name="z" value="0"/>
<int name="delay" value="150"/>
<string name="_hash" value="3d95c03fa2e0f70024989b69b3f6e423b8c24dd172edabd2d4dec3cc63f23a9f"/>
<string name="_outlink" value="Npc/1013512.img/laugh/1"/>
</canvas>
<canvas name="2" width="1" height="1">
<vector name="origin" x="41" y="45"/>
<int name="z" value="0"/>
<int name="delay" value="150"/>
<string name="_hash" value="d98ab68c73a2da53ea498f981a36eaf3d38c5e30367ad70a9a06083f2f4217f9"/>
<string name="_outlink" value="Npc/1013512.img/laugh/2"/>
</canvas>
<canvas name="3" width="1" height="1">
<vector name="origin" x="41" y="43"/>
<int name="z" value="0"/>
<int name="delay" value="150"/>
<string name="_hash" value="62d3e79b14c13bbfa7af4f5b14c346e7cec6b682b5caf71a546e77b64000f55e"/>
<string name="_outlink" value="Npc/1013512.img/laugh/3"/>
</canvas>
<canvas name="4" width="1" height="1">
<vector name="origin" x="41" y="45"/>
<int name="z" value="0"/>
<int name="delay" value="150"/>
<string name="_outlink" value="Npc/1013512.img/laugh/2"/>
</canvas>
<canvas name="5" width="1" height="1">
<vector name="origin" x="41" y="43"/>
<int name="z" value="0"/>
<int name="delay" value="150"/>
<string name="_outlink" value="Npc/1013512.img/laugh/3"/>
</canvas>
<canvas name="6" width="1" height="1">
<vector name="origin" x="41" y="45"/>
<int name="z" value="0"/>
<int name="delay" value="150"/>
<string name="_outlink" value="Npc/1013512.img/laugh/2"/>
</canvas>
<canvas name="7" width="1" height="1">
<vector name="origin" x="41" y="43"/>
<int name="z" value="0"/>
<int name="delay" value="150"/>
<string name="_outlink" value="Npc/1013512.img/laugh/3"/>
</canvas>
<int name="special" value="1"/>
</imgdir>
</imgdir>
