<?xml version="1.0" encoding="UTF-8" standalone="yes"?>
<imgdir name="1013321.img">
<imgdir name="info">
<canvas name="default" width="99" height="81">
<vector name="origin" x="49" y="80"/>
<int name="z" value="0"/>
<string name="_hash" value="aae30d73e4d9c5aeb1457b5c996b55df49bc9aeb7ac4e5cfbf198f386c1f3128"/>
</canvas>
<int name="hideName" value="1"/>
</imgdir>
<imgdir name="stand">
<canvas name="0" width="260" height="210">
<vector name="origin" x="125" y="203"/>
<int name="z" value="0"/>
<string name="_hash" value="908b49513003d7e6ace8c8ac5628a41d9caeae6894b06b0d51ba90699a04b489"/>
</canvas>
</imgdir>
<imgdir name="condition2">
<imgdir name="35948">
<imgdir name="0">
<string name="key" value="21"/>
<string name="value" value="h0"/>
</imgdir>
</imgdir>
<imgdir name="stand">
<canvas name="0" width="224" height="247">
<vector name="origin" x="106" y="246"/>
<int name="z" value="0"/>
<string name="_hash" value="ec036f5d3c460f1898472e1f9e79c2deb1e77654c05b4bc2d9a672533a6cd9ee"/>
</canvas>
</imgdir>
</imgdir>
</imgdir>
