<?xml version="1.0" encoding="UTF-8" standalone="yes"?>
<imgdir name="1013102.img">
<imgdir name="info">
</imgdir>
<imgdir name="stand">
<canvas name="0" width="52" height="47">
<vector name="origin" x="30" y="47"/>
<int name="z" value="0"/>
<int name="delay" value="3000"/>
<string name="_hash" value="f21f538301884dd29ae1f14201a18eec555d1f1d6223889a3a2cf12a56ba86ae"/>
</canvas>
</imgdir>
<imgdir name="say">
<canvas name="0" width="1" height="1">
<vector name="origin" x="30" y="47"/>
<int name="z" value="0"/>
<int name="delay" value="180"/>
<string name="_inlink" value="stand/0"/>
</canvas>
<canvas name="1" width="52" height="47">
<vector name="origin" x="30" y="47"/>
<int name="z" value="0"/>
<int name="delay" value="180"/>
<string name="_hash" value="7233038c7ebf2a8df34c6d6b8cc94dabc9888657712f9bf92989b5bedb6df038"/>
</canvas>
<canvas name="2" width="52" height="48">
<vector name="origin" x="30" y="48"/>
<int name="z" value="0"/>
<int name="delay" value="180"/>
<string name="_hash" value="f172a7670907e2d2755cb99512baa50722590832a4e35a0817c9e304a2cbb93e"/>
</canvas>
<canvas name="3" width="1" height="1">
<vector name="origin" x="30" y="47"/>
<int name="z" value="0"/>
<int name="delay" value="180"/>
<string name="_inlink" value="say/1"/>
</canvas>
<canvas name="4" width="1" height="1">
<vector name="origin" x="30" y="48"/>
<int name="z" value="0"/>
<int name="delay" value="180"/>
<string name="_inlink" value="say/2"/>
</canvas>
<uol name="5" value="0"/>
<uol name="6" value="1"/>
<uol name="7" value="2"/>
<uol name="8" value="3"/>
<uol name="9" value="4"/>
<uol name="10" value="0"/>
<uol name="11" value="1"/>
<uol name="12" value="2"/>
<uol name="13" value="3"/>
<uol name="14" value="4"/>
<imgdir name="speak">
<string name="0" value="n0"/>
<string name="1" value="n1"/>
</imgdir>
</imgdir>
<imgdir name="eye">
<canvas name="0" width="1" height="1">
<vector name="origin" x="30" y="47"/>
<int name="z" value="0"/>
<int name="delay" value="180"/>
<string name="_inlink" value="stand/0"/>
</canvas>
<canvas name="1" width="52" height="47">
<vector name="origin" x="30" y="47"/>
<int name="z" value="0"/>
<int name="delay" value="180"/>
<string name="_hash" value="5fbe06a3fd3342a3480048338b6255e7afcc1ecb1c6bdad3a165fa5fed813844"/>
</canvas>
<canvas name="2" width="1" height="1">
<vector name="origin" x="30" y="47"/>
<int name="z" value="0"/>
<int name="delay" value="180"/>
<string name="_inlink" value="stand/0"/>
</canvas>
<canvas name="3" width="1" height="1">
<vector name="origin" x="30" y="47"/>
<int name="z" value="0"/>
<int name="delay" value="180"/>
<string name="_inlink" value="eye/1"/>
</canvas>
</imgdir>
</imgdir>
