<?xml version="1.0" encoding="UTF-8" standalone="yes"?>
<imgdir name="1013441.img">
<imgdir name="info">
</imgdir>
<imgdir name="stand">
<canvas name="0" width="1" height="1">
<vector name="origin" x="26" y="78"/>
<int name="delay" value="180"/>
<string name="_hash" value="002766a0e0d90acca5ad6dee4ee06f3c0fb1115f37a409d7bb1b15e586144c51"/>
<string name="_outlink" value="Npc/1013408.img/stand/0"/>
</canvas>
</imgdir>
<imgdir name="say">
<canvas name="0" width="1" height="1">
<vector name="origin" x="26" y="78"/>
<int name="delay" value="180"/>
<string name="_outlink" value="Npc/1013408.img/stand/0"/>
</canvas>
<canvas name="1" width="1" height="1">
<vector name="origin" x="26" y="78"/>
<int name="delay" value="180"/>
<string name="_hash" value="35ce6dfb81a16c78535e0c98570a2cbf4e4412e935aedce1cbb7eb539617127d"/>
<string name="_outlink" value="Npc/1013408.img/say/1"/>
</canvas>
<canvas name="2" width="1" height="1">
<vector name="origin" x="26" y="78"/>
<int name="delay" value="180"/>
<string name="_outlink" value="Npc/1013408.img/stand/0"/>
</canvas>
<canvas name="3" width="1" height="1">
<vector name="origin" x="26" y="78"/>
<int name="delay" value="180"/>
<string name="_hash" value="215597012aecff7ebfbd6fe3c47dcc1dea1489684043204990cf8135a004667b"/>
<string name="_outlink" value="Npc/1013408.img/say/3"/>
</canvas>
<canvas name="4" width="1" height="1">
<vector name="origin" x="26" y="78"/>
<int name="delay" value="180"/>
<string name="_outlink" value="Npc/1013408.img/say/1"/>
</canvas>
</imgdir>
<imgdir name="eye">
<canvas name="0" width="1" height="1">
<vector name="origin" x="26" y="78"/>
<int name="delay" value="180"/>
<string name="_outlink" value="Npc/1013408.img/stand/0"/>
</canvas>
<canvas name="1" width="1" height="1">
<vector name="origin" x="26" y="78"/>
<int name="delay" value="180"/>
<string name="_hash" value="8d13c4d6e20175ce3d69a093d0277765f6d5593a0073d9fca194b1405c1e4240"/>
<string name="_outlink" value="Npc/1013408.img/eye/1"/>
</canvas>
<canvas name="2" width="1" height="1">
<vector name="origin" x="26" y="78"/>
<int name="delay" value="180"/>
<string name="_hash" value="fa7d0558b1b73f829e32ba3ffebd4d4f771b160a0cc0f52b28bb296422fe42a6"/>
<string name="_outlink" value="Npc/1013408.img/eye/2"/>
</canvas>
</imgdir>
</imgdir>
