<?xml version="1.0" encoding="UTF-8" standalone="yes"?>
<imgdir name="1013100.img">
<imgdir name="info">
</imgdir>
<imgdir name="stand">
<canvas name="0" width="72" height="74">
<vector name="origin" x="45" y="72"/>
<int name="z" value="0"/>
<int name="delay" value="3000"/>
<string name="_hash" value="3d4e0d2f8c22d32a500a47268be516fc53cb714b6b3a73b826139adff0ffbef2"/>
</canvas>
</imgdir>
<imgdir name="say">
<canvas name="0" width="1" height="1">
<vector name="origin" x="45" y="72"/>
<int name="z" value="0"/>
<int name="delay" value="180"/>
<string name="_inlink" value="stand/0"/>
</canvas>
<canvas name="1" width="72" height="74">
<vector name="origin" x="45" y="72"/>
<int name="z" value="0"/>
<int name="delay" value="180"/>
<string name="_hash" value="b852f97ae2537b22798dab7606f958ceb5a51787d27d5d374fe57381d6e1ca18"/>
</canvas>
<uol name="2" value="0"/>
<uol name="3" value="1"/>
<uol name="4" value="0"/>
<uol name="5" value="1"/>
<uol name="6" value="0"/>
<uol name="7" value="1"/>
<uol name="8" value="0"/>
<uol name="9" value="1"/>
<uol name="10" value="0"/>
<uol name="11" value="1"/>
<uol name="12" value="0"/>
<uol name="13" value="1"/>
<imgdir name="speak">
<string name="0" value="n0"/>
<string name="1" value="n1"/>
</imgdir>
</imgdir>
<imgdir name="eye">
<canvas name="0" width="72" height="74">
<vector name="origin" x="45" y="72"/>
<int name="z" value="0"/>
<int name="delay" value="150"/>
<string name="_hash" value="e9c2580c5b90064dcf925841c5fa56154ecfd3ab235469bf5aab0e2d156295d0"/>
</canvas>
<canvas name="1" width="72" height="74">
<vector name="origin" x="45" y="72"/>
<int name="z" value="0"/>
<int name="delay" value="150"/>
<string name="_hash" value="7b261072616d9881d0404376963e89060e25a7460b5738fe6c4c63947b0d6514"/>
</canvas>
<canvas name="2" width="72" height="74">
<vector name="origin" x="45" y="72"/>
<int name="z" value="0"/>
<int name="delay" value="150"/>
<string name="_hash" value="e82ee3d9777dd48d999eb88f6ff69131d4865190dabf58a65f0c34bab163f3cf"/>
</canvas>
<canvas name="3" width="1" height="1">
<vector name="origin" x="45" y="72"/>
<int name="z" value="0"/>
<int name="delay" value="150"/>
<string name="_inlink" value="eye/1"/>
</canvas>
</imgdir>
<imgdir name="hand">
<canvas name="0" width="1" height="1">
<vector name="origin" x="45" y="72"/>
<int name="z" value="0"/>
<int name="delay" value="150"/>
<string name="_inlink" value="stand/0"/>
</canvas>
<canvas name="1" width="72" height="74">
<vector name="origin" x="45" y="72"/>
<int name="z" value="0"/>
<int name="delay" value="150"/>
<string name="_hash" value="ee66439bad396b3aaab00eacbe026d31b2a636bbfb89b3723c7f8bba6eb21659"/>
</canvas>
<canvas name="2" width="82" height="74">
<vector name="origin" x="55" y="72"/>
<int name="z" value="0"/>
<int name="delay" value="150"/>
<string name="_hash" value="7165a143096ebce8b5cde04d99dbb3a7da561dd7e26b4ae1b8abf00083c48fbc"/>
</canvas>
<canvas name="3" width="82" height="74">
<vector name="origin" x="55" y="72"/>
<int name="z" value="0"/>
<int name="delay" value="150"/>
<string name="_hash" value="692c4176b7ee9788ea34137551cba543ce6e7c92080ebb15dbdab95da166fc8c"/>
</canvas>
<canvas name="4" width="81" height="74">
<vector name="origin" x="54" y="72"/>
<int name="z" value="0"/>
<int name="delay" value="150"/>
<string name="_hash" value="d8d07b394c61577d829e0e50b591352112083a848dfe3acb1a0db0a82bb98b8d"/>
</canvas>
<canvas name="5" width="81" height="74">
<vector name="origin" x="54" y="72"/>
<int name="z" value="0"/>
<int name="delay" value="150"/>
<string name="_hash" value="6ef68d6bf7bc74ef622d853679a0d216a208c72135fd8e8e6e2210ff4a27b8ab"/>
</canvas>
</imgdir>
</imgdir>
