<?xml version="1.0" encoding="UTF-8" standalone="yes"?>
<imgdir name="1013101.img">
<imgdir name="info">
</imgdir>
<imgdir name="stand">
<canvas name="0" width="45" height="66">
<vector name="origin" x="20" y="66"/>
<int name="z" value="0"/>
<int name="delay" value="3000"/>
<string name="_hash" value="d10f8dbe1b2eb2d2a58eaef868165b75bf2265273864b9c407c5c4e91c5b7d64"/>
</canvas>
</imgdir>
<imgdir name="say">
<canvas name="0" width="1" height="1">
<vector name="origin" x="20" y="66"/>
<int name="z" value="0"/>
<int name="delay" value="210"/>
<string name="_inlink" value="stand/0"/>
</canvas>
<canvas name="1" width="45" height="66">
<vector name="origin" x="20" y="66"/>
<int name="z" value="0"/>
<int name="delay" value="210"/>
<string name="_hash" value="4e6846ba59b03c095c6e370395cc12cce4c6a3c78cdcee6776bd3cb9b5071625"/>
</canvas>
<uol name="2" value="0"/>
<uol name="3" value="1"/>
<uol name="4" value="0"/>
<uol name="5" value="1"/>
<uol name="6" value="0"/>
<uol name="7" value="1"/>
<uol name="8" value="0"/>
<uol name="9" value="1"/>
<uol name="10" value="0"/>
<uol name="11" value="1"/>
<uol name="12" value="0"/>
<uol name="13" value="1"/>
<imgdir name="speak">
<string name="0" value="n0"/>
<string name="1" value="n1"/>
</imgdir>
</imgdir>
<imgdir name="eye">
<canvas name="0" width="1" height="1">
<vector name="origin" x="20" y="66"/>
<int name="z" value="0"/>
<int name="delay" value="150"/>
<string name="_inlink" value="stand/0"/>
</canvas>
<canvas name="1" width="45" height="66">
<vector name="origin" x="20" y="66"/>
<int name="z" value="0"/>
<int name="delay" value="150"/>
<string name="_hash" value="5c4dd1b15737a249748b9fa544674503399ebb1dbe969d5e4f8ba41bbc53e881"/>
</canvas>
<canvas name="2" width="45" height="66">
<vector name="origin" x="20" y="66"/>
<int name="z" value="0"/>
<int name="delay" value="150"/>
<string name="_hash" value="1951f278eeb0746d57a6d17ad9aad089c1aad73edeb58f25288912ad819828bd"/>
</canvas>
<canvas name="3" width="1" height="1">
<vector name="origin" x="20" y="66"/>
<int name="z" value="0"/>
<int name="delay" value="150"/>
<string name="_inlink" value="stand/0"/>
</canvas>
<canvas name="4" width="1" height="1">
<vector name="origin" x="20" y="66"/>
<int name="z" value="0"/>
<int name="delay" value="150"/>
<string name="_inlink" value="eye/1"/>
</canvas>
<canvas name="5" width="1" height="1">
<vector name="origin" x="20" y="66"/>
<int name="z" value="0"/>
<int name="delay" value="150"/>
<string name="_inlink" value="eye/2"/>
</canvas>
</imgdir>
<imgdir name="hand">
<canvas name="0" width="1" height="1">
<vector name="origin" x="20" y="66"/>
<int name="z" value="0"/>
<int name="delay" value="180"/>
<string name="_inlink" value="stand/0"/>
</canvas>
<canvas name="1" width="45" height="66">
<vector name="origin" x="20" y="66"/>
<int name="z" value="0"/>
<int name="delay" value="180"/>
<string name="_hash" value="7ab682afc460ea23b53fa0cdff8261385f4bd182caece50ee26927e2c715c3fd"/>
</canvas>
<canvas name="2" width="46" height="66">
<vector name="origin" x="21" y="66"/>
<int name="z" value="0"/>
<int name="delay" value="180"/>
<string name="_hash" value="c99c99b3dc1ef137f52d1e4a9751a6b0062888b2d66c74d24bea65ea0d3be20b"/>
</canvas>
<canvas name="3" width="1" height="1">
<vector name="origin" x="20" y="66"/>
<int name="z" value="0"/>
<int name="delay" value="180"/>
<string name="_inlink" value="hand/1"/>
</canvas>
</imgdir>
<imgdir name="smile">
<canvas name="0" width="1" height="1">
<vector name="origin" x="20" y="66"/>
<int name="z" value="0"/>
<int name="delay" value="150"/>
<string name="_inlink" value="stand/0"/>
</canvas>
<canvas name="1" width="45" height="67">
<vector name="origin" x="20" y="67"/>
<int name="z" value="0"/>
<int name="delay" value="150"/>
<string name="_hash" value="74b22efef1cd65e087922a12a793ed238009bc1c3cdc2f3d3333f08b15464d5f"/>
</canvas>
<canvas name="2" width="45" height="66">
<vector name="origin" x="20" y="66"/>
<int name="z" value="0"/>
<int name="delay" value="150"/>
<string name="_hash" value="cc8f2f2b06bc774552b01ef2c1690466fe8567e5a7efcd78596ae41c74009408"/>
</canvas>
<canvas name="3" width="1" height="1">
<vector name="origin" x="20" y="67"/>
<int name="z" value="0"/>
<int name="delay" value="150"/>
<string name="_inlink" value="smile/1"/>
</canvas>
<canvas name="4" width="1" height="1">
<vector name="origin" x="20" y="66"/>
<int name="z" value="0"/>
<int name="delay" value="150"/>
<string name="_inlink" value="smile/2"/>
</canvas>
<canvas name="5" width="1" height="1">
<vector name="origin" x="20" y="67"/>
<int name="z" value="0"/>
<int name="delay" value="150"/>
<string name="_inlink" value="smile/1"/>
</canvas>
<canvas name="6" width="45" height="66">
<vector name="origin" x="20" y="66"/>
<int name="z" value="0"/>
<int name="delay" value="150"/>
<string name="_hash" value="3035dbee479b9dd6ca2040178ac04d7a3a636a30c12ba62df20f3ad0cb527542"/>
</canvas>
</imgdir>
</imgdir>
