<?xml version="1.0" encoding="UTF-8" standalone="yes"?>
<imgdir name="1013518.img">
<imgdir name="info">
<imgdir name="speak">
<string name="0" value="n0"/>
<string name="1" value="n1"/>
<int name="delay" value="180"/>
</imgdir>
<int name="hideName" value="1"/>
</imgdir>
<imgdir name="stand">
<canvas name="0" width="105" height="47">
<vector name="origin" x="55" y="46"/>
<int name="z" value="0"/>
<string name="_hash" value="21743068aa730e199b1aea91cf8f5f2150df2ce91f280ee188611ce7b204d41a"/>
</canvas>
<canvas name="1" width="105" height="49">
<vector name="origin" x="54" y="48"/>
<int name="z" value="0"/>
<string name="_hash" value="fc545d158ac77617bb40b1df084dbbd71898b1404a31c880ad42c36f010b9bd5"/>
</canvas>
<canvas name="2" width="105" height="48">
<vector name="origin" x="53" y="46"/>
<int name="z" value="0"/>
<string name="_hash" value="74a0d7ea2e1b64b83e1471cce60d8ecb2f1cbc1ac53a58d48f418d0adc22c23c"/>
</canvas>
<canvas name="3" width="105" height="55">
<vector name="origin" x="52" y="54"/>
<int name="z" value="0"/>
<string name="_hash" value="91f827342ac968115de33783a5c846bc01f88080decb34d59399d3fce84c2ee4"/>
</canvas>
<canvas name="4" width="105" height="58">
<vector name="origin" x="53" y="58"/>
<int name="z" value="0"/>
<string name="_hash" value="f52a903522d05f792a072bf40c45d6cd1c123fc89ac818c7deb5a4aafd486e29"/>
</canvas>
<canvas name="5" width="106" height="55">
<vector name="origin" x="54" y="54"/>
<int name="z" value="0"/>
<string name="_hash" value="da748b5827291d527bcb557066d367bc84f9181a90d5ec290fdc0259cbf73763"/>
</canvas>
<canvas name="6" width="105" height="59">
<vector name="origin" x="55" y="58"/>
<int name="z" value="0"/>
<string name="_hash" value="438b924451c8dac0c0ed1343f74435dc36bfc241d39b7d7f6e51d9680296fd55"/>
</canvas>
<canvas name="7" width="106" height="55">
<vector name="origin" x="56" y="54"/>
<int name="z" value="0"/>
<string name="_hash" value="3b87315cf0c0ff3651edbbde2681cf45733255fd5fd463612531b6eb0ecd747c"/>
</canvas>
<canvas name="8" width="105" height="49">
<vector name="origin" x="57" y="48"/>
<int name="z" value="0"/>
<string name="_hash" value="6f8bb1d5e603a393e2317bd87d773d6269540f6c9570fd184ca8b603b58a93d0"/>
</canvas>
<canvas name="9" width="105" height="50">
<vector name="origin" x="56" y="50"/>
<int name="z" value="0"/>
<string name="_hash" value="6ca47ab195572827c0162862a2fea39248f5fe8895380bc9cfc70183459a0dca"/>
</canvas>
</imgdir>
</imgdir>
