<?xml version="1.0" encoding="UTF-8" standalone="yes"?>
<imgdir name="1013500.img">
<imgdir name="info">
<imgdir name="script">
<imgdir name="0">
<string name="script" value="slime_enterGate"/>
</imgdir>
</imgdir>
<int name="hideName" value="1"/>
<int name="dcLeft" value="-150"/>
<int name="dcRight" value="150"/>
<int name="dcTop" value="-330"/>
<int name="dcBottom" value="0"/>
</imgdir>
<imgdir name="stand">
<canvas name="0" width="308" height="299">
<vector name="origin" x="168" y="299"/>
<int name="z" value="0"/>
<int name="delay" value="200"/>
<string name="_hash" value="1dfc41c8e8874eb8488ea5a78629f43cf63da38a421b3fc57ff2e6e2b2131ac9"/>
</canvas>
<canvas name="1" width="304" height="299">
<vector name="origin" x="168" y="299"/>
<int name="z" value="0"/>
<int name="delay" value="200"/>
<string name="_hash" value="7532d209325ffc7b027fd002b8423e86e29bbc1a006a359e7f815593adb37a5f"/>
</canvas>
<canvas name="2" width="303" height="299">
<vector name="origin" x="167" y="299"/>
<int name="z" value="0"/>
<int name="delay" value="200"/>
<string name="_hash" value="4e81a26104b6c82f4245951cb0e23fcde88b6d3306b6a7f3194a7930fef8b836"/>
</canvas>
<canvas name="3" width="295" height="299">
<vector name="origin" x="159" y="299"/>
<int name="z" value="0"/>
<int name="delay" value="200"/>
<string name="_hash" value="cb0615603d45b8944d611ffd5d06d0caa6eafb036d7cd49617d939ff665df9e6"/>
</canvas>
<canvas name="4" width="295" height="299">
<vector name="origin" x="152" y="299"/>
<int name="z" value="0"/>
<int name="delay" value="200"/>
<string name="_hash" value="3ce995ed7d4c61c50947fcb07e57d105464ea2b29b7d40bbfcd99b2ec45a90ea"/>
</canvas>
<canvas name="5" width="292" height="299">
<vector name="origin" x="146" y="299"/>
<int name="z" value="0"/>
<int name="delay" value="200"/>
<string name="_hash" value="d63841615df0316e35f7f5f61eaede124b3f1a51a4e78359e72ffbaf1260bdaa"/>
</canvas>
<canvas name="6" width="311" height="299">
<vector name="origin" x="168" y="299"/>
<int name="z" value="0"/>
<int name="delay" value="200"/>
<string name="_hash" value="cdecda97ba9466df97930c43445f8d7679bda5d0edc0990acec1caed55b33599"/>
</canvas>
<canvas name="7" width="311" height="299">
<vector name="origin" x="168" y="299"/>
<int name="z" value="0"/>
<int name="delay" value="200"/>
<string name="_hash" value="8b72b2555d1f844b08611acd436560a005799b63c83f07aae5cd83f0dc968f40"/>
</canvas>
</imgdir>
</imgdir>
