<?xml version="1.0" encoding="UTF-8" standalone="yes"?>
<imgdir name="1013326.img">
<imgdir name="info">
<int name="hideName" value="1"/>
</imgdir>
<imgdir name="stand">
<canvas name="0" width="88" height="122">
<vector name="origin" x="37" y="117"/>
<int name="z" value="0"/>
<string name="_hash" value="11d2bf0aaf45be12d6f48c10a84b8e96c8ae072857f4b18dcb00cd8fead0f1de"/>
</canvas>
</imgdir>
<imgdir name="condition2">
<imgdir name="35948">
<imgdir name="0">
<string name="key" value="26"/>
<string name="value" value="h0"/>
</imgdir>
</imgdir>
<uol name="stand" value="../stand"/>
<int name="hide" value="1"/>
</imgdir>
<imgdir name="condition3">
<imgdir name="35948">
<imgdir name="0">
<string name="key" value="26"/>
<string name="value" value="h1"/>
</imgdir>
</imgdir>
<imgdir name="stand">
<canvas name="0" width="88" height="122">
<vector name="origin" x="37" y="117"/>
<int name="z" value="0"/>
<string name="_hash" value="86e593c84bbca22d942f7b7deba8d7971cdc9bdb1c509ce472462d848406ae79"/>
</canvas>
</imgdir>
</imgdir>
</imgdir>
