<?xml version="1.0" encoding="UTF-8" standalone="yes"?>
<imgdir name="1013448.img">
<imgdir name="info">
<int name="hideName" value="1"/>
</imgdir>
<imgdir name="stand">
<canvas name="0" width="290" height="286">
<vector name="origin" x="145" y="278"/>
<int name="z" value="0"/>
<string name="_hash" value="8f31136f15d032589cc7e2ee58914b511bbc6f0605d4e7a5ddbd88a9f56097cf"/>
</canvas>
<canvas name="1" width="290" height="289">
<vector name="origin" x="145" y="279"/>
<int name="z" value="0"/>
<string name="_hash" value="ded7bacd17f7434efeec9f119f5d8b9edbacea7b70c846decf1d25c76d173337"/>
</canvas>
<canvas name="2" width="290" height="289">
<vector name="origin" x="145" y="281"/>
<int name="z" value="0"/>
<string name="_hash" value="dab855e316a8e3a2c05ff5e41cf6c6a6d517508fb1af6323a4e7574d1d1a691a"/>
</canvas>
<canvas name="3" width="292" height="284">
<vector name="origin" x="145" y="278"/>
<int name="z" value="0"/>
<string name="_hash" value="c83390de9cd55f7f45b78d846c6e125578b5c2ade655de3ed2f988c806d6eefe"/>
</canvas>
<canvas name="4" width="294" height="280">
<vector name="origin" x="145" y="276"/>
<int name="z" value="0"/>
<string name="_hash" value="cb2e6bf768961da90c3d4e692a4fc26faccce7401499e55f6bd39ce4d2020498"/>
</canvas>
<canvas name="5" width="294" height="276">
<vector name="origin" x="145" y="274"/>
<int name="z" value="0"/>
<string name="_hash" value="aa4a5e2256c9c469cca0ffd6fc33a659b879cbc05a8765da172fa186974ab629"/>
</canvas>
<canvas name="6" width="296" height="277">
<vector name="origin" x="145" y="273"/>
<int name="z" value="0"/>
<string name="_hash" value="0a2906f947b9b09f5727b5981b1f465688dc4d70aa730241ede3adc25b8a951a"/>
</canvas>
<canvas name="7" width="294" height="281">
<vector name="origin" x="145" y="275"/>
<int name="z" value="0"/>
<string name="_hash" value="d3daaef7fa020a35516ce5bafe3ed454357f54ab39d442a58a70fb8e59969b3c"/>
</canvas>
</imgdir>
<imgdir name="special">
<canvas name="0" width="1" height="1">
<vector name="origin" x="145" y="278"/>
<int name="z" value="0"/>
<int name="delay" value="120"/>
<string name="_inlink" value="stand/0"/>
</canvas>
<canvas name="1" width="271" height="263">
<vector name="origin" x="125" y="304"/>
<int name="z" value="0"/>
<int name="delay" value="120"/>
<string name="_hash" value="d2cd6599838c43415b4ec767f0e0218af9195ed1cdabcbb8a77470bf325ca2bc"/>
</canvas>
<canvas name="2" width="281" height="254">
<vector name="origin" x="127" y="314"/>
<int name="z" value="0"/>
<int name="delay" value="120"/>
<string name="_hash" value="8b218bddf543207eed3004b64ce0a81b422ea89eed01964e8ef4ef8a6f0e4c04"/>
</canvas>
<canvas name="3" width="281" height="250">
<vector name="origin" x="123" y="318"/>
<int name="z" value="0"/>
<int name="delay" value="120"/>
<string name="_hash" value="d71ab2a081baea5ff230e7d1bfeb5c5b4c99c93997854f6c9bb548c1fd0eea78"/>
</canvas>
<canvas name="4" width="284" height="249">
<vector name="origin" x="121" y="321"/>
<int name="z" value="0"/>
<int name="delay" value="120"/>
<string name="_hash" value="a7db064dd0558e447eb9bfdb280d2dcf8652d008d5cd2d852f62ef2555c91d4a"/>
</canvas>
<canvas name="5" width="286" height="248">
<vector name="origin" x="119" y="323"/>
<int name="z" value="0"/>
<int name="delay" value="120"/>
<string name="_hash" value="aedd4ac8799d6eff37ebbf4e0187314c6557777ecfaba5a94e7f3c853e24ab5d"/>
</canvas>
<canvas name="6" width="286" height="248">
<vector name="origin" x="118" y="325"/>
<int name="z" value="0"/>
<int name="delay" value="120"/>
<string name="_hash" value="7afa89f1457f93fbc9e3ec16519f611ec77d9970f6b1370d63500f414cb864fd"/>
</canvas>
<canvas name="7" width="288" height="247">
<vector name="origin" x="117" y="326"/>
<int name="z" value="0"/>
<int name="delay" value="120"/>
<string name="_hash" value="db24bf67e90a7692fd94f2c4184316e65c70cc8fcf625007dbb25865d78e544a"/>
</canvas>
<canvas name="8" width="282" height="246">
<vector name="origin" x="116" y="326"/>
<int name="z" value="0"/>
<int name="delay" value="100000000"/>
<string name="_hash" value="367eba71b9bd8dd368f8fe785b7befe5bd220050086590c86fe9b9da2a9ec710"/>
</canvas>
<int name="special" value="1"/>
</imgdir>
<imgdir name="special2">
<int name="special" value="1"/>
<canvas name="0" width="1" height="1">
<vector name="origin" x="145" y="278"/>
<int name="z" value="0"/>
<int name="delay" value="120"/>
<string name="_inlink" value="stand/0"/>
</canvas>
<canvas name="1" width="1" height="1">
<vector name="origin" x="125" y="304"/>
<int name="z" value="0"/>
<int name="delay" value="120"/>
<string name="_inlink" value="special/1"/>
</canvas>
<canvas name="2" width="1" height="1">
<vector name="origin" x="127" y="314"/>
<int name="z" value="0"/>
<int name="delay" value="120"/>
<string name="_inlink" value="special/2"/>
</canvas>
<canvas name="3" width="1" height="1">
<vector name="origin" x="123" y="318"/>
<int name="z" value="0"/>
<int name="delay" value="120"/>
<string name="_inlink" value="special/3"/>
</canvas>
<canvas name="4" width="1" height="1">
<vector name="origin" x="121" y="321"/>
<int name="z" value="0"/>
<int name="delay" value="120"/>
<string name="_inlink" value="special/4"/>
</canvas>
<canvas name="5" width="1" height="1">
<vector name="origin" x="119" y="323"/>
<int name="z" value="0"/>
<int name="delay" value="120"/>
<string name="_inlink" value="special/5"/>
</canvas>
<canvas name="6" width="1" height="1">
<vector name="origin" x="118" y="325"/>
<int name="z" value="0"/>
<int name="delay" value="120"/>
<string name="_inlink" value="special/6"/>
</canvas>
<canvas name="7" width="1" height="1">
<vector name="origin" x="117" y="326"/>
<int name="z" value="0"/>
<int name="delay" value="120"/>
<string name="_inlink" value="special/7"/>
</canvas>
<canvas name="8" width="1" height="1">
<vector name="origin" x="116" y="326"/>
<int name="z" value="0"/>
<int name="delay" value="100000000"/>
<string name="_inlink" value="special/8"/>
</canvas>
<canvas name="9" width="357" height="203">
<vector name="origin" x="92" y="220"/>
<int name="z" value="0"/>
<int name="delay" value="90"/>
<string name="_hash" value="f4a3479794e3ab5d60392a3c98f6ca19a08c95bdcab8f965914ec1f51c502cfe"/>
</canvas>
<canvas name="10" width="357" height="215">
<vector name="origin" x="92" y="249"/>
<int name="z" value="0"/>
<int name="delay" value="90"/>
<string name="_hash" value="34e88afbc7efaf683c92fbfc1bf13119a5c0c52eccb9868be629a71e3e76b16f"/>
</canvas>
<canvas name="11" width="357" height="231">
<vector name="origin" x="92" y="266"/>
<int name="z" value="0"/>
<int name="delay" value="90"/>
<string name="_hash" value="f83c4932f0bd98f9a13fcfd732bd055089887463523b084b14f2e485e252cec7"/>
</canvas>
<canvas name="12" width="294" height="183">
<vector name="origin" x="29" y="224"/>
<int name="z" value="0"/>
<int name="delay" value="90"/>
<string name="_hash" value="26d88667a83d30d3ba8dc74fc09ba3157bad9aa29d8d73c5af7f8455ec888980"/>
</canvas>
<canvas name="13" width="294" height="181">
<vector name="origin" x="29" y="225"/>
<int name="z" value="0"/>
<int name="delay" value="90"/>
<string name="_hash" value="f3952ee3f6411d6bb73818711033de2b747624cd7b400007fc9e7d244e5a3c88"/>
</canvas>
<canvas name="14" width="294" height="176">
<vector name="origin" x="29" y="226"/>
<int name="z" value="0"/>
<int name="delay" value="90"/>
<string name="_hash" value="17a74b1f54443b663af1d3a563331652e0c07086ba7b97aaf226eefdc3f8da66"/>
</canvas>
<canvas name="15" width="294" height="165">
<vector name="origin" x="29" y="219"/>
<int name="z" value="0"/>
<int name="delay" value="90"/>
<string name="_hash" value="4a056b1688668faf04104d031a292baf5782a371a7beb17f5c4d5b209577c633"/>
</canvas>
<canvas name="16" width="238" height="128">
<vector name="origin" x="-27" y="218"/>
<int name="z" value="0"/>
<int name="delay" value="90"/>
<string name="_hash" value="40eb05d41c6806f5b368184518600928df6e9ff753c9cf7291cf3e4cc7535264"/>
</canvas>
<canvas name="17" width="1" height="1">
<int name="delay" value="100000000"/>
</canvas>
</imgdir>
</imgdir>
