<?xml version="1.0" encoding="UTF-8" standalone="yes"?>
<imgdir name="1013307.img">
<imgdir name="info">
<int name="hide" value="1"/>
</imgdir>
<imgdir name="stand">
<canvas name="0" width="1" height="1">
<vector name="origin" x="13" y="45"/>
<int name="z" value="0"/>
<string name="_hash" value="c1b5cc11ed7b9e322d971deee09877e3bb389cc44ac1b426798e945f8e39c0cd"/>
<string name="_outlink" value="Npc/1013300.img/info/default"/>
</canvas>
</imgdir>
<imgdir name="say">
<canvas name="0" width="1" height="1">
<vector name="origin" x="13" y="45"/>
<int name="z" value="0"/>
<string name="_outlink" value="Npc/1013300.img/info/default"/>
</canvas>
<canvas name="1" width="37" height="45">
<vector name="origin" x="13" y="45"/>
<int name="z" value="0"/>
<string name="_hash" value="f63e1d98a2b6dce80281ca132ff6abdd7d53b7dbece7f26c3c8d0cc2b12d9568"/>
</canvas>
<canvas name="2" width="1" height="1">
<vector name="origin" x="13" y="45"/>
<int name="z" value="0"/>
<string name="_outlink" value="Npc/1013300.img/info/default"/>
</canvas>
<canvas name="3" width="37" height="45">
<vector name="origin" x="13" y="45"/>
<int name="z" value="0"/>
<string name="_hash" value="c44f62c822b9d26eb73f87ef9eb43299bf54261a536c34b34a28289381696d1a"/>
</canvas>
</imgdir>
<imgdir name="blink">
<canvas name="0" width="1" height="1">
<vector name="origin" x="13" y="45"/>
<int name="z" value="0"/>
<int name="delay" value="180"/>
<string name="_outlink" value="Npc/1013300.img/info/default"/>
</canvas>
<canvas name="1" width="37" height="45">
<vector name="origin" x="13" y="45"/>
<int name="z" value="0"/>
<int name="delay" value="180"/>
<string name="_hash" value="526814a6b140f381cbe6696a077d0133a537a3b2005ce8be07b550698e4c198e"/>
</canvas>
<canvas name="2" width="1" height="1">
<vector name="origin" x="13" y="45"/>
<int name="z" value="0"/>
<int name="delay" value="180"/>
<string name="_outlink" value="Npc/1013300.img/info/default"/>
</canvas>
<canvas name="3" width="1" height="1">
<vector name="origin" x="13" y="45"/>
<int name="z" value="0"/>
<int name="delay" value="180"/>
<string name="_inlink" value="blink/1"/>
</canvas>
</imgdir>
<imgdir name="condition2">
<imgdir name="35948">
<imgdir name="0">
<string name="key" value="07"/>
<string name="value" value="h0"/>
</imgdir>
</imgdir>
<uol name="stand" value="../stand"/>
<uol name="say" value="../say"/>
<uol name="blink" value="../blink"/>
<int name="hide" value="1"/>
</imgdir>
<imgdir name="condition3">
<imgdir name="35948">
<imgdir name="0">
<string name="key" value="07"/>
<string name="value" value="h1"/>
</imgdir>
</imgdir>
<uol name="stand" value="../stand"/>
<uol name="say" value="../say"/>
<uol name="blink" value="../blink"/>
</imgdir>
</imgdir>
