<?xml version="1.0" encoding="UTF-8" standalone="yes"?>
<imgdir name="1013513.img">
<imgdir name="info">
</imgdir>
<imgdir name="stand">
<canvas name="0" width="1" height="1">
<vector name="origin" x="13" y="30"/>
<int name="z" value="0"/>
<string name="_hash" value="a8f215b849169ccc8112411d52ce22a6ee8524873978698794d68b5bd2667e61"/>
<string name="_outlink" value="Npc/1013512.img/tower/3"/>
</canvas>
</imgdir>
<imgdir name="eye">
<canvas name="0" width="1" height="1">
<vector name="origin" x="13" y="30"/>
<int name="z" value="0"/>
<string name="_outlink" value="Npc/1013512.img/tower/3"/>
</canvas>
<canvas name="1" width="38" height="30">
<vector name="origin" x="13" y="30"/>
<int name="z" value="0"/>
<string name="_hash" value="41d89c01b95e20fc0b658453feaf625e78098f9effd9172df5c33f8a476ad6f7"/>
</canvas>
<canvas name="2" width="38" height="30">
<vector name="origin" x="13" y="30"/>
<int name="z" value="0"/>
<string name="_hash" value="62029d3f1eca9e4e1bdb54cd6662bd0d789df882d9d87ba0bdb3fce0dafc399b"/>
</canvas>
</imgdir>
<imgdir name="say">
<canvas name="0" width="1" height="1">
<vector name="origin" x="13" y="30"/>
<int name="z" value="0"/>
<int name="delay" value="150"/>
<string name="_outlink" value="Npc/1013512.img/tower/3"/>
</canvas>
<canvas name="1" width="37" height="31">
<vector name="origin" x="12" y="31"/>
<int name="z" value="0"/>
<int name="delay" value="150"/>
<string name="_hash" value="9d04f72b1ca3300d8bdbb50e4eb93f4b961a6925dd81794de2573f6fe830f9fd"/>
</canvas>
</imgdir>
<imgdir name="walk">
<canvas name="0" width="1" height="1">
<vector name="origin" x="13" y="30"/>
<int name="z" value="0"/>
<int name="delay" value="150"/>
<string name="_outlink" value="Npc/1013512.img/tower/3"/>
</canvas>
<canvas name="1" width="37" height="28">
<vector name="origin" x="13" y="43"/>
<int name="z" value="0"/>
<int name="delay" value="150"/>
<string name="_hash" value="478cff409e46a7db1d069ac369bc0e4579949811ebd6fe22ac9acbaa9bb08871"/>
</canvas>
<canvas name="2" width="36" height="32">
<vector name="origin" x="13" y="46"/>
<int name="z" value="0"/>
<int name="delay" value="150"/>
<string name="_hash" value="0b59ecd308d9a3e19ca52df9e5af3180c7b06fd43fef59c0d44eedbaaf08e107"/>
</canvas>
<int name="special" value="1"/>
</imgdir>
<imgdir name="angry">
<canvas name="0" width="38" height="30">
<vector name="origin" x="13" y="30"/>
<int name="z" value="0"/>
<int name="delay" value="150"/>
<string name="_hash" value="90fa13cee8ff222fed73f26dd7344a6a483b4f99a84273fa0cf68afd0a8c2692"/>
</canvas>
<canvas name="1" width="43" height="33">
<vector name="origin" x="19" y="48"/>
<int name="z" value="0"/>
<int name="delay" value="150"/>
<string name="_hash" value="a09fdbf9cc21677deb96dcc07839f82ee7153e29cb955acaee236a8ecdfacb48"/>
</canvas>
<canvas name="2" width="46" height="36">
<vector name="origin" x="23" y="50"/>
<int name="z" value="0"/>
<int name="delay" value="150"/>
<string name="_hash" value="b990cf31fe1f5dc42e2e9b99e456a2fce40636d948ea42d1a8180b875db695ba"/>
</canvas>
<canvas name="3" width="38" height="30">
<vector name="origin" x="23" y="30"/>
<int name="z" value="0"/>
<int name="delay" value="150"/>
<string name="_hash" value="d2f3da6c22306bd103107e5efc512807e2f705e69505e673ef72edf5bf6e3221"/>
</canvas>
<canvas name="4" width="43" height="32">
<vector name="origin" x="22" y="47"/>
<int name="z" value="0"/>
<int name="delay" value="150"/>
<string name="_hash" value="7548fc36040c237fa2db8259395ef2e4c09c3727f6a58a126c3370584b1b0d79"/>
</canvas>
<canvas name="5" width="46" height="35">
<vector name="origin" x="21" y="49"/>
<int name="z" value="0"/>
<int name="delay" value="150"/>
<string name="_hash" value="9808b670f452fbe3e119f7c84cd0d0112851b3ff671b1c02c13d11eadf723e94"/>
</canvas>
<int name="special" value="1"/>
</imgdir>
<imgdir name="sullen">
<canvas name="0" width="31" height="28">
<vector name="origin" x="13" y="28"/>
<int name="z" value="0"/>
<int name="delay" value="180"/>
<string name="_hash" value="0499fefce3b45f1619eccc0328aadb86d05196b89f1e02d2a642e2af6ed07aac"/>
</canvas>
<canvas name="1" width="31" height="28">
<vector name="origin" x="13" y="28"/>
<int name="z" value="0"/>
<int name="delay" value="180"/>
<string name="_hash" value="bbb1e4984788e83327fd28f631a6edaa55caf019d395c446409a9bd9bdb6397a"/>
</canvas>
<int name="special" value="1"/>
</imgdir>
<imgdir name="jumpjump">
<canvas name="0" width="1" height="1">
<vector name="origin" x="13" y="30"/>
<int name="z" value="0"/>
<string name="_outlink" value="Npc/1013512.img/tower/3"/>
</canvas>
<canvas name="1" width="37" height="29">
<vector name="origin" x="13" y="52"/>
<int name="z" value="0"/>
<string name="_hash" value="bfcda76185bfe753645080986c5ad75609dbaeef2f80fce36ba82f24f8a2aeb0"/>
</canvas>
<canvas name="2" width="36" height="29">
<vector name="origin" x="13" y="54"/>
<int name="z" value="0"/>
<string name="_hash" value="ff66fb9736b4667d048e115e0a3abd2ee92d63ab1235fdd2cae6d90a27862417"/>
</canvas>
<canvas name="3" width="37" height="32">
<vector name="origin" x="13" y="46"/>
<int name="z" value="0"/>
<string name="_hash" value="61a4dc95ca8734fdab8593c61b29e22f0c601ca026bda19a0f11a8017f99c5a2"/>
</canvas>
<canvas name="4" width="39" height="28">
<vector name="origin" x="14" y="28"/>
<int name="z" value="0"/>
<string name="_hash" value="573a81104f793683b44867581e3669cae9591e42a0b4783ad055f781283ae50b"/>
</canvas>
<int name="special" value="1"/>
</imgdir>
<imgdir name="kirakira">
<canvas name="0" width="54" height="34">
<vector name="origin" x="27" y="34"/>
<int name="z" value="0"/>
<int name="delay" value="180"/>
<string name="_hash" value="bf6c8ebdd778fa486e53866d1e710c6a45ab9cad82cd39fa5bb29b4bf38d3cdc"/>
</canvas>
<canvas name="1" width="50" height="35">
<vector name="origin" x="25" y="35"/>
<int name="z" value="0"/>
<int name="delay" value="180"/>
<string name="_hash" value="e0caa6b08166e781d8e1d15d52803ac8321747a1d07217caba0f083f83deffc3"/>
</canvas>
<int name="special" value="1"/>
</imgdir>
<imgdir name="freeze">
<canvas name="0" width="37" height="30">
<vector name="origin" x="13" y="30"/>
<int name="z" value="0"/>
<int name="delay" value="180"/>
<string name="_hash" value="0d86e5d9f2c69563845a9de578e5c79f01ed364f1cea0f670de0370ce99bd22a"/>
</canvas>
<canvas name="1" width="44" height="46">
<vector name="origin" x="25" y="46"/>
<int name="z" value="0"/>
<int name="delay" value="180"/>
<string name="_hash" value="5d53cd1f2f15a61b015cbc77ce660dec1034db720d281f20ca0c1787bef73c8e"/>
</canvas>
<canvas name="2" width="45" height="47">
<vector name="origin" x="26" y="47"/>
<int name="z" value="0"/>
<int name="delay" value="180"/>
<string name="_hash" value="1014a5daa327595803096f271f7e879ac5e8c8092300ad649f890e71f8a04ac0"/>
</canvas>
<canvas name="3" width="46" height="47">
<vector name="origin" x="27" y="47"/>
<int name="z" value="0"/>
<int name="delay" value="180"/>
<string name="_hash" value="bb3a1ae154191c072fd8fbae5c03eb6732e80947f56759eef61ce2bce4dfdab3"/>
</canvas>
<canvas name="4" width="31" height="47">
<vector name="origin" x="12" y="47"/>
<int name="z" value="0"/>
<int name="delay" value="300"/>
<string name="_hash" value="8d16110831d7d048c42c7ce017fb409cc7e2cb8db36d70b63a1a75a152de48ac"/>
</canvas>
<canvas name="5" width="35" height="39">
<vector name="origin" x="13" y="39"/>
<int name="z" value="0"/>
<int name="delay" value="180"/>
<string name="_hash" value="e6e01298f249c55c063ca2d40286fb8caf656ab6cf386621dbc391f1295b6e67"/>
</canvas>
<canvas name="6" width="43" height="32">
<vector name="origin" x="20" y="32"/>
<int name="z" value="0"/>
<int name="delay" value="180"/>
<string name="_hash" value="0c64de3f76d784027a8ee6917d13cfa657474bd1d4910920b5cf5d959b7e8468"/>
</canvas>
<canvas name="7" width="49" height="32">
<vector name="origin" x="25" y="32"/>
<int name="z" value="0"/>
<int name="delay" value="180"/>
<string name="_hash" value="0afc6b2ec997e8fbd4eb0fc6717fad6992219f5ae795607a8ed3765e8ff9b9d5"/>
</canvas>
<canvas name="8" width="50" height="33">
<vector name="origin" x="26" y="33"/>
<int name="z" value="0"/>
<int name="delay" value="180"/>
<string name="_hash" value="0fef9fead6191b4b690eb891258e1d47adddb56a71a646360c22a4c4f3a263e3"/>
</canvas>
<canvas name="9" width="37" height="30">
<vector name="origin" x="13" y="30"/>
<int name="z" value="0"/>
<int name="delay" value="180"/>
<string name="_hash" value="44bf00b9f57363896d51acd10e9748e867bacad3dee8dde323ea12734ce4aacd"/>
</canvas>
<canvas name="10" width="1" height="1">
<vector name="origin" x="20" y="32"/>
<int name="z" value="0"/>
<int name="delay" value="180"/>
<string name="_inlink" value="freeze/6"/>
</canvas>
<canvas name="11" width="1" height="1">
<vector name="origin" x="25" y="32"/>
<int name="z" value="0"/>
<int name="delay" value="180"/>
<string name="_inlink" value="freeze/7"/>
</canvas>
<canvas name="12" width="1" height="1">
<vector name="origin" x="26" y="33"/>
<int name="z" value="0"/>
<int name="delay" value="180"/>
<string name="_inlink" value="freeze/8"/>
</canvas>
<canvas name="13" width="1" height="1">
<vector name="origin" x="13" y="30"/>
<int name="z" value="0"/>
<int name="delay" value="180"/>
<string name="_inlink" value="freeze/9"/>
</canvas>
<canvas name="14" width="1" height="1">
<vector name="origin" x="20" y="32"/>
<int name="z" value="0"/>
<int name="delay" value="180"/>
<string name="_inlink" value="freeze/6"/>
</canvas>
<canvas name="15" width="1" height="1">
<vector name="origin" x="25" y="32"/>
<int name="z" value="0"/>
<int name="delay" value="180"/>
<string name="_inlink" value="freeze/7"/>
</canvas>
<canvas name="16" width="1" height="1">
<vector name="origin" x="26" y="33"/>
<int name="z" value="0"/>
<int name="delay" value="180"/>
<string name="_inlink" value="freeze/8"/>
</canvas>
<int name="special" value="1"/>
</imgdir>
<imgdir name="korokoro">
<canvas name="0" width="29" height="22">
<vector name="origin" x="14" y="22"/>
<int name="z" value="0"/>
<string name="_hash" value="0b0c293fed4c85dca6c7dd1cd7c3f94da5a2b936b650282e055ff8e117ab09b2"/>
</canvas>
<canvas name="1" width="31" height="24">
<vector name="origin" x="16" y="24"/>
<int name="z" value="0"/>
<string name="_hash" value="12c4c5242a4dd3c5a32d05c5d2e19544c4706a2f93b376d50087eb628acd21db"/>
</canvas>
<canvas name="2" width="29" height="24">
<vector name="origin" x="14" y="24"/>
<int name="z" value="0"/>
<string name="_hash" value="34979ee6f2517ad13081cd347f3ae696c3487f443214050ad45d9f045f3c74a3"/>
</canvas>
<canvas name="3" width="27" height="23">
<vector name="origin" x="13" y="23"/>
<int name="z" value="0"/>
<string name="_hash" value="68082daf4107c54c823985ad770ee8ca98f85262ecce4fd4f2dc462cf4891324"/>
</canvas>
<int name="special" value="1"/>
</imgdir>
<imgdir name="laugh">
<canvas name="0" width="1" height="1">
<vector name="origin" x="13" y="30"/>
<int name="z" value="0"/>
<int name="delay" value="150"/>
<string name="_outlink" value="Npc/1013512.img/tower/3"/>
</canvas>
<canvas name="1" width="53" height="32">
<vector name="origin" x="28" y="32"/>
<int name="z" value="0"/>
<int name="delay" value="150"/>
<string name="_hash" value="32ecc4054b7d6ed0fa35d9da1c9a5018379643b4f537c248e302c6b0a69c44ec"/>
</canvas>
<canvas name="2" width="53" height="31">
<vector name="origin" x="28" y="31"/>
<int name="z" value="0"/>
<int name="delay" value="150"/>
<string name="_hash" value="21d5e68f4797631839e0820e8c179a8748cdd561dd7d80fdcd1432d1c44ca71c"/>
</canvas>
<canvas name="3" width="1" height="1">
<vector name="origin" x="28" y="32"/>
<int name="z" value="0"/>
<int name="delay" value="150"/>
<string name="_inlink" value="laugh/1"/>
</canvas>
<canvas name="4" width="1" height="1">
<vector name="origin" x="28" y="31"/>
<int name="z" value="0"/>
<int name="delay" value="150"/>
<string name="_inlink" value="laugh/2"/>
</canvas>
<canvas name="5" width="1" height="1">
<vector name="origin" x="28" y="32"/>
<int name="z" value="0"/>
<int name="delay" value="150"/>
<string name="_inlink" value="laugh/1"/>
</canvas>
<canvas name="6" width="1" height="1">
<vector name="origin" x="28" y="31"/>
<int name="z" value="0"/>
<int name="delay" value="150"/>
<string name="_inlink" value="laugh/2"/>
</canvas>
<int name="special" value="1"/>
</imgdir>
<imgdir name="tower">
<canvas name="1" width="1" height="1">
<vector name="origin" x="47" y="88"/>
<int name="z" value="0"/>
<int name="delay" value="180"/>
<string name="_hash" value="4a0d8ab1956833fc65520f39a7630a10a8e9324985e14bcb4adace12b6bc3b09"/>
<string name="_outlink" value="Npc/1013511.img/tower/1"/>
</canvas>
<canvas name="2" width="1" height="1">
<vector name="origin" x="69" y="71"/>
<int name="z" value="0"/>
<int name="delay" value="180"/>
<string name="_hash" value="629910ef1863f4ecc83f5ea576f7f7fd36f558ce76337bc9ab312212dfeaf083"/>
<string name="_outlink" value="Npc/1013511.img/tower/2"/>
</canvas>
<canvas name="3" width="1" height="1">
<vector name="origin" x="68" y="72"/>
<int name="z" value="0"/>
<int name="delay" value="180"/>
<string name="_hash" value="d8f3381930a66a4986788c632406c5062ea60cb6560e9dd71ef98584a50e406b"/>
<string name="_outlink" value="Npc/1013511.img/tower/3"/>
</canvas>
<canvas name="4" width="74" height="76">
<vector name="origin" x="67" y="103"/>
<int name="z" value="0"/>
<int name="delay" value="180"/>
<string name="_hash" value="f756e5e7f3d95626fdc03b2a81f57dae5fdeb64a13a9b486115c50fa87de2d99"/>
</canvas>
<canvas name="5" width="50" height="56">
<vector name="origin" x="69" y="83"/>
<int name="z" value="0"/>
<int name="delay" value="180"/>
<string name="_hash" value="823e280c36e3507862f926c0c09c944f6ed623c97ed5dfe59335abf5e7bf9e92"/>
</canvas>
<canvas name="6" width="49" height="58">
<vector name="origin" x="68" y="85"/>
<int name="z" value="0"/>
<int name="delay" value="180"/>
<string name="_hash" value="774d0b7894d056ead803c3b07f6c808b843bfc4c36a28c502fe71b6b7ec21ccc"/>
</canvas>
<canvas name="7" width="62" height="90">
<vector name="origin" x="67" y="117"/>
<int name="z" value="0"/>
<int name="delay" value="180"/>
<string name="_hash" value="21c2f052af010e8fc05b599ee55c02e14f0a76584ff61a7e2ed40c01a315faf9"/>
</canvas>
<canvas name="8" width="49" height="73">
<vector name="origin" x="68" y="100"/>
<int name="z" value="0"/>
<int name="delay" value="180"/>
<string name="_hash" value="8ca56dab905b19119a9ffbf843d5f163cf2e8e4b65370c529b34305516d85ca3"/>
</canvas>
<canvas name="9" width="50" height="70">
<vector name="origin" x="69" y="97"/>
<int name="z" value="0"/>
<int name="delay" value="180"/>
<string name="_hash" value="a0b469519deda53566cb606c499c01d945fc4ce11430b550977f6387745dde71"/>
</canvas>
<canvas name="10" width="1" height="1">
<vector name="origin" x="68" y="100"/>
<int name="z" value="0"/>
<int name="delay" value="180"/>
<string name="_inlink" value="tower/8"/>
</canvas>
<canvas name="11" width="48" height="75">
<vector name="origin" x="67" y="102"/>
<int name="z" value="0"/>
<int name="delay" value="180"/>
<string name="_hash" value="d2f683b0d96bca49bfb1fa19d70ad0c9c00edc9ce40a32f515fcb1b2d9b56124"/>
</canvas>
<canvas name="12" width="1" height="1">
<vector name="origin" x="68" y="100"/>
<int name="z" value="0"/>
<int name="delay" value="180"/>
<string name="_inlink" value="tower/8"/>
</canvas>
<canvas name="13" width="50" height="71">
<vector name="origin" x="69" y="98"/>
<int name="z" value="0"/>
<int name="delay" value="180"/>
<string name="_hash" value="2b862ee4ca3b6f2cb73947de86719d947f3ef5d2d5f46031d0b88e52d9fdfb22"/>
</canvas>
<canvas name="14" width="1" height="1">
<vector name="origin" x="68" y="100"/>
<int name="z" value="0"/>
<int name="delay" value="180"/>
<string name="_inlink" value="tower/8"/>
</canvas>
<canvas name="15" width="1" height="1">
<vector name="origin" x="67" y="102"/>
<int name="z" value="0"/>
<int name="delay" value="180"/>
<string name="_inlink" value="tower/11"/>
</canvas>
<canvas name="16" width="1" height="1">
<vector name="origin" x="68" y="100"/>
<int name="z" value="0"/>
<int name="delay" value="180"/>
<string name="_inlink" value="tower/8"/>
</canvas>
<canvas name="17" width="1" height="1">
<vector name="origin" x="69" y="98"/>
<int name="z" value="0"/>
<int name="delay" value="180"/>
<string name="_inlink" value="tower/13"/>
</canvas>
<canvas name="18" width="1" height="1">
<vector name="origin" x="68" y="100"/>
<int name="z" value="0"/>
<int name="delay" value="180"/>
<string name="_inlink" value="tower/8"/>
</canvas>
<canvas name="19" width="1" height="1">
<vector name="origin" x="67" y="102"/>
<int name="z" value="0"/>
<int name="delay" value="180"/>
<string name="_inlink" value="tower/11"/>
</canvas>
<canvas name="20" width="50" height="72">
<vector name="origin" x="69" y="99"/>
<int name="z" value="0"/>
<int name="delay" value="180"/>
<string name="_hash" value="fc91c322d521e73e90860b5d06e322bec8becf7f3d791862b85b0403270af327"/>
</canvas>
<canvas name="21" width="72" height="87">
<vector name="origin" x="69" y="114"/>
<int name="z" value="0"/>
<int name="delay" value="180"/>
<string name="_hash" value="dde6f929c9868dab85298e72119d2f34aea5d2206e88548ef7f60f44c3dc5dec"/>
</canvas>
<canvas name="22" width="1" height="1">
<vector name="origin" x="68" y="85"/>
<int name="z" value="0"/>
<int name="delay" value="180"/>
<string name="_inlink" value="tower/6"/>
</canvas>
<canvas name="23" width="48" height="60">
<vector name="origin" x="67" y="87"/>
<int name="z" value="0"/>
<int name="delay" value="180"/>
<string name="_hash" value="54fa7e7275f619e17e578b8b49898f75993a63cd49179b1abc35501c44db5334"/>
</canvas>
<canvas name="24" width="50" height="58">
<vector name="origin" x="69" y="85"/>
<int name="z" value="0"/>
<int name="delay" value="180"/>
<string name="_hash" value="a31d09da5c50d1d51cb339b8516e618cbbeb74ec69cec72c1dbd1a8a9564b307"/>
</canvas>
<canvas name="25" width="50" height="56">
<vector name="origin" x="69" y="83"/>
<int name="z" value="0"/>
<int name="delay" value="180"/>
<string name="_hash" value="8a35f1aaf15472726eb24ccc532abc95fe304455c85a570f0824df38e34330ca"/>
</canvas>
<canvas name="26" width="82" height="71">
<vector name="origin" x="68" y="98"/>
<int name="z" value="0"/>
<int name="delay" value="180"/>
<string name="_hash" value="a02c9f1005374c026a2137d29cc7076f9e4fda47bed6af2057754ca35bf39005"/>
</canvas>
<canvas name="27" width="1" height="1">
<vector name="origin" x="67" y="73"/>
<int name="z" value="0"/>
<int name="delay" value="180"/>
<string name="_hash" value="e23369d276bf406829abe9d6f8f9b370d45f9ce89b80949a79747e232c32a384"/>
<string name="_outlink" value="Npc/1013511.img/tower/27"/>
</canvas>
<canvas name="28" width="1" height="1">
<vector name="origin" x="71" y="72"/>
<int name="z" value="0"/>
<int name="delay" value="180"/>
<string name="_hash" value="bf84b7e54d57b6adc54b5fdc9cec76b50a67e764819b101d55720d5f93b54edd"/>
<string name="_outlink" value="Npc/1013511.img/tower/28"/>
</canvas>
<canvas name="29" width="1" height="1">
<vector name="origin" x="71" y="71"/>
<int name="z" value="0"/>
<int name="delay" value="180"/>
<string name="_hash" value="3157575499c3a153cb5b2b86cb40dcb1184092e2d6508514188f3427ba3df203"/>
<string name="_outlink" value="Npc/1013511.img/tower/29"/>
</canvas>
<canvas name="30" width="1" height="1">
<vector name="origin" x="49" y="88"/>
<int name="z" value="0"/>
<int name="delay" value="180"/>
<string name="_hash" value="aca492b47c03111bcbb824c75e6e3cbe89dcfd293c0727ceb151c0d541d613f7"/>
<string name="_outlink" value="Npc/1013511.img/tower/30"/>
</canvas>
<int name="special" value="1"/>
</imgdir>
</imgdir>
