<?xml version="1.0" encoding="UTF-8" standalone="yes"?>
<imgdir name="1013359.img">
<imgdir name="info">
<imgdir name="illustration2">
<canvas name="base" width="1" height="1">
</canvas>
<imgdir name="face">
<canvas name="0" width="213" height="239">
<vector name="origin" x="-11" y="124"/>
<int name="z" value="0"/>
<int name="delay" value="60"/>
<string name="_hash" value="691b22713468eb40582ce3c6be09de5b51cb55cb825785cc2138b35c0191490e"/>
</canvas>
<canvas name="1" width="213" height="239">
<vector name="origin" x="-11" y="124"/>
<int name="z" value="0"/>
<int name="delay" value="60"/>
<string name="_hash" value="33d078a6b98eb8deaa78e11736d277789fdb8d71870ff5d195282e570e3cf4ef"/>
</canvas>
<canvas name="2" width="213" height="239">
<vector name="origin" x="-11" y="124"/>
<int name="z" value="0"/>
<int name="delay" value="60"/>
<string name="_hash" value="0305a04ba36b64be28013ee2e3a9c095345cc94f4abff4f1ee2d8a2408762009"/>
</canvas>
<canvas name="3" width="213" height="239">
<vector name="origin" x="-11" y="124"/>
<int name="z" value="0"/>
<int name="delay" value="60"/>
<string name="_hash" value="7b9687ab9ba384f64ec60522bed6433a348cff21f2cf0bc6eda2037328c36137"/>
</canvas>
<canvas name="4" width="212" height="236">
<vector name="origin" x="-11" y="121"/>
<int name="z" value="0"/>
<int name="delay" value="60"/>
<string name="_hash" value="5d2fc942a482b28ff1392168d66388a22128d90286ac5dd276679fdb0c116c08"/>
</canvas>
<canvas name="5" width="213" height="236">
<vector name="origin" x="-10" y="121"/>
<int name="z" value="0"/>
<int name="delay" value="60"/>
<string name="_hash" value="c05e4a18e712384c0c295d11ab23ea06ebbb4087130c4601ef6a4e9ff9fe12bb"/>
</canvas>
<canvas name="6" width="213" height="239">
<vector name="origin" x="-11" y="124"/>
<int name="z" value="0"/>
<int name="delay" value="60"/>
<string name="_hash" value="593c00339b6ca27a64e09d2fd6dc3d575c0ef98f6893ee5c2a703c202c99eca2"/>
</canvas>
</imgdir>
</imgdir>
<int name="hideName" value="1"/>
</imgdir>
<imgdir name="stand">
<canvas name="0" width="1" height="1">
</canvas>
</imgdir>
</imgdir>
