<?xml version="1.0" encoding="UTF-8" standalone="yes"?>
<imgdir name="1020000.img">
<imgdir name="info">
<imgdir name="speak">
<string name="0" value="n0"/>
<string name="1" value="n1"/>
<string name="2" value="n2"/>
</imgdir>
</imgdir>
<imgdir name="stand">
<canvas name="0" width="76" height="98">
<vector name="origin" x="26" y="98"/>
<int name="z" value="0"/>
<int name="delay" value="500"/>
<string name="_hash" value="38e943e6c9be4c96455c99a5076f2f9dfd0a11950d39f7216e7000e5ef0c7676"/>
</canvas>
</imgdir>
</imgdir>
