<?xml version="1.0" encoding="UTF-8" standalone="yes"?>
<imgdir name="1021001.img">
<imgdir name="info">
<imgdir name="speak">
<string name="0" value="n0"/>
<string name="1" value="n1"/>
<string name="2" value="n2"/>
</imgdir>
<int name="shop" value="1"/>
</imgdir>
<imgdir name="stand">
<canvas name="0" width="40" height="79">
<vector name="origin" x="22" y="79"/>
<int name="z" value="0"/>
<int name="delay" value="1200"/>
<string name="_hash" value="4cf99ef6ccd87026d62ef4cd069afe53372836bbc09ec5408fe02afcd292574a"/>
</canvas>
<canvas name="1" width="40" height="79">
<vector name="origin" x="22" y="79"/>
<int name="z" value="0"/>
<int name="delay" value="100"/>
<string name="_hash" value="4aa513c9f54958f6207ccc8e8a4692ede8e6905333f3ea5005d4dbaff2b06a34"/>
</canvas>
<canvas name="2" width="40" height="79">
<vector name="origin" x="22" y="79"/>
<int name="z" value="0"/>
<int name="delay" value="150"/>
<string name="_hash" value="9dc9bfb19695a272e3e9edf3feea4bbe6b7083238da4a78fff48626621fd221b"/>
</canvas>
</imgdir>
<imgdir name="side">
<canvas name="0" width="39" height="79">
<vector name="origin" x="22" y="79"/>
<int name="z" value="0"/>
<int name="delay" value="5000"/>
<string name="_hash" value="a37951e6f8b420ec14083ff6fa34781d6cd9177a0786deeb00526ff0c15fad1b"/>
</canvas>
</imgdir>
<imgdir name="arm">
<canvas name="0" width="57" height="79">
<vector name="origin" x="30" y="79"/>
<int name="z" value="0"/>
<int name="delay" value="5000"/>
<string name="_hash" value="bce916059244b69162f1a9c6bc7062a9d91527b3947f03d2504eef86205ffc2b"/>
</canvas>
</imgdir>
</imgdir>
