<?xml version="1.0" encoding="UTF-8" standalone="yes"?>
<imgdir name="1021000.img">
<imgdir name="info">
<imgdir name="speak">
<string name="0" value="n0"/>
<string name="1" value="n1"/>
</imgdir>
<int name="shop" value="1"/>
</imgdir>
<imgdir name="stand">
<canvas name="0" width="40" height="79">
<vector name="origin" x="22" y="79"/>
<int name="z" value="0"/>
<int name="delay" value="1200"/>
<string name="_hash" value="b1865c67377eabdf01ed19f4b02358c52587c8023c2c90bb766b99847134527e"/>
</canvas>
<canvas name="1" width="40" height="79">
<vector name="origin" x="22" y="79"/>
<int name="z" value="0"/>
<int name="delay" value="100"/>
<string name="_hash" value="c3e409627e3015e873b6392c078bc979c678f35e59b53665b31a6ec175b8844c"/>
</canvas>
<canvas name="2" width="40" height="79">
<vector name="origin" x="22" y="79"/>
<int name="z" value="0"/>
<int name="delay" value="150"/>
<string name="_hash" value="5a86b734992ffc0ae12f8e889b678b47718cbcf07c35291c88b0382f79896bd4"/>
</canvas>
</imgdir>
<imgdir name="side">
<canvas name="0" width="39" height="79">
<vector name="origin" x="22" y="79"/>
<int name="z" value="0"/>
<int name="delay" value="5000"/>
<string name="_hash" value="58798dd039eac035867f75e5d45d05ddea9d80cbd4e13871d983c48f555b5588"/>
</canvas>
</imgdir>
<imgdir name="arm">
<canvas name="0" width="57" height="79">
<vector name="origin" x="30" y="79"/>
<int name="z" value="0"/>
<int name="delay" value="5000"/>
<string name="_hash" value="60b74441e7d8ea1cf0853eb3b31d157a28b32d606dfcbff6cf1efa1f8cd926e2"/>
</canvas>
</imgdir>
</imgdir>
