<?xml version="1.0" encoding="UTF-8" standalone="yes"?>
<imgdir name="1021100.img">
<imgdir name="info">
<int name="dcLeft" value="-30"/>
<int name="dcTop" value="-130"/>
<int name="dcRight" value="30"/>
<int name="dcBottom" value="-40"/>
<imgdir name="speak">
<string name="0" value="n0"/>
<string name="1" value="n1"/>
</imgdir>
<int name="shop" value="1"/>
</imgdir>
<imgdir name="stand">
<canvas name="0" width="63" height="132">
<vector name="origin" x="31" y="132"/>
<int name="z" value="0"/>
<string name="_hash" value="6bf8c5398f9b557fe287c34459bcc7702dcc1d8bafca7d7994cf6cbc0f994dc4"/>
</canvas>
</imgdir>
</imgdir>
