<?xml version="1.0" encoding="UTF-8" standalone="yes"?>
<imgdir name="1022000.img">
<imgdir name="info">
<imgdir name="speak">
<string name="0" value="n0"/>
<string name="1" value="n1"/>
</imgdir>
<imgdir name="script">
<imgdir name="0">
<string name="script" value="FighterMaster"/>
</imgdir>
</imgdir>
</imgdir>
<imgdir name="stand">
<canvas name="0" width="1" height="1">
<vector name="origin" x="27" y="88"/>
<int name="z" value="0"/>
<string name="_hash" value="6d8231ce3b421a54bdf17ff668977b0ba43f0f453c302f84426222e0eefc0e5e"/>
<string name="_outlink" value="Npc/0010202.img/stand/0"/>
</canvas>
</imgdir>
</imgdir>
