<?xml version="1.0" encoding="UTF-8" standalone="yes"?>
<imgdir name="1022101.img">
<imgdir name="info">
<imgdir name="speak">
<string name="0" value="n0"/>
<string name="1" value="n1"/>
</imgdir>
<int name="dcLeft" value="-25"/>
<int name="dcTop" value="-75"/>
<int name="dcRight" value="25"/>
<int name="dcBottom" value="0"/>
<imgdir name="script">
<imgdir name="0">
<string name="script" value="go_xmas"/>
</imgdir>
</imgdir>
</imgdir>
<imgdir name="stand">
<canvas name="0" width="58" height="79">
<vector name="origin" x="24" y="100"/>
<int name="delay" value="200"/>
<string name="_hash" value="857d36c93272e4af9afc7d5266f8c3f478305e0487ec824b0c0fd74b96a04bc3"/>
</canvas>
<canvas name="1" width="58" height="79">
<vector name="origin" x="24" y="99"/>
<int name="delay" value="200"/>
<string name="_hash" value="a23d5c5c2b328f29f9974881e4ce02b262e8e3c40da3d08ed4f5b1d19230087b"/>
</canvas>
<canvas name="2" width="1" height="1">
<vector name="origin" x="24" y="98"/>
<int name="delay" value="200"/>
<string name="_inlink" value="stand/0"/>
</canvas>
<canvas name="3" width="1" height="1">
<vector name="origin" x="24" y="97"/>
<int name="delay" value="200"/>
<string name="_inlink" value="stand/1"/>
</canvas>
<canvas name="4" width="1" height="1">
<vector name="origin" x="24" y="96"/>
<int name="delay" value="200"/>
<string name="_inlink" value="stand/0"/>
</canvas>
<canvas name="5" width="1" height="1">
<vector name="origin" x="24" y="97"/>
<int name="delay" value="200"/>
<string name="_inlink" value="stand/1"/>
</canvas>
<canvas name="6" width="1" height="1">
<vector name="origin" x="24" y="98"/>
<int name="delay" value="200"/>
<string name="_inlink" value="stand/0"/>
</canvas>
<canvas name="7" width="1" height="1">
<vector name="origin" x="24" y="99"/>
<int name="delay" value="200"/>
<string name="_inlink" value="stand/1"/>
</canvas>
</imgdir>
<imgdir name="smile">
<canvas name="0" width="1" height="1">
<vector name="origin" x="24" y="100"/>
<int name="delay" value="200"/>
<string name="_inlink" value="stand/1"/>
</canvas>
<canvas name="1" width="1" height="1">
<vector name="origin" x="24" y="99"/>
<int name="delay" value="200"/>
<string name="_inlink" value="stand/1"/>
</canvas>
<canvas name="2" width="1" height="1">
<vector name="origin" x="24" y="98"/>
<int name="delay" value="200"/>
<string name="_inlink" value="stand/1"/>
</canvas>
<canvas name="3" width="1" height="1">
<vector name="origin" x="24" y="97"/>
<int name="delay" value="200"/>
<string name="_inlink" value="stand/1"/>
</canvas>
<canvas name="4" width="1" height="1">
<vector name="origin" x="24" y="96"/>
<int name="delay" value="200"/>
<string name="_inlink" value="stand/1"/>
</canvas>
<canvas name="5" width="1" height="1">
<vector name="origin" x="24" y="97"/>
<int name="delay" value="200"/>
<string name="_inlink" value="stand/1"/>
</canvas>
<canvas name="6" width="1" height="1">
<vector name="origin" x="24" y="98"/>
<int name="delay" value="200"/>
<string name="_inlink" value="stand/1"/>
</canvas>
<canvas name="7" width="1" height="1">
<vector name="origin" x="24" y="99"/>
<int name="delay" value="200"/>
<string name="_inlink" value="stand/1"/>
</canvas>
</imgdir>
</imgdir>
