<?xml version="1.0" encoding="UTF-8" standalone="yes"?>
<imgdir name="1022007.img">
<imgdir name="info">
<imgdir name="script">
<imgdir name="0">
<string name="script" value="npc_1022007"/>
</imgdir>
</imgdir>
</imgdir>
<imgdir name="stand">
<canvas name="0" width="53" height="74">
<vector name="origin" x="27" y="74"/>
<int name="delay" value="1000"/>
<string name="_hash" value="8f307d15646409eb540cd408402d23768c51017d53a60d0ca23078b3ba2395f2"/>
</canvas>
<canvas name="1" width="53" height="74">
<vector name="origin" x="27" y="74"/>
<int name="delay" value="100"/>
<string name="_hash" value="fa0efde3e8e1a04a71ee4ada8b77382f5b5eb426397e1b0a490797ab0fa89611"/>
</canvas>
<canvas name="2" width="53" height="74">
<vector name="origin" x="27" y="74"/>
<int name="delay" value="100"/>
<string name="_hash" value="78db2396f1d76d301b916dfa5aabf2e89e35d547c0c8813f64b1444a42e2d7ca"/>
</canvas>
<canvas name="3" width="1" height="1">
<vector name="origin" x="27" y="74"/>
<int name="delay" value="100"/>
<string name="_inlink" value="stand/0"/>
</canvas>
<uol name="4" value="1"/>
<uol name="5" value="2"/>
<canvas name="6" width="1" height="1">
<vector name="origin" x="27" y="74"/>
<int name="delay" value="800"/>
<string name="_inlink" value="stand/0"/>
</canvas>
<uol name="7" value="1"/>
<uol name="8" value="2"/>
<uol name="9" value="6"/>
<uol name="10" value="1"/>
<uol name="11" value="2"/>
</imgdir>
<imgdir name="say">
<canvas name="0" width="1" height="1">
<vector name="origin" x="27" y="74"/>
<int name="delay" value="1000"/>
<string name="_inlink" value="stand/0"/>
</canvas>
<canvas name="1" width="53" height="74">
<vector name="origin" x="27" y="74"/>
<int name="delay" value="100"/>
<string name="_hash" value="73902f3c7672edca1574c45873db0d9f83be331af016c6754c48ba7a6d78ccba"/>
</canvas>
<canvas name="2" width="1" height="1">
<vector name="origin" x="27" y="74"/>
<int name="delay" value="100"/>
<string name="_inlink" value="stand/0"/>
</canvas>
<uol name="3" value="1"/>
<canvas name="4" width="1" height="1">
<vector name="origin" x="27" y="74"/>
<int name="delay" value="500"/>
<string name="_inlink" value="stand/0"/>
</canvas>
<uol name="5" value="1"/>
<uol name="6" value="4"/>
<uol name="7" value="1"/>
<uol name="8" value="2"/>
<uol name="9" value="1"/>
<uol name="10" value="4"/>
<uol name="11" value="1"/>
<uol name="12" value="2"/>
<canvas name="13" width="1" height="1">
<vector name="origin" x="27" y="74"/>
<int name="delay" value="500"/>
<string name="_inlink" value="say/1"/>
</canvas>
<uol name="14" value="2"/>
<uol name="15" value="1"/>
<imgdir name="speak">
<string name="0" value="s0"/>
<string name="1" value="s1"/>
</imgdir>
</imgdir>
</imgdir>
