<?xml version="1.0" encoding="UTF-8" standalone="yes"?>
<imgdir name="1022008.img">
<imgdir name="info">
<int name="hideName" value="1"/>
</imgdir>
<imgdir name="stand">
<canvas name="0" width="43" height="61">
<vector name="origin" x="20" y="56"/>
<int name="delay" value="200"/>
<string name="_hash" value="fb771d30edcc9167ce4fc5e87d86f775efd8caa5ce2f3585e1cd82ac612ecf94"/>
</canvas>
<canvas name="1" width="43" height="61">
<vector name="origin" x="20" y="56"/>
<int name="delay" value="200"/>
<string name="_hash" value="873138b6b7c572a027923bd43f33f7d4cd751bceac69739c26b46ac9a9ab093a"/>
</canvas>
<canvas name="2" width="43" height="61">
<vector name="origin" x="20" y="56"/>
<int name="delay" value="200"/>
<string name="_hash" value="081696472ab581df0f491eeaf021d2e87ce4c43b52fce466f99429c892e4f603"/>
</canvas>
<canvas name="3" width="43" height="61">
<vector name="origin" x="20" y="56"/>
<int name="delay" value="200"/>
<string name="_hash" value="d003ab38cec8cb9ec6fea22a0561755447d2f4ec606e6960ce25c7359fe95035"/>
</canvas>
<canvas name="4" width="43" height="61">
<vector name="origin" x="20" y="56"/>
<int name="delay" value="200"/>
<string name="_hash" value="336d42e58de5b9c8aa468939bfeec0e6180ed7d5fff4e21045d6f42c8b3b06d2"/>
</canvas>
<canvas name="5" width="43" height="61">
<vector name="origin" x="20" y="56"/>
<int name="delay" value="200"/>
<string name="_hash" value="df6fe825ac227abafe63546837e09d55647bad39c526bf56841c8f7944a05547"/>
</canvas>
<canvas name="6" width="43" height="61">
<vector name="origin" x="20" y="56"/>
<int name="delay" value="200"/>
<string name="_hash" value="fb4d804b7a4627a7988e0132722bd90bf199eafc049edc4c46861970ef3d32eb"/>
</canvas>
<canvas name="7" width="1" height="1">
<vector name="origin" x="20" y="56"/>
<int name="delay" value="200"/>
<string name="_inlink" value="stand/6"/>
</canvas>
<canvas name="8" width="1" height="1">
<vector name="origin" x="20" y="56"/>
<int name="delay" value="200"/>
<string name="_inlink" value="stand/4"/>
</canvas>
<canvas name="9" width="43" height="61">
<vector name="origin" x="20" y="56"/>
<int name="delay" value="200"/>
<string name="_hash" value="23c5f1d7dabd4ca74188355837a4d8e1df1fb9eae753d1bbaa8f99ac1a18e77a"/>
</canvas>
<canvas name="10" width="43" height="61">
<vector name="origin" x="20" y="56"/>
<int name="delay" value="200"/>
<string name="_hash" value="6a37d3d56f32639ad6f5f50717f243d80fd88087c3ea1b7788e4c590d6e3eb1d"/>
</canvas>
<canvas name="11" width="43" height="61">
<vector name="origin" x="20" y="56"/>
<int name="delay" value="200"/>
<string name="_hash" value="cd41dc4ccb507f88d85d2c5aa0029185dda6f86babdefb482e7abbfd704595c6"/>
</canvas>
<canvas name="12" width="43" height="61">
<vector name="origin" x="20" y="56"/>
<int name="delay" value="200"/>
<string name="_hash" value="f990c92f7743dd86ec3ae48a03d71e3aee96b6a9fac0f11c17042022e0a1492d"/>
</canvas>
</imgdir>
</imgdir>
