<?xml version="1.0" encoding="UTF-8" standalone="yes"?>
<imgdir name="1022001.img">
<imgdir name="info">
<int name="dcLeft" value="-60"/>
<int name="dcTop" value="-90"/>
<int name="dcRight" value="60"/>
<int name="dcBottom" value="0"/>
</imgdir>
<imgdir name="stand">
<canvas name="0" width="1" height="1">
<vector name="origin" x="61" y="90"/>
<int name="z" value="0"/>
<int name="delay" value="5000"/>
<string name="_hash" value="2bb4a8e8bc44ea4819ff2b1637771a8368775f50159a0471e1e9d0355e08b561"/>
<string name="_outlink" value="Npc/1002007.img/stand/0"/>
</canvas>
</imgdir>
</imgdir>
