<?xml version="1.0" encoding="UTF-8" standalone="yes"?>
<imgdir name="1022100.img">
<imgdir name="info">
<imgdir name="speak">
<string name="0" value="n0"/>
<string name="1" value="n1"/>
<string name="2" value="n2"/>
</imgdir>
</imgdir>
<imgdir name="stand">
<canvas name="0" width="45" height="75">
<vector name="origin" x="22" y="75"/>
<int name="z" value="0"/>
<string name="_hash" value="8bf317ecfc680dff135f1287669543fef199de79f89346135f2dbb6e010e1294"/>
</canvas>
</imgdir>
<imgdir name="move">
<canvas name="0" width="45" height="75">
<vector name="origin" x="22" y="75"/>
<int name="z" value="0"/>
<string name="_hash" value="ba941819fbaab46db734e7699f4bdaec6576104e789f16008a451251effe0ab6"/>
</canvas>
<canvas name="1" width="45" height="75">
<vector name="origin" x="22" y="75"/>
<int name="z" value="0"/>
<string name="_hash" value="95ff00ccc0047c42fb57f70631a403b2be46ef8b12a06bc417792f7505543b7b"/>
</canvas>
</imgdir>
<imgdir name="smile">
<canvas name="0" width="45" height="75">
<vector name="origin" x="22" y="75"/>
<int name="z" value="0"/>
<string name="delay" value="5000"/>
<string name="_hash" value="9bc8c17acbed4f56bd4b19b89f196d21e0435e5af91ee17b737fe18e269b3a00"/>
</canvas>
<imgdir name="speak">
<string name="0" value="s0"/>
<string name="1" value="s1"/>
<string name="2" value="s2"/>
</imgdir>
</imgdir>
<imgdir name="hand">
<canvas name="0" width="45" height="75">
<vector name="origin" x="22" y="75"/>
<int name="z" value="0"/>
<string name="delay" value="5000"/>
<string name="_hash" value="3ca355f50bda8c4f4997a1f8ae5eb067c5f583f682e923c769e3fd8f8dc60a5c"/>
</canvas>
<imgdir name="speak">
<string name="0" value="h0"/>
<string name="1" value="h1"/>
<string name="2" value="h2"/>
</imgdir>
</imgdir>
</imgdir>
