<?xml version="1.0" encoding="UTF-8" standalone="yes"?>
<imgdir name="1031100.img">
<imgdir name="info">
<imgdir name="speak">
<string name="0" value="n0"/>
<string name="1" value="n1"/>
</imgdir>
<int name="shop" value="1"/>
</imgdir>
<imgdir name="stand">
<canvas name="0" width="54" height="66">
<vector name="origin" x="27" y="66"/>
<int name="z" value="0"/>
<string name="_hash" value="5ba1f5e697ebccac109114f25b070a6229681760e6d4ac08d9cd3c0dcbe569af"/>
</canvas>
</imgdir>
</imgdir>
