<?xml version="1.0" encoding="UTF-8" standalone="yes"?>
<imgdir name="1031001.img">
<imgdir name="info">
<imgdir name="speak">
<string name="0" value="n0"/>
<string name="1" value="n1"/>
</imgdir>
<int name="shop" value="1"/>
</imgdir>
<imgdir name="stand">
<canvas name="0" width="53" height="63">
<vector name="origin" x="26" y="63"/>
<int name="z" value="0"/>
<string name="_hash" value="0f9a853c1cdfc47705eceb63da5db1a15ade018b6e1813b69a42610c58507afb"/>
</canvas>
</imgdir>
</imgdir>
