<?xml version="1.0" encoding="UTF-8" standalone="yes"?>
<imgdir name="1032212.img">
<imgdir name="info">
<imgdir name="speak">
<string name="0" value="n0"/>
<string name="1" value="n1"/>
</imgdir>
</imgdir>
<imgdir name="move">
<canvas name="0" width="43" height="69">
<vector name="origin" x="21" y="69"/>
<int name="delay" value="180"/>
<string name="_hash" value="102bb20c0d5f0846d98c25f1936fbd662ced5b9b75999a054ea918e3b72f45bd"/>
</canvas>
<canvas name="1" width="43" height="68">
<vector name="origin" x="21" y="68"/>
<int name="delay" value="180"/>
<string name="_hash" value="2b930c4444ce1e65cc0ca4523ab6378684ceeb8b151b72df3a4a6d6e75043f2e"/>
</canvas>
<canvas name="2" width="43" height="69">
<vector name="origin" x="21" y="69"/>
<int name="delay" value="180"/>
<string name="_hash" value="ae5a23b656e5739972b14a03ca3848e21e4ff84cde1f8d682166f757508759b5"/>
</canvas>
<canvas name="3" width="43" height="68">
<vector name="origin" x="21" y="68"/>
<int name="delay" value="180"/>
<string name="_hash" value="ddf1659dae3c4405639b113385e4b12acc9d68c037cb773b27be5862b3b9c149"/>
</canvas>
</imgdir>
<imgdir name="stand">
<canvas name="0" width="43" height="69">
<vector name="origin" x="21" y="69"/>
<int name="delay" value="5000"/>
<string name="_hash" value="d9758836f374a945da17bdb4c8655830452cb66ed891e57f929c60658d3b2b09"/>
</canvas>
<canvas name="1" width="43" height="69">
<vector name="origin" x="21" y="69"/>
<int name="delay" value="1000"/>
<string name="_hash" value="3adfa76da1116408ffe7327e2e0f3e6db789b6e04afafa078b88046ef7bbf3f3"/>
</canvas>
</imgdir>
<imgdir name="say">
<canvas name="0" width="1" height="1">
<vector name="origin" x="21" y="69"/>
<int name="delay" value="1500"/>
<string name="_inlink" value="stand/0"/>
</canvas>
<canvas name="1" width="43" height="69">
<vector name="origin" x="21" y="69"/>
<int name="delay" value="180"/>
<string name="_hash" value="d044f70a407c09b7e2c374ef28b284f2dd514516bb1edb7a2689884632ac0c78"/>
</canvas>
<canvas name="2" width="1" height="1">
<vector name="origin" x="21" y="69"/>
<int name="delay" value="180"/>
<string name="_inlink" value="stand/0"/>
</canvas>
<uol name="3" value="1"/>
<uol name="4" value="2"/>
<uol name="5" value="1"/>
<uol name="6" value="0"/>
<uol name="7" value="1"/>
<uol name="8" value="2"/>
<uol name="9" value="1"/>
<uol name="10" value="2"/>
<uol name="11" value="1"/>
<imgdir name="speak">
<string name="0" value="n0"/>
<string name="1" value="n1"/>
</imgdir>
</imgdir>
<imgdir name="gun">
<canvas name="0" width="1" height="1">
<vector name="origin" x="21" y="69"/>
<string name="delay" value="1500"/>
<string name="_inlink" value="stand/0"/>
</canvas>
<canvas name="1" width="43" height="69">
<vector name="origin" x="21" y="69"/>
<string name="delay" value="1000"/>
<string name="_hash" value="fa9293608a11641830d6088692a7ef28de4199ec705fa1c245fa8399ca476ec5"/>
</canvas>
<uol name="2" value="0"/>
<uol name="3" value="1"/>
</imgdir>
</imgdir>
