<?xml version="1.0" encoding="UTF-8" standalone="yes"?>
<imgdir name="1032214.img">
<imgdir name="info">
<int name="hideName" value="1"/>
<imgdir name="speak">
<string name="0" value="n0"/>
<string name="1" value="n1"/>
</imgdir>
</imgdir>
<imgdir name="stand">
<canvas name="0" width="1" height="1">
<vector name="origin" x="45" y="114"/>
<int name="z" value="0"/>
<string name="_hash" value="a3eb3d3ded5d4ad3ccbdd5930417bfc5f172c5b6d6e950c6479ae1d23eb4c927"/>
<string name="_outlink" value="Npc/1032204.img/stand/0"/>
</canvas>
<canvas name="1" width="1" height="1">
<vector name="origin" x="44" y="114"/>
<int name="z" value="0"/>
<string name="_hash" value="d3415990522a732bbd024639735559a8f32a0dbf3f30b74a922a498a9f73e4ff"/>
<string name="_outlink" value="Npc/1032204.img/stand/1"/>
</canvas>
<canvas name="2" width="1" height="1">
<vector name="origin" x="43" y="113"/>
<int name="z" value="0"/>
<string name="_hash" value="f7009ed4520ed1ca23dd596495c8de3331c6ecabfd07709701d967baa180bb56"/>
<string name="_outlink" value="Npc/1032204.img/stand/2"/>
</canvas>
<canvas name="3" width="1" height="1">
<vector name="origin" x="41" y="113"/>
<int name="z" value="0"/>
<string name="_hash" value="231c0a6ff8b832d642865d659193ff55f6169402312fda81a91c19d3051fb7a2"/>
<string name="_outlink" value="Npc/1032204.img/stand/3"/>
</canvas>
<canvas name="4" width="1" height="1">
<vector name="origin" x="39" y="112"/>
<int name="z" value="0"/>
<string name="_hash" value="98b5d51ec51e42cad227f89e301735fb0f3bd4128bc4c1102b8c7ea3687c8191"/>
<string name="_outlink" value="Npc/1032204.img/stand/4"/>
</canvas>
<canvas name="5" width="1" height="1">
<vector name="origin" x="38" y="112"/>
<int name="z" value="0"/>
<string name="_hash" value="c24146a20093560908cdaf870d7d430bda66b83ec9ea40c74951380c59047ced"/>
<string name="_outlink" value="Npc/1032204.img/stand/5"/>
</canvas>
<canvas name="6" width="1" height="1">
<vector name="origin" x="46" y="113"/>
<int name="z" value="0"/>
<string name="_hash" value="5ed525369925c2bceedb9a40b79f58dbc24cfff87939be4e42af4ea4e379cf1f"/>
<string name="_outlink" value="Npc/1032204.img/stand/6"/>
</canvas>
<canvas name="7" width="1" height="1">
<vector name="origin" x="47" y="113"/>
<int name="z" value="0"/>
<string name="_hash" value="3509a2ccbd2c753c532eceb0cd023c86be1423789b748fa5f6428d115b067dc5"/>
<string name="_outlink" value="Npc/1032204.img/stand/7"/>
</canvas>
</imgdir>
</imgdir>
