<?xml version="1.0" encoding="UTF-8" standalone="yes"?>
<imgdir name="1032200.img">
<imgdir name="info">
<int name="hideName" value="1"/>
<int name="forceMove" value="1"/>
</imgdir>
<imgdir name="stand">
<canvas name="0" width="48" height="64">
<vector name="origin" x="23" y="64"/>
<int name="z" value="0"/>
<string name="_hash" value="bc393e893a319a5a6ab46e50bbb47d66ac7d83508de5ae895db67afc4a9c5553"/>
</canvas>
</imgdir>
<imgdir name="say">
<canvas name="0" width="1" height="1">
<vector name="origin" x="23" y="64"/>
<int name="z" value="0"/>
<int name="delay" value="90"/>
<string name="_inlink" value="stand/0"/>
</canvas>
<canvas name="1" width="48" height="64">
<vector name="origin" x="23" y="64"/>
<int name="z" value="0"/>
<int name="delay" value="90"/>
<string name="_hash" value="3dd9e2adf5cc8387086e1aef22dfc4e9e30d8078a368673268226bd8874a45a8"/>
</canvas>
<canvas name="2" width="1" height="1">
<vector name="origin" x="23" y="64"/>
<int name="z" value="0"/>
<int name="delay" value="90"/>
<string name="_inlink" value="stand/0"/>
</canvas>
<canvas name="3" width="48" height="64">
<vector name="origin" x="23" y="64"/>
<int name="z" value="0"/>
<int name="delay" value="90"/>
<string name="_hash" value="c87ac502f980e8adc97cc2cdd6441344eab8c1a7a2eeace7c46a3a207f4d02c2"/>
</canvas>
<uol name="4" value="0"/>
<uol name="5" value="1"/>
<uol name="6" value="0"/>
<uol name="7" value="2"/>
<uol name="8" value="3"/>
</imgdir>
<imgdir name="eye">
<canvas name="0" width="1" height="1">
<vector name="origin" x="23" y="64"/>
<int name="z" value="0"/>
<int name="delay" value="300"/>
<string name="_inlink" value="stand/0"/>
</canvas>
<canvas name="1" width="48" height="64">
<vector name="origin" x="23" y="64"/>
<int name="z" value="0"/>
<int name="delay" value="90"/>
<string name="_hash" value="e8fd80b077db5cfc50af1295d1686845fcb7e38c9c368db34e82a4970d60547b"/>
</canvas>
<canvas name="2" width="48" height="64">
<vector name="origin" x="23" y="64"/>
<int name="z" value="0"/>
<int name="delay" value="90"/>
<string name="_hash" value="877ee302e210db69a551f18cf6758a97fbee4b77571cb044f6fbbe99adc5a9b8"/>
</canvas>
<uol name="3" value="0"/>
</imgdir>
<imgdir name="move">
<canvas name="0" width="48" height="64">
<vector name="origin" x="23" y="64"/>
<int name="z" value="0"/>
<int name="delay" value="150"/>
<string name="_hash" value="8bb110ffc41394b0e54c5fe3f82c07ce9e10dfae831fd77d7e60ac544493dd37"/>
</canvas>
<canvas name="1" width="47" height="63">
<vector name="origin" x="22" y="63"/>
<int name="z" value="0"/>
<int name="delay" value="150"/>
<string name="_hash" value="eb6b780b4513831ff89c9dff1072f66bc8c6f96ba473ddb94663bbfbfbe58f47"/>
</canvas>
<canvas name="2" width="48" height="64">
<vector name="origin" x="23" y="64"/>
<int name="z" value="0"/>
<int name="delay" value="150"/>
<string name="_hash" value="080e90b5965e4515e01e4191b0195dac38525f725fa6019879cfdef7497f0f5d"/>
</canvas>
<canvas name="3" width="47" height="63">
<vector name="origin" x="22" y="63"/>
<int name="z" value="0"/>
<int name="delay" value="150"/>
<string name="_hash" value="aa337b8fb53d4ef462087f1c7efb4c8ff7b11d9c2b7aa5423c566f4d94641ad6"/>
</canvas>
<uol name="4" value="0"/>
<uol name="5" value="1"/>
<uol name="6" value="2"/>
<uol name="7" value="3"/>
<uol name="8" value="0"/>
<uol name="9" value="1"/>
<uol name="10" value="2"/>
<uol name="11" value="3"/>
<int name="special" value="1"/>
</imgdir>
</imgdir>
