<?xml version="1.0" encoding="UTF-8" standalone="yes"?>
<imgdir name="1032102.img">
<imgdir name="info">
<imgdir name="speak">
<string name="0" value="n0"/>
<string name="1" value="n1"/>
</imgdir>
<imgdir name="script">
<imgdir name="0">
<string name="script" value="pet_life"/>
</imgdir>
</imgdir>
</imgdir>
<imgdir name="stand">
<canvas name="0" width="83" height="79">
<vector name="origin" x="41" y="71"/>
<int name="delay" value="3000"/>
<string name="_hash" value="bd3211880cf10c5e86e3cc59015147a552bdb9bbe8360c6fe14346377429be8b"/>
</canvas>
<canvas name="1" width="83" height="79">
<vector name="origin" x="41" y="71"/>
<int name="delay" value="100"/>
<string name="_hash" value="655cd277aae485cd4a6600422efe3d2f6dac52b2a36e50beab30baddef9609ac"/>
</canvas>
<canvas name="2" width="1" height="1">
<vector name="origin" x="41" y="71"/>
<int name="delay" value="250"/>
<string name="_inlink" value="stand/0"/>
</canvas>
<uol name="3" value="1"/>
</imgdir>
</imgdir>
