<?xml version="1.0" encoding="UTF-8" standalone="yes"?>
<imgdir name="1032101.img">
<imgdir name="info">
<imgdir name="speak">
<string name="0" value="n0"/>
<string name="1" value="n1"/>
<string name="2" value="n2"/>
</imgdir>
<imgdir name="script">
<imgdir name="0">
<string name="script" value="rowen"/>
</imgdir>
</imgdir>
</imgdir>
<imgdir name="stand">
<canvas name="0" width="58" height="62">
<vector name="origin" x="29" y="62"/>
<string name="_hash" value="65ff8edcff3fa098d67dfbbe32d468221f47a95e2df441c102027dcda472c443"/>
</canvas>
</imgdir>
</imgdir>
