<?xml version="1.0" encoding="UTF-8" standalone="yes"?>
<imgdir name="1032207.img">
<imgdir name="info">
<imgdir name="speak">
<string name="0" value="n0"/>
<string name="1" value="n1"/>
</imgdir>
</imgdir>
<imgdir name="stand">
<canvas name="0" width="42" height="60">
<vector name="origin" x="21" y="60"/>
<int name="z" value="0"/>
<string name="_hash" value="bbef4888ff6a6c844b3bebe00624ac595dbc2ba9d962079abf591680f513a088"/>
</canvas>
</imgdir>
<imgdir name="eye">
<canvas name="0" width="1" height="1">
<vector name="origin" x="21" y="60"/>
<int name="z" value="0"/>
<string name="_inlink" value="stand/0"/>
</canvas>
<canvas name="1" width="42" height="60">
<vector name="origin" x="21" y="60"/>
<int name="z" value="0"/>
<string name="_hash" value="2233157388f9029b7e9eeeb15878cb1e21ab90587d4fb9644a10ce454d78456f"/>
</canvas>
<canvas name="2" width="42" height="60">
<vector name="origin" x="21" y="60"/>
<int name="z" value="0"/>
<string name="_hash" value="c8dea406e18c877799a164c823f6a71ae5562e1bb2c0e73f840e80fef4debe86"/>
</canvas>
</imgdir>
<imgdir name="say">
<canvas name="0" width="1" height="1">
<vector name="origin" x="21" y="60"/>
<int name="z" value="0"/>
<string name="_inlink" value="stand/0"/>
</canvas>
<canvas name="1" width="42" height="60">
<vector name="origin" x="21" y="60"/>
<int name="z" value="0"/>
<string name="_hash" value="e31806635911f93b9952e8f0b6ab27a071f88af847b318316bba016c29a7bd2e"/>
</canvas>
<canvas name="2" width="1" height="1">
<vector name="origin" x="21" y="60"/>
<int name="z" value="0"/>
<string name="_inlink" value="stand/0"/>
</canvas>
<canvas name="3" width="1" height="1">
<vector name="origin" x="21" y="60"/>
<int name="z" value="0"/>
<string name="_inlink" value="say/1"/>
</canvas>
<canvas name="4" width="1" height="1">
<vector name="origin" x="21" y="60"/>
<int name="z" value="0"/>
<string name="_inlink" value="stand/0"/>
</canvas>
</imgdir>
<imgdir name="move">
<canvas name="0" width="1" height="1">
<vector name="origin" x="21" y="60"/>
<int name="z" value="0"/>
<string name="_inlink" value="stand/0"/>
</canvas>
<canvas name="1" width="42" height="60">
<vector name="origin" x="20" y="60"/>
<int name="z" value="0"/>
<string name="_hash" value="025601d20324a3b8c4dcdb4252ef11f4852dc0f8edbd29151f00b97ac773e9ae"/>
</canvas>
<canvas name="2" width="42" height="60">
<vector name="origin" x="19" y="60"/>
<int name="z" value="0"/>
<string name="_hash" value="edcb2904d5117a7683ce4e94dcd54c6df01dc20a709d8b717ac7695793979210"/>
</canvas>
<canvas name="3" width="1" height="1">
<vector name="origin" x="20" y="60"/>
<int name="z" value="0"/>
<string name="_inlink" value="move/1"/>
</canvas>
</imgdir>
</imgdir>
