<?xml version="1.0" encoding="UTF-8" standalone="yes"?>
<imgdir name="1032205.img">
<imgdir name="info">
<imgdir name="speak">
<string name="0" value="n0"/>
<string name="1" value="n1"/>
</imgdir>
</imgdir>
<imgdir name="stand">
<canvas name="0" width="1" height="1">
<vector name="origin" x="23" y="74"/>
<int name="z" value="0"/>
<string name="_hash" value="5a58e591cd75784672a320418c8b10a8cdf59c2d7fe318102a83d25bd301c16a"/>
<string name="_outlink" value="Npc/1032201.img/stand/0"/>
</canvas>
</imgdir>
<imgdir name="eye">
<canvas name="0" width="1" height="1">
<vector name="origin" x="23" y="74"/>
<int name="z" value="0"/>
<int name="delay" value="300"/>
<string name="_outlink" value="Npc/1032201.img/stand/0"/>
</canvas>
<canvas name="1" width="1" height="1">
<vector name="origin" x="23" y="74"/>
<int name="z" value="0"/>
<int name="delay" value="90"/>
<string name="_hash" value="8bd8f9cefbed533684c3e501eb49b340bf0b525d2e020720d94ed6f7114daca7"/>
<string name="_outlink" value="Npc/1032201.img/eye/1"/>
</canvas>
<canvas name="2" width="1" height="1">
<vector name="origin" x="23" y="74"/>
<int name="z" value="0"/>
<int name="delay" value="90"/>
<string name="_hash" value="67b802a202b035ad133b0b53ecf467e77f16cbc24545aec8419ee971140fa99b"/>
<string name="_outlink" value="Npc/1032201.img/eye/2"/>
</canvas>
<uol name="3" value="0"/>
</imgdir>
<imgdir name="say">
<canvas name="0" width="1" height="1">
<vector name="origin" x="23" y="74"/>
<int name="z" value="0"/>
<int name="delay" value="90"/>
<string name="_outlink" value="Npc/1032201.img/stand/0"/>
</canvas>
<canvas name="1" width="1" height="1">
<vector name="origin" x="23" y="74"/>
<int name="z" value="0"/>
<int name="delay" value="90"/>
<string name="_hash" value="b9c5eb59fef42b465c09a179f4ccaa101ae67a105635e27433543a423851e0f2"/>
<string name="_outlink" value="Npc/1032201.img/say/1"/>
</canvas>
<canvas name="2" width="1" height="1">
<vector name="origin" x="23" y="74"/>
<int name="z" value="0"/>
<int name="delay" value="90"/>
<string name="_outlink" value="Npc/1032201.img/stand/0"/>
</canvas>
<canvas name="3" width="1" height="1">
<vector name="origin" x="23" y="74"/>
<int name="z" value="0"/>
<int name="delay" value="90"/>
<string name="_outlink" value="Npc/1032201.img/say/1"/>
</canvas>
<uol name="4" value="0"/>
<uol name="5" value="1"/>
<uol name="6" value="0"/>
<uol name="7" value="2"/>
<uol name="8" value="3"/>
</imgdir>
</imgdir>
