<?xml version="1.0" encoding="UTF-8" standalone="yes"?>
<imgdir name="1032007.img">
<imgdir name="info">
<imgdir name="speak">
<string name="0" value="n0"/>
<string name="1" value="n1"/>
</imgdir>
<imgdir name="script">
<imgdir name="0">
<string name="script" value="sell_ticket"/>
</imgdir>
</imgdir>
</imgdir>
<imgdir name="stand">
<canvas name="0" width="55" height="74">
<vector name="origin" x="27" y="74"/>
<string name="_hash" value="20e81f241c8f058c46ca7ee7826bbc3f0a0c92ccdaa73f8663f2f72f79ba0084"/>
</canvas>
</imgdir>
</imgdir>
