<?xml version="1.0" encoding="UTF-8" standalone="yes"?>
<imgdir name="1032213.img">
<imgdir name="info">
<int name="hide" value="1"/>
<imgdir name="speak">
<string name="0" value="n0"/>
<string name="1" value="n1"/>
</imgdir>
</imgdir>
<imgdir name="stand">
<canvas name="0" width="81" height="74">
<vector name="origin" x="42" y="74"/>
<int name="z" value="0"/>
<string name="_hash" value="a437413b0d38440e2bc58cb23d8315a1485dca940066d8eb1eb23a8529ac7016"/>
</canvas>
</imgdir>
<imgdir name="eye">
<canvas name="0" width="1" height="1">
<vector name="origin" x="42" y="74"/>
<int name="z" value="0"/>
<string name="_inlink" value="stand/0"/>
</canvas>
<canvas name="1" width="81" height="74">
<vector name="origin" x="42" y="74"/>
<int name="z" value="0"/>
<string name="_hash" value="032a9967c8892a17395fbd68cbb6afb6154be8bf059aab1a9808c89c9c89f167"/>
</canvas>
<canvas name="2" width="81" height="74">
<vector name="origin" x="42" y="74"/>
<int name="z" value="0"/>
<string name="_hash" value="cc1c7d2e989a62a46e91a7077bb3219285bdcb0ca04442d20d2f7045a33b7136"/>
</canvas>
<canvas name="3" width="81" height="74">
<vector name="origin" x="42" y="74"/>
<int name="z" value="0"/>
<string name="_hash" value="84e7fc6686bdece887c98584ccdbc06229c892daa88cf4582960e4c96db89571"/>
</canvas>
<canvas name="4" width="81" height="74">
<vector name="origin" x="42" y="74"/>
<int name="z" value="0"/>
<string name="_hash" value="85ccd59ea84a0ebaebbbe0ef42186eeb807f0d37d882ec2a4db86395c4c647c7"/>
</canvas>
<canvas name="5" width="81" height="74">
<vector name="origin" x="42" y="74"/>
<int name="z" value="0"/>
<string name="_hash" value="620b8c31eed619d8a94b148fcb8baee515ae967ff645947ac656b4ecd5b5e4a5"/>
</canvas>
</imgdir>
<imgdir name="say">
<canvas name="0" width="1" height="1">
<vector name="origin" x="42" y="74"/>
<int name="z" value="0"/>
<string name="_inlink" value="stand/0"/>
</canvas>
<canvas name="1" width="86" height="74">
<vector name="origin" x="47" y="74"/>
<int name="z" value="0"/>
<string name="_hash" value="dc2a0e50bfcd7ea83cf2e7cd586940e04a9c165e97d18416e1f9695747e777a1"/>
</canvas>
<canvas name="2" width="86" height="74">
<vector name="origin" x="47" y="74"/>
<int name="z" value="0"/>
<string name="_hash" value="7ec8c2597308b3135a91330c0db7d53b1ae386993ecfe7c6dda0533f0850e283"/>
</canvas>
<canvas name="3" width="86" height="74">
<vector name="origin" x="47" y="74"/>
<int name="z" value="0"/>
<string name="_hash" value="8384e1e86867b8405cc96d42c9bf1320b24e1956c0fa66b50a9406979f3c18e6"/>
</canvas>
<canvas name="4" width="86" height="74">
<vector name="origin" x="47" y="74"/>
<int name="z" value="0"/>
<string name="_hash" value="dabbe57a6f5fdf44237021f61a00c174676b9720f29477b801d5593e8fe08c95"/>
</canvas>
<canvas name="5" width="1" height="1">
<vector name="origin" x="47" y="74"/>
<int name="z" value="0"/>
<string name="_inlink" value="say/2"/>
</canvas>
</imgdir>
<imgdir name="condition1">
<int name="25631" value="2"/>
<imgdir name="stand">
<canvas name="0" width="1" height="1">
<vector name="origin" x="42" y="74"/>
<int name="z" value="0"/>
<string name="_inlink" value="stand/0"/>
</canvas>
</imgdir>
<imgdir name="eye">
<canvas name="0" width="1" height="1">
<vector name="origin" x="42" y="74"/>
<int name="z" value="0"/>
<string name="_inlink" value="stand/0"/>
</canvas>
<canvas name="1" width="1" height="1">
<vector name="origin" x="42" y="74"/>
<int name="z" value="0"/>
<string name="_inlink" value="eye/1"/>
</canvas>
<canvas name="2" width="1" height="1">
<vector name="origin" x="42" y="74"/>
<int name="z" value="0"/>
<string name="_inlink" value="eye/2"/>
</canvas>
<canvas name="3" width="1" height="1">
<vector name="origin" x="42" y="74"/>
<int name="z" value="0"/>
<string name="_inlink" value="eye/3"/>
</canvas>
<canvas name="4" width="1" height="1">
<vector name="origin" x="42" y="74"/>
<int name="z" value="0"/>
<string name="_inlink" value="eye/4"/>
</canvas>
<canvas name="5" width="1" height="1">
<vector name="origin" x="42" y="74"/>
<int name="z" value="0"/>
<string name="_inlink" value="eye/5"/>
</canvas>
</imgdir>
<imgdir name="say">
<canvas name="0" width="1" height="1">
<vector name="origin" x="42" y="74"/>
<int name="z" value="0"/>
<string name="_inlink" value="stand/0"/>
</canvas>
<canvas name="1" width="1" height="1">
<vector name="origin" x="47" y="74"/>
<int name="z" value="0"/>
<string name="_inlink" value="say/1"/>
</canvas>
<canvas name="2" width="1" height="1">
<vector name="origin" x="47" y="74"/>
<int name="z" value="0"/>
<string name="_inlink" value="say/2"/>
</canvas>
<canvas name="3" width="1" height="1">
<vector name="origin" x="47" y="74"/>
<int name="z" value="0"/>
<string name="_inlink" value="say/3"/>
</canvas>
<canvas name="4" width="1" height="1">
<vector name="origin" x="47" y="74"/>
<int name="z" value="0"/>
<string name="_inlink" value="say/4"/>
</canvas>
<canvas name="5" width="1" height="1">
<vector name="origin" x="47" y="74"/>
<int name="z" value="0"/>
<string name="_inlink" value="say/2"/>
</canvas>
</imgdir>
</imgdir>
</imgdir>
