<?xml version="1.0" encoding="UTF-8" standalone="yes"?>
<imgdir name="1032103.img">
<imgdir name="info">
<imgdir name="speak">
<string name="0" value="n0"/>
<string name="1" value="n1"/>
</imgdir>
</imgdir>
<imgdir name="stand">
<canvas name="0" width="69" height="86">
<vector name="origin" x="27" y="85"/>
<int name="delay" value="3000"/>
<string name="_hash" value="632c4df89e9ff747eb37d96f0575e540d1a8960ae48ba9ba7a92799965b82b82"/>
</canvas>
<canvas name="1" width="69" height="86">
<vector name="origin" x="27" y="85"/>
<int name="delay" value="120"/>
<string name="_hash" value="85d9f5a2ad727cc580ca84841763b8ed7d28f94d795eb3e44d8da745c1745af2"/>
</canvas>
<canvas name="2" width="1" height="1">
<vector name="origin" x="27" y="85"/>
<int name="delay" value="200"/>
<string name="_inlink" value="stand/0"/>
</canvas>
<uol name="3" value="1"/>
<uol name="4" value="2"/>
<uol name="5" value="1"/>
</imgdir>
<imgdir name="magic">
<canvas name="0" width="1" height="1">
<vector name="origin" x="27" y="85"/>
<int name="delay" value="250"/>
<string name="_inlink" value="stand/0"/>
</canvas>
<canvas name="1" width="69" height="85">
<vector name="origin" x="27" y="85"/>
<int name="delay" value="150"/>
<string name="_hash" value="29b974b59069322239c84b03444c819397c68169e94833613021e07d267ff5d1"/>
</canvas>
<canvas name="2" width="69" height="85">
<vector name="origin" x="27" y="85"/>
<int name="delay" value="550"/>
<string name="_hash" value="0db099b4dda6b8617cdab9f6b68dd3e64687424265d6892d9952f656b5827d8b"/>
</canvas>
<canvas name="3" width="84" height="105">
<vector name="origin" x="41" y="85"/>
<int name="delay" value="150"/>
<string name="_hash" value="f4f10cdd950ca1639d0b466d02541b9706a5651ae2af70f07aaeaf5c0230d6a3"/>
</canvas>
<canvas name="4" width="83" height="105">
<vector name="origin" x="40" y="85"/>
<int name="delay" value="150"/>
<string name="_hash" value="bba06be1d1953e07e56eb8146c853ec623e7dd88f48202c14b965dd2d5e9c7d6"/>
</canvas>
<canvas name="5" width="82" height="104">
<vector name="origin" x="40" y="85"/>
<int name="delay" value="150"/>
<string name="_hash" value="1c2a98f26fe31b2084d272114204fb14170187557c66c30f73188681d64e86e4"/>
</canvas>
<canvas name="6" width="81" height="103">
<vector name="origin" x="39" y="85"/>
<int name="delay" value="150"/>
<string name="_hash" value="7a678deac6551c3d44a6f9de10ae5f1ff17d76a8d605b3200e8b758ef89e2a8e"/>
</canvas>
<canvas name="7" width="78" height="101">
<vector name="origin" x="36" y="85"/>
<int name="delay" value="150"/>
<string name="_hash" value="4f26adac1d99ea7ceef00822cd32afef06fcfdfc40353ce12311a10392c3372d"/>
</canvas>
<canvas name="8" width="76" height="131">
<vector name="origin" x="27" y="131"/>
<int name="delay" value="100"/>
<string name="_hash" value="d988e7087bd877260812afb82ab7f653a28f70325a112420ce37a15efb4f2209"/>
</canvas>
<canvas name="9" width="76" height="137">
<vector name="origin" x="27" y="133"/>
<int name="delay" value="100"/>
<string name="_hash" value="bb9f2268c26fff46e5ac52e0bc35c2517394a51bbce680955246b1cb8ecee8e1"/>
</canvas>
<canvas name="10" width="72" height="134">
<vector name="origin" x="28" y="130"/>
<int name="delay" value="100"/>
<string name="_hash" value="72ca6d4b78cdc2bd0710f255009684ba50ab9ac45db75166fe01796f244d6baa"/>
</canvas>
<canvas name="11" width="71" height="127">
<vector name="origin" x="29" y="121"/>
<int name="delay" value="100"/>
<string name="_hash" value="aade8a53e2b3bd27ad39f8363378af145a5c420e1ca8c2f2d57eb82ce286bd71"/>
</canvas>
<canvas name="12" width="73" height="78">
<vector name="origin" x="31" y="70"/>
<int name="delay" value="100"/>
<string name="_hash" value="1b4c1476c18555e4918b2bda60565a45be99783da1bdd9bb3571753704d3af61"/>
</canvas>
<canvas name="13" width="64" height="70">
<vector name="origin" x="22" y="70"/>
<int name="delay" value="200"/>
<string name="_hash" value="e248154091b2f043fd3a41cbf99e65935a0eafcfa6cbf718c6edb939aedf0626"/>
</canvas>
<canvas name="14" width="64" height="70">
<vector name="origin" x="22" y="70"/>
<int name="delay" value="200"/>
<string name="_hash" value="12c95138f558ab677efd16cfe7e38817b6fc23db270e7001932f18e049677e35"/>
</canvas>
<canvas name="15" width="1" height="1">
<vector name="origin" x="22" y="70"/>
<int name="delay" value="200"/>
<string name="_inlink" value="magic/13"/>
</canvas>
<canvas name="16" width="1" height="1">
<vector name="origin" x="22" y="70"/>
<int name="delay" value="200"/>
<string name="_inlink" value="magic/14"/>
</canvas>
<canvas name="17" width="64" height="70">
<vector name="origin" x="22" y="70"/>
<int name="delay" value="500"/>
<string name="_hash" value="67d33bfccd26d7d4e395240c314008980e12da55c0a96971972006bc6c8ee2e8"/>
</canvas>
<canvas name="18" width="64" height="70">
<vector name="origin" x="22" y="70"/>
<int name="delay" value="150"/>
<string name="_hash" value="73798cf68f546ee6702c4b0cf0ebc4d4c06b7744ee52156197bcb168a34b72b4"/>
</canvas>
<canvas name="19" width="69" height="86">
<vector name="origin" x="27" y="85"/>
<int name="delay" value="100"/>
<string name="_hash" value="f7b81c9354c93bd353085e9827dfad19bab150f5f47bc321604f89cde9106e3d"/>
</canvas>
<canvas name="20" width="1" height="1">
<vector name="origin" x="27" y="85"/>
<int name="delay" value="200"/>
<string name="_inlink" value="stand/0"/>
</canvas>
<canvas name="21" width="69" height="86">
<vector name="origin" x="27" y="85"/>
<int name="delay" value="150"/>
<string name="_hash" value="a4c7184b36da3157114cf1baf1706341c0854384fc2f77985ac0f908fcd929bd"/>
</canvas>
<canvas name="22" width="70" height="85">
<vector name="origin" x="28" y="84"/>
<int name="delay" value="150"/>
<string name="_hash" value="4c7753837a8ca7404f53aa38f73e2dcd48949d32184a8981f1854c0fd6b86cb2"/>
</canvas>
<canvas name="23" width="1" height="1">
<vector name="origin" x="27" y="85"/>
<int name="delay" value="150"/>
<string name="_inlink" value="magic/21"/>
</canvas>
<canvas name="24" width="1" height="1">
<vector name="origin" x="28" y="84"/>
<int name="delay" value="150"/>
<string name="_inlink" value="magic/22"/>
</canvas>
<canvas name="25" width="1" height="1">
<vector name="origin" x="27" y="85"/>
<int name="delay" value="150"/>
<string name="_inlink" value="magic/21"/>
</canvas>
</imgdir>
</imgdir>
