<?xml version="1.0" encoding="UTF-8" standalone="yes"?>
<imgdir name="1032004.img">
<imgdir name="info">
<imgdir name="speak">
<string name="0" value="n0"/>
</imgdir>
<imgdir name="script">
<imgdir name="0">
<string name="script" value="herb_out"/>
</imgdir>
</imgdir>
</imgdir>
<imgdir name="stand">
<canvas name="0" width="1" height="1">
<vector name="origin" x="26" y="70"/>
<int name="z" value="0"/>
<int name="delay" value="5000"/>
<string name="_hash" value="6ee6957d6df20fa2ff4b7cd70f13e3ac1ebc8a9fa18d52885ff49f87fdfafb34"/>
<string name="_outlink" value="Npc/0002002.img/stand/0"/>
</canvas>
</imgdir>
<imgdir name="finger">
<canvas name="0" width="1" height="1">
<vector name="origin" x="26" y="70"/>
<int name="z" value="0"/>
<int name="delay" value="5000"/>
<string name="_hash" value="06af5ae8ba6be6c1a5404f12537f93ba9f2a4f514812c44420e5d3e4a92ba530"/>
<string name="_outlink" value="Npc/0002002.img/finger/0"/>
</canvas>
</imgdir>
<imgdir name="wink">
<canvas name="0" width="1" height="1">
<vector name="origin" x="26" y="70"/>
<int name="z" value="0"/>
<int name="delay" value="200"/>
<string name="_hash" value="b88913430518b29824118801924b8d8496b4df36cd915c716fb2a3301994083e"/>
<string name="_outlink" value="Npc/0002002.img/wink/0"/>
</canvas>
<canvas name="1" width="1" height="1">
<vector name="origin" x="26" y="70"/>
<int name="z" value="0"/>
<int name="delay" value="4800"/>
<string name="_outlink" value="Npc/0002002.img/stand/0"/>
</canvas>
</imgdir>
<imgdir name="heart">
<canvas name="0" width="1" height="1">
<vector name="origin" x="26" y="70"/>
<int name="z" value="0"/>
<int name="delay" value="150"/>
<string name="_hash" value="f2b3d8e922d0ad04c32d72537720551bdebb89342249d3fab78c2ceb2356df2d"/>
<string name="_outlink" value="Npc/0002002.img/heart/0"/>
</canvas>
<canvas name="1" width="1" height="1">
<vector name="origin" x="26" y="71"/>
<int name="z" value="0"/>
<int name="delay" value="150"/>
<string name="_hash" value="887ba68bc2de4b4171651485c78401842e9f9e0079282606415cca16f34c2d18"/>
<string name="_outlink" value="Npc/0002002.img/heart/1"/>
</canvas>
<canvas name="2" width="1" height="1">
<vector name="origin" x="26" y="71"/>
<int name="z" value="0"/>
<int name="delay" value="150"/>
<string name="_hash" value="8e418323d011e278e2b7f8d94d15c58c80b73d3820a6ad1d751d95ebd293f69f"/>
<string name="_outlink" value="Npc/0002002.img/heart/2"/>
</canvas>
<canvas name="3" width="1" height="1">
<vector name="origin" x="26" y="71"/>
<int name="z" value="0"/>
<int name="delay" value="150"/>
<string name="_hash" value="292881a1b28731d3138a12837cb6e873ae5395964396a4955689ebd108a3ba57"/>
<string name="_outlink" value="Npc/0002002.img/heart/3"/>
</canvas>
<canvas name="4" width="1" height="1">
<vector name="origin" x="26" y="71"/>
<int name="z" value="0"/>
<int name="delay" value="150"/>
<string name="_hash" value="5623abc3c74e1900294f3b8916efc0b9b5b5c7546f2c2cb9038d7a11384eb5cf"/>
<string name="_outlink" value="Npc/0002002.img/heart/4"/>
</canvas>
<canvas name="5" width="1" height="1">
<vector name="origin" x="26" y="71"/>
<int name="z" value="0"/>
<int name="delay" value="150"/>
<string name="_hash" value="553e7fb7c0959aa293907f71c908ab21de6a4c277b7bac13a43dff14a1fc8947"/>
<string name="_outlink" value="Npc/0002002.img/heart/5"/>
</canvas>
<canvas name="6" width="1" height="1">
<vector name="origin" x="26" y="71"/>
<int name="z" value="0"/>
<int name="delay" value="200"/>
<string name="_hash" value="99dc2f5853ff834e651f791a2cbd3b926457884d8767b4ba43418d51572ce1bf"/>
<string name="_outlink" value="Npc/0002002.img/heart/6"/>
</canvas>
<uol name="7" value="0"/>
<canvas name="8" width="1" height="1">
<vector name="origin" x="26" y="70"/>
<int name="z" value="0"/>
<int name="delay" value="3750"/>
<string name="_outlink" value="Npc/0002002.img/stand/0"/>
</canvas>
</imgdir>
</imgdir>
