<?xml version="1.0" encoding="UTF-8" standalone="yes"?>
<imgdir name="1032001.img">
<imgdir name="info">
<imgdir name="speak">
<string name="0" value="n0"/>
</imgdir>
<imgdir name="script">
<imgdir name="0">
<string name="script" value="MagicianMaster"/>
</imgdir>
</imgdir>
</imgdir>
<imgdir name="stand">
<canvas name="0" width="1" height="1">
<vector name="origin" x="38" y="150"/>
<int name="z" value="0"/>
<int name="delay" value="550"/>
<string name="_hash" value="23dfe348a6efb5ee8aaf33e26eba903ffd2fdabf3a0d5bf36ebce8d2777b151d"/>
<string name="_outlink" value="Npc/0010201.img/stand/0"/>
</canvas>
<canvas name="1" width="1" height="1">
<vector name="origin" x="38" y="153"/>
<int name="z" value="0"/>
<int name="delay" value="200"/>
<string name="_hash" value="b743880cc0e19b9a4c2de74cc7a86ed30a57d5d05013532733d3216561acdda1"/>
<string name="_outlink" value="Npc/0010201.img/stand/1"/>
</canvas>
<canvas name="2" width="1" height="1">
<vector name="origin" x="38" y="157"/>
<int name="z" value="1"/>
<int name="delay" value="550"/>
<string name="_hash" value="28c780abe3d2a27845eb115884907f889566988a9f23654d15f95cf49a1812e1"/>
<string name="_outlink" value="Npc/0010201.img/stand/2"/>
</canvas>
<uol name="3" value="1"/>
</imgdir>
</imgdir>
