<?xml version="1.0" encoding="UTF-8" standalone="yes"?>
<imgdir name="1032202.img">
<imgdir name="info">
<int name="hideName" value="1"/>
</imgdir>
<imgdir name="stand">
<canvas name="0" width="65" height="59">
<vector name="origin" x="26" y="59"/>
<int name="z" value="0"/>
<string name="_hash" value="5befcba8c2ddc2141807ec075aba23a7786c5c10e9c53a9dbe78f0c7aa4d3c80"/>
</canvas>
</imgdir>
<imgdir name="eye">
<canvas name="0" width="1" height="1">
<vector name="origin" x="26" y="59"/>
<int name="z" value="0"/>
<int name="delay" value="3000"/>
<string name="_inlink" value="stand/0"/>
</canvas>
<canvas name="1" width="65" height="59">
<vector name="origin" x="26" y="59"/>
<int name="z" value="0"/>
<int name="delay" value="120"/>
<string name="_hash" value="d2a4194362564d4eacd551e94a4187815d4869d4a301e2d8c9f53be6481329a6"/>
</canvas>
<canvas name="2" width="1" height="1">
<vector name="origin" x="26" y="59"/>
<int name="z" value="0"/>
<int name="delay" value="120"/>
<string name="_inlink" value="eye/1"/>
</canvas>
<canvas name="3" width="1" height="1">
<vector name="origin" x="26" y="59"/>
<int name="z" value="0"/>
<int name="delay" value="120"/>
<string name="_inlink" value="eye/1"/>
</canvas>
<canvas name="4" width="65" height="59">
<vector name="origin" x="26" y="59"/>
<int name="z" value="0"/>
<int name="delay" value="120"/>
<string name="_hash" value="65ef1095d85a22907ad31b0341b53c06382ddd27f102d0fe46db39059fb4a19a"/>
</canvas>
<uol name="5" value="0"/>
<uol name="6" value="1"/>
<uol name="7" value="2"/>
<uol name="8" value="3"/>
<uol name="9" value="4"/>
<uol name="10" value="0"/>
<uol name="11" value="1"/>
<uol name="12" value="2"/>
<uol name="13" value="3"/>
<uol name="14" value="4"/>
</imgdir>
<imgdir name="say">
<canvas name="0" width="1" height="1">
<vector name="origin" x="26" y="59"/>
<int name="z" value="0"/>
<int name="delay" value="600"/>
<string name="_inlink" value="stand/0"/>
</canvas>
<canvas name="1" width="65" height="59">
<vector name="origin" x="26" y="59"/>
<int name="z" value="0"/>
<int name="delay" value="120"/>
<string name="_hash" value="9ff487eaba176459a6f4d750fb7b25f0a2cdda67b174d7077f7af575fb0f01d3"/>
</canvas>
<canvas name="2" width="1" height="1">
<vector name="origin" x="26" y="59"/>
<int name="z" value="0"/>
<int name="delay" value="120"/>
<string name="_inlink" value="eye/1"/>
</canvas>
<canvas name="3" width="1" height="1">
<vector name="origin" x="26" y="59"/>
<int name="z" value="0"/>
<int name="delay" value="120"/>
<string name="_inlink" value="say/1"/>
</canvas>
<canvas name="4" width="1" height="1">
<vector name="origin" x="26" y="59"/>
<int name="z" value="0"/>
<int name="delay" value="120"/>
<string name="_inlink" value="eye/4"/>
</canvas>
<uol name="5" value="0"/>
<uol name="6" value="1"/>
<uol name="7" value="2"/>
<uol name="8" value="3"/>
<uol name="9" value="4"/>
<uol name="10" value="0"/>
<uol name="11" value="1"/>
<uol name="12" value="4"/>
</imgdir>
</imgdir>
