<?xml version="1.0" encoding="UTF-8" standalone="yes"?>
<imgdir name="1032201.img">
<imgdir name="info">
<int name="hideName" value="1"/>
<int name="forceMove" value="1"/>
</imgdir>
<imgdir name="stand">
<canvas name="0" width="48" height="74">
<vector name="origin" x="23" y="74"/>
<int name="z" value="0"/>
<string name="_hash" value="5a58e591cd75784672a320418c8b10a8cdf59c2d7fe318102a83d25bd301c16a"/>
</canvas>
</imgdir>
<imgdir name="eye">
<canvas name="0" width="1" height="1">
<vector name="origin" x="23" y="74"/>
<int name="z" value="0"/>
<int name="delay" value="300"/>
<string name="_inlink" value="stand/0"/>
</canvas>
<canvas name="1" width="48" height="74">
<vector name="origin" x="23" y="74"/>
<int name="z" value="0"/>
<int name="delay" value="90"/>
<string name="_hash" value="8bd8f9cefbed533684c3e501eb49b340bf0b525d2e020720d94ed6f7114daca7"/>
</canvas>
<canvas name="2" width="48" height="74">
<vector name="origin" x="23" y="74"/>
<int name="z" value="0"/>
<int name="delay" value="90"/>
<string name="_hash" value="67b802a202b035ad133b0b53ecf467e77f16cbc24545aec8419ee971140fa99b"/>
</canvas>
<uol name="3" value="0"/>
</imgdir>
<imgdir name="say">
<canvas name="0" width="1" height="1">
<vector name="origin" x="23" y="74"/>
<int name="z" value="0"/>
<int name="delay" value="90"/>
<string name="_inlink" value="stand/0"/>
</canvas>
<canvas name="1" width="48" height="74">
<vector name="origin" x="23" y="74"/>
<int name="z" value="0"/>
<int name="delay" value="90"/>
<string name="_hash" value="b9c5eb59fef42b465c09a179f4ccaa101ae67a105635e27433543a423851e0f2"/>
</canvas>
<canvas name="2" width="1" height="1">
<vector name="origin" x="23" y="74"/>
<int name="z" value="0"/>
<int name="delay" value="90"/>
<string name="_inlink" value="stand/0"/>
</canvas>
<canvas name="3" width="1" height="1">
<vector name="origin" x="23" y="74"/>
<int name="z" value="0"/>
<int name="delay" value="90"/>
<string name="_inlink" value="say/1"/>
</canvas>
<uol name="4" value="0"/>
<uol name="5" value="1"/>
<uol name="6" value="0"/>
<uol name="7" value="2"/>
<uol name="8" value="3"/>
</imgdir>
<imgdir name="move">
<canvas name="0" width="48" height="74">
<vector name="origin" x="23" y="74"/>
<int name="z" value="0"/>
<int name="delay" value="150"/>
<string name="_hash" value="d00ab4d5db0559dd787bbb82bd9feb8683575dc2274d58d9c0f13fbc430790c4"/>
</canvas>
<canvas name="1" width="48" height="73">
<vector name="origin" x="23" y="73"/>
<int name="z" value="0"/>
<int name="delay" value="150"/>
<string name="_hash" value="97736cd82192ec05a3fa4b40631f3dd6ed5b48ecd05b559e78405022c2ad58a3"/>
</canvas>
<canvas name="2" width="48" height="74">
<vector name="origin" x="23" y="74"/>
<int name="z" value="0"/>
<int name="delay" value="150"/>
<string name="_hash" value="4bb85e6fddcc3cbbcd21bf70aaf917d59d7e22a3f8a2d5afdb379fca1e321f00"/>
</canvas>
<canvas name="3" width="48" height="73">
<vector name="origin" x="23" y="73"/>
<int name="z" value="0"/>
<int name="delay" value="150"/>
<string name="_hash" value="d1876e5e0f00ec96b227faa887a2b7d49e0d5876fd593e4668b29e6644d7dd78"/>
</canvas>
<uol name="4" value="0"/>
<uol name="5" value="1"/>
<uol name="6" value="2"/>
<uol name="7" value="3"/>
<uol name="8" value="0"/>
<uol name="9" value="1"/>
<uol name="10" value="2"/>
<uol name="11" value="3"/>
<int name="special" value="1"/>
</imgdir>
</imgdir>
