<?xml version="1.0" encoding="UTF-8" standalone="yes"?>
<imgdir name="1032005.img">
<imgdir name="info">
<int name="dcLeft" value="-75"/>
<int name="dcTop" value="-92"/>
<int name="dcRight" value="85"/>
<int name="dcBottom" value="0"/>
</imgdir>
<imgdir name="stand">
<canvas name="0" width="1" height="1">
<vector name="origin" x="83" y="93"/>
<string name="_hash" value="69fed47cfb7f35623fe5f8816c2ed60f22ae530c9d2ce42f52dee9d77e42a9eb"/>
<string name="_outlink" value="Npc/1002004.img/stand/0"/>
</canvas>
</imgdir>
</imgdir>
