<?xml version="1.0" encoding="UTF-8" standalone="yes"?>
<imgdir name="1032002.img">
<imgdir name="info">
<imgdir name="speak">
<string name="0" value="n0"/>
<string name="1" value="n1"/>
</imgdir>
<imgdir name="script">
<imgdir name="0">
<string name="script" value="make_alert"/>
</imgdir>
</imgdir>
</imgdir>
<imgdir name="stand">
<canvas name="0" width="82" height="83">
<vector name="origin" x="41" y="83"/>
<int name="z" value="0"/>
<string name="_hash" value="5ba324d804f30144cf358737632fa65c94640707e454dd7e319dd90c60d66ccb"/>
</canvas>
</imgdir>
</imgdir>
