<?xml version="1.0" encoding="UTF-8" standalone="yes"?>
<imgdir name="1032113.img">
<imgdir name="info">
</imgdir>
<imgdir name="stand">
<canvas name="0" width="1" height="1">
<vector name="origin" x="35" y="82"/>
<int name="z" value="0"/>
<int name="delay" value="150"/>
<string name="_hash" value="8c5895d28a41cd572f955976366df39af09098bb1479c0f79da674f53aa3a2b3"/>
<string name="_outlink" value="Npc/1012118.img/stand/0"/>
</canvas>
</imgdir>
<imgdir name="say">
<canvas name="0" width="1" height="1">
<vector name="origin" x="35" y="82"/>
<int name="z" value="0"/>
<int name="delay" value="900"/>
<string name="_outlink" value="Npc/1012118.img/stand/0"/>
</canvas>
<canvas name="1" width="1" height="1">
<vector name="origin" x="35" y="82"/>
<int name="z" value="0"/>
<int name="delay" value="150"/>
<string name="_hash" value="a2b834869ed851ea249b9e004a7c87e590833550845da6478ca7eb4702900d3a"/>
<string name="_outlink" value="Npc/1012118.img/say/1"/>
</canvas>
<canvas name="2" width="1" height="1">
<vector name="origin" x="35" y="82"/>
<int name="z" value="0"/>
<int name="delay" value="150"/>
<string name="_outlink" value="Npc/1012118.img/stand/0"/>
</canvas>
<canvas name="3" width="1" height="1">
<vector name="origin" x="35" y="82"/>
<int name="z" value="0"/>
<int name="delay" value="150"/>
<string name="_hash" value="d0276d117e5e9b9693a826b1968e7d53607cd2b149ad6c8d1e8a7c537431a493"/>
<string name="_outlink" value="Npc/1012118.img/say/3"/>
</canvas>
<uol name="4" value="0"/>
<uol name="5" value="1"/>
<uol name="6" value="2"/>
<uol name="7" value="3"/>
<uol name="8" value="0"/>
<uol name="9" value="1"/>
<uol name="10" value="2"/>
<uol name="11" value="3"/>
<imgdir name="speak">
<string name="1" value="s1"/>
<string name="0" value="s0"/>
</imgdir>
</imgdir>
<imgdir name="arm">
<canvas name="0" width="1" height="1">
<vector name="origin" x="35" y="82"/>
<int name="z" value="0"/>
<int name="delay" value="900"/>
<string name="_hash" value="f1c319607614eb5788d34507f72ae5b88b1584f6e566e9d10dc94807de846db5"/>
<string name="_outlink" value="Npc/1012118.img/arm/0"/>
</canvas>
<canvas name="1" width="1" height="1">
<vector name="origin" x="51" y="82"/>
<int name="z" value="0"/>
<int name="delay" value="90"/>
<string name="_hash" value="6d3b0a0aad44f806f2cfbad2e7cbeb2ae1e62fe8b7845a719ebfc79fcac2f8f2"/>
<string name="_outlink" value="Npc/1012118.img/arm/1"/>
</canvas>
<canvas name="2" width="1" height="1">
<vector name="origin" x="35" y="82"/>
<int name="z" value="0"/>
<int name="delay" value="120"/>
<string name="_outlink" value="Npc/1012118.img/arm/0"/>
</canvas>
<canvas name="3" width="1" height="1">
<vector name="origin" x="51" y="82"/>
<int name="z" value="0"/>
<int name="delay" value="90"/>
<string name="_outlink" value="Npc/1012118.img/arm/1"/>
</canvas>
<canvas name="4" width="1" height="1">
<vector name="origin" x="41" y="82"/>
<int name="z" value="0"/>
<int name="delay" value="120"/>
<string name="_hash" value="759347fe3acc82b10716335deb26eec9d78481ce4b2e122baf07d41ca95f5654"/>
<string name="_outlink" value="Npc/1012118.img/arm/4"/>
</canvas>
<uol name="5" value="3"/>
<uol name="6" value="2"/>
<uol name="7" value="1"/>
<uol name="8" value="0"/>
</imgdir>
<imgdir name="eye">
<canvas name="0" width="1" height="1">
<vector name="origin" x="35" y="82"/>
<int name="z" value="0"/>
<int name="delay" value="90"/>
<string name="_outlink" value="Npc/1012118.img/stand/0"/>
</canvas>
<canvas name="1" width="1" height="1">
<vector name="origin" x="35" y="82"/>
<int name="z" value="0"/>
<int name="delay" value="90"/>
<string name="_hash" value="bcb97f74daaf3e8965b068b77ae538b2616aad20f05b0b39b2e5e6cf7a41dfe8"/>
<string name="_outlink" value="Npc/1012118.img/eye/1"/>
</canvas>
<canvas name="2" width="1" height="1">
<vector name="origin" x="35" y="82"/>
<int name="z" value="0"/>
<int name="delay" value="90"/>
<string name="_hash" value="f7d185ee7bc669d23781eaadae4aa93af6942401bd8d5d8d4c36d90fff4f4853"/>
<string name="_outlink" value="Npc/1012118.img/eye/2"/>
</canvas>
<canvas name="3" width="1" height="1">
<vector name="origin" x="35" y="82"/>
<int name="z" value="0"/>
<int name="delay" value="90"/>
<string name="_outlink" value="Npc/1012118.img/eye/1"/>
</canvas>
</imgdir>
<imgdir name="eyebrows">
<canvas name="0" width="1" height="1">
<vector name="origin" x="35" y="82"/>
<int name="z" value="0"/>
<int name="delay" value="90"/>
<string name="_outlink" value="Npc/1012118.img/stand/0"/>
</canvas>
<canvas name="1" width="1" height="1">
<vector name="origin" x="35" y="82"/>
<int name="z" value="0"/>
<int name="delay" value="90"/>
<string name="_hash" value="998928a283d12769d13f18b798587dd1ada9a1f967161ddd182367878971b5dc"/>
<string name="_outlink" value="Npc/1012118.img/eyebrows/1"/>
</canvas>
<canvas name="2" width="1" height="1">
<vector name="origin" x="35" y="82"/>
<int name="z" value="0"/>
<int name="delay" value="90"/>
<string name="_hash" value="278a6b0c928bb132d0abac50050faaafb7207d73512e6422a91a962302c6e310"/>
<string name="_outlink" value="Npc/1012118.img/eyebrows/2"/>
</canvas>
<canvas name="3" width="1" height="1">
<vector name="origin" x="35" y="82"/>
<int name="z" value="0"/>
<int name="delay" value="90"/>
<string name="_outlink" value="Npc/1012118.img/eyebrows/1"/>
</canvas>
<canvas name="4" width="1" height="1">
<vector name="origin" x="35" y="82"/>
<int name="z" value="0"/>
<int name="delay" value="90"/>
<string name="_outlink" value="Npc/1012118.img/eyebrows/2"/>
</canvas>
<canvas name="5" width="1" height="1">
<vector name="origin" x="35" y="82"/>
<int name="z" value="0"/>
<int name="delay" value="90"/>
<string name="_outlink" value="Npc/1012118.img/eyebrows/1"/>
</canvas>
</imgdir>
</imgdir>
