<?xml version="1.0" encoding="UTF-8" standalone="yes"?>
<imgdir name="1032112.img">
<imgdir name="info">
</imgdir>
<imgdir name="stand">
<canvas name="0" width="81" height="79">
<vector name="origin" x="33" y="77"/>
<int name="z" value="0"/>
<int name="delay" value="3000"/>
<string name="_hash" value="1a5da57f9e0faf4be47ee2f72b0b3fe44e6d798f08ac309e9634ddacfcf284b5"/>
</canvas>
</imgdir>
<imgdir name="say">
<canvas name="0" width="81" height="79">
<vector name="origin" x="33" y="77"/>
<int name="z" value="0"/>
<int name="delay" value="180"/>
<string name="_hash" value="d394d9d7a33d74f26863a372fb3a76c13291bf775d346cbbd065d99db39919ef"/>
</canvas>
<canvas name="1" width="81" height="79">
<vector name="origin" x="33" y="77"/>
<int name="z" value="0"/>
<int name="delay" value="180"/>
<string name="_hash" value="8b86156c0eb28ddac21f16cb9f33c48f4d45eaf3dbad104f9f434259936c7b0a"/>
</canvas>
<canvas name="2" width="1" height="1">
<vector name="origin" x="33" y="77"/>
<int name="z" value="0"/>
<int name="delay" value="180"/>
<string name="_inlink" value="say/0"/>
</canvas>
<canvas name="3" width="81" height="79">
<vector name="origin" x="33" y="77"/>
<int name="z" value="0"/>
<int name="delay" value="180"/>
<string name="_hash" value="de9fd18b9d686f3d441f451ce9f515e9246b82700a755bdb62a53d3882d15778"/>
</canvas>
<uol name="4" value="0"/>
<uol name="5" value="1"/>
<uol name="6" value="2"/>
<uol name="7" value="3"/>
<uol name="8" value="0"/>
<uol name="9" value="1"/>
<uol name="10" value="2"/>
<uol name="11" value="3"/>
<uol name="12" value="0"/>
<uol name="13" value="1"/>
<uol name="14" value="2"/>
<uol name="15" value="3"/>
<imgdir name="speak">
<string name="0" value="n0"/>
<string name="1" value="n1"/>
</imgdir>
</imgdir>
<imgdir name="eye">
<canvas name="0" width="1" height="1">
<vector name="origin" x="33" y="77"/>
<int name="z" value="0"/>
<int name="delay" value="120"/>
<string name="_inlink" value="stand/0"/>
</canvas>
<canvas name="1" width="81" height="79">
<vector name="origin" x="33" y="77"/>
<int name="z" value="0"/>
<int name="delay" value="120"/>
<string name="_hash" value="44e88ac51b09e31e8439854715fa6f1bf84e9c53db0c8ced3b7b24000df80589"/>
</canvas>
<canvas name="2" width="81" height="79">
<vector name="origin" x="33" y="77"/>
<int name="z" value="0"/>
<int name="delay" value="120"/>
<string name="_hash" value="88f7cbe019b1a374ed346427a3a837d6e820a482314bb4307dda09126cc8ef28"/>
</canvas>
<canvas name="3" width="81" height="79">
<vector name="origin" x="33" y="77"/>
<int name="z" value="0"/>
<int name="delay" value="120"/>
<string name="_hash" value="c1890c92669f0507cf1f34b615857ea0690b528e38cb43723ee86688de01642f"/>
</canvas>
</imgdir>
<imgdir name="hand">
<canvas name="0" width="1" height="1">
<vector name="origin" x="33" y="77"/>
<int name="z" value="0"/>
<int name="delay" value="120"/>
<string name="_inlink" value="say/0"/>
</canvas>
<canvas name="1" width="82" height="79">
<vector name="origin" x="33" y="77"/>
<int name="z" value="0"/>
<int name="delay" value="120"/>
<string name="_hash" value="3e06853fb0580224c0331187ecf716f84764d456329c7f0da275528aba2d7bf2"/>
</canvas>
<canvas name="2" width="80" height="79">
<vector name="origin" x="31" y="77"/>
<int name="z" value="0"/>
<int name="delay" value="120"/>
<string name="_hash" value="e1aa174e8cf98a1b816c9d7109a62e3e936758dc023d492511a195e47229f54b"/>
</canvas>
<canvas name="3" width="1" height="1">
<vector name="origin" x="33" y="77"/>
<int name="z" value="0"/>
<int name="delay" value="120"/>
<string name="_inlink" value="hand/1"/>
</canvas>
<canvas name="4" width="1" height="1">
<vector name="origin" x="31" y="77"/>
<int name="z" value="0"/>
<int name="delay" value="120"/>
<string name="_inlink" value="hand/2"/>
</canvas>
<canvas name="5" width="1" height="1">
<vector name="origin" x="33" y="77"/>
<int name="z" value="0"/>
<int name="delay" value="120"/>
<string name="_inlink" value="hand/1"/>
</canvas>
</imgdir>
</imgdir>
