<?xml version="1.0" encoding="UTF-8" standalone="yes"?>
<imgdir name="1032003.img">
<imgdir name="info">
<imgdir name="speak">
<string name="0" value="n0"/>
<string name="1" value="n1"/>
</imgdir>
<imgdir name="script">
<imgdir name="0">
<string name="script" value="herb_in"/>
</imgdir>
</imgdir>
</imgdir>
<imgdir name="stand">
<canvas name="0" width="1" height="1">
<vector name="origin" x="26" y="70"/>
<int name="z" value="0"/>
<int name="delay" value="5000"/>
<string name="_hash" value="e65f6de16de640df7090ee794601fa23078727c3986841d355b322b4965d8bef"/>
<string name="_outlink" value="Npc/0002000.img/stand/0"/>
</canvas>
</imgdir>
<imgdir name="finger">
<canvas name="0" width="1" height="1">
<vector name="origin" x="26" y="70"/>
<int name="z" value="0"/>
<int name="delay" value="5000"/>
<string name="_hash" value="d0a96cbfc9a7d1e1f946f57fd50af00a23738ad79ff7bbfa63ac08a08efa74e3"/>
<string name="_outlink" value="Npc/0002000.img/finger/0"/>
</canvas>
</imgdir>
<imgdir name="wink">
<canvas name="0" width="1" height="1">
<vector name="origin" x="26" y="70"/>
<int name="z" value="0"/>
<int name="delay" value="200"/>
<string name="_hash" value="0529fe5d826e1c01c0bd72b39c4db9106adfa871cf40f1f2757e027a5fb58ffb"/>
<string name="_outlink" value="Npc/0002000.img/wink/0"/>
</canvas>
<canvas name="1" width="1" height="1">
<vector name="origin" x="26" y="70"/>
<int name="z" value="0"/>
<int name="delay" value="4800"/>
<string name="_outlink" value="Npc/0002000.img/stand/0"/>
</canvas>
</imgdir>
</imgdir>
