<?xml version="1.0" encoding="UTF-8" standalone="yes"?>
<imgdir name="1032107.img">
<imgdir name="info">
</imgdir>
<imgdir name="stand">
<canvas name="0" width="69" height="88">
<vector name="origin" x="41" y="85"/>
<int name="z" value="0"/>
<int name="delay" value="150"/>
<string name="_hash" value="cbf5787001b3017276f40efabd0771034833925336059783eaca25c06b1f5a1f"/>
</canvas>
<canvas name="1" width="67" height="90">
<vector name="origin" x="39" y="87"/>
<int name="z" value="0"/>
<int name="delay" value="150"/>
<string name="_hash" value="d44e8bc6cd3dbb35a8c9de2d2d04f76ed8eea37e11557f559671295a4c72d459"/>
</canvas>
<canvas name="2" width="66" height="94">
<vector name="origin" x="38" y="91"/>
<int name="z" value="0"/>
<int name="delay" value="150"/>
<string name="_hash" value="bb79ee16683c9af8915e6a65b7533837695394d252d724c9812110919a583571"/>
</canvas>
<canvas name="3" width="72" height="94">
<vector name="origin" x="40" y="91"/>
<int name="z" value="0"/>
<int name="delay" value="150"/>
<string name="_hash" value="433985c415816c8ff15f9b22d907c9d144a8b8aa9db8528a6f8b9531f15a462a"/>
</canvas>
<canvas name="4" width="74" height="92">
<vector name="origin" x="39" y="89"/>
<int name="z" value="0"/>
<int name="delay" value="150"/>
<string name="_hash" value="1ab7315c7368f7aa4e3474d0ef59cc17b10629cf9f49403d525a159411ae50e8"/>
</canvas>
<canvas name="5" width="75" height="94">
<vector name="origin" x="38" y="91"/>
<int name="z" value="0"/>
<int name="delay" value="150"/>
<string name="_hash" value="861b9e1f8a9b0ea5ab4bf2e8430e93c56aaa16585caeb4d864f95eded923d1bc"/>
</canvas>
<canvas name="6" width="77" height="91">
<vector name="origin" x="38" y="88"/>
<int name="z" value="0"/>
<int name="delay" value="150"/>
<string name="_hash" value="d7f9f78bc3f22436c201533c630fe28a477554196dcf525eda5f970a0e325f1b"/>
</canvas>
<canvas name="7" width="80" height="88">
<vector name="origin" x="39" y="85"/>
<int name="z" value="0"/>
<int name="delay" value="150"/>
<string name="_hash" value="f5aa62dae6244695e6b3a5a9d386490bd2759a6a0c13ef83e745b34ebb1db278"/>
</canvas>
<canvas name="8" width="79" height="88">
<vector name="origin" x="39" y="85"/>
<int name="z" value="0"/>
<int name="delay" value="150"/>
<string name="_hash" value="86cc910d5ce12305c6178da67722ce2e138e5145c13a1bee3772ae9b9cbbdba7"/>
</canvas>
<canvas name="9" width="78" height="88">
<vector name="origin" x="41" y="85"/>
<int name="z" value="0"/>
<int name="delay" value="150"/>
<string name="_hash" value="55595596149adceab84181f5cace99f5a893ab760b04539e806ffcdf95095909"/>
</canvas>
<canvas name="10" width="78" height="87">
<vector name="origin" x="43" y="84"/>
<int name="z" value="0"/>
<int name="delay" value="150"/>
<string name="_hash" value="199033124c86553fa062031db556d5d8c9ea27fbc8bb45c9957b6161716c7895"/>
</canvas>
<canvas name="11" width="76" height="85">
<vector name="origin" x="44" y="82"/>
<int name="z" value="0"/>
<int name="delay" value="150"/>
<string name="_hash" value="3da7671af49538260c289d874ac2ac1faca6f7bf8c7abed95909740407701db6"/>
</canvas>
<canvas name="12" width="77" height="85">
<vector name="origin" x="46" y="82"/>
<int name="z" value="0"/>
<int name="delay" value="150"/>
<string name="_hash" value="67ce594a38b3e273af104ac86eff5c28eef55fd6930abe4d47a850de0a105349"/>
</canvas>
<canvas name="13" width="73" height="91">
<vector name="origin" x="45" y="88"/>
<int name="z" value="0"/>
<int name="delay" value="150"/>
<string name="_hash" value="5155177de4f6afe7a1a740eda45a88b683cae5f49cff0dd815837a7f69bf7fe1"/>
</canvas>
<canvas name="14" width="1" height="1">
<vector name="origin" x="41" y="85"/>
<int name="z" value="0"/>
<int name="delay" value="150"/>
<string name="_inlink" value="stand/0"/>
</canvas>
</imgdir>
</imgdir>
