<?xml version="1.0" encoding="UTF-8" standalone="yes"?>
<imgdir name="1032218.img">
<imgdir name="info">
<imgdir name="script">
<imgdir name="0">
<string name="script" value="roro_Check1"/>
</imgdir>
</imgdir>
<int name="hideName" value="1"/>
<int name="dcLeft" value="-50"/>
<int name="dcRight" value="50"/>
<int name="dcTop" value="-60"/>
<int name="dcBottom" value="0"/>
</imgdir>
<imgdir name="stand">
<canvas name="0" width="1" height="1">
<vector name="origin" x="0" y="33"/>
</canvas>
</imgdir>
</imgdir>
