<?xml version="1.0" encoding="UTF-8" standalone="yes"?>
<imgdir name="1033204.img">
<imgdir name="info">
</imgdir>
<imgdir name="stand">
<canvas name="0" width="57" height="72">
<vector name="origin" x="29" y="71"/>
<int name="z" value="0"/>
<int name="delay" value="150"/>
<string name="_hash" value="c3866a0180daef3085b08842f6077def40f67bdafa147b32da59bf8dab15fc92"/>
</canvas>
</imgdir>
<imgdir name="condition1">
<imgdir name="stand">
<canvas name="0" width="1" height="1">
<vector name="origin" x="50" y="92"/>
<int name="z" value="0"/>
<string name="_hash" value="0e49d048eff678954516bb81597568c15509f88f23365ecb1d305a8335723fa9"/>
<string name="_outlink" value="Npc/1033102.img/stand/0"/>
</canvas>
</imgdir>
<int name="24000" value="2"/>
</imgdir>
</imgdir>
