<?xml version="1.0" encoding="UTF-8" standalone="yes"?>
<imgdir name="1033109.img">
<imgdir name="info">
<int name="hide" value="1"/>
</imgdir>
<imgdir name="stand">
<canvas name="0" width="77" height="109">
<vector name="origin" x="34" y="110"/>
<int name="z" value="0"/>
<int name="delay" value="150"/>
<string name="_hash" value="d0387d4903de2f1ed5f415b93b6ea7453b44c1aaa85d6eb29b001fd6b58e8726"/>
</canvas>
</imgdir>
<imgdir name="condition1">
<imgdir name="stand">
<canvas name="0" width="1" height="1">
<vector name="origin" x="34" y="110"/>
<int name="z" value="0"/>
<int name="delay" value="150"/>
<string name="_inlink" value="stand/0"/>
</canvas>
</imgdir>
<int name="24075" value="2"/>
</imgdir>
</imgdir>
