<?xml version="1.0" encoding="UTF-8" standalone="yes"?>
<imgdir name="1033233.img">
<imgdir name="info">
<int name="hideName" value="1"/>
<imgdir name="script">
<imgdir name="0">
<string name="script" value="talkCutegril"/>
</imgdir>
</imgdir>
</imgdir>
<imgdir name="stand">
<canvas name="0" width="45" height="52">
<vector name="origin" x="18" y="52"/>
<int name="z" value="0"/>
<int name="delay" value="3000"/>
<string name="_hash" value="2ab3963bb4aea107d25ce7b6c568aafc51111756a1c0803f4ec2460a9ddb7a58"/>
</canvas>
</imgdir>
</imgdir>
