<?xml version="1.0" encoding="UTF-8" standalone="yes"?>
<imgdir name="1033100.img">
<imgdir name="info">
</imgdir>
<imgdir name="stand">
<canvas name="0" width="111" height="104">
<vector name="origin" x="57" y="101"/>
<int name="z" value="0"/>
<int name="delay" value="150"/>
<string name="_hash" value="33f317d57c638d3401ab45e9d927c5e29473d3db5982e86eb6d4b1a7216bc606"/>
</canvas>
</imgdir>
<imgdir name="eye">
<uol name="0" value="../stand/0"/>
<uol name="1" value="../stand/0"/>
<uol name="2" value="../stand/0"/>
<uol name="3" value="../stand/0"/>
<uol name="4" value="../stand/0"/>
<uol name="5" value="../stand/0"/>
<uol name="6" value="../stand/0"/>
<uol name="7" value="../stand/0"/>
<uol name="8" value="../stand/0"/>
<uol name="9" value="../stand/0"/>
<uol name="10" value="../stand/0"/>
<uol name="11" value="../stand/0"/>
</imgdir>
<imgdir name="magic">
<uol name="0" value="../stand/0"/>
<uol name="1" value="../stand/0"/>
<uol name="2" value="../stand/0"/>
<uol name="3" value="../stand/0"/>
<uol name="4" value="../stand/0"/>
<uol name="5" value="../stand/0"/>
<uol name="6" value="../stand/0"/>
<uol name="7" value="../stand/0"/>
</imgdir>
<imgdir name="condition1">
<imgdir name="stand">
<canvas name="0" width="63" height="78">
<vector name="origin" x="32" y="78"/>
<int name="z" value="0"/>
<int name="delay" value="3000"/>
<string name="_hash" value="b213a714502f0ace0d5d15715c406475a81f1e3bb1bc10efc8d2b51e5a54f9e0"/>
</canvas>
</imgdir>
<imgdir name="eye">
<canvas name="0" width="1" height="1">
<vector name="origin" x="32" y="78"/>
<int name="z" value="0"/>
<string name="_inlink" value="condition1/stand/0"/>
</canvas>
<canvas name="1" width="63" height="78">
<vector name="origin" x="32" y="78"/>
<int name="z" value="0"/>
<string name="_hash" value="4c2ac71723461014eb3de29081f1621d89d6bc7f396627ceb6d093c521955507"/>
</canvas>
<canvas name="2" width="63" height="78">
<vector name="origin" x="32" y="78"/>
<int name="z" value="0"/>
<string name="_hash" value="10acb7415cc3c23a55528031a015b03e94ec7ee8af38d6874fa36b11d0562c30"/>
</canvas>
</imgdir>
<imgdir name="magic">
<canvas name="0" width="1" height="1">
<vector name="origin" x="32" y="78"/>
<int name="z" value="0"/>
<string name="_inlink" value="condition1/stand/0"/>
</canvas>
<canvas name="1" width="1" height="1">
<vector name="origin" x="32" y="78"/>
<int name="z" value="0"/>
<string name="_inlink" value="condition1/eye/2"/>
</canvas>
<canvas name="2" width="63" height="78">
<vector name="origin" x="32" y="78"/>
<int name="z" value="0"/>
<string name="_hash" value="803d5f41ef0dfb2eeeb3cf017289b857104cd5b4ad1907e4045ce7301b24a5b0"/>
</canvas>
<canvas name="3" width="64" height="78">
<vector name="origin" x="33" y="78"/>
<int name="z" value="0"/>
<string name="_hash" value="e2d59c28651287e70c70d0ef2054669741003bf2815e63cd10d7b7660ec4bc45"/>
</canvas>
<canvas name="4" width="64" height="78">
<vector name="origin" x="33" y="78"/>
<int name="z" value="0"/>
<string name="_hash" value="e3581bc82be1fdf6fbe85397ac5783f3f0592f8fd9f4212e92501d38102a334c"/>
</canvas>
<canvas name="5" width="1" height="1">
<vector name="origin" x="33" y="78"/>
<int name="z" value="0"/>
<string name="_inlink" value="condition1/magic/3"/>
</canvas>
<canvas name="6" width="1" height="1">
<vector name="origin" x="32" y="78"/>
<int name="z" value="0"/>
<string name="_inlink" value="condition1/magic/2"/>
</canvas>
<canvas name="7" width="1" height="1">
<vector name="origin" x="32" y="78"/>
<int name="z" value="0"/>
<string name="_inlink" value="condition1/eye/2"/>
</canvas>
</imgdir>
<int name="24062" value="0"/>
</imgdir>
<imgdir name="condition2">
<imgdir name="stand">
<uol name="0" value="../../condition1/stand/0"/>
</imgdir>
<imgdir name="eye">
<uol name="0" value="../../condition1/eye/0"/>
<uol name="1" value="../../condition1/eye/1"/>
<uol name="2" value="../../condition1/eye/2"/>
</imgdir>
<imgdir name="magic">
<uol name="0" value="../../condition1/magic/0"/>
<uol name="1" value="../../condition1/magic/1"/>
<uol name="2" value="../../condition1/magic/2"/>
<uol name="3" value="../../condition1/magic/3"/>
<uol name="4" value="../../condition1/magic/4"/>
<uol name="5" value="../../condition1/magic/5"/>
<uol name="6" value="../../condition1/magic/6"/>
<uol name="7" value="../../condition1/magic/7"/>
</imgdir>
<int name="24062" value="3"/>
</imgdir>
<imgdir name="condition3">
<imgdir name="stand">
<uol name="0" value="../../condition1/stand/0"/>
</imgdir>
<imgdir name="eye">
<uol name="0" value="../../condition1/eye/0"/>
<uol name="1" value="../../condition1/eye/1"/>
<uol name="2" value="../../condition1/eye/2"/>
</imgdir>
<imgdir name="magic">
<uol name="0" value="../../condition1/magic/0"/>
<uol name="1" value="../../condition1/magic/1"/>
<uol name="2" value="../../condition1/magic/2"/>
<uol name="3" value="../../condition1/magic/3"/>
<uol name="4" value="../../condition1/magic/4"/>
<uol name="5" value="../../condition1/magic/5"/>
<uol name="6" value="../../condition1/magic/6"/>
<uol name="7" value="../../condition1/magic/7"/>
</imgdir>
<int name="32314" value="2"/>
</imgdir>
</imgdir>
