<?xml version="1.0" encoding="UTF-8" standalone="yes"?>
<imgdir name="1033001.img">
<imgdir name="info">
<int name="shop" value="1"/>
</imgdir>
<imgdir name="stand">
<canvas name="0" width="118" height="105">
<vector name="origin" x="52" y="102"/>
<int name="z" value="0"/>
<int name="delay" value="150"/>
<string name="_hash" value="3220ebad98ae9da18ce6454c45525840a0bf0c8b816acd91aeba3fde442acb21"/>
</canvas>
</imgdir>
<imgdir name="say">
<canvas name="0" width="89" height="84">
<vector name="origin" x="41" y="84"/>
<int name="z" value="0"/>
<string name="_hash" value="e6bdaefb0fb67be4818dcd23341f30e19b2b2dcee6c3b4808b1e2927ff10f3c1"/>
</canvas>
<canvas name="1" width="89" height="85">
<vector name="origin" x="41" y="84"/>
<int name="z" value="0"/>
<string name="_hash" value="1dd45dbab41c2737349a1b305a4ec1d687d34450dcee9f23cae904d75670e1a1"/>
</canvas>
<int name="special" value="1"/>
</imgdir>
<imgdir name="eye">
<canvas name="0" width="1" height="1">
<vector name="origin" x="41" y="84"/>
<int name="z" value="0"/>
<string name="_inlink" value="say/0"/>
</canvas>
<canvas name="1" width="89" height="84">
<vector name="origin" x="41" y="84"/>
<int name="z" value="0"/>
<string name="_hash" value="f90b2521e37f7fb941cad2eb67c3e64bb4a9f1e89d670672765b4ebb04d3ccf7"/>
</canvas>
<canvas name="2" width="89" height="84">
<vector name="origin" x="41" y="84"/>
<int name="z" value="0"/>
<string name="_hash" value="85dd27e2aca67c7dab1f90af864f60f8255bfa71333ab7f29cb59d6a04756fbc"/>
</canvas>
<canvas name="3" width="1" height="1">
<vector name="origin" x="41" y="84"/>
<int name="z" value="0"/>
<string name="_inlink" value="eye/2"/>
</canvas>
<canvas name="4" width="1" height="1">
<vector name="origin" x="41" y="84"/>
<int name="z" value="0"/>
<string name="_inlink" value="eye/2"/>
</canvas>
<canvas name="5" width="1" height="1">
<vector name="origin" x="41" y="84"/>
<int name="z" value="0"/>
<string name="_inlink" value="eye/1"/>
</canvas>
<int name="special" value="1"/>
</imgdir>
<imgdir name="hand">
<canvas name="0" width="1" height="1">
<vector name="origin" x="41" y="84"/>
<int name="z" value="0"/>
<string name="_inlink" value="say/0"/>
</canvas>
<canvas name="1" width="89" height="84">
<vector name="origin" x="41" y="84"/>
<int name="z" value="0"/>
<string name="_hash" value="f2116996ea6d34d31685439ada14b14b1a79982273eb218e8dc0b060c85d0cb6"/>
</canvas>
<canvas name="2" width="89" height="84">
<vector name="origin" x="41" y="84"/>
<int name="z" value="0"/>
<string name="_hash" value="a11fa75f15ada645d69b1c8cd4d08eb86e35587dd5c8f48d81078391ca37e5d3"/>
</canvas>
<canvas name="3" width="89" height="84">
<vector name="origin" x="41" y="84"/>
<int name="z" value="0"/>
<string name="_hash" value="e938d6c99a5938356c18082bce75d01ce20ec6ff4d875fedcee61e8dacbab0ad"/>
</canvas>
<canvas name="4" width="89" height="84">
<vector name="origin" x="41" y="84"/>
<int name="z" value="0"/>
<string name="_hash" value="6bea0ddde65dac3e34efbb6e4c72e50d12697ec797a0e02b538c4c80b5879cee"/>
</canvas>
<canvas name="5" width="89" height="84">
<vector name="origin" x="41" y="84"/>
<int name="z" value="0"/>
<string name="_hash" value="b220aae173b944597dccb568bbb810a884434ccfa0294caf079f6e5a02262175"/>
</canvas>
<canvas name="6" width="89" height="84">
<vector name="origin" x="41" y="84"/>
<int name="z" value="0"/>
<string name="_hash" value="dd7df85aa57a0077bd4e818df3b37d222880e88c098f81cf6d80a68f1c54bf8d"/>
</canvas>
<int name="special" value="1"/>
</imgdir>
<imgdir name="normal">
<canvas name="0" width="1" height="1">
<vector name="origin" x="41" y="84"/>
<int name="z" value="0"/>
<string name="_inlink" value="say/0"/>
</canvas>
<int name="special" value="1"/>
</imgdir>
</imgdir>
