<?xml version="1.0" encoding="UTF-8" standalone="yes"?>
<imgdir name="1033211.img">
<imgdir name="info">
<canvas name="default" width="118" height="102">
<vector name="origin" x="59" y="102"/>
<int name="z" value="0"/>
<string name="_hash" value="ea73968be1d7614ab115dc34ade1def565db690954c90438b89cc1a3aa655fe7"/>
</canvas>
<int name="dcLeft" value="-140"/>
<int name="dcTop" value="-320"/>
<int name="dcBottom" value="0"/>
<int name="dcRight" value="140"/>
<imgdir name="script">
<imgdir name="0">
<string name="script" value="enterGreatElf"/>
</imgdir>
</imgdir>
<int name="hideName" value="1"/>
</imgdir>
<imgdir name="stand">
<canvas name="0" width="292" height="233">
<vector name="origin" x="140" y="319"/>
<int name="z" value="0"/>
<string name="_hash" value="bc6a93b191d1b07b2e1ffb541786bda6a7f54e99b2377b4b617ddc2901c1ff02"/>
</canvas>
</imgdir>
</imgdir>
