<?xml version="1.0" encoding="UTF-8" standalone="yes"?>
<imgdir name="1033201.img">
<imgdir name="info">
<canvas name="default" width="1" height="1">
<vector name="origin" x="63" y="115"/>
<int name="z" value="0"/>
<string name="_hash" value="108b0988d5fb03e4e1e07e16b3532972a0db8d60418495a6605eb216aa44ca01"/>
<string name="_outlink" value="Npc/1013205.img/info/default"/>
</canvas>
<imgdir name="script">
<imgdir name="0">
<string name="script" value="merTutorAfrien"/>
</imgdir>
</imgdir>
<int name="dcLeft" value="-150"/>
<int name="dcTop" value="-200"/>
<int name="dcBottom" value="0"/>
<int name="dcRight" value="150"/>
</imgdir>
<imgdir name="stand">
<canvas name="0" width="1" height="1">
<vector name="origin" x="128" y="171"/>
<int name="z" value="0"/>
<string name="_hash" value="c449d69d9d6f18244d7e1e5dcd86103af18535abf0569d1fdf2ca283e757bf7f"/>
<string name="_outlink" value="Npc/1033111.img/stand/0"/>
</canvas>
</imgdir>
</imgdir>
