<?xml version="1.0" encoding="UTF-8" standalone="yes"?>
<imgdir name="1033240.img">
<imgdir name="info">
<int name="hide" value="1"/>
</imgdir>
<imgdir name="stand">
<canvas name="0" width="126" height="107">
<vector name="origin" x="62" y="107"/>
<int name="z" value="0"/>
<int name="delay" value="150"/>
<string name="_hash" value="88acbec335aaed39c56a3e2a93b4ce305e00ba0d143abdf8f762035bb22db8ac"/>
</canvas>
<canvas name="1" width="126" height="107">
<vector name="origin" x="62" y="107"/>
<int name="z" value="0"/>
<string name="_hash" value="8dd610616a53431a5c8682986827fee0d95cd2bc4aeb6f4af0bce4c3ec931488"/>
</canvas>
<canvas name="2" width="126" height="107">
<vector name="origin" x="62" y="107"/>
<int name="z" value="0"/>
<string name="_hash" value="a73ac9ed40c83557e02dd6a8acd4afe7c57639b365190c1a739d42372d5bbe5a"/>
</canvas>
<canvas name="3" width="126" height="107">
<vector name="origin" x="62" y="107"/>
<int name="z" value="0"/>
<string name="_hash" value="99b3f6be868169778b552994253dd2c9ca023370c4740ec58d6c42b96ce92cda"/>
</canvas>
<canvas name="4" width="126" height="107">
<vector name="origin" x="62" y="107"/>
<int name="z" value="0"/>
<string name="_hash" value="3a0a4d653b8f6d6a692315bac2c916c5690f15cd174284cb3bd18412c8c288cf"/>
</canvas>
<canvas name="5" width="126" height="107">
<vector name="origin" x="62" y="107"/>
<int name="z" value="0"/>
<string name="_hash" value="4cb76b621c143312015145ce7ec19dec6f32bc0898c0ce1ccbed3f75aecc60b2"/>
</canvas>
<canvas name="6" width="126" height="107">
<vector name="origin" x="62" y="107"/>
<int name="z" value="0"/>
<string name="_hash" value="81d4c15f56cbf0f70ce92ae769d4c3c0cc4d14b6d49f55dc02511e584306c290"/>
</canvas>
<canvas name="7" width="126" height="107">
<vector name="origin" x="62" y="107"/>
<int name="z" value="0"/>
<string name="_hash" value="849609c85733992d3aaf8760b56c8656d68fd4bb185b3d3d8475fcaec413bf94"/>
</canvas>
</imgdir>
<imgdir name="eye">
<canvas name="0" width="126" height="107">
<vector name="origin" x="62" y="107"/>
<int name="z" value="0"/>
<string name="_hash" value="ce922d38940848b40129768305cd9afc16dc1fcb65861d9485649e416c9dafc2"/>
</canvas>
<canvas name="1" width="126" height="107">
<vector name="origin" x="62" y="107"/>
<int name="z" value="0"/>
<string name="_hash" value="5ad5c9a4f5d79de6d35d56e5218164203c2d9d1a810ac5a5d13d2f1b6eb23fc5"/>
</canvas>
<canvas name="2" width="126" height="107">
<vector name="origin" x="62" y="107"/>
<int name="z" value="0"/>
<string name="_hash" value="97001f86d4ab6d7ad8237f6e562075c9c42e4ca17a1106e3aa9a8e4448fba359"/>
</canvas>
<canvas name="3" width="126" height="107">
<vector name="origin" x="62" y="107"/>
<int name="z" value="0"/>
<string name="_hash" value="7228a8ac26d198d9c0bfce684303cbed3b61126a501ae1dcf4b1af4d2721102b"/>
</canvas>
<canvas name="4" width="126" height="107">
<vector name="origin" x="62" y="107"/>
<int name="z" value="0"/>
<string name="_hash" value="9971b3faaaba3ee57f4496fb8fa9d140f174f8e28caa6c928251bcb81a2214d7"/>
</canvas>
<canvas name="5" width="126" height="107">
<vector name="origin" x="62" y="107"/>
<int name="z" value="0"/>
<string name="_hash" value="392ebdeaa71edbe0ac1158e635da26d06efd926b76ba21267d6e5f16e0288559"/>
</canvas>
<canvas name="6" width="1" height="1">
<vector name="origin" x="62" y="107"/>
<int name="z" value="0"/>
<string name="_inlink" value="stand/6"/>
</canvas>
<canvas name="7" width="1" height="1">
<vector name="origin" x="62" y="107"/>
<int name="z" value="0"/>
<string name="_inlink" value="stand/7"/>
</canvas>
</imgdir>
<imgdir name="condition1">
<imgdir name="stand">
<canvas name="0" width="1" height="1">
<vector name="origin" x="62" y="107"/>
<int name="z" value="0"/>
<int name="delay" value="150"/>
<string name="_inlink" value="stand/0"/>
</canvas>
<canvas name="1" width="1" height="1">
<vector name="origin" x="62" y="107"/>
<int name="z" value="0"/>
<string name="_inlink" value="stand/1"/>
</canvas>
<canvas name="2" width="1" height="1">
<vector name="origin" x="62" y="107"/>
<int name="z" value="0"/>
<string name="_inlink" value="stand/2"/>
</canvas>
<canvas name="3" width="1" height="1">
<vector name="origin" x="62" y="107"/>
<int name="z" value="0"/>
<string name="_inlink" value="stand/3"/>
</canvas>
<canvas name="4" width="1" height="1">
<vector name="origin" x="62" y="107"/>
<int name="z" value="0"/>
<string name="_inlink" value="stand/4"/>
</canvas>
<canvas name="5" width="1" height="1">
<vector name="origin" x="62" y="107"/>
<int name="z" value="0"/>
<string name="_inlink" value="stand/5"/>
</canvas>
<canvas name="6" width="1" height="1">
<vector name="origin" x="62" y="107"/>
<int name="z" value="0"/>
<string name="_inlink" value="stand/6"/>
</canvas>
<canvas name="7" width="1" height="1">
<vector name="origin" x="62" y="107"/>
<int name="z" value="0"/>
<string name="_inlink" value="stand/7"/>
</canvas>
</imgdir>
<imgdir name="eye">
<canvas name="0" width="1" height="1">
<vector name="origin" x="62" y="107"/>
<int name="z" value="0"/>
<string name="_inlink" value="eye/0"/>
</canvas>
<canvas name="1" width="1" height="1">
<vector name="origin" x="62" y="107"/>
<int name="z" value="0"/>
<string name="_inlink" value="eye/1"/>
</canvas>
<canvas name="2" width="1" height="1">
<vector name="origin" x="62" y="107"/>
<int name="z" value="0"/>
<string name="_inlink" value="eye/2"/>
</canvas>
<canvas name="3" width="1" height="1">
<vector name="origin" x="62" y="107"/>
<int name="z" value="0"/>
<string name="_inlink" value="eye/3"/>
</canvas>
<canvas name="4" width="1" height="1">
<vector name="origin" x="62" y="107"/>
<int name="z" value="0"/>
<string name="_inlink" value="eye/4"/>
</canvas>
<canvas name="5" width="1" height="1">
<vector name="origin" x="62" y="107"/>
<int name="z" value="0"/>
<string name="_inlink" value="eye/5"/>
</canvas>
<canvas name="6" width="1" height="1">
<vector name="origin" x="62" y="107"/>
<int name="z" value="0"/>
<string name="_inlink" value="stand/6"/>
</canvas>
<canvas name="7" width="1" height="1">
<vector name="origin" x="62" y="107"/>
<int name="z" value="0"/>
<string name="_inlink" value="stand/7"/>
</canvas>
</imgdir>
<int name="24030" value="3"/>
</imgdir>
</imgdir>
