<?xml version="1.0" encoding="UTF-8" standalone="yes"?>
<imgdir name="1033223.img">
<imgdir name="info">
<imgdir name="script">
<imgdir name="0">
<string name="script" value="talkDollMasterMer"/>
</imgdir>
</imgdir>
</imgdir>
<imgdir name="stand">
<canvas name="0" width="86" height="87">
<vector name="origin" x="49" y="92"/>
<int name="delay" value="180"/>
<string name="_hash" value="96fa90793e33c50b063910d15a248944c13616a913c9f3db72411d072326410c"/>
</canvas>
<canvas name="1" width="86" height="87">
<vector name="origin" x="49" y="93"/>
<int name="delay" value="180"/>
<string name="_hash" value="a238a04915945cdbfc4dda64178dc37973606fb63200421937fd4205e82e1bac"/>
</canvas>
<canvas name="2" width="86" height="87">
<vector name="origin" x="49" y="94"/>
<int name="delay" value="180"/>
<string name="_hash" value="05b6082628cd0a3b77b081fe71803b8309172c6fc9076343052cdc619b59a1e4"/>
</canvas>
<canvas name="3" width="86" height="85">
<vector name="origin" x="49" y="93"/>
<int name="delay" value="180"/>
<string name="_hash" value="14b6f1820cb88624ad2a33feda65044a70f4319b790623e1128a73a2f82a405e"/>
</canvas>
<canvas name="4" width="86" height="85">
<vector name="origin" x="49" y="92"/>
<int name="delay" value="180"/>
<string name="_hash" value="8a89bec2e875e62cf283c6b6433c7840a7a15437362c8fb070259930fbb97526"/>
</canvas>
<canvas name="5" width="86" height="85">
<vector name="origin" x="49" y="91"/>
<int name="delay" value="180"/>
<string name="_hash" value="5427514632999b016944cc9b52d76a934e79b342a4f85c5a1b3a009f3814a762"/>
</canvas>
</imgdir>
<imgdir name="say">
<canvas name="0" width="1" height="1">
<vector name="origin" x="49" y="92"/>
<int name="delay" value="180"/>
<string name="_inlink" value="stand/0"/>
</canvas>
<canvas name="1" width="86" height="87">
<vector name="origin" x="49" y="93"/>
<int name="delay" value="180"/>
<string name="_hash" value="6c75bd92073a36e6521f96572d9cb18155347bf0df51a292c8cbaf38fc3d5d40"/>
</canvas>
<canvas name="2" width="86" height="87">
<vector name="origin" x="49" y="94"/>
<int name="delay" value="180"/>
<string name="_hash" value="86eb195aed6fe3b850cfc2b37a10408b301a4bcefc3d74352a40befab9633b2b"/>
</canvas>
<canvas name="3" width="86" height="85">
<vector name="origin" x="49" y="93"/>
<int name="delay" value="180"/>
<string name="_hash" value="4ff2eda60189af9a378877f6643cd2bce69281233ddc479b577bec594334d232"/>
</canvas>
<canvas name="4" width="86" height="85">
<vector name="origin" x="49" y="92"/>
<int name="delay" value="180"/>
<string name="_hash" value="5a124564b59895d6b34a6dbf2207fb8fe8d3a33861ac7a03ed9dbcdf6ba66c4b"/>
</canvas>
<canvas name="5" width="1" height="1">
<vector name="origin" x="49" y="91"/>
<int name="delay" value="180"/>
<string name="_inlink" value="stand/5"/>
</canvas>
<uol name="6" value="0"/>
<uol name="7" value="1"/>
<uol name="8" value="2"/>
<uol name="9" value="3"/>
<uol name="10" value="4"/>
<uol name="11" value="5"/>
<imgdir name="speak">
<string name="0" value="n0"/>
<string name="1" value="n1"/>
</imgdir>
</imgdir>
<imgdir name="eye">
<canvas name="0" width="86" height="87">
<vector name="origin" x="49" y="92"/>
<int name="delay" value="180"/>
<string name="_hash" value="801c714ffa71363d3dc9eb661aeea27179de8e526abdec958242c3d8b7e0574e"/>
</canvas>
<canvas name="1" width="86" height="87">
<vector name="origin" x="49" y="93"/>
<int name="delay" value="180"/>
<string name="_hash" value="fea96087c79c7f602dc1db8c9fd3fad8183b50a746982f8fbae5b9a2bc1a1ddc"/>
</canvas>
<canvas name="2" width="86" height="87">
<vector name="origin" x="49" y="94"/>
<int name="delay" value="180"/>
<string name="_hash" value="2bc3262fbc0860f542b60314cd15bf2eb099ef07b94c138388b7b5338644b29a"/>
</canvas>
<canvas name="3" width="86" height="85">
<vector name="origin" x="49" y="93"/>
<int name="delay" value="180"/>
<string name="_hash" value="e72df49e2ba73a24db9aaa8e807a79d12ac4c98e2075ace9ed33dfe5bfba8719"/>
</canvas>
<canvas name="4" width="86" height="85">
<vector name="origin" x="49" y="92"/>
<int name="delay" value="180"/>
<string name="_hash" value="fa83a5b4ff03714f0a715a0c4898f248d4ff061f2c1d8429a3bb68f64174f0cf"/>
</canvas>
<canvas name="5" width="86" height="85">
<vector name="origin" x="49" y="91"/>
<int name="delay" value="180"/>
<string name="_hash" value="1e33c856e9ac94f94e2fb4a6157c468812a1807caae0cb13ed91a1eaeda1d418"/>
</canvas>
<canvas name="6" width="86" height="87">
<vector name="origin" x="49" y="92"/>
<int name="delay" value="180"/>
<string name="_hash" value="22ed59ee394ed9028f34d2e4c8df680d95166f9a905df31967d1af9469f98c05"/>
</canvas>
<canvas name="7" width="86" height="87">
<vector name="origin" x="49" y="93"/>
<int name="delay" value="180"/>
<string name="_hash" value="68df19447d5bd1a4338d8ed5180b2e564cf9381018b7cada2c4d9814ac382bc4"/>
</canvas>
<canvas name="8" width="1" height="1">
<vector name="origin" x="49" y="94"/>
<int name="delay" value="180"/>
<string name="_inlink" value="eye/2"/>
</canvas>
<canvas name="9" width="86" height="85">
<vector name="origin" x="49" y="93"/>
<int name="delay" value="180"/>
<string name="_hash" value="928eeac644bac98e5530d695fdc26888b16f3731bacca4a1ab87280f194f23b7"/>
</canvas>
<canvas name="10" width="86" height="85">
<vector name="origin" x="49" y="92"/>
<int name="delay" value="180"/>
<string name="_hash" value="1dca0063398ab839d0068125d47230f9749d4077b7e71344b390f1e22070797a"/>
</canvas>
<canvas name="11" width="86" height="85">
<vector name="origin" x="49" y="91"/>
<int name="delay" value="180"/>
<string name="_hash" value="035334d5640f8e047a66a54f5473db7a98f492e4f30a69cc6cbc0ba0dea80fb0"/>
</canvas>
</imgdir>
</imgdir>
