<?xml version="1.0" encoding="UTF-8" standalone="yes"?>
<imgdir name="1033220.img">
<imgdir name="info">
<canvas name="default" width="114" height="127">
<vector name="origin" x="63" y="126"/>
<int name="z" value="0"/>
<string name="_hash" value="410c1dcef30ea6edd3172fd5a2e36c03482fa2d188b1ca4e8fc5de22fc712e73"/>
</canvas>
<int name="dcLeft" value="-150"/>
<int name="dcTop" value="-200"/>
<int name="dcBottom" value="0"/>
<int name="dcRight" value="150"/>
</imgdir>
<imgdir name="stand">
<canvas name="0" width="1" height="1">
<vector name="origin" x="128" y="171"/>
<int name="z" value="0"/>
<string name="_hash" value="c449d69d9d6f18244d7e1e5dcd86103af18535abf0569d1fdf2ca283e757bf7f"/>
<string name="_outlink" value="Npc/1033111.img/stand/0"/>
</canvas>
</imgdir>
</imgdir>
