<?xml version="1.0" encoding="UTF-8" standalone="yes"?>
<imgdir name="1033227.img">
<imgdir name="info">
<int name="hide" value="1"/>
<int name="dcLeft" value="-30"/>
<int name="dcTop" value="-91"/>
<int name="dcBottom" value="0"/>
<int name="dcRight" value="30"/>
</imgdir>
<imgdir name="stand">
<canvas name="0" width="77" height="93">
<vector name="origin" x="31" y="93"/>
<int name="z" value="0"/>
<int name="delay" value="150"/>
<string name="_hash" value="85800579793443ddaf3919e9d22043161a4180e91e705396b06ea5926faa582d"/>
</canvas>
</imgdir>
<imgdir name="say">
<canvas name="0" width="1" height="1">
<vector name="origin" x="31" y="93"/>
<int name="z" value="0"/>
<string name="_inlink" value="stand/0"/>
</canvas>
<canvas name="1" width="77" height="93">
<vector name="origin" x="31" y="93"/>
<int name="z" value="0"/>
<string name="_hash" value="677e8abcc110362b8ca158e36608bc5443e52d04a41d3ac8b7c0a50f8a50a729"/>
</canvas>
<canvas name="2" width="1" height="1">
<vector name="origin" x="31" y="93"/>
<int name="z" value="0"/>
<string name="_inlink" value="stand/0"/>
</canvas>
<canvas name="3" width="77" height="93">
<vector name="origin" x="31" y="93"/>
<int name="z" value="0"/>
<string name="_hash" value="f30947bdba3b59b2c5b8c475e56cce1f3846f69b477f55d038a6eac46cb335fd"/>
</canvas>
</imgdir>
<imgdir name="condition1">
<imgdir name="stand">
<uol name="0" value="../../stand/0"/>
</imgdir>
<imgdir name="say">
<uol name="0" value="../../say/0"/>
<uol name="1" value="../../say/1"/>
<uol name="2" value="../../say/2"/>
<uol name="3" value="../../say/3"/>
</imgdir>
<int name="24084" value="3"/>
<int name="hide" value="1"/>
</imgdir>
<imgdir name="condition2">
<imgdir name="stand">
<uol name="0" value="../../stand/0"/>
</imgdir>
<imgdir name="say">
<uol name="0" value="../../say/0"/>
<uol name="1" value="../../say/1"/>
<uol name="2" value="../../say/2"/>
<uol name="3" value="../../say/3"/>
</imgdir>
<int name="24082" value="3"/>
</imgdir>
</imgdir>
