<?xml version="1.0" encoding="UTF-8" standalone="yes"?>
<imgdir name="1033110.img">
<imgdir name="info">
<canvas name="default" width="106" height="93">
<vector name="origin" x="53" y="91"/>
<int name="z" value="0"/>
<int name="delay" value="210"/>
<string name="_hash" value="83f92e48f83a58a494707e9c8898c6e05af799a7fd2553c98cd05f2339f46f0a"/>
</canvas>
<int name="hideName" value="1"/>
<imgdir name="script">
<imgdir name="0">
<string name="script" value="musicbox"/>
</imgdir>
</imgdir>
<int name="dcLeft" value="-110"/>
<int name="dcTop" value="-170"/>
<int name="dcBottom" value="0"/>
<int name="dcRight" value="110"/>
</imgdir>
<imgdir name="stand">
<canvas name="0" width="196" height="172">
<vector name="origin" x="110" y="169"/>
<int name="z" value="0"/>
<int name="delay" value="210"/>
<string name="_hash" value="72df159ef28b8208196c8dad40d947b6c74b73b111d9398a021dfd8a842bc0b8"/>
</canvas>
<canvas name="1" width="194" height="172">
<vector name="origin" x="109" y="169"/>
<int name="z" value="0"/>
<int name="delay" value="210"/>
<string name="_hash" value="b703a4ee9c69add45c013f6071ea3e7b8c5a8f09d564af027647ecd9df831e97"/>
</canvas>
<canvas name="2" width="196" height="170">
<vector name="origin" x="109" y="167"/>
<int name="z" value="0"/>
<int name="delay" value="210"/>
<string name="_hash" value="01e139433a2de6e11cc85c6752d25867d6ec5b2ae9b3049d99d3353b62633e0d"/>
</canvas>
<canvas name="3" width="198" height="172">
<vector name="origin" x="109" y="169"/>
<int name="z" value="0"/>
<int name="delay" value="210"/>
<string name="_hash" value="e011d08b28caf9a0a3656ec65b03377f8d5f00e2ffbd9d1f3153187c2928c776"/>
</canvas>
<canvas name="4" width="147" height="172">
<vector name="origin" x="61" y="169"/>
<int name="z" value="0"/>
<int name="delay" value="210"/>
<string name="_hash" value="f6c66350e57723f840f1491949df4ed6068e86a23cc7602643cf460f31b20afa"/>
</canvas>
<canvas name="5" width="152" height="170">
<vector name="origin" x="64" y="167"/>
<int name="z" value="0"/>
<int name="delay" value="210"/>
<string name="_hash" value="9f9d8d33b7833457e1335d4ad31b9fe0033eb7b077525fd7bcceac3c8d309954"/>
</canvas>
<canvas name="6" width="155" height="172">
<vector name="origin" x="69" y="169"/>
<int name="z" value="0"/>
<int name="delay" value="210"/>
<string name="_hash" value="6423fcd149ef7bfbd6f6b8b7867ac468de1ebc6ae8e22d806659f9956b32184d"/>
</canvas>
<canvas name="7" width="160" height="172">
<vector name="origin" x="75" y="169"/>
<int name="z" value="0"/>
<int name="delay" value="210"/>
<string name="_hash" value="db7dda5e2687d915a498090a6481c8cf08741b6010086e19801c12788f9d7bcb"/>
</canvas>
<canvas name="8" width="168" height="170">
<vector name="origin" x="81" y="167"/>
<int name="z" value="0"/>
<int name="delay" value="210"/>
<string name="_hash" value="31995813bbc8b15025995862b5b340500f5acf0e19f0f00c7b6192946a1d99e0"/>
</canvas>
<canvas name="9" width="177" height="172">
<vector name="origin" x="88" y="169"/>
<int name="z" value="0"/>
<int name="delay" value="210"/>
<string name="_hash" value="f5405e04711ea774478e2b23ec220d0e72d33966a26edd67843510781742ad89"/>
</canvas>
<canvas name="10" width="182" height="172">
<vector name="origin" x="96" y="169"/>
<int name="z" value="0"/>
<int name="delay" value="210"/>
<string name="_hash" value="1b67bdb29c7b23c92170ec924456e789b7dac82702856f43f7eac848db11fd6b"/>
</canvas>
<canvas name="11" width="190" height="170">
<vector name="origin" x="102" y="167"/>
<int name="z" value="0"/>
<int name="delay" value="210"/>
<string name="_hash" value="49b241f5b2c3e8aaa7c83fc724e2a4a53e75bebdd3630d58ebc5a596613b9960"/>
</canvas>
</imgdir>
</imgdir>
