<?xml version="1.0" encoding="UTF-8" standalone="yes"?>
<imgdir name="1033111.img">
<imgdir name="info">
<canvas name="default" width="198" height="124">
<vector name="origin" x="99" y="123"/>
<int name="z" value="0"/>
<string name="_hash" value="3a3a2de164fe426dc713abaaa8b860fff3c36b0bc09f77c0d05fbc8f4c8cf3cc"/>
</canvas>
<int name="hideName" value="1"/>
<imgdir name="script">
<imgdir name="0">
<string name="script" value="ElfBook"/>
</imgdir>
</imgdir>
<int name="dcLeft" value="-127"/>
<int name="dcTop" value="-170"/>
<int name="dcBottom" value="0"/>
<int name="dcRight" value="127"/>
</imgdir>
<imgdir name="stand">
<canvas name="0" width="256" height="172">
<vector name="origin" x="128" y="171"/>
<int name="z" value="0"/>
<string name="_hash" value="c449d69d9d6f18244d7e1e5dcd86103af18535abf0569d1fdf2ca283e757bf7f"/>
</canvas>
</imgdir>
</imgdir>
