<?xml version="1.0" encoding="UTF-8" standalone="yes"?>
<imgdir name="1033210.img">
<imgdir name="info">
<int name="hideName" value="1"/>
<int name="dcLeft" value="-65"/>
<int name="dcTop" value="-220"/>
<int name="dcBottom" value="-11"/>
<int name="dcRight" value="65"/>
</imgdir>
<imgdir name="stand">
<canvas name="0" width="126" height="201">
<vector name="origin" x="63" y="216"/>
<int name="z" value="0"/>
<string name="_hash" value="3038658d77b9ddef80a0bacea36c815779532e69648f00e321ecd3d3c058164c"/>
</canvas>
<canvas name="1" width="126" height="201">
<vector name="origin" x="63" y="217"/>
<int name="z" value="0"/>
<string name="_hash" value="416a7cf77bc47a96d7fd90f277c579ea5e3b77f59831d772e6d40365ebe04870"/>
</canvas>
<canvas name="2" width="126" height="201">
<vector name="origin" x="63" y="218"/>
<int name="z" value="0"/>
<string name="_hash" value="e5e1e534cd309f3f6fd5225ffcfeec53333433ae1e6b11bcf0954154c74f617c"/>
</canvas>
<canvas name="3" width="126" height="201">
<vector name="origin" x="63" y="219"/>
<int name="z" value="0"/>
<string name="_hash" value="a2aa4d84c49a3ac132d4c6d02e0db6aae18ec562a00cd82960be4976bd56f129"/>
</canvas>
<canvas name="4" width="126" height="201">
<vector name="origin" x="63" y="220"/>
<int name="z" value="0"/>
<string name="_hash" value="8d3fa43448a7c42a5b1723a924c24cac73453cc713a1796e8f293cc6950c02b7"/>
</canvas>
<canvas name="5" width="126" height="201">
<vector name="origin" x="63" y="219"/>
<int name="z" value="0"/>
<string name="_hash" value="70953c9e609535a3e3680678c9042cfbefd1de81ddea8c2493928592479ff83f"/>
</canvas>
<canvas name="6" width="126" height="201">
<vector name="origin" x="63" y="218"/>
<int name="z" value="0"/>
<string name="_hash" value="bfbb765bfa0fc8e82dfce30107b6a06a8807ee58bd4260b66a5fa5868e0bf5dc"/>
</canvas>
<canvas name="7" width="126" height="201">
<vector name="origin" x="63" y="217"/>
<int name="z" value="0"/>
<string name="_hash" value="e407974664a5719103a8e79a81ea08a95bc7d4e38bce47e1976a8e99daab91d9"/>
</canvas>
</imgdir>
</imgdir>
