<?xml version="1.0" encoding="UTF-8" standalone="yes"?>
<imgdir name="1033112.img">
<imgdir name="info">
<imgdir name="script">
<imgdir name="0">
<string name="script" value="ElfTaxi"/>
</imgdir>
</imgdir>
</imgdir>
<imgdir name="stand">
<canvas name="0" width="140" height="163">
<vector name="origin" x="69" y="154"/>
<int name="z" value="0"/>
<int name="delay" value="210"/>
<string name="_hash" value="d3f338d0b3b3cbd7b02b51ba8d572d73240873d54fded78fd34980437678fc3f"/>
</canvas>
<canvas name="1" width="140" height="163">
<vector name="origin" x="69" y="154"/>
<int name="z" value="0"/>
<int name="delay" value="210"/>
<string name="_hash" value="e61cb594a3249c3e76e8ec5b77d8a004c74efa6b75c01f73b3c263e288874d88"/>
</canvas>
<canvas name="2" width="140" height="163">
<vector name="origin" x="69" y="154"/>
<int name="z" value="0"/>
<int name="delay" value="210"/>
<string name="_hash" value="9ec5df580b000f3c6175cbebd38db64df511cd5e3aae88c2357486b1b5fca196"/>
</canvas>
<canvas name="3" width="140" height="163">
<vector name="origin" x="69" y="154"/>
<int name="z" value="0"/>
<int name="delay" value="210"/>
<string name="_hash" value="fe4580b02c27783bc563e4fb5c3c333465fe470bedd154c044c2fbcd977c8d35"/>
</canvas>
<canvas name="4" width="140" height="163">
<vector name="origin" x="69" y="154"/>
<int name="z" value="0"/>
<int name="delay" value="210"/>
<string name="_hash" value="0a3568b726be2e2d7996af8cb0299e6444f9e069233663ba07c829edc71d84f9"/>
</canvas>
<canvas name="5" width="140" height="163">
<vector name="origin" x="69" y="154"/>
<int name="z" value="0"/>
<int name="delay" value="210"/>
<string name="_hash" value="dc8a4bdfd3bdb5b6a036cc0e45b7dbf7030d69939139ff3f3eec5f0672fa4dc4"/>
</canvas>
<canvas name="6" width="140" height="163">
<vector name="origin" x="69" y="154"/>
<int name="z" value="0"/>
<int name="delay" value="210"/>
<string name="_hash" value="07dea926c1e8747ae7c3daa6fb8deaaca9bdc0bf6a58828e15fa4d4c0e7b3ea9"/>
</canvas>
<canvas name="7" width="140" height="163">
<vector name="origin" x="69" y="154"/>
<int name="z" value="0"/>
<int name="delay" value="210"/>
<string name="_hash" value="9114d8b015d65a76c49240ea45ef596a1a169c4b6d5022bc582273b14f2f77d4"/>
</canvas>
<canvas name="8" width="140" height="163">
<vector name="origin" x="69" y="154"/>
<int name="z" value="0"/>
<int name="delay" value="210"/>
<string name="_hash" value="1aea47be7addcb12a72962315f3235d6e2bcef60d02344764f491edfc874567d"/>
</canvas>
<canvas name="9" width="140" height="163">
<vector name="origin" x="69" y="154"/>
<int name="z" value="0"/>
<int name="delay" value="210"/>
<string name="_hash" value="51f93560a789deb36a2073b0a32ee14ecdd882f108452b887fb72b194b54f2fa"/>
</canvas>
<canvas name="10" width="140" height="163">
<vector name="origin" x="69" y="154"/>
<int name="z" value="0"/>
<int name="delay" value="210"/>
<string name="_hash" value="ea33c65dfde3b18b083370d6444fd3bf0aa0f599ed43e8be1a1e57cea3e2a1d4"/>
</canvas>
<canvas name="11" width="140" height="163">
<vector name="origin" x="69" y="154"/>
<int name="z" value="0"/>
<int name="delay" value="210"/>
<string name="_hash" value="eb00ad007d2e385411d2556de31a5c5cfd6c41b525f4a23706bd2167321c3cf7"/>
</canvas>
<canvas name="12" width="140" height="163">
<vector name="origin" x="69" y="154"/>
<int name="z" value="0"/>
<int name="delay" value="210"/>
<string name="_hash" value="6502d73f843461e2f402edcd4a556d041b013dc92ad41c6680e769765af4fdb8"/>
</canvas>
<canvas name="13" width="140" height="163">
<vector name="origin" x="69" y="154"/>
<int name="z" value="0"/>
<int name="delay" value="210"/>
<string name="_hash" value="ed9176151291d6e13850431ff9591076c43c1caeb94845e3678fb2555ceb5d04"/>
</canvas>
</imgdir>
</imgdir>
