<?xml version="1.0" encoding="UTF-8" standalone="yes"?>
<imgdir name="1033107.img">
<imgdir name="info">
<int name="hide" value="1"/>
<int name="dcLeft" value="-37"/>
<int name="dcTop" value="-103"/>
<int name="dcBottom" value="0"/>
<int name="dcRight" value="37"/>
</imgdir>
<imgdir name="stand">
<canvas name="0" width="77" height="104">
<vector name="origin" x="38" y="104"/>
<int name="z" value="0"/>
<int name="delay" value="150"/>
<string name="_hash" value="42ed8faa7ff12ba26569fc3043a24c141a0250be2b1fbf9679f76035f2ac46a2"/>
</canvas>
</imgdir>
<imgdir name="condition1">
<imgdir name="stand">
<canvas name="0" width="1" height="1">
<vector name="origin" x="38" y="104"/>
<int name="z" value="0"/>
<int name="delay" value="150"/>
<string name="_inlink" value="stand/0"/>
</canvas>
</imgdir>
<int name="24075" value="2"/>
</imgdir>
</imgdir>
