<?xml version="1.0" encoding="UTF-8" standalone="yes"?>
<imgdir name="1033108.img">
<imgdir name="info">
<int name="hide" value="1"/>
</imgdir>
<imgdir name="stand">
<canvas name="0" width="78" height="106">
<vector name="origin" x="34" y="107"/>
<int name="z" value="0"/>
<int name="delay" value="150"/>
<string name="_hash" value="76e991c58c1026a4b00f777347254966b60d9cb2d90827521bdc36aabd0699d3"/>
</canvas>
</imgdir>
<imgdir name="condition1">
<imgdir name="stand">
<canvas name="0" width="1" height="1">
<vector name="origin" x="34" y="107"/>
<int name="z" value="0"/>
<int name="delay" value="150"/>
<string name="_inlink" value="stand/0"/>
</canvas>
</imgdir>
<int name="24075" value="2"/>
</imgdir>
</imgdir>
