<?xml version="1.0" encoding="UTF-8" standalone="yes"?>
<imgdir name="1033000.img">
<imgdir name="info">
<int name="trunkPut" value="100"/>
</imgdir>
<imgdir name="stand">
<canvas name="0" width="109" height="114">
<vector name="origin" x="60" y="111"/>
<int name="z" value="0"/>
<int name="delay" value="150"/>
<string name="_hash" value="6a53b53e86effe0bdc64545c91f94b2dfca7be6eeea502da73cb24822d5e8bb5"/>
</canvas>
</imgdir>
<imgdir name="say">
<canvas name="0" width="77" height="98">
<vector name="origin" x="40" y="98"/>
<int name="z" value="0"/>
<string name="_hash" value="112730e34940574098365a022bf9eaa438c9359be215881424092ee186252e1f"/>
</canvas>
<canvas name="1" width="77" height="98">
<vector name="origin" x="40" y="98"/>
<int name="z" value="0"/>
<string name="_hash" value="226170c7a433fee945f8241af67380d5c8b08dc317bfcc1b3c784eacca119ddd"/>
</canvas>
<canvas name="2" width="77" height="98">
<vector name="origin" x="40" y="98"/>
<int name="z" value="0"/>
<string name="_hash" value="64051715495ac80a2652fafc2f169bc71e0a0bc4bea13337ddf4543248209834"/>
</canvas>
<canvas name="3" width="77" height="98">
<vector name="origin" x="40" y="98"/>
<int name="z" value="0"/>
<string name="_hash" value="249c2fcd9ff23623636790b27c347c1816b7532c1e8e6e05062e87b26adef37b"/>
</canvas>
<canvas name="4" width="1" height="1">
<vector name="origin" x="40" y="98"/>
<int name="z" value="0"/>
<string name="_inlink" value="say/2"/>
</canvas>
<int name="special" value="1"/>
</imgdir>
<imgdir name="mouse">
<canvas name="0" width="1" height="1">
<vector name="origin" x="40" y="98"/>
<int name="z" value="0"/>
<string name="_inlink" value="say/0"/>
</canvas>
<canvas name="1" width="77" height="97">
<vector name="origin" x="40" y="97"/>
<int name="z" value="0"/>
<string name="_hash" value="5fbc2448129012ab830772646d09f2cd5538b1011420dcb608ca47ffc7c651ca"/>
</canvas>
<canvas name="2" width="86" height="96">
<vector name="origin" x="49" y="96"/>
<int name="z" value="0"/>
<string name="_hash" value="67df3381fb28cee4eee4ca694e8211dbcae7182bfcebc9aa5805e0e895cae3ed"/>
</canvas>
<canvas name="3" width="86" height="97">
<vector name="origin" x="49" y="97"/>
<int name="z" value="0"/>
<string name="_hash" value="ea935be475e7b95bddfa8426781b25f66d4412936d09544428d1eea21be8cb7e"/>
</canvas>
<canvas name="4" width="90" height="98">
<vector name="origin" x="53" y="98"/>
<int name="z" value="0"/>
<string name="_hash" value="5d576663b380ac24701c9acbb05732df808ad06717cbb5ae7990f45e6e56c441"/>
</canvas>
<canvas name="5" width="94" height="97">
<vector name="origin" x="57" y="97"/>
<int name="z" value="0"/>
<string name="_hash" value="23b67cd9575644d603d2d142da9851ff4e38821776c75d219e2a5392d60a2ab4"/>
</canvas>
<canvas name="6" width="97" height="96">
<vector name="origin" x="60" y="96"/>
<int name="z" value="0"/>
<string name="_hash" value="a00a00cb468785b0bd5bc8e6cfcfc9d68632335a21c7abc58e04a6834f4cdeeb"/>
</canvas>
<canvas name="7" width="99" height="97">
<vector name="origin" x="62" y="97"/>
<int name="z" value="0"/>
<string name="_hash" value="0fe60427791dfd2f450cf5a19f2c05296c4242e5d4a99558a01bf0e54cf31ed2"/>
</canvas>
<canvas name="8" width="99" height="98">
<vector name="origin" x="62" y="98"/>
<int name="z" value="0"/>
<string name="_hash" value="6ca0ccee69ccda399f9859b9bfb2dec5c82b3af571699bc717b9832ffbb5d214"/>
</canvas>
<int name="special" value="1"/>
</imgdir>
<imgdir name="normal">
<canvas name="0" width="1" height="1">
<vector name="origin" x="40" y="98"/>
<int name="z" value="0"/>
<string name="_inlink" value="say/0"/>
</canvas>
<int name="special" value="1"/>
</imgdir>
</imgdir>
