<?xml version="1.0" encoding="UTF-8" standalone="yes"?>
<imgdir name="1033221.img">
<imgdir name="info">
</imgdir>
<imgdir name="stand">
<canvas name="0" width="50" height="69">
<vector name="origin" x="25" y="70"/>
<int name="z" value="0"/>
<int name="delay" value="150"/>
<string name="_hash" value="7f2ae4d9b31ac421c1eb17b81b9158b82c0033c20bd0c1b8becd852c53be7ec2"/>
</canvas>
</imgdir>
<imgdir name="eye">
<canvas name="0" width="1" height="1">
<vector name="origin" x="25" y="70"/>
<int name="z" value="0"/>
<int name="delay" value="130"/>
<string name="_inlink" value="stand/0"/>
</canvas>
<canvas name="1" width="50" height="69">
<vector name="origin" x="25" y="70"/>
<int name="z" value="0"/>
<int name="delay" value="130"/>
<string name="_hash" value="af474f31415292a158f3a742d494420b122e7bdb45175f033b1eb6e26cc83ac5"/>
</canvas>
<canvas name="2" width="50" height="69">
<vector name="origin" x="25" y="70"/>
<int name="z" value="0"/>
<int name="delay" value="150"/>
<string name="_hash" value="17e5b90bab1909527a3498650a236f498c2b7803c0ca1714599c81018a0dc0e8"/>
</canvas>
</imgdir>
<imgdir name="say">
<canvas name="0" width="1" height="1">
<vector name="origin" x="25" y="70"/>
<int name="z" value="0"/>
<int name="delay" value="150"/>
<string name="_inlink" value="stand/0"/>
</canvas>
<canvas name="1" width="50" height="69">
<vector name="origin" x="25" y="70"/>
<int name="z" value="0"/>
<int name="delay" value="150"/>
<string name="_hash" value="446b97941ee4ef1f978da491e9b39a9f298e26e9598c72027faee492cc313a07"/>
</canvas>
<imgdir name="speak">
<string name="0" value="n0"/>
<string name="1" value="n1"/>
</imgdir>
</imgdir>
<imgdir name="body">
<canvas name="0" width="1" height="1">
<vector name="origin" x="25" y="70"/>
<int name="z" value="0"/>
<int name="delay" value="150"/>
<string name="_inlink" value="stand/0"/>
</canvas>
<canvas name="1" width="50" height="69">
<vector name="origin" x="24" y="70"/>
<int name="z" value="0"/>
<int name="delay" value="150"/>
<string name="_hash" value="1eb5054c2080b68648e70e42c92d948b13f9f2024e16cf9c98766ee9fcc0488d"/>
</canvas>
</imgdir>
</imgdir>
