<?xml version="1.0" encoding="UTF-8" standalone="yes"?>
<imgdir name="1033105.img">
<imgdir name="info">
</imgdir>
<imgdir name="stand">
<canvas name="0" width="88" height="84">
<vector name="origin" x="41" y="80"/>
<int name="z" value="0"/>
<int name="delay" value="150"/>
<string name="_hash" value="c49a79cfedd4a390f4a63488716a3458eba3c43a8d91c4ae0c9e7ff40b616510"/>
</canvas>
</imgdir>
<imgdir name="say">
<canvas name="0" width="48" height="62">
<vector name="origin" x="23" y="62"/>
<int name="z" value="0"/>
<string name="_hash" value="f2d8545904a918367a2a19a0e6a35a05bdd462771ade5d32cc1d78fa047b5223"/>
</canvas>
<canvas name="1" width="48" height="62">
<vector name="origin" x="23" y="62"/>
<int name="z" value="0"/>
<string name="_hash" value="05befa67e969acb2ffb77b88c88c5deb8770fe9422c382a3869df2b4b00aeaf7"/>
</canvas>
<int name="special" value="1"/>
</imgdir>
<imgdir name="book">
<canvas name="0" width="1" height="1">
<vector name="origin" x="23" y="62"/>
<int name="z" value="0"/>
<string name="_inlink" value="say/0"/>
</canvas>
<canvas name="1" width="48" height="62">
<vector name="origin" x="23" y="62"/>
<int name="z" value="0"/>
<string name="_hash" value="aefd7cd593405217f2b723251148b89e3ee50e62d792e97b5014979646a345f9"/>
</canvas>
<canvas name="2" width="48" height="62">
<vector name="origin" x="23" y="62"/>
<int name="z" value="0"/>
<string name="_hash" value="be3fb0c3e075bf2ae2f21ce085992a4ca2eceb4c1c88346b0f855abcd70480d7"/>
</canvas>
<canvas name="3" width="1" height="1">
<vector name="origin" x="23" y="62"/>
<int name="z" value="0"/>
<string name="_inlink" value="book/2"/>
</canvas>
<canvas name="4" width="1" height="1">
<vector name="origin" x="23" y="62"/>
<int name="z" value="0"/>
<string name="_inlink" value="book/2"/>
</canvas>
<canvas name="5" width="1" height="1">
<vector name="origin" x="23" y="62"/>
<int name="z" value="0"/>
<string name="_inlink" value="book/2"/>
</canvas>
<canvas name="6" width="1" height="1">
<vector name="origin" x="23" y="62"/>
<int name="z" value="0"/>
<string name="_inlink" value="book/1"/>
</canvas>
<int name="special" value="1"/>
</imgdir>
<imgdir name="normal">
<canvas name="0" width="1" height="1">
<vector name="origin" x="23" y="62"/>
<int name="z" value="0"/>
<string name="_inlink" value="say/0"/>
</canvas>
<int name="special" value="1"/>
</imgdir>
</imgdir>
