<?xml version="1.0" encoding="UTF-8" standalone="yes"?>
<imgdir name="1040002.img">
<imgdir name="info">
<imgdir name="speak">
<string name="0" value="n0"/>
<string name="1" value="n1"/>
</imgdir>
</imgdir>
<imgdir name="stand">
<canvas name="0" width="66" height="46">
<vector name="origin" x="33" y="46"/>
<int name="z" value="0"/>
<string name="delay" value="1000"/>
<string name="_hash" value="47d919d1613da917a01b4c3bf5ad6c1b9dde7fbdd2be73ec784fc6c2aba0e3ae"/>
</canvas>
<canvas name="1" width="66" height="50">
<vector name="origin" x="33" y="50"/>
<int name="z" value="0"/>
<string name="delay" value="150"/>
<string name="_hash" value="2585c677735e6e5f78162333cf49111ba360fa5d2e0cdb564bb6e4e6c89b291b"/>
</canvas>
<uol name="2" value="0"/>
<uol name="3" value="1"/>
<uol name="4" value="0"/>
<uol name="5" value="1"/>
<uol name="6" value="0"/>
<uol name="7" value="1"/>
</imgdir>
<imgdir name="shade">
<canvas name="0" width="1" height="1">
<vector name="origin" x="33" y="46"/>
<int name="z" value="0"/>
<string name="delay" value="2000"/>
<string name="_inlink" value="stand/0"/>
</canvas>
<canvas name="1" width="66" height="46">
<vector name="origin" x="33" y="46"/>
<int name="z" value="0"/>
<string name="delay" value="150"/>
<string name="_hash" value="4e1db4ae02e681a210186ec57f4b9cc771519d5ac4d0082a38bff3bedb550cd1"/>
</canvas>
<canvas name="2" width="61" height="46">
<vector name="origin" x="33" y="46"/>
<int name="z" value="0"/>
<string name="delay" value="150"/>
<string name="_hash" value="437a5145c2214e1430595d99807396da3c239691e9a48a9dd160fb0056370375"/>
</canvas>
<canvas name="3" width="49" height="41">
<vector name="origin" x="33" y="42"/>
<int name="z" value="0"/>
<string name="delay" value="150"/>
<string name="_hash" value="8246bc18382a2af2c9101f80d4900fd173755ed48b45e4cfd9e423188f02c9bd"/>
</canvas>
<canvas name="4" width="37" height="31">
<vector name="origin" x="31" y="37"/>
<int name="z" value="0"/>
<string name="delay" value="150"/>
<string name="_hash" value="bb26ab2e925c1f7898585e542dbc0d5ab021d1d0c5dd9d896ca5d1dfd48e8d96"/>
</canvas>
<canvas name="5" width="27" height="21">
<vector name="origin" x="31" y="31"/>
<int name="z" value="0"/>
<string name="delay" value="150"/>
<string name="_hash" value="41fa4b9abf1d70045ec22baedc1d55bc5399cc307d5831fa9e2d551341caf4a8"/>
</canvas>
<canvas name="6" width="27" height="19">
<vector name="origin" x="31" y="29"/>
<int name="z" value="0"/>
<string name="delay" value="150"/>
<string name="_hash" value="79975149e750f74b0f0f91ef9f26209ff619bcfcd4371d73220cb0d59fcbc8c8"/>
</canvas>
<canvas name="7" width="27" height="19">
<vector name="origin" x="31" y="29"/>
<int name="z" value="0"/>
<string name="delay" value="2000"/>
<string name="_hash" value="b5727436461422d36785b5d52b973bc611c037a5ba54635e31e0c73d6219cde7"/>
</canvas>
<uol name="8" value="6"/>
<uol name="9" value="5"/>
<uol name="10" value="4"/>
<uol name="11" value="3"/>
<uol name="12" value="2"/>
<uol name="13" value="1"/>
</imgdir>
<imgdir name="tail">
<canvas name="0" width="1" height="1">
<vector name="origin" x="33" y="46"/>
<int name="z" value="0"/>
<string name="delay" value="1000"/>
<string name="_inlink" value="stand/0"/>
</canvas>
<canvas name="1" width="66" height="46">
<vector name="origin" x="33" y="46"/>
<int name="z" value="0"/>
<string name="delay" value="100"/>
<string name="_hash" value="83505762506ec0db6b3e2823ef7694dad7d436ca8b6a6f1d905893a7da988dff"/>
</canvas>
<canvas name="2" width="65" height="46">
<vector name="origin" x="33" y="46"/>
<int name="z" value="0"/>
<string name="delay" value="100"/>
<string name="_hash" value="3e82209747dfcc58fe536b01f50d1d1b7a72b70137671e5139e370478d1231e8"/>
</canvas>
<canvas name="3" width="64" height="46">
<vector name="origin" x="33" y="46"/>
<int name="z" value="0"/>
<string name="delay" value="100"/>
<string name="_hash" value="0290b6958f438b1818ecac11cebc1c2efb3fab597aa8f9722f55adc28bae5a7f"/>
</canvas>
<canvas name="4" width="65" height="46">
<vector name="origin" x="33" y="46"/>
<int name="z" value="0"/>
<string name="delay" value="100"/>
<string name="_hash" value="648f2ed571314fa425c52a6b1bd2be4c7ead46bae6be1ff4a646cfc5960bfe88"/>
</canvas>
<uol name="5" value="0"/>
<uol name="6" value="1"/>
<uol name="7" value="2"/>
<uol name="8" value="3"/>
<uol name="9" value="4"/>
<uol name="10" value="0"/>
<uol name="11" value="1"/>
<uol name="12" value="2"/>
<uol name="13" value="3"/>
<uol name="14" value="4"/>
<imgdir name="speak">
<string name="0" value="d0"/>
<string name="1" value="d1"/>
</imgdir>
</imgdir>
</imgdir>
