<?xml version="1.0" encoding="UTF-8" standalone="yes"?>
<imgdir name="1040000.img">
<imgdir name="info">
<imgdir name="script">
<imgdir name="0">
<string name="script" value="talk_luke"/>
</imgdir>
</imgdir>
<imgdir name="speak">
<string name="0" value="n0"/>
<string name="1" value="n1"/>
<string name="2" value="n2"/>
</imgdir>
</imgdir>
<imgdir name="stand">
<canvas name="0" width="63" height="88">
<vector name="origin" x="26" y="88"/>
<int name="z" value="0"/>
<int name="delay" value="2000"/>
<string name="_hash" value="9f798a98e14fa336c3f69d77cee46701b39c13a98df1006269f6a1805571d9d2"/>
</canvas>
<canvas name="1" width="64" height="88">
<vector name="origin" x="27" y="88"/>
<int name="z" value="0"/>
<int name="delay" value="200"/>
<string name="_hash" value="69a9612dde80f542749ac411e0214d30b976563995fe621eb408dc4c189da27b"/>
</canvas>
<canvas name="2" width="66" height="88">
<vector name="origin" x="29" y="88"/>
<int name="z" value="0"/>
<int name="delay" value="1000"/>
<string name="_hash" value="9912fb211af5d544b45b977793f3112aa7ff98df65267e76c4745c69bbf681f4"/>
</canvas>
</imgdir>
</imgdir>
