<?xml version="1.0" encoding="UTF-8" standalone="yes"?>
<imgdir name="1043002.img">
<imgdir name="info">
<imgdir name="script">
<imgdir name="0">
<string name="script" value="dual_wallpaper"/>
</imgdir>
</imgdir>
<int name="hideName" value="1"/>
</imgdir>
<imgdir name="stand">
<canvas name="0" width="1" height="1">
<vector name="origin" x="0" y="0"/>
<int name="z" value="0"/>
<int name="delay" value="1000"/>
<int name="a0" value="255"/>
<int name="a1" value="255"/>
</canvas>
<uol name="1" value="0"/>
<uol name="2" value="0"/>
<uol name="3" value="0"/>
<uol name="4" value="0"/>
</imgdir>
<imgdir name="q2358">
<canvas name="0" width="82" height="102">
<vector name="origin" x="41" y="132"/>
<int name="z" value="0"/>
<int name="delay" value="3000"/>
<int name="a0" value="255"/>
<int name="a1" value="255"/>
<string name="_hash" value="222357e27344e79cf0848c7e57241d47646287bab2a6c771755864fc7889aef4"/>
</canvas>
<canvas name="1" width="1" height="1">
<vector name="origin" x="41" y="132"/>
<int name="z" value="0"/>
<int name="delay" value="2000"/>
<int name="a0" value="255"/>
<int name="a1" value="0"/>
<string name="_inlink" value="q2358/0"/>
</canvas>
<int name="special" value="1"/>
</imgdir>
<imgdir name="condition1">
<int name="2358" value="1"/>
<imgdir name="stand">
<canvas name="0" width="100" height="55">
<vector name="origin" x="23" y="77"/>
<int name="z" value="0"/>
<int name="delay" value="120"/>
<string name="_hash" value="c46316afd4aa6b5c3a52020bb174527e08bce7dd3254a4e2276f790616859ba8"/>
</canvas>
<canvas name="1" width="100" height="51">
<vector name="origin" x="23" y="77"/>
<int name="z" value="0"/>
<int name="delay" value="120"/>
<string name="_hash" value="0fb42ac4593138b2888907b509d8928e97167d1830ed6156dcc20eb8f7af88e2"/>
</canvas>
<canvas name="2" width="99" height="42">
<vector name="origin" x="23" y="78"/>
<int name="z" value="0"/>
<int name="delay" value="120"/>
<string name="_hash" value="7451993b761a81b38fdb58289e2bce7c5d98e8250bda2ac40acbea3ce93428e4"/>
</canvas>
<canvas name="3" width="100" height="67">
<vector name="origin" x="21" y="79"/>
<int name="z" value="0"/>
<int name="delay" value="120"/>
<string name="_hash" value="9613d6221ba61650250a014407930f12a9a63d5bd7322be9f8bf5d6363bfabee"/>
</canvas>
<canvas name="4" width="101" height="59">
<vector name="origin" x="23" y="78"/>
<int name="z" value="0"/>
<int name="delay" value="120"/>
<string name="_hash" value="8fe34dfa7867788c096c31d39d288b9cd2424d738c4d5e7f87d2ee961da87a95"/>
</canvas>
</imgdir>
<imgdir name="q2358">
<canvas name="0" width="1" height="1">
<vector name="origin" x="41" y="132"/>
<int name="z" value="0"/>
<int name="delay" value="3000"/>
<int name="a0" value="255"/>
<int name="a1" value="255"/>
<string name="_inlink" value="q2358/0"/>
</canvas>
<canvas name="1" width="1" height="1">
<vector name="origin" x="41" y="132"/>
<int name="z" value="0"/>
<int name="delay" value="2000"/>
<int name="a0" value="255"/>
<int name="a1" value="0"/>
<string name="_inlink" value="q2358/0"/>
</canvas>
<int name="special" value="1"/>
</imgdir>
</imgdir>
</imgdir>
