<?xml version="1.0" encoding="UTF-8" standalone="yes"?>
<imgdir name="1051001.img">
<imgdir name="info">
<imgdir name="speak">
<string name="0" value="n0"/>
<string name="1" value="n1"/>
</imgdir>
<int name="shop" value="1"/>
</imgdir>
<imgdir name="stand">
<canvas name="0" width="47" height="72">
<vector name="origin" x="23" y="72"/>
<int name="z" value="0"/>
<string name="_hash" value="78c78a0aa359fca21ef81ade14bd7879252126bab927dbcbb9a0347183f8eaf1"/>
</canvas>
</imgdir>
</imgdir>
