<?xml version="1.0" encoding="UTF-8" standalone="yes"?>
<imgdir name="1051002.img">
<imgdir name="info">
<imgdir name="speak">
<string name="0" value="n0"/>
<string name="1" value="n1"/>
</imgdir>
<int name="shop" value="1"/>
</imgdir>
<imgdir name="stand">
<canvas name="0" width="50" height="69">
<vector name="origin" x="25" y="69"/>
<int name="z" value="0"/>
<string name="_hash" value="4fbd63f213087e8cba911d8ed8b978ac20d9a2c3d457849fb058a6dfd1366426"/>
</canvas>
</imgdir>
</imgdir>
