<?xml version="1.0" encoding="UTF-8" standalone="yes"?>
<imgdir name="1052213.img">
<imgdir name="info">
<int name="hide" value="1"/>
<imgdir name="script">
<imgdir name="0">
<string name="script" value="npc_1052213"/>
</imgdir>
</imgdir>
</imgdir>
<imgdir name="stand">
<canvas name="0" width="1" height="1">
<vector name="origin" x="28" y="87"/>
<int name="z" value="0"/>
<int name="delay" value="360"/>
<string name="_hash" value="5c912c02d18bcde0ed07ef57eef0e8c2550d9cc77e999cc61ccd36154180c5f2"/>
<string name="_outlink" value="Npc/1052207.img/stand/0"/>
</canvas>
<canvas name="1" width="1" height="1">
<vector name="origin" x="28" y="87"/>
<int name="z" value="0"/>
<int name="delay" value="210"/>
<string name="_hash" value="e1f7d822b031ec26cd27606d74eb6743bcf04a33f906289e6e224cac53cd2357"/>
<string name="_outlink" value="Npc/1052207.img/stand/1"/>
</canvas>
<canvas name="2" width="1" height="1">
<vector name="origin" x="28" y="87"/>
<int name="z" value="0"/>
<int name="delay" value="210"/>
<string name="_hash" value="ecf379001cd24feb9160d577fd66c6f461340c10d800d4433b7098040bbfb663"/>
<string name="_outlink" value="Npc/1052207.img/stand/2"/>
</canvas>
<uol name="3" value="0"/>
<uol name="4" value="1"/>
<uol name="5" value="2"/>
<uol name="6" value="0"/>
<uol name="7" value="1"/>
<uol name="8" value="2"/>
</imgdir>
<imgdir name="condition1">
<int name="34422" value="2"/>
<int name="hide" value="1"/>
<imgdir name="stand">
<canvas name="0" width="1" height="1">
</canvas>
</imgdir>
<imgdir name="eye">
<canvas name="0" width="1" height="1">
</canvas>
</imgdir>
<imgdir name="say">
<canvas name="0" width="1" height="1">
</canvas>
</imgdir>
</imgdir>
<imgdir name="condition2">
<int name="34407" value="2"/>
<uol name="stand" value="../stand"/>
</imgdir>
</imgdir>
