<?xml version="1.0" encoding="UTF-8" standalone="yes"?>
<imgdir name="1052122.img">
<imgdir name="info">
<int name="dcLeft" value="-50"/>
<int name="dcTop" value="-135"/>
<int name="dcRight" value="32"/>
<int name="dcBottom" value="0"/>
</imgdir>
<imgdir name="stand">
<canvas name="0" width="51" height="71">
<vector name="origin" x="24" y="71"/>
<int name="z" value="0"/>
<int name="delay" value="540"/>
<string name="_hash" value="53675c1c7a60ec2e48228881351e0e76bd4be091cf03fac59328c6407442ace0"/>
</canvas>
<canvas name="1" width="51" height="71">
<vector name="origin" x="24" y="71"/>
<int name="z" value="0"/>
<int name="delay" value="120"/>
<string name="_hash" value="6961a759b856875e008865aebf1120e9fd96e2fc5c7675d0d809711e5bc6bdae"/>
</canvas>
<canvas name="2" width="51" height="71">
<vector name="origin" x="24" y="71"/>
<int name="z" value="0"/>
<int name="delay" value="120"/>
<string name="_hash" value="623b00f239b728037ae9961b740703fc120e665a95e9a39fa2c9b7c26fffa07d"/>
</canvas>
<canvas name="3" width="1" height="1">
<vector name="origin" x="24" y="71"/>
<int name="z" value="0"/>
<int name="delay" value="120"/>
<string name="_inlink" value="stand/0"/>
</canvas>
<canvas name="4" width="1" height="1">
<vector name="origin" x="24" y="71"/>
<int name="z" value="0"/>
<int name="delay" value="120"/>
<string name="_inlink" value="stand/1"/>
</canvas>
<canvas name="5" width="1" height="1">
<vector name="origin" x="24" y="71"/>
<int name="z" value="0"/>
<int name="delay" value="120"/>
<string name="_inlink" value="stand/2"/>
</canvas>
<canvas name="6" width="1" height="1">
<vector name="origin" x="24" y="71"/>
<int name="z" value="0"/>
<int name="delay" value="120"/>
<string name="_inlink" value="stand/0"/>
</canvas>
</imgdir>
<imgdir name="say">
<canvas name="0" width="51" height="71">
<vector name="origin" x="24" y="71"/>
<int name="z" value="0"/>
<int name="delay" value="150"/>
<string name="_hash" value="7fe0e6e841e916014d2150a53083746adb6bd5ff02a9fb090d3c077685065629"/>
</canvas>
<canvas name="1" width="1" height="1">
<vector name="origin" x="24" y="71"/>
<int name="z" value="0"/>
<int name="delay" value="120"/>
<string name="_inlink" value="stand/0"/>
</canvas>
<canvas name="2" width="51" height="71">
<vector name="origin" x="24" y="71"/>
<int name="z" value="0"/>
<int name="delay" value="150"/>
<string name="_hash" value="441082a23e231b793fbc6bc071be37fc4fe8404a3896accff6328cfe6c24c9d2"/>
</canvas>
<uol name="3" value="1"/>
<uol name="4" value="2"/>
<uol name="5" value="0"/>
<uol name="6" value="0"/>
<uol name="7" value="1"/>
<uol name="8" value="2"/>
<uol name="9" value="0"/>
<uol name="10" value="2"/>
<uol name="11" value="1"/>
<uol name="12" value="1"/>
<imgdir name="speak">
<string name="0" value="n0"/>
<string name="1" value="n1"/>
</imgdir>
</imgdir>
<imgdir name="action">
<canvas name="0" width="1" height="1">
<vector name="origin" x="24" y="71"/>
<int name="z" value="0"/>
<int name="delay" value="120"/>
<string name="_inlink" value="say/2"/>
</canvas>
<canvas name="1" width="1" height="1">
<vector name="origin" x="24" y="71"/>
<int name="z" value="0"/>
<int name="delay" value="120"/>
<string name="_inlink" value="say/0"/>
</canvas>
<canvas name="2" width="51" height="71">
<vector name="origin" x="23" y="71"/>
<int name="z" value="0"/>
<int name="delay" value="120"/>
<string name="_hash" value="5e86af39084bc1edd14f74ecd8229365a7dd9aac83a93158a4012a1c05a8d00b"/>
</canvas>
<canvas name="3" width="51" height="71">
<vector name="origin" x="23" y="71"/>
<int name="z" value="0"/>
<int name="delay" value="120"/>
<string name="_hash" value="7e4e8bf630b227e1e3ed3534733916520f75504e2d4cc8e1b297b77a3ba5f0da"/>
</canvas>
<canvas name="4" width="51" height="71">
<vector name="origin" x="23" y="71"/>
<int name="z" value="0"/>
<int name="delay" value="120"/>
<string name="_hash" value="f943869bcef50b59045fda848ce37b79284ae6a969664714fca32fafba603eb4"/>
</canvas>
<canvas name="5" width="1" height="1">
<vector name="origin" x="23" y="71"/>
<int name="z" value="0"/>
<int name="delay" value="120"/>
<string name="_inlink" value="action/3"/>
</canvas>
<canvas name="6" width="1" height="1">
<vector name="origin" x="23" y="71"/>
<int name="z" value="0"/>
<int name="delay" value="120"/>
<string name="_inlink" value="action/4"/>
</canvas>
<canvas name="7" width="51" height="71">
<vector name="origin" x="23" y="71"/>
<int name="z" value="0"/>
<int name="delay" value="120"/>
<string name="_hash" value="32e53b4267ca2980f6c3881eaf279381040d38b9b68b7f5a27ebe079ad7439a8"/>
</canvas>
<canvas name="8" width="1" height="1">
<vector name="origin" x="24" y="71"/>
<int name="z" value="0"/>
<int name="delay" value="120"/>
<string name="_inlink" value="stand/2"/>
</canvas>
</imgdir>
</imgdir>
