<?xml version="1.0" encoding="UTF-8" standalone="yes"?>
<imgdir name="1052221.img">
<imgdir name="info">
<canvas name="default" width="124" height="115">
<vector name="origin" x="60" y="115"/>
<int name="z" value="0"/>
<string name="_hash" value="722c0ec7b01679cf850609d6202e452157d1f2638189ffa02648703f36105122"/>
</canvas>
</imgdir>
<imgdir name="stand">
<canvas name="0" width="63" height="85">
<vector name="origin" x="28" y="115"/>
<int name="z" value="0"/>
<string name="_hash" value="f0323ed7816b877a61b0b7b63d799ea68091f92e11450e7f82cf1854e1adc0fc"/>
</canvas>
</imgdir>
<imgdir name="say">
<canvas name="0" width="1" height="1">
<vector name="origin" x="28" y="115"/>
<int name="z" value="0"/>
<int name="delay" value="180"/>
<string name="_inlink" value="stand/0"/>
</canvas>
<canvas name="1" width="63" height="85">
<vector name="origin" x="28" y="115"/>
<int name="z" value="0"/>
<int name="delay" value="180"/>
<string name="_hash" value="c7723e81dbdf0c5ccccc7f9d13082efe82d8b189675f8af73240c93714804165"/>
</canvas>
<canvas name="2" width="1" height="1">
<vector name="origin" x="28" y="115"/>
<int name="z" value="0"/>
<int name="delay" value="180"/>
<string name="_inlink" value="stand/0"/>
</canvas>
<canvas name="3" width="63" height="85">
<vector name="origin" x="28" y="115"/>
<int name="z" value="0"/>
<int name="delay" value="180"/>
<string name="_hash" value="88cd2cab59832d5cb4442ec223b78450cb01e754e76b5adc07fa1cd5e008e510"/>
</canvas>
</imgdir>
<imgdir name="finger">
<canvas name="0" width="1" height="1">
<vector name="origin" x="28" y="115"/>
<int name="z" value="0"/>
<int name="delay" value="210"/>
<string name="_inlink" value="stand/0"/>
</canvas>
<canvas name="1" width="65" height="85">
<vector name="origin" x="30" y="115"/>
<int name="z" value="0"/>
<int name="delay" value="210"/>
<string name="_hash" value="10a60c74b0bd07ba35b25b26a0ba68f13b40eeba7d923a7b2ae4467c21ed8862"/>
</canvas>
<canvas name="2" width="65" height="85">
<vector name="origin" x="30" y="115"/>
<int name="z" value="0"/>
<int name="delay" value="210"/>
<string name="_hash" value="284c20e9ffe8b6a8d5a711c775bcd046e5b4f8742a3b7d05a08a1f407724dea7"/>
</canvas>
<canvas name="3" width="63" height="85">
<vector name="origin" x="28" y="115"/>
<int name="z" value="0"/>
<int name="delay" value="210"/>
<string name="_hash" value="a6a1b63b486860ae6b544da8b6952c135dc53e3c98420d1d0fa8c6eb18e8b095"/>
</canvas>
<canvas name="4" width="65" height="85">
<vector name="origin" x="30" y="115"/>
<int name="z" value="0"/>
<int name="delay" value="210"/>
<string name="_hash" value="6960f2480185b3be47100d870b99e06ede405f286a5e63bfd9e309ddd228bf2b"/>
</canvas>
<canvas name="5" width="65" height="85">
<vector name="origin" x="30" y="115"/>
<int name="z" value="0"/>
<int name="delay" value="210"/>
<string name="_hash" value="0d0c46f64163d92812ea97354a51f11df9eb0d2df09ca93c10f06f65f055de12"/>
</canvas>
</imgdir>
</imgdir>
