<?xml version="1.0" encoding="UTF-8" standalone="yes"?>
<imgdir name="1052251.img">
<imgdir name="info">
<string name="hideName" value="1"/>
</imgdir>
<imgdir name="stand">
<canvas name="0" width="47" height="76">
<vector name="origin" x="22" y="72"/>
<int name="z" value="0"/>
<int name="delay" value="90"/>
<string name="_hash" value="518b58373b4e67025c78275d82468957a6c83573b64f68afa627e18d97829484"/>
</canvas>
<canvas name="1" width="47" height="76">
<vector name="origin" x="22" y="72"/>
<int name="z" value="0"/>
<int name="delay" value="90"/>
<string name="_hash" value="4b5c4d53f5f2b41fbabb218f91c2ccb207d95babfb695b5a1fef7e7564e3bfc6"/>
</canvas>
<canvas name="2" width="48" height="77">
<vector name="origin" x="22" y="73"/>
<int name="z" value="0"/>
<int name="delay" value="90"/>
<string name="_hash" value="3fa76b0dcd71fd2ecc3645f860b18f6a97dd2512bc9ca9497369fb6d18e4a854"/>
</canvas>
<canvas name="3" width="49" height="78">
<vector name="origin" x="22" y="74"/>
<int name="z" value="0"/>
<int name="delay" value="90"/>
<string name="_hash" value="a71a351c399ebdbfafd767404e4ca886aceab175a0067685e5f33db7a5e6dbbe"/>
</canvas>
<canvas name="4" width="49" height="78">
<vector name="origin" x="22" y="74"/>
<int name="z" value="0"/>
<int name="delay" value="90"/>
<string name="_hash" value="57005878c8906390d66a48825e965b2f603675d0acc4337886afdaeba9daaea2"/>
</canvas>
<canvas name="5" width="49" height="78">
<vector name="origin" x="22" y="74"/>
<int name="z" value="0"/>
<int name="delay" value="90"/>
<string name="_hash" value="808aceb5c4fb5d5a4275394982028609b4b5b661fcfe9552d012b578b11b8d82"/>
</canvas>
<canvas name="6" width="48" height="77">
<vector name="origin" x="22" y="73"/>
<int name="z" value="0"/>
<int name="delay" value="90"/>
<string name="_hash" value="dd5beda4409178ac5edefa4fde28436ea5f3ac058d98df8a6cc947d599775ffc"/>
</canvas>
</imgdir>
<imgdir name="condition1">
<int name="34407" value="2"/>
<int name="hide" value="1"/>
<imgdir name="stand">
<canvas name="0" width="1" height="1">
</canvas>
</imgdir>
</imgdir>
</imgdir>
