<?xml version="1.0" encoding="UTF-8" standalone="yes"?>
<imgdir name="1052216.img">
<imgdir name="info">
<int name="hide" value="1"/>
<imgdir name="script">
<imgdir name="0">
<string name="script" value="npc_1052216"/>
</imgdir>
</imgdir>
</imgdir>
<imgdir name="stand">
<canvas name="0" width="1" height="1">
<vector name="origin" x="23" y="76"/>
<int name="z" value="0"/>
<string name="_hash" value="2b8f54bee9d93f56d9d3e2d5a1b15efcb1e26b69b78c24fde74626f9c1a9a4e2"/>
<string name="_outlink" value="Npc/1052210.img/stand/0"/>
</canvas>
</imgdir>
<imgdir name="say">
<canvas name="0" width="1" height="1">
<vector name="origin" x="23" y="76"/>
<int name="z" value="0"/>
<int name="delay" value="200"/>
<string name="_outlink" value="Npc/1052210.img/stand/0"/>
</canvas>
<canvas name="1" width="1" height="1">
<vector name="origin" x="23" y="76"/>
<int name="z" value="0"/>
<int name="delay" value="200"/>
<string name="_hash" value="81dd396e60b6cc2f1ab193d133c1b1deb65f9d99bebc78d515e01a6881dca74f"/>
<string name="_outlink" value="Npc/1052210.img/say/1"/>
</canvas>
<canvas name="2" width="1" height="1">
<vector name="origin" x="23" y="76"/>
<int name="z" value="0"/>
<int name="delay" value="200"/>
<string name="_outlink" value="Npc/1052210.img/stand/0"/>
</canvas>
<canvas name="3" width="1" height="1">
<vector name="origin" x="23" y="76"/>
<int name="z" value="0"/>
<int name="delay" value="200"/>
<string name="_outlink" value="Npc/1052210.img/say/1"/>
</canvas>
</imgdir>
<imgdir name="eye">
<canvas name="0" width="1" height="1">
<vector name="origin" x="23" y="76"/>
<int name="z" value="0"/>
<int name="delay" value="120"/>
<string name="_outlink" value="Npc/1052210.img/stand/0"/>
</canvas>
<canvas name="1" width="1" height="1">
<vector name="origin" x="23" y="76"/>
<int name="z" value="0"/>
<int name="delay" value="120"/>
<string name="_hash" value="db3a051217733e4e5829abef29ab12064b111b8b20c389ed6ffb0ba6641a129d"/>
<string name="_outlink" value="Npc/1052210.img/eye/1"/>
</canvas>
<canvas name="2" width="1" height="1">
<vector name="origin" x="23" y="76"/>
<int name="z" value="0"/>
<int name="delay" value="120"/>
<string name="_hash" value="7759f36e3d0366e2bce555d678497cbeae2d56cdfcd80a24d691b163e7deebda"/>
<string name="_outlink" value="Npc/1052210.img/eye/2"/>
</canvas>
</imgdir>
<imgdir name="condition1">
<int name="34422" value="2"/>
<int name="hide" value="1"/>
<imgdir name="stand">
<canvas name="0" width="1" height="1">
</canvas>
</imgdir>
<imgdir name="eye">
<canvas name="0" width="1" height="1">
</canvas>
</imgdir>
<imgdir name="say">
<canvas name="0" width="1" height="1">
</canvas>
</imgdir>
</imgdir>
<imgdir name="condition2">
<int name="34416" value="3"/>
<uol name="stand" value="../stand"/>
<uol name="say" value="../say"/>
<uol name="eye" value="../eye"/>
</imgdir>
</imgdir>
