<?xml version="1.0" encoding="UTF-8" standalone="yes"?>
<imgdir name="1052218.img">
<imgdir name="info">
<imgdir name="speak">
<string name="0" value="s0"/>
</imgdir>
<int name="dcLeft" value="-57"/>
<int name="dcTop" value="-101"/>
<int name="dcRight" value="29"/>
<int name="dcBottom" value="0"/>
</imgdir>
<imgdir name="stand">
<canvas name="0" width="72" height="91">
<vector name="origin" x="36" y="91"/>
<int name="z" value="0"/>
<int name="delay" value="3000"/>
<string name="_hash" value="dafbdfc3a4edbb03fe605f366578d4af465363d69a42dd7fcd5d67965aa98045"/>
</canvas>
</imgdir>
<imgdir name="say">
<canvas name="0" width="1" height="1">
<vector name="origin" x="36" y="91"/>
<int name="z" value="0"/>
<string name="_inlink" value="stand/0"/>
</canvas>
<canvas name="1" width="72" height="91">
<vector name="origin" x="36" y="91"/>
<int name="z" value="0"/>
<string name="_hash" value="105105d2705764d9b03621d964295625865aa86cad7b91a5e4c7b93e188789dd"/>
</canvas>
<canvas name="2" width="1" height="1">
<vector name="origin" x="36" y="91"/>
<int name="z" value="0"/>
<string name="_inlink" value="stand/0"/>
</canvas>
<canvas name="3" width="72" height="91">
<vector name="origin" x="36" y="91"/>
<int name="z" value="0"/>
<string name="_hash" value="ba3aa1d4c87fbad507cc4fe91fae755ab5d1052a723ccab48530b05133e7cced"/>
</canvas>
</imgdir>
<imgdir name="eye">
<canvas name="0" width="1" height="1">
<vector name="origin" x="36" y="91"/>
<int name="z" value="0"/>
<string name="_inlink" value="stand/0"/>
</canvas>
<canvas name="1" width="72" height="91">
<vector name="origin" x="36" y="91"/>
<int name="z" value="0"/>
<string name="_hash" value="cac35cd97638d5c33c3d88971ed83d6fea57effdecd66b5afdd5914aa1921349"/>
</canvas>
<canvas name="2" width="72" height="91">
<vector name="origin" x="36" y="91"/>
<int name="z" value="0"/>
<string name="_hash" value="00798f6ec6010d3c39086f9233c3c3ba0f3b103d480eecea62327d437c900e26"/>
</canvas>
</imgdir>
<imgdir name="blow">
<canvas name="0" width="1" height="1">
<vector name="origin" x="36" y="91"/>
<int name="z" value="0"/>
<string name="_inlink" value="stand/0"/>
</canvas>
<canvas name="1" width="69" height="91">
<vector name="origin" x="33" y="91"/>
<int name="z" value="0"/>
<string name="_hash" value="0e3d09d87d06255ee30fa351fd8bf7b46bec8a538a90324a7a9364b95a144081"/>
</canvas>
<canvas name="2" width="83" height="91">
<vector name="origin" x="47" y="91"/>
<int name="z" value="0"/>
<string name="_hash" value="9eec12cf89f0794cde8da75bfc5bae989131110ee035529f02ff4e8cc4305aed"/>
</canvas>
<canvas name="3" width="88" height="91">
<vector name="origin" x="52" y="91"/>
<int name="z" value="0"/>
<string name="_hash" value="7044699e1c06a78af58c71a127be726061ff91a046248aad3640f829965e8588"/>
</canvas>
<canvas name="4" width="86" height="91">
<vector name="origin" x="50" y="91"/>
<int name="z" value="0"/>
<string name="_hash" value="a134035f0ed44b6cb5ee344ed55efa24b2e805400a608ba1b4688a701b71992c"/>
</canvas>
<canvas name="5" width="70" height="91">
<vector name="origin" x="34" y="91"/>
<int name="z" value="0"/>
<string name="_hash" value="38852c1a128c63674a4af4eed9fceb6592db243c8e03b550aa41bb7b7167b31d"/>
</canvas>
</imgdir>
</imgdir>
