<?xml version="1.0" encoding="UTF-8" standalone="yes"?>
<imgdir name="1052210.img">
<imgdir name="info">
<int name="forceMove" value="1"/>
</imgdir>
<imgdir name="stand">
<canvas name="0" width="52" height="77">
<vector name="origin" x="23" y="76"/>
<int name="z" value="0"/>
<string name="_hash" value="2b8f54bee9d93f56d9d3e2d5a1b15efcb1e26b69b78c24fde74626f9c1a9a4e2"/>
</canvas>
</imgdir>
<imgdir name="say">
<canvas name="0" width="1" height="1">
<vector name="origin" x="23" y="76"/>
<int name="z" value="0"/>
<int name="delay" value="200"/>
<string name="_inlink" value="stand/0"/>
</canvas>
<canvas name="1" width="52" height="77">
<vector name="origin" x="23" y="76"/>
<int name="z" value="0"/>
<int name="delay" value="200"/>
<string name="_hash" value="81dd396e60b6cc2f1ab193d133c1b1deb65f9d99bebc78d515e01a6881dca74f"/>
</canvas>
<canvas name="2" width="1" height="1">
<vector name="origin" x="23" y="76"/>
<int name="z" value="0"/>
<int name="delay" value="200"/>
<string name="_inlink" value="stand/0"/>
</canvas>
<canvas name="3" width="1" height="1">
<vector name="origin" x="23" y="76"/>
<int name="z" value="0"/>
<int name="delay" value="200"/>
<string name="_inlink" value="say/1"/>
</canvas>
</imgdir>
<imgdir name="eye">
<canvas name="0" width="1" height="1">
<vector name="origin" x="23" y="76"/>
<int name="z" value="0"/>
<int name="delay" value="120"/>
<string name="_inlink" value="stand/0"/>
</canvas>
<canvas name="1" width="52" height="77">
<vector name="origin" x="23" y="76"/>
<int name="z" value="0"/>
<int name="delay" value="120"/>
<string name="_hash" value="db3a051217733e4e5829abef29ab12064b111b8b20c389ed6ffb0ba6641a129d"/>
</canvas>
<canvas name="2" width="52" height="77">
<vector name="origin" x="23" y="76"/>
<int name="z" value="0"/>
<int name="delay" value="120"/>
<string name="_hash" value="7759f36e3d0366e2bce555d678497cbeae2d56cdfcd80a24d691b163e7deebda"/>
</canvas>
</imgdir>
<imgdir name="move">
<canvas name="0" width="52" height="76">
<vector name="origin" x="23" y="75"/>
<int name="z" value="0"/>
<int name="delay" value="200"/>
<string name="_hash" value="99bb57bc1ffa8efb35ebcf85a890e6ae2a61938914137d003c30602b06923f61"/>
</canvas>
<canvas name="1" width="52" height="77">
<vector name="origin" x="23" y="76"/>
<int name="z" value="0"/>
<int name="delay" value="200"/>
<string name="_hash" value="cc824669e8d8449e92f101fed55a574de54a12edcfb8dd91995e3ea7ca905859"/>
</canvas>
<canvas name="2" width="52" height="76">
<vector name="origin" x="23" y="75"/>
<int name="z" value="0"/>
<int name="delay" value="200"/>
<string name="_hash" value="69ef021454c95069a71d996a6ca4e627f58e2d88199f3c15b114058b79c32b76"/>
</canvas>
<canvas name="3" width="52" height="77">
<vector name="origin" x="23" y="76"/>
<int name="z" value="0"/>
<int name="delay" value="200"/>
<string name="_hash" value="628ecd1479455d6307570e8fbf28ef7af1310dc4ef46ea84f6d3df01d306e81d"/>
</canvas>
</imgdir>
<imgdir name="condition1">
<int name="34413" value="2"/>
<int name="hide" value="1"/>
<imgdir name="stand">
<canvas name="0" width="1" height="1">
</canvas>
</imgdir>
<imgdir name="eye">
<canvas name="0" width="1" height="1">
</canvas>
</imgdir>
<imgdir name="say">
<canvas name="0" width="1" height="1">
</canvas>
</imgdir>
</imgdir>
<imgdir name="condition2">
<int name="34413" value="1"/>
<int name="hide" value="1"/>
<imgdir name="stand">
<canvas name="0" width="1" height="1">
</canvas>
</imgdir>
<imgdir name="eye">
<canvas name="0" width="1" height="1">
</canvas>
</imgdir>
<imgdir name="say">
<canvas name="0" width="1" height="1">
</canvas>
</imgdir>
</imgdir>
</imgdir>
