<?xml version="1.0" encoding="UTF-8" standalone="yes"?>
<imgdir name="1052249.img">
<imgdir name="info">
<string name="hideName" value="1"/>
</imgdir>
<imgdir name="stand">
<canvas name="0" width="80" height="78">
<vector name="origin" x="20" y="70"/>
<int name="z" value="0"/>
<int name="delay" value="150"/>
<string name="_hash" value="a962ec0c7cffd383465995e960ac104d90cbfea4018f0876df157fca6738b139"/>
</canvas>
<canvas name="1" width="84" height="78">
<vector name="origin" x="20" y="70"/>
<int name="z" value="0"/>
<int name="delay" value="150"/>
<string name="_hash" value="76429eb37a356d5b22ad0247fe344ad4dbc5910ea14737637d9213e9b16f4303"/>
</canvas>
<canvas name="2" width="87" height="78">
<vector name="origin" x="20" y="70"/>
<int name="z" value="0"/>
<int name="delay" value="150"/>
<string name="_hash" value="ebaf0ea9810d25b661ba441124e636dcb50c219a63e06749629fa23a65679932"/>
</canvas>
<canvas name="3" width="91" height="78">
<vector name="origin" x="20" y="70"/>
<int name="z" value="0"/>
<int name="delay" value="150"/>
<string name="_hash" value="f83461f29da0af0d67b1e12f6baf86ba515fe100d72b34e748aa553176f4cd27"/>
</canvas>
<canvas name="4" width="94" height="78">
<vector name="origin" x="20" y="70"/>
<int name="z" value="0"/>
<int name="delay" value="150"/>
<string name="_hash" value="f99ad741cc96aa2bd507f3fa2ee262318404406cdb53a2fbcb7b45bedb2fda3c"/>
</canvas>
<canvas name="5" width="96" height="78">
<vector name="origin" x="20" y="70"/>
<int name="z" value="0"/>
<int name="delay" value="150"/>
<string name="_hash" value="c33f082a2d3daeb377ffed4dcec071c9aeffac7d7e0c4cdf1424ee52bc95ed8e"/>
</canvas>
<canvas name="6" width="99" height="78">
<vector name="origin" x="20" y="70"/>
<int name="z" value="0"/>
<int name="delay" value="150"/>
<string name="_hash" value="f6555b20ec9e14ff9cb67908011e2e296180e3c51cd6e780dddd642ca3bf83d4"/>
</canvas>
<canvas name="7" width="55" height="78">
<vector name="origin" x="20" y="70"/>
<int name="z" value="0"/>
<int name="delay" value="150"/>
<string name="_hash" value="ab9c5701d89de3b2f2be07617dbe752b9dddbf220b7662b6fa9ef9d480e73a64"/>
</canvas>
</imgdir>
<imgdir name="condition1">
<int name="34407" value="2"/>
<int name="hide" value="1"/>
<imgdir name="stand">
<canvas name="0" width="1" height="1">
</canvas>
</imgdir>
</imgdir>
</imgdir>
