<?xml version="1.0" encoding="UTF-8" standalone="yes"?>
<imgdir name="1052228.img">
<imgdir name="info">
</imgdir>
<imgdir name="stand">
<canvas name="0" width="1" height="1">
<vector name="origin" x="18" y="103"/>
<int name="z" value="0"/>
<int name="delay" value="3000"/>
<string name="_hash" value="13f8203a5241138415d8a041dfd945350587d2664dc4caba99e01667e800a7f3"/>
<string name="_outlink" value="Npc/1052137.img/stand/0"/>
</canvas>
</imgdir>
<imgdir name="say">
<canvas name="0" width="1" height="1">
<vector name="origin" x="18" y="103"/>
<int name="z" value="0"/>
<string name="_outlink" value="Npc/1052137.img/stand/0"/>
</canvas>
<canvas name="1" width="1" height="1">
<vector name="origin" x="34" y="104"/>
<int name="z" value="0"/>
<string name="_hash" value="e4eefbb7546865127473cb4df59274dfb67c749ee5cc8c28c1b5c475249c8a24"/>
<string name="_outlink" value="Npc/1052137.img/say/1"/>
</canvas>
<canvas name="2" width="1" height="1">
<vector name="origin" x="39" y="103"/>
<int name="z" value="0"/>
<string name="_hash" value="2d03f0443b3d0d4d9db20f58094335da386a41b78ee6723b46fd0e27de0950d3"/>
<string name="_outlink" value="Npc/1052137.img/say/2"/>
</canvas>
<canvas name="3" width="1" height="1">
<vector name="origin" x="41" y="104"/>
<int name="z" value="0"/>
<string name="_hash" value="0a74f58bdd63f6941c195117298bcb5b0aab08533831ee400598dda4ed057782"/>
<string name="_outlink" value="Npc/1052137.img/say/3"/>
</canvas>
<canvas name="4" width="1" height="1">
<vector name="origin" x="45" y="103"/>
<int name="z" value="0"/>
<string name="_hash" value="c78614ff694522bf90d944e2864463077de296c17925503b82ef4d93cffcb309"/>
<string name="_outlink" value="Npc/1052137.img/say/4"/>
</canvas>
<canvas name="5" width="1" height="1">
<vector name="origin" x="46" y="104"/>
<int name="z" value="0"/>
<string name="_hash" value="142ba687b40a998b6a083f486c2834d63cfa15c8e613467faf5eebe4ffb8baa3"/>
<string name="_outlink" value="Npc/1052137.img/say/5"/>
</canvas>
</imgdir>
<imgdir name="eye">
<canvas name="0" width="1" height="1">
<vector name="origin" x="18" y="103"/>
<int name="z" value="0"/>
<string name="_outlink" value="Npc/1052137.img/stand/0"/>
</canvas>
<canvas name="1" width="1" height="1">
<vector name="origin" x="18" y="103"/>
<int name="z" value="0"/>
<string name="_hash" value="3b4de89101dd2df755d09fd891047ceffd1ba6985d3d8eeae811bafa4d999a13"/>
<string name="_outlink" value="Npc/1052137.img/eye/1"/>
</canvas>
<canvas name="2" width="1" height="1">
<vector name="origin" x="18" y="103"/>
<int name="z" value="0"/>
<string name="_hash" value="a37412341e9bbfdb593d770028610908aa8df066786a7f30a0447bc25514d22a"/>
<string name="_outlink" value="Npc/1052137.img/eye/2"/>
</canvas>
<canvas name="3" width="1" height="1">
<vector name="origin" x="18" y="103"/>
<int name="z" value="0"/>
<string name="_hash" value="67979b525fb9afa1e250556958151d525c8fb6b912b470813d85bad4e46d686a"/>
<string name="_outlink" value="Npc/1052137.img/eye/3"/>
</canvas>
<canvas name="4" width="1" height="1">
<vector name="origin" x="18" y="103"/>
<int name="z" value="0"/>
<string name="_hash" value="7b3c9967ca12362da72b05c53d3bbd8e711b80555b38201fcd3b08969dc85d7a"/>
<string name="_outlink" value="Npc/1052137.img/eye/4"/>
</canvas>
</imgdir>
</imgdir>
