<?xml version="1.0" encoding="UTF-8" standalone="yes"?>
<imgdir name="1052014.img">
<imgdir name="info">
<int name="dcLeft" value="-47"/>
<int name="dcTop" value="-117"/>
<int name="dcRight" value="50"/>
<int name="dcBottom" value="0"/>
<canvas name="default" width="64" height="79">
<vector name="origin" x="32" y="79"/>
<string name="_hash" value="d0bf10c3097d5ec13a314aefe82747540eae055c1a49244e75ea80607a0d2832"/>
</canvas>
</imgdir>
<imgdir name="stand">
<canvas name="0" width="99" height="120">
<vector name="origin" x="49" y="119"/>
<int name="delay" value="500"/>
<string name="_hash" value="037ba5a2e8db97740d179b50b60e974555c4383b7347e5f69766f75b60c4aa5b"/>
</canvas>
<canvas name="1" width="99" height="120">
<vector name="origin" x="49" y="119"/>
<int name="delay" value="500"/>
<string name="_hash" value="d6233563390233ecde664b9b405c10838f9298b70098c8a5fd5fc1efdda844da"/>
</canvas>
</imgdir>
<imgdir name="shop">
<canvas name="0" width="1" height="1">
<vector name="origin" x="32" y="79"/>
<string name="_inlink" value="info/default"/>
</canvas>
</imgdir>
</imgdir>
