<?xml version="1.0" encoding="UTF-8" standalone="yes"?>
<imgdir name="1052115.img">
<imgdir name="info">
<imgdir name="speak">
<string name="0" value="n0"/>
<string name="1" value="n1"/>
</imgdir>
<imgdir name="script">
<imgdir name="0">
<string name="script" value="metroIm"/>
</imgdir>
</imgdir>
</imgdir>
<imgdir name="stand">
<canvas name="0" width="62" height="89">
<vector name="origin" x="29" y="89"/>
<int name="z" value="0"/>
<int name="delay" value="1000"/>
<string name="_hash" value="2f6927f0e0a7b0706038fca664a1de441664c7157f303f8e3f38552512442542"/>
</canvas>
</imgdir>
<imgdir name="fan">
<canvas name="0" width="1" height="1">
<vector name="origin" x="29" y="89"/>
<int name="z" value="0"/>
<int name="delay" value="150"/>
<string name="_inlink" value="stand/0"/>
</canvas>
<canvas name="1" width="62" height="89">
<vector name="origin" x="29" y="89"/>
<int name="z" value="0"/>
<int name="delay" value="150"/>
<string name="_hash" value="0b5cfdd3edb3e529208ffc6fea5436043a65a17f84c5996deca40a3ac4f6adec"/>
</canvas>
<uol name="2" value="0"/>
<uol name="3" value="1"/>
<uol name="4" value="0"/>
<uol name="5" value="1"/>
<uol name="6" value="0"/>
<uol name="7" value="1"/>
</imgdir>
<imgdir name="breath">
<canvas name="0" width="1" height="1">
<vector name="origin" x="29" y="89"/>
<int name="z" value="0"/>
<int name="delay" value="150"/>
<string name="_inlink" value="stand/0"/>
</canvas>
<canvas name="1" width="62" height="90">
<vector name="origin" x="28" y="90"/>
<int name="z" value="0"/>
<int name="delay" value="150"/>
<string name="_hash" value="29e5afb34fae791f1d0cccf31143542505183114a48f3bc44eb20fb8f2d6d6e5"/>
</canvas>
<canvas name="2" width="62" height="91">
<vector name="origin" x="27" y="91"/>
<int name="z" value="0"/>
<int name="delay" value="150"/>
<string name="_hash" value="83242f5649701261bc8897e8fb269502423865ef3fe10bd82a0e39ca14dd066e"/>
</canvas>
<canvas name="3" width="1" height="1">
<vector name="origin" x="27" y="91"/>
<int name="z" value="0"/>
<int name="delay" value="150"/>
<string name="_inlink" value="breath/2"/>
</canvas>
<canvas name="4" width="65" height="90">
<vector name="origin" x="31" y="90"/>
<int name="z" value="0"/>
<int name="delay" value="150"/>
<string name="_hash" value="1372e47c80f5ffecaa4ff2297b0023b6e9608562e8a46e7f6611d47c6eaf1f4f"/>
</canvas>
<canvas name="5" width="67" height="89">
<vector name="origin" x="34" y="89"/>
<int name="z" value="0"/>
<int name="delay" value="150"/>
<string name="_hash" value="ccf16c81c5313d605c4f92b6a6b031cc1ea9024d969fba5b17906281a099150b"/>
</canvas>
<canvas name="6" width="69" height="89">
<vector name="origin" x="36" y="89"/>
<int name="z" value="0"/>
<int name="delay" value="500"/>
<string name="_hash" value="7d7ed3fb82fe9513e09573142f2a7ed473b7806f2540faa6b01946f59c5c1190"/>
</canvas>
</imgdir>
<imgdir name="say">
<canvas name="0" width="1" height="1">
<vector name="origin" x="29" y="89"/>
<int name="z" value="0"/>
<int name="delay" value="150"/>
<string name="_inlink" value="stand/0"/>
</canvas>
<canvas name="1" width="62" height="89">
<vector name="origin" x="29" y="89"/>
<int name="z" value="0"/>
<int name="delay" value="150"/>
<string name="_hash" value="3f5aa5af9b2743422d9c8e59ce6d888f5a3ceaf5da68c17c6a6e56347bfcdadc"/>
</canvas>
<uol name="2" value="0"/>
<uol name="3" value="1"/>
<uol name="4" value="0"/>
<uol name="5" value="1"/>
<uol name="6" value="0"/>
<uol name="7" value="1"/>
<imgdir name="speak">
<string name="0" value="n0"/>
<string name="1" value="n1"/>
</imgdir>
</imgdir>
<imgdir name="beard">
<canvas name="0" width="1" height="1">
<vector name="origin" x="29" y="89"/>
<int name="z" value="0"/>
<int name="delay" value="500"/>
<string name="_inlink" value="stand/0"/>
</canvas>
<canvas name="1" width="62" height="89">
<vector name="origin" x="29" y="89"/>
<int name="z" value="0"/>
<int name="delay" value="150"/>
<string name="_hash" value="1752810be482921b789b2eaebffc2f6134cfe88fe0e1d1324b111eb74313ff3a"/>
</canvas>
<canvas name="2" width="62" height="89">
<vector name="origin" x="29" y="89"/>
<int name="z" value="0"/>
<int name="delay" value="150"/>
<string name="_hash" value="ad25c42980c2858e9256d8c9faf54e36fdff6ac082fb061a6f7e9aa5c3fbfbff"/>
</canvas>
<canvas name="3" width="62" height="89">
<vector name="origin" x="29" y="89"/>
<int name="z" value="0"/>
<int name="delay" value="150"/>
<string name="_hash" value="d067f8a523c4715636d4f33492477ad5d737eeb9f666ed4ab7d9981d51913d5e"/>
</canvas>
<canvas name="4" width="62" height="89">
<vector name="origin" x="29" y="89"/>
<int name="z" value="0"/>
<int name="delay" value="150"/>
<string name="_hash" value="36dd3df6dfd35d5bd26ffe4550e808b02e573fe9b924d1123c4d6b4ef4cd1b4f"/>
</canvas>
<canvas name="5" width="1" height="1">
<vector name="origin" x="29" y="89"/>
<int name="z" value="0"/>
<int name="delay" value="150"/>
<string name="_inlink" value="beard/2"/>
</canvas>
<canvas name="6" width="1" height="1">
<vector name="origin" x="29" y="89"/>
<int name="z" value="0"/>
<int name="delay" value="150"/>
<string name="_inlink" value="beard/3"/>
</canvas>
<canvas name="7" width="1" height="1">
<vector name="origin" x="29" y="89"/>
<int name="z" value="0"/>
<int name="delay" value="150"/>
<string name="_inlink" value="beard/4"/>
</canvas>
<canvas name="8" width="1" height="1">
<vector name="origin" x="29" y="89"/>
<int name="z" value="0"/>
<int name="delay" value="150"/>
<string name="_inlink" value="beard/1"/>
</canvas>
</imgdir>
</imgdir>
