<?xml version="1.0" encoding="UTF-8" standalone="yes"?>
<imgdir name="1052121.img">
<imgdir name="info">
<int name="dcLeft" value="-50"/>
<int name="dcTop" value="-135"/>
<int name="dcRight" value="32"/>
<int name="dcBottom" value="0"/>
</imgdir>
<imgdir name="stand">
<canvas name="0" width="55" height="73">
<vector name="origin" x="29" y="73"/>
<int name="z" value="0"/>
<int name="delay" value="550"/>
<string name="_hash" value="dd9252d7464b411f1fdc9f021f16c04d853ca3965b165c33fc77f6228de4d04a"/>
</canvas>
<canvas name="1" width="55" height="73">
<vector name="origin" x="29" y="73"/>
<int name="z" value="0"/>
<int name="delay" value="110"/>
<string name="_hash" value="3967286f357c72f1a29a65ce62acc05cf734c6456c3dbd30ca9dc56b652fb32c"/>
</canvas>
<canvas name="2" width="55" height="73">
<vector name="origin" x="29" y="73"/>
<int name="z" value="0"/>
<int name="delay" value="110"/>
<string name="_hash" value="068d5102beeeee64e87481c7c1c3e14079b04ba447b98f19b01872bbd35d58d4"/>
</canvas>
</imgdir>
<imgdir name="say">
<canvas name="0" width="1" height="1">
<vector name="origin" x="29" y="73"/>
<int name="z" value="0"/>
<int name="delay" value="500"/>
<string name="_inlink" value="stand/0"/>
</canvas>
<canvas name="1" width="55" height="73">
<vector name="origin" x="29" y="73"/>
<int name="z" value="0"/>
<int name="delay" value="110"/>
<string name="_hash" value="cadcf232c6b05d563166a3881193a9c676d6698c73428b2e33f06322575d7213"/>
</canvas>
<canvas name="2" width="55" height="73">
<vector name="origin" x="29" y="73"/>
<int name="z" value="0"/>
<int name="delay" value="110"/>
<string name="_hash" value="a2b1e47777159ab4fae1a5508eb5c7c723093097a87bc62b392ea68ace751f6e"/>
</canvas>
<canvas name="3" width="55" height="73">
<vector name="origin" x="29" y="73"/>
<int name="z" value="0"/>
<int name="delay" value="110"/>
<string name="_hash" value="6a108f09bb5b19476c1e1187bca6ee32272d9027c9cd70da8880de6e24099262"/>
</canvas>
<canvas name="4" width="55" height="73">
<vector name="origin" x="29" y="73"/>
<int name="z" value="0"/>
<int name="delay" value="110"/>
<string name="_hash" value="e0638c7a4423b0c750a759c0cfc7f351945a41f0b9a86914d96ef3a179945738"/>
</canvas>
<canvas name="5" width="1" height="1">
<vector name="origin" x="29" y="73"/>
<int name="z" value="0"/>
<int name="delay" value="110"/>
<string name="_inlink" value="stand/0"/>
</canvas>
<canvas name="6" width="55" height="73">
<vector name="origin" x="29" y="73"/>
<int name="z" value="0"/>
<int name="delay" value="110"/>
<string name="_hash" value="6675ef4dc7d09f47e52b2d34b4d70a2601902ed3d305c99cefe6e48dc21a0d4e"/>
</canvas>
<canvas name="7" width="55" height="73">
<vector name="origin" x="29" y="73"/>
<int name="z" value="0"/>
<int name="delay" value="110"/>
<string name="_hash" value="48805b17fa8083602c02e5b2f5e81469dd9a30a8fd4fd8963798540f0f48040d"/>
</canvas>
<canvas name="8" width="1" height="1">
<vector name="origin" x="29" y="73"/>
<int name="z" value="0"/>
<int name="delay" value="110"/>
<string name="_inlink" value="stand/0"/>
</canvas>
<uol name="9" value="6"/>
<uol name="10" value="7"/>
<imgdir name="speak">
<string name="0" value="n0"/>
<string name="1" value="n1"/>
</imgdir>
</imgdir>
<imgdir name="book">
<canvas name="0" width="1" height="1">
<vector name="origin" x="29" y="73"/>
<int name="z" value="0"/>
<int name="delay" value="550"/>
<string name="_inlink" value="stand/0"/>
</canvas>
<canvas name="1" width="55" height="73">
<vector name="origin" x="29" y="73"/>
<int name="z" value="0"/>
<int name="delay" value="170"/>
<string name="_hash" value="c20bf33284585ecf840a495b1680dfd922e2529fdf6f91bea455cb1ba0c86e96"/>
</canvas>
<canvas name="2" width="1" height="1">
<vector name="origin" x="29" y="73"/>
<int name="z" value="0"/>
<int name="delay" value="170"/>
<string name="_inlink" value="stand/0"/>
</canvas>
<canvas name="3" width="55" height="73">
<vector name="origin" x="29" y="73"/>
<int name="z" value="0"/>
<int name="delay" value="170"/>
<string name="_hash" value="af65a4551f0fe47131c67281f57bda5f3614c6bc8ee6a3e4762096ee223dae50"/>
</canvas>
<canvas name="4" width="55" height="73">
<vector name="origin" x="29" y="73"/>
<int name="z" value="0"/>
<int name="delay" value="170"/>
<string name="_hash" value="b12d53c8029b1edbaac46002e5441616c4ab8554b9b2e109e638fb9897e18b5f"/>
</canvas>
<canvas name="5" width="55" height="73">
<vector name="origin" x="29" y="73"/>
<int name="z" value="0"/>
<int name="delay" value="170"/>
<string name="_hash" value="eda4feea683959d40fe7f2d5e0215bfb1b8e352ed580ecbf05fd3009ca649f5e"/>
</canvas>
<canvas name="6" width="55" height="73">
<vector name="origin" x="29" y="73"/>
<int name="z" value="0"/>
<int name="delay" value="170"/>
<string name="_hash" value="1baabd77d7ba604db1fe9b990fee54b789546b12d7861fd1d3be954466a8cb33"/>
</canvas>
<canvas name="7" width="1" height="1">
<vector name="origin" x="29" y="73"/>
<int name="z" value="0"/>
<int name="delay" value="170"/>
<string name="_inlink" value="book/4"/>
</canvas>
<canvas name="8" width="1" height="1">
<vector name="origin" x="29" y="73"/>
<int name="z" value="0"/>
<int name="delay" value="170"/>
<string name="_inlink" value="book/3"/>
</canvas>
</imgdir>
</imgdir>
