<?xml version="1.0" encoding="UTF-8" standalone="yes"?>
<imgdir name="1052101.img">
<imgdir name="info">
<imgdir name="speak">
<string name="0" value="n0"/>
<string name="1" value="n1"/>
</imgdir>
<imgdir name="script">
<imgdir name="0">
<string name="script" value="hair_kerning2"/>
</imgdir>
</imgdir>
</imgdir>
<imgdir name="stand">
<canvas name="0" width="65" height="76">
<vector name="origin" x="35" y="76"/>
<string name="_hash" value="1a69f2df490cd4e56734c1e348ffc8055c33769f868b906e63621003b11b1656"/>
</canvas>
</imgdir>
</imgdir>
