<?xml version="1.0" encoding="UTF-8" standalone="yes"?>
<imgdir name="1052130.img">
<imgdir name="info">
<int name="hideName" value="1"/>
<int name="dcLeft" value="-19"/>
<int name="dcTop" value="-1"/>
<int name="dcRight" value="24"/>
<int name="dcBottom" value="35"/>
<canvas name="default" width="59" height="35">
<vector name="origin" x="29" y="17"/>
<int name="z" value="0"/>
<string name="_hash" value="e56be8edcb63a85e3dbea7ca66806c7926a519795d8f0aa16a219e279ec10ccf"/>
</canvas>
</imgdir>
<imgdir name="stand">
<canvas name="0" width="1" height="1">
<vector name="origin" x="0" y="0"/>
</canvas>
</imgdir>
</imgdir>
