<?xml version="1.0" encoding="UTF-8" standalone="yes"?>
<imgdir name="1052011.img">
<imgdir name="info">
<int name="dcMark" value="1"/>
<int name="dcLeft" value="-45"/>
<int name="dcTop" value="-112"/>
<int name="dcRight" value="30"/>
<int name="dcBottom" value="0"/>
<imgdir name="script">
<imgdir name="0">
<string name="script" value="subway_out"/>
</imgdir>
</imgdir>
</imgdir>
<imgdir name="stand">
<canvas name="0" width="77" height="113">
<vector name="origin" x="46" y="113"/>
<string name="_hash" value="a3a01c80b39ad0c68779b635ba55129d243b8eb80b66b9a0e5e5ccd8688f3e77"/>
</canvas>
</imgdir>
</imgdir>
