<?xml version="1.0" encoding="UTF-8" standalone="yes"?>
<imgdir name="1052124.img">
<imgdir name="info">
<int name="dcLeft" value="-50"/>
<int name="dcTop" value="-135"/>
<int name="dcRight" value="32"/>
<int name="dcBottom" value="0"/>
</imgdir>
<imgdir name="stand">
<canvas name="0" width="48" height="81">
<vector name="origin" x="27" y="81"/>
<int name="z" value="0"/>
<int name="delay" value="1000"/>
<string name="_hash" value="f9e0291efc1343d32db88aaa3f56aa978c99dae56a0d9e04add24fdbb375019e"/>
</canvas>
<canvas name="1" width="48" height="81">
<vector name="origin" x="27" y="81"/>
<int name="z" value="0"/>
<int name="delay" value="110"/>
<string name="_hash" value="e07142bd4dad5e78a4ee56b6f9b712e91395c261fcce5f840512cd6cc66879c2"/>
</canvas>
<canvas name="2" width="48" height="81">
<vector name="origin" x="27" y="81"/>
<int name="z" value="0"/>
<int name="delay" value="110"/>
<string name="_hash" value="47b53023c2bad9e79c4ec4e0b36eb2ee623c83bf0743be9cead8ee373c088383"/>
</canvas>
<canvas name="3" width="47" height="82">
<vector name="origin" x="26" y="82"/>
<int name="z" value="0"/>
<int name="delay" value="110"/>
<string name="_hash" value="fc362a097743364802b92bfba98e69cb2f4259c542bb7c8f45a11df30de6f6e0"/>
</canvas>
<canvas name="4" width="48" height="81">
<vector name="origin" x="27" y="81"/>
<int name="z" value="0"/>
<int name="delay" value="110"/>
<string name="_hash" value="cca017dff7c2ed49a3eff96d131c3aefd1e887df411a439737cb8c9f8a188eb5"/>
</canvas>
<canvas name="5" width="52" height="80">
<vector name="origin" x="31" y="80"/>
<int name="z" value="0"/>
<int name="delay" value="110"/>
<string name="_hash" value="f230b1c091920e3d9589f5579e2fadcfc477ff09968de79cfc146c16b856a5f5"/>
</canvas>
<canvas name="6" width="49" height="80">
<vector name="origin" x="28" y="80"/>
<int name="z" value="0"/>
<int name="delay" value="110"/>
<string name="_hash" value="98e03487a0b60586cbef0d1e28fc8321ca60492604d9f00296600989ed8a8d19"/>
</canvas>
</imgdir>
<imgdir name="say">
<canvas name="0" width="48" height="81">
<vector name="origin" x="27" y="81"/>
<int name="z" value="0"/>
<int name="delay" value="220"/>
<string name="_hash" value="49308cc14233e0f3fa58e7c1d259c1c7709485f783d234be1318aa0a7346ef29"/>
</canvas>
<canvas name="1" width="48" height="81">
<vector name="origin" x="27" y="81"/>
<int name="z" value="0"/>
<int name="delay" value="220"/>
<string name="_hash" value="60d7e3c23df2200a2ef5c08c7b1795cd6ae5732c29944fcb798ea42c63fb7744"/>
</canvas>
<canvas name="2" width="48" height="81">
<vector name="origin" x="27" y="81"/>
<int name="z" value="0"/>
<int name="delay" value="220"/>
<string name="_hash" value="9daa56b00d618775ae54b412b70fa8ab66d60a3b6679f930db1f6287f6cdf960"/>
</canvas>
<uol name="3" value="1"/>
<uol name="4" value="2"/>
<uol name="5" value="1"/>
<canvas name="6" width="48" height="81">
<vector name="origin" x="27" y="81"/>
<int name="z" value="0"/>
<int name="delay" value="220"/>
<string name="_hash" value="c16dd15cdbac311c82688dc0fc76052d8cf3b49d0f7c33ddcd1a38997bdb3ff6"/>
</canvas>
<canvas name="7" width="48" height="81">
<vector name="origin" x="27" y="81"/>
<int name="z" value="0"/>
<int name="delay" value="220"/>
<string name="_hash" value="f9c7b1a1e168f606174f28e88580a8832c6f70228c07a29d7bfec664eeb311bb"/>
</canvas>
<canvas name="8" width="48" height="81">
<vector name="origin" x="27" y="81"/>
<int name="z" value="0"/>
<int name="delay" value="220"/>
<string name="_hash" value="9386bfc2477a327013c430cef08f87a2331e02a48ab667e5448eeee567b10d7d"/>
</canvas>
<canvas name="9" width="48" height="81">
<vector name="origin" x="27" y="81"/>
<int name="z" value="0"/>
<int name="delay" value="220"/>
<string name="_hash" value="489bd6f6584525a315b0d3f90d52476f2ca9519013accbd3e47acedf52a5b833"/>
</canvas>
<imgdir name="speak">
<string name="0" value="n0"/>
<string name="1" value="n1"/>
</imgdir>
</imgdir>
<imgdir name="action">
<canvas name="0" width="1" height="1">
<vector name="origin" x="27" y="81"/>
<int name="z" value="0"/>
<int name="delay" value="150"/>
<string name="_inlink" value="stand/0"/>
</canvas>
<canvas name="1" width="48" height="81">
<vector name="origin" x="27" y="81"/>
<int name="z" value="0"/>
<int name="delay" value="150"/>
<string name="_hash" value="e84dae22ed2952d90e922e1266043254c2a987726ae1d00c47b40e01a114faf1"/>
</canvas>
<canvas name="2 " width="48" height="81">
<vector name="origin" x="27" y="81"/>
<int name="z" value="0"/>
<int name="delay" value="150"/>
<string name="_hash" value="773623e85fe0bf4c512ada6efa422fb2aee8e70669863d376c93d679dc256fd0"/>
</canvas>
<canvas name="3" width="48" height="81">
<vector name="origin" x="27" y="81"/>
<int name="z" value="0"/>
<int name="delay" value="150"/>
<string name="_hash" value="21143643f569bc76bd8aed047b09fc9cc29dd5d3f4e68b2c1de1ddf77dbe14e5"/>
</canvas>
<canvas name="4" width="56" height="77">
<vector name="origin" x="17" y="77"/>
<int name="z" value="0"/>
<int name="delay" value="150"/>
<string name="_hash" value="756716993a8225c6272180f0f51a50f45c580b238750d037d5b8e7b3e461be29"/>
</canvas>
<canvas name="5" width="59" height="75">
<vector name="origin" x="8" y="75"/>
<int name="z" value="0"/>
<int name="delay" value="150"/>
<string name="_hash" value="0d8bf244098982d2f123ae8425f0ce4a11ead1e3dcca5271867a28a7a3ee2a7b"/>
</canvas>
<canvas name="6" width="55" height="75">
<vector name="origin" x="2" y="75"/>
<int name="z" value="0"/>
<int name="delay" value="150"/>
<string name="_hash" value="209528126b2f215232375716275a5315c7d3c3edcdded7dd47761d1d3fd52122"/>
</canvas>
<canvas name="7" width="53" height="76">
<vector name="origin" x="-1" y="76"/>
<int name="z" value="0"/>
<int name="delay" value="150"/>
<string name="_hash" value="b0c43905a4106dd0abf77adc5a7934f5ab4b7238df4a51f622aca27b04eaf6c7"/>
</canvas>
<canvas name="8" width="61" height="77">
<vector name="origin" x="30" y="77"/>
<int name="z" value="0"/>
<int name="delay" value="150"/>
<string name="_hash" value="a87cf6849e14f28d8bf07bf1b49df5662f95d5a500c1c02c42f1db954ced75c2"/>
</canvas>
<canvas name="9" width="57" height="75">
<vector name="origin" x="37" y="75"/>
<int name="z" value="0"/>
<int name="delay" value="150"/>
<string name="_hash" value="20cfa70f681b8d98b6559cb665a2aa005b4892bc1a4ef8ef77a58cfa3702df96"/>
</canvas>
<canvas name="10" width="50" height="75">
<vector name="origin" x="39" y="75"/>
<int name="z" value="0"/>
<int name="delay" value="150"/>
<string name="_hash" value="93c468f807cf7fe64181304c346eb051a35e90a827d7c923da07100b63330faa"/>
</canvas>
<canvas name="11" width="49" height="75">
<vector name="origin" x="40" y="75"/>
<int name="z" value="0"/>
<int name="delay" value="150"/>
<string name="_hash" value="948c3368f9e7a1e1d518f919f16e28a09bf5e1868a1f49ae6825405ec9f1842e"/>
</canvas>
<canvas name="12" width="56" height="77">
<vector name="origin" x="37" y="77"/>
<int name="z" value="0"/>
<int name="delay" value="150"/>
<string name="_hash" value="af8b79cbaf16f458671bbe53dff282dbc96f915ff141449bd9b19598211509e3"/>
</canvas>
<canvas name="13" width="51" height="77">
<vector name="origin" x="24" y="77"/>
<int name="z" value="0"/>
<int name="delay" value="150"/>
<string name="_hash" value="2bea5b1c8035fda3892a57872302d2a0a106fa442de6e2646d11821cc107ac59"/>
</canvas>
<canvas name="14" width="49" height="77">
<vector name="origin" x="20" y="77"/>
<int name="z" value="0"/>
<int name="delay" value="150"/>
<string name="_hash" value="f482a2b58c9de3c699c609a450bcddc84602adde88791106cda06a8e00614153"/>
</canvas>
<int name="special" value="1"/>
</imgdir>
</imgdir>
