<?xml version="1.0" encoding="UTF-8" standalone="yes"?>
<imgdir name="1052204.img">
<imgdir name="info">
<canvas name="default" width="53" height="88">
<vector name="origin" x="24" y="88"/>
<int name="z" value="0"/>
<int name="delay" value="150"/>
<string name="_hash" value="f9e51ec29427971ffcd66a57f68c19a6c007f249622d1a510b1f836833e94b87"/>
</canvas>
</imgdir>
<imgdir name="stand">
<canvas name="0" width="1" height="1">
<vector name="origin" x="21" y="86"/>
<int name="z" value="0"/>
<int name="delay" value="3000"/>
<string name="_hash" value="29f2a007d8a87f332b0e1b6999f4186cb54ab6f25176c85738f95ce3c1223f11"/>
<string name="_outlink" value="Npc/1052135.img/stand/0"/>
</canvas>
</imgdir>
<imgdir name="say">
<canvas name="0" width="1" height="1">
<vector name="origin" x="21" y="86"/>
<int name="z" value="0"/>
<string name="_outlink" value="Npc/1052135.img/stand/0"/>
</canvas>
<canvas name="1" width="1" height="1">
<vector name="origin" x="23" y="86"/>
<int name="z" value="0"/>
<string name="_hash" value="2264cead6a7ce1812b6b7487b8f3ccca3b8cec17175f70848e86189ae7438e04"/>
<string name="_outlink" value="Npc/1052135.img/say/1"/>
</canvas>
<canvas name="2" width="1" height="1">
<vector name="origin" x="21" y="86"/>
<int name="z" value="0"/>
<string name="_hash" value="53c344b18fd00a5e8b23e040193e47995afc6467dfceaf6809991b10301b37e9"/>
<string name="_outlink" value="Npc/1052135.img/say/2"/>
</canvas>
<canvas name="3" width="1" height="1">
<vector name="origin" x="23" y="86"/>
<int name="z" value="0"/>
<string name="_outlink" value="Npc/1052135.img/say/1"/>
</canvas>
<imgdir name="speak">
<string name="0" value="n0"/>
<string name="1" value="n1"/>
</imgdir>
</imgdir>
<imgdir name="eye">
<canvas name="0" width="1" height="1">
<vector name="origin" x="21" y="86"/>
<int name="z" value="0"/>
<string name="_outlink" value="Npc/1052135.img/stand/0"/>
</canvas>
<canvas name="1" width="1" height="1">
<vector name="origin" x="21" y="86"/>
<int name="z" value="0"/>
<string name="_hash" value="640a51c110ec2c7d2e501bbe04b5ddbf2c1af640886eec17b9902aedd9a2087e"/>
<string name="_outlink" value="Npc/1052135.img/eye/1"/>
</canvas>
<canvas name="2" width="1" height="1">
<vector name="origin" x="21" y="86"/>
<int name="z" value="0"/>
<string name="_hash" value="28d84c3ee094fa114989a1a33fdf1efae13c9badfe5bfb1827779875def4a33b"/>
<string name="_outlink" value="Npc/1052135.img/eye/2"/>
</canvas>
<canvas name="3" width="1" height="1">
<vector name="origin" x="21" y="86"/>
<int name="z" value="0"/>
<string name="_hash" value="7aa2ac79630541c7107357710f5b0a205b08f1ed67ac7d586a7e5ffd29a1218d"/>
<string name="_outlink" value="Npc/1052135.img/eye/3"/>
</canvas>
<canvas name="4" width="1" height="1">
<vector name="origin" x="21" y="86"/>
<int name="z" value="0"/>
<string name="_hash" value="1e544db53385c9d73e1e9469ac9baa9506101b92b82d538c033764157bf2e153"/>
<string name="_outlink" value="Npc/1052135.img/eye/4"/>
</canvas>
</imgdir>
<imgdir name="wink">
<canvas name="0" width="1" height="1">
<vector name="origin" x="21" y="86"/>
<int name="z" value="0"/>
<string name="_hash" value="a91b657ac522c5f43bd8ca5269b6b8a2e7fdaedf46de16a73f394f3ed777580f"/>
<string name="_outlink" value="Npc/1052135.img/wink/0"/>
</canvas>
<canvas name="1" width="1" height="1">
<vector name="origin" x="20" y="86"/>
<int name="z" value="0"/>
<string name="_hash" value="9bae61b2f73c96b6b900ea29d8a511b46c36b842de34c3379ca5af52df5c4df6"/>
<string name="_outlink" value="Npc/1052135.img/wink/1"/>
</canvas>
<canvas name="2" width="1" height="1">
<vector name="origin" x="20" y="86"/>
<int name="z" value="0"/>
<string name="_hash" value="a194504025ceabc3825a2bc690f5917bd85c6bee6adecfb1ad517473e36d85f3"/>
<string name="_outlink" value="Npc/1052135.img/wink/2"/>
</canvas>
<canvas name="3" width="1" height="1">
<vector name="origin" x="20" y="86"/>
<int name="z" value="0"/>
<string name="_hash" value="5cf9b6e0fbce9334c07d13d7107593a259e0ad4b9e458a4ad9759a9597a90833"/>
<string name="_outlink" value="Npc/1052135.img/wink/3"/>
</canvas>
<canvas name="4" width="1" height="1">
<vector name="origin" x="20" y="86"/>
<int name="z" value="0"/>
<string name="_outlink" value="Npc/1052135.img/wink/2"/>
</canvas>
<canvas name="5" width="1" height="1">
<vector name="origin" x="20" y="86"/>
<int name="z" value="0"/>
<string name="_outlink" value="Npc/1052135.img/wink/1"/>
</canvas>
</imgdir>
</imgdir>
