<?xml version="1.0" encoding="UTF-8" standalone="yes"?>
<imgdir name="1052240.img">
<imgdir name="info">
</imgdir>
<imgdir name="stand">
<canvas name="0" width="1" height="1">
<vector name="origin" x="23" y="76"/>
<int name="z" value="0"/>
<string name="_hash" value="552b49d8c76e861a018e8497432b3fdc87f199109f33e7d743e8bc6d138dc843"/>
<string name="_outlink" value="Npc/1052226.img/stand/0"/>
</canvas>
</imgdir>
<imgdir name="say">
<canvas name="0" width="1" height="1">
<vector name="origin" x="23" y="76"/>
<int name="z" value="0"/>
<int name="delay" value="200"/>
<string name="_outlink" value="Npc/1052226.img/stand/0"/>
</canvas>
<canvas name="1" width="1" height="1">
<vector name="origin" x="23" y="76"/>
<int name="z" value="0"/>
<int name="delay" value="200"/>
<string name="_hash" value="cfa534f613a311ad73467fadc3bc5410f07ebc85d9ea815d19da22b26c607b93"/>
<string name="_outlink" value="Npc/1052226.img/say/1"/>
</canvas>
<canvas name="2" width="1" height="1">
<vector name="origin" x="23" y="76"/>
<int name="z" value="0"/>
<int name="delay" value="200"/>
<string name="_outlink" value="Npc/1052226.img/stand/0"/>
</canvas>
<canvas name="3" width="1" height="1">
<vector name="origin" x="23" y="76"/>
<int name="z" value="0"/>
<int name="delay" value="200"/>
<string name="_outlink" value="Npc/1052226.img/say/1"/>
</canvas>
</imgdir>
<imgdir name="eye">
<canvas name="0" width="1" height="1">
<vector name="origin" x="23" y="76"/>
<int name="z" value="0"/>
<string name="_outlink" value="Npc/1052226.img/stand/0"/>
</canvas>
<canvas name="1" width="1" height="1">
<vector name="origin" x="23" y="76"/>
<int name="z" value="0"/>
<string name="_hash" value="f7c9a93dc1934b7ffcfc330a6fe168094a3fb57aea0e891cb5aba447365d58bf"/>
<string name="_outlink" value="Npc/1052226.img/eye/1"/>
</canvas>
<canvas name="2" width="1" height="1">
<vector name="origin" x="23" y="76"/>
<int name="z" value="0"/>
<string name="_hash" value="1f13d7dec229436cc25960388da224f862704d066890c8a382f459e4abf0c85f"/>
<string name="_outlink" value="Npc/1052226.img/eye/2"/>
</canvas>
</imgdir>
</imgdir>
