<?xml version="1.0" encoding="UTF-8" standalone="yes"?>
<imgdir name="1052107.img">
<imgdir name="info">
<int name="dcLeft" value="-64"/>
<int name="dcTop" value="-147"/>
<int name="dcRight" value="21"/>
<int name="dcBottom" value="0"/>
<imgdir name="script">
<imgdir name="0">
<string name="script" value="sca_Shade"/>
</imgdir>
</imgdir>
<canvas name="default" width="78" height="113">
<vector name="origin" x="39" y="113"/>
<int name="z" value="0"/>
<string name="_hash" value="c0247eb4c5b9abb3e8c36e490d2f8657e722921a5a46695c6ab218dfb260adb9"/>
</canvas>
</imgdir>
<imgdir name="stand">
<canvas name="0" width="85" height="148">
<vector name="origin" x="65" y="148"/>
<int name="delay" value="7000"/>
<string name="_hash" value="ba449530cd5ef203f0986561f6a26a606c38e9239d1be7743d1917341703a0d8"/>
</canvas>
</imgdir>
<imgdir name="scavenger">
<canvas name="0" width="111" height="148">
<vector name="origin" x="91" y="148"/>
<int name="delay" value="5000"/>
<string name="_hash" value="264e3a48ba9aa7a99db00c410f1969c48763466c731f90ac928b5c6940dd14de"/>
</canvas>
<int name="special" value="1"/>
</imgdir>
</imgdir>
