<?xml version="1.0" encoding="UTF-8" standalone="yes"?>
<imgdir name="1052117.img">
<imgdir name="info">
<int name="dcLeft" value="-50"/>
<int name="dcTop" value="-135"/>
<int name="dcRight" value="32"/>
<int name="dcBottom" value="0"/>
<int name="hide" value="1"/>
</imgdir>
<imgdir name="stand">
<canvas name="0" width="47" height="76">
<vector name="origin" x="23" y="76"/>
<int name="z" value="0"/>
<int name="delay" value="1000"/>
<string name="_hash" value="b67fb41391cdce2d77683dec8ba6b75301cbd2020330fb6af78c63fc20a2fc39"/>
</canvas>
<canvas name="1" width="47" height="76">
<vector name="origin" x="23" y="76"/>
<int name="z" value="0"/>
<int name="delay" value="110"/>
<string name="_hash" value="5cd968bd98c4f5030ebec640d77a3dcf5e6de00f35935477bd4320696b3f6fdf"/>
</canvas>
<canvas name="2" width="1" height="1">
<vector name="origin" x="23" y="76"/>
<int name="z" value="0"/>
<int name="delay" value="220"/>
<string name="_inlink" value="stand/0"/>
</canvas>
<canvas name="3" width="47" height="76">
<vector name="origin" x="23" y="76"/>
<int name="z" value="0"/>
<int name="delay" value="110"/>
<string name="_hash" value="528abeee0b50e1224b7da363d3aacb7e36ea17117e78d1c5a2668484b854a752"/>
</canvas>
<canvas name="4" width="47" height="76">
<vector name="origin" x="23" y="76"/>
<int name="z" value="0"/>
<int name="delay" value="110"/>
<string name="_hash" value="5fb6ea396f0cb17ec6d1f4b39608a07b396651cf5700be86402eeb3dca72cd24"/>
</canvas>
<canvas name="5" width="47" height="76">
<vector name="origin" x="23" y="76"/>
<int name="z" value="0"/>
<int name="delay" value="110"/>
<string name="_hash" value="c547f116a82d79570df299eef7a81c20ab3e5463157d742fce890addb2949304"/>
</canvas>
<canvas name="6" width="47" height="76">
<vector name="origin" x="23" y="76"/>
<int name="z" value="0"/>
<int name="delay" value="110"/>
<string name="_hash" value="ee67f8152780c58d95c6d4c02e7d58e65217a5d92a0220c67f4e180df2214b02"/>
</canvas>
</imgdir>
<imgdir name="say">
<canvas name="0" width="1" height="1">
<vector name="origin" x="23" y="76"/>
<int name="z" value="0"/>
<int name="delay" value="1100"/>
<string name="_inlink" value="stand/0"/>
</canvas>
<canvas name="1" width="47" height="76">
<vector name="origin" x="23" y="76"/>
<int name="z" value="0"/>
<int name="delay" value="110"/>
<string name="_hash" value="2166c713dca205edffd90c2f91dc4f9fd603c6665a34fc68fa77820c814c9bfa"/>
</canvas>
<canvas name="2" width="47" height="76">
<vector name="origin" x="23" y="76"/>
<int name="z" value="0"/>
<int name="delay" value="110"/>
<string name="_hash" value="882110dfdc394f7b8bfda4dc73ebed4c9a90b19cd3c50daab9af402039cbbd7a"/>
</canvas>
<canvas name="3" width="1" height="1">
<vector name="origin" x="23" y="76"/>
<int name="z" value="0"/>
<int name="delay" value="110"/>
<string name="_inlink" value="stand/0"/>
</canvas>
<canvas name="4" width="1" height="1">
<vector name="origin" x="23" y="76"/>
<int name="z" value="0"/>
<int name="delay" value="110"/>
<string name="_inlink" value="say/1"/>
</canvas>
<canvas name="5" width="1" height="1">
<vector name="origin" x="23" y="76"/>
<int name="z" value="0"/>
<int name="delay" value="110"/>
<string name="_inlink" value="say/2"/>
</canvas>
<canvas name="6" width="1" height="1">
<vector name="origin" x="23" y="76"/>
<int name="z" value="0"/>
<int name="delay" value="110"/>
<string name="_inlink" value="say/1"/>
</canvas>
<canvas name="7" width="1" height="1">
<vector name="origin" x="23" y="76"/>
<int name="z" value="0"/>
<int name="delay" value="110"/>
<string name="_inlink" value="say/2"/>
</canvas>
<canvas name="8" width="47" height="76">
<vector name="origin" x="23" y="76"/>
<int name="z" value="0"/>
<int name="delay" value="110"/>
<string name="_hash" value="eae982e548e80f6d0b96710fc06e0ce0401000337fe8f2f9b18b3031aa4e1b2d"/>
</canvas>
<canvas name="9" width="1" height="1">
<vector name="origin" x="23" y="76"/>
<int name="z" value="0"/>
<int name="delay" value="110"/>
<string name="_inlink" value="say/1"/>
</canvas>
<imgdir name="speak">
<string name="0" value="n0"/>
<string name="1" value="n1"/>
</imgdir>
</imgdir>
<imgdir name="action">
<canvas name="0" width="1" height="1">
<vector name="origin" x="23" y="76"/>
<int name="z" value="0"/>
<int name="delay" value="1100"/>
<string name="_inlink" value="stand/0"/>
</canvas>
<canvas name="1" width="47" height="76">
<vector name="origin" x="23" y="76"/>
<int name="z" value="0"/>
<int name="delay" value="110"/>
<string name="_hash" value="34230a89b7858dea822c0f5ea0aaf8d4ecae884f6548c7778e1fe62b7ee01b3e"/>
</canvas>
<canvas name="2" width="47" height="76">
<vector name="origin" x="23" y="76"/>
<int name="z" value="0"/>
<int name="delay" value="110"/>
<string name="_hash" value="dca7114981dfe3cc27eb14c3a9b979181894b1cad478dcd173a16377682a9904"/>
</canvas>
<canvas name="3" width="47" height="76">
<vector name="origin" x="23" y="76"/>
<int name="z" value="0"/>
<int name="delay" value="110"/>
<string name="_hash" value="963b36b80ef378ca468457da270699dc824815f73b00908b9c2522a4a8e6c8a3"/>
</canvas>
<canvas name="4" width="47" height="76">
<vector name="origin" x="23" y="76"/>
<int name="z" value="0"/>
<int name="delay" value="110"/>
<string name="_hash" value="e9ebf5231a3369a8d3821a08158e8aee7c311a8d339a9d721523ca4c185347f6"/>
</canvas>
<canvas name="5" width="1" height="1">
<vector name="origin" x="23" y="76"/>
<int name="z" value="0"/>
<int name="delay" value="110"/>
<string name="_inlink" value="action/3"/>
</canvas>
<canvas name="6" width="1" height="1">
<vector name="origin" x="23" y="76"/>
<int name="z" value="0"/>
<int name="delay" value="110"/>
<string name="_inlink" value="action/2"/>
</canvas>
<canvas name="7" width="1" height="1">
<vector name="origin" x="23" y="76"/>
<int name="z" value="0"/>
<int name="delay" value="110"/>
<string name="_inlink" value="action/1"/>
</canvas>
</imgdir>
<imgdir name="condition1">
<imgdir name="stand">
<canvas name="0" width="1" height="1">
<vector name="origin" x="23" y="76"/>
<int name="z" value="0"/>
<int name="delay" value="1000"/>
<string name="_inlink" value="stand/0"/>
</canvas>
<canvas name="1" width="1" height="1">
<vector name="origin" x="23" y="76"/>
<int name="z" value="0"/>
<int name="delay" value="110"/>
<string name="_inlink" value="stand/1"/>
</canvas>
<canvas name="2" width="1" height="1">
<vector name="origin" x="23" y="76"/>
<int name="z" value="0"/>
<int name="delay" value="220"/>
<string name="_inlink" value="stand/0"/>
</canvas>
<canvas name="3" width="1" height="1">
<vector name="origin" x="23" y="76"/>
<int name="z" value="0"/>
<int name="delay" value="110"/>
<string name="_inlink" value="stand/3"/>
</canvas>
<canvas name="4" width="1" height="1">
<vector name="origin" x="23" y="76"/>
<int name="z" value="0"/>
<int name="delay" value="110"/>
<string name="_inlink" value="stand/4"/>
</canvas>
<canvas name="5" width="1" height="1">
<vector name="origin" x="23" y="76"/>
<int name="z" value="0"/>
<int name="delay" value="110"/>
<string name="_inlink" value="stand/5"/>
</canvas>
<canvas name="6" width="1" height="1">
<vector name="origin" x="23" y="76"/>
<int name="z" value="0"/>
<int name="delay" value="110"/>
<string name="_inlink" value="stand/6"/>
</canvas>
</imgdir>
<imgdir name="say">
<canvas name="0" width="1" height="1">
<vector name="origin" x="23" y="76"/>
<int name="z" value="0"/>
<int name="delay" value="1100"/>
<string name="_inlink" value="stand/0"/>
</canvas>
<canvas name="1" width="1" height="1">
<vector name="origin" x="23" y="76"/>
<int name="z" value="0"/>
<int name="delay" value="110"/>
<string name="_inlink" value="say/1"/>
</canvas>
<canvas name="2" width="1" height="1">
<vector name="origin" x="23" y="76"/>
<int name="z" value="0"/>
<int name="delay" value="110"/>
<string name="_inlink" value="say/2"/>
</canvas>
<canvas name="3" width="1" height="1">
<vector name="origin" x="23" y="76"/>
<int name="z" value="0"/>
<int name="delay" value="110"/>
<string name="_inlink" value="stand/0"/>
</canvas>
<canvas name="4" width="1" height="1">
<vector name="origin" x="23" y="76"/>
<int name="z" value="0"/>
<int name="delay" value="110"/>
<string name="_inlink" value="say/1"/>
</canvas>
<canvas name="5" width="1" height="1">
<vector name="origin" x="23" y="76"/>
<int name="z" value="0"/>
<int name="delay" value="110"/>
<string name="_inlink" value="say/2"/>
</canvas>
<canvas name="6" width="1" height="1">
<vector name="origin" x="23" y="76"/>
<int name="z" value="0"/>
<int name="delay" value="110"/>
<string name="_inlink" value="say/1"/>
</canvas>
<canvas name="7" width="1" height="1">
<vector name="origin" x="23" y="76"/>
<int name="z" value="0"/>
<int name="delay" value="110"/>
<string name="_inlink" value="say/2"/>
</canvas>
<canvas name="8" width="1" height="1">
<vector name="origin" x="23" y="76"/>
<int name="z" value="0"/>
<int name="delay" value="110"/>
<string name="_inlink" value="say/8"/>
</canvas>
<canvas name="9" width="1" height="1">
<vector name="origin" x="23" y="76"/>
<int name="z" value="0"/>
<int name="delay" value="110"/>
<string name="_inlink" value="say/1"/>
</canvas>
<imgdir name="speak">
<string name="0" value="n0"/>
<string name="1" value="n1"/>
</imgdir>
</imgdir>
<imgdir name="action">
<canvas name="0" width="1" height="1">
<vector name="origin" x="23" y="76"/>
<int name="z" value="0"/>
<int name="delay" value="1100"/>
<string name="_inlink" value="stand/0"/>
</canvas>
<canvas name="1" width="1" height="1">
<vector name="origin" x="23" y="76"/>
<int name="z" value="0"/>
<int name="delay" value="110"/>
<string name="_inlink" value="action/1"/>
</canvas>
<canvas name="2" width="1" height="1">
<vector name="origin" x="23" y="76"/>
<int name="z" value="0"/>
<int name="delay" value="110"/>
<string name="_inlink" value="action/2"/>
</canvas>
<canvas name="3" width="1" height="1">
<vector name="origin" x="23" y="76"/>
<int name="z" value="0"/>
<int name="delay" value="110"/>
<string name="_inlink" value="action/3"/>
</canvas>
<canvas name="4" width="1" height="1">
<vector name="origin" x="23" y="76"/>
<int name="z" value="0"/>
<int name="delay" value="110"/>
<string name="_inlink" value="action/4"/>
</canvas>
<canvas name="5" width="1" height="1">
<vector name="origin" x="23" y="76"/>
<int name="z" value="0"/>
<int name="delay" value="110"/>
<string name="_inlink" value="action/3"/>
</canvas>
<canvas name="6" width="1" height="1">
<vector name="origin" x="23" y="76"/>
<int name="z" value="0"/>
<int name="delay" value="110"/>
<string name="_inlink" value="action/2"/>
</canvas>
<canvas name="7" width="1" height="1">
<vector name="origin" x="23" y="76"/>
<int name="z" value="0"/>
<int name="delay" value="110"/>
<string name="_inlink" value="action/1"/>
</canvas>
</imgdir>
<int name="2671" value="1"/>
</imgdir>
<imgdir name="condition2">
<imgdir name="stand">
<canvas name="0" width="1" height="1">
<vector name="origin" x="23" y="76"/>
<int name="z" value="0"/>
<int name="delay" value="1000"/>
<string name="_inlink" value="stand/0"/>
</canvas>
<canvas name="1" width="1" height="1">
<vector name="origin" x="23" y="76"/>
<int name="z" value="0"/>
<int name="delay" value="110"/>
<string name="_inlink" value="stand/1"/>
</canvas>
<canvas name="2" width="1" height="1">
<vector name="origin" x="23" y="76"/>
<int name="z" value="0"/>
<int name="delay" value="220"/>
<string name="_inlink" value="stand/0"/>
</canvas>
<canvas name="3" width="1" height="1">
<vector name="origin" x="23" y="76"/>
<int name="z" value="0"/>
<int name="delay" value="110"/>
<string name="_inlink" value="stand/3"/>
</canvas>
<canvas name="4" width="1" height="1">
<vector name="origin" x="23" y="76"/>
<int name="z" value="0"/>
<int name="delay" value="110"/>
<string name="_inlink" value="stand/4"/>
</canvas>
<canvas name="5" width="1" height="1">
<vector name="origin" x="23" y="76"/>
<int name="z" value="0"/>
<int name="delay" value="110"/>
<string name="_inlink" value="stand/5"/>
</canvas>
<canvas name="6" width="1" height="1">
<vector name="origin" x="23" y="76"/>
<int name="z" value="0"/>
<int name="delay" value="110"/>
<string name="_inlink" value="stand/6"/>
</canvas>
</imgdir>
<imgdir name="say">
<canvas name="0" width="1" height="1">
<vector name="origin" x="23" y="76"/>
<int name="z" value="0"/>
<int name="delay" value="1100"/>
<string name="_inlink" value="stand/0"/>
</canvas>
<canvas name="1" width="1" height="1">
<vector name="origin" x="23" y="76"/>
<int name="z" value="0"/>
<int name="delay" value="110"/>
<string name="_inlink" value="say/1"/>
</canvas>
<canvas name="2" width="1" height="1">
<vector name="origin" x="23" y="76"/>
<int name="z" value="0"/>
<int name="delay" value="110"/>
<string name="_inlink" value="say/2"/>
</canvas>
<canvas name="3" width="1" height="1">
<vector name="origin" x="23" y="76"/>
<int name="z" value="0"/>
<int name="delay" value="110"/>
<string name="_inlink" value="stand/0"/>
</canvas>
<canvas name="4" width="1" height="1">
<vector name="origin" x="23" y="76"/>
<int name="z" value="0"/>
<int name="delay" value="110"/>
<string name="_inlink" value="say/1"/>
</canvas>
<canvas name="5" width="1" height="1">
<vector name="origin" x="23" y="76"/>
<int name="z" value="0"/>
<int name="delay" value="110"/>
<string name="_inlink" value="say/2"/>
</canvas>
<canvas name="6" width="1" height="1">
<vector name="origin" x="23" y="76"/>
<int name="z" value="0"/>
<int name="delay" value="110"/>
<string name="_inlink" value="say/1"/>
</canvas>
<canvas name="7" width="1" height="1">
<vector name="origin" x="23" y="76"/>
<int name="z" value="0"/>
<int name="delay" value="110"/>
<string name="_inlink" value="say/2"/>
</canvas>
<canvas name="8" width="1" height="1">
<vector name="origin" x="23" y="76"/>
<int name="z" value="0"/>
<int name="delay" value="110"/>
<string name="_inlink" value="say/8"/>
</canvas>
<canvas name="9" width="1" height="1">
<vector name="origin" x="23" y="76"/>
<int name="z" value="0"/>
<int name="delay" value="110"/>
<string name="_inlink" value="say/1"/>
</canvas>
<imgdir name="speak">
<string name="0" value="n0"/>
<string name="1" value="n1"/>
</imgdir>
</imgdir>
<imgdir name="action">
<canvas name="0" width="1" height="1">
<vector name="origin" x="23" y="76"/>
<int name="z" value="0"/>
<int name="delay" value="1100"/>
<string name="_inlink" value="stand/0"/>
</canvas>
<canvas name="1" width="1" height="1">
<vector name="origin" x="23" y="76"/>
<int name="z" value="0"/>
<int name="delay" value="110"/>
<string name="_inlink" value="action/1"/>
</canvas>
<canvas name="2" width="1" height="1">
<vector name="origin" x="23" y="76"/>
<int name="z" value="0"/>
<int name="delay" value="110"/>
<string name="_inlink" value="action/2"/>
</canvas>
<canvas name="3" width="1" height="1">
<vector name="origin" x="23" y="76"/>
<int name="z" value="0"/>
<int name="delay" value="110"/>
<string name="_inlink" value="action/3"/>
</canvas>
<canvas name="4" width="1" height="1">
<vector name="origin" x="23" y="76"/>
<int name="z" value="0"/>
<int name="delay" value="110"/>
<string name="_inlink" value="action/4"/>
</canvas>
<canvas name="5" width="1" height="1">
<vector name="origin" x="23" y="76"/>
<int name="z" value="0"/>
<int name="delay" value="110"/>
<string name="_inlink" value="action/3"/>
</canvas>
<canvas name="6" width="1" height="1">
<vector name="origin" x="23" y="76"/>
<int name="z" value="0"/>
<int name="delay" value="110"/>
<string name="_inlink" value="action/2"/>
</canvas>
<canvas name="7" width="1" height="1">
<vector name="origin" x="23" y="76"/>
<int name="z" value="0"/>
<int name="delay" value="110"/>
<string name="_inlink" value="action/1"/>
</canvas>
</imgdir>
<int name="13815" value="1"/>
</imgdir>
</imgdir>
