<?xml version="1.0" encoding="UTF-8" standalone="yes"?>
<imgdir name="1052233.img">
<imgdir name="info">
<imgdir name="illustration2">
<canvas name="base" width="1" height="1">
<vector name="origin" x="0" y="0"/>
<int name="z" value="0"/>
</canvas>
<imgdir name="face">
<canvas name="0" width="232" height="273">
<vector name="origin" x="-19" y="163"/>
<int name="z" value="0"/>
<string name="_hash" value="c9b6d190765ce197f2e6dcda623870b78a8edc6517ee55f29b00419b4828e93b"/>
</canvas>
<canvas name="1" width="232" height="273">
<vector name="origin" x="-19" y="163"/>
<int name="z" value="0"/>
<string name="_hash" value="fe7e65fd59422d33f21c4dab235c1d432fa6c34ac78ce98631350797cec6b8aa"/>
</canvas>
</imgdir>
</imgdir>
</imgdir>
<imgdir name="stand">
<canvas name="0" width="1" height="1">
<vector name="origin" x="24" y="79"/>
<int name="z" value="0"/>
<string name="_hash" value="5127ca86836a15a0484f5bf7df6dfe08dd7a8f8eed60ddd5465d9e59efe34c68"/>
<string name="_outlink" value="Npc/1052209.img/stand/0"/>
</canvas>
</imgdir>
<imgdir name="eye">
<canvas name="0" width="1" height="1">
<vector name="origin" x="24" y="79"/>
<int name="z" value="0"/>
<int name="delay" value="180"/>
<string name="_hash" value="c13431dec47e331a8fc2ec2d74bd677436b17081048506eb3d7da10ccd83a789"/>
<string name="_outlink" value="Npc/1052209.img/eye/0"/>
</canvas>
<canvas name="1" width="1" height="1">
<vector name="origin" x="24" y="79"/>
<int name="z" value="0"/>
<int name="delay" value="180"/>
<string name="_hash" value="7db1dd9a6cdc6770d55834ea71bc25f16e7b09036b3666f5be15d33ea1247301"/>
<string name="_outlink" value="Npc/1052209.img/eye/1"/>
</canvas>
<canvas name="2" width="1" height="1">
<vector name="origin" x="24" y="79"/>
<int name="z" value="0"/>
<int name="delay" value="180"/>
<string name="_hash" value="acc6cf281e0b4ee95f19b6ef294113e69181e68fdab76415021e175440d9a575"/>
<string name="_outlink" value="Npc/1052209.img/eye/2"/>
</canvas>
</imgdir>
<imgdir name="say">
<canvas name="0" width="1" height="1">
<vector name="origin" x="24" y="79"/>
<int name="z" value="0"/>
<int name="delay" value="210"/>
<string name="_hash" value="e7759b27cb27f84d4996b976651a6a89e17cb234c368b473a07bec2a64a1b5d3"/>
<string name="_outlink" value="Npc/1052209.img/say/0"/>
</canvas>
<canvas name="1" width="1" height="1">
<vector name="origin" x="24" y="79"/>
<int name="z" value="0"/>
<int name="delay" value="210"/>
<string name="_hash" value="edf5072298e979f6c5a1294434a1b5daba86e0339d79c70708138e81f612b491"/>
<string name="_outlink" value="Npc/1052209.img/say/1"/>
</canvas>
<canvas name="2" width="1" height="1">
<vector name="origin" x="24" y="79"/>
<int name="z" value="0"/>
<int name="delay" value="210"/>
<string name="_outlink" value="Npc/1052209.img/say/0"/>
</canvas>
<canvas name="3" width="1" height="1">
<vector name="origin" x="24" y="79"/>
<int name="z" value="0"/>
<int name="delay" value="210"/>
<string name="_hash" value="1f77e538ca78389dd77224c35f30a6d8d8d659322812768cd9646b178ed6f2ff"/>
<string name="_outlink" value="Npc/1052209.img/say/3"/>
</canvas>
</imgdir>
<imgdir name="angry">
<canvas name="0" width="73" height="110">
<vector name="origin" x="34" y="101"/>
<int name="z" value="0"/>
<string name="_hash" value="05cb9fa8cd02690632c4cd226f7f38f3940290c812501f4847f24c9ab0ad980b"/>
</canvas>
<canvas name="1" width="78" height="103">
<vector name="origin" x="39" y="94"/>
<int name="z" value="0"/>
<string name="_hash" value="45766661bda9c3959fc7499e655496fd02653486f9ffa798e7d9ab6e976c0334"/>
</canvas>
<canvas name="2" width="74" height="108">
<vector name="origin" x="36" y="99"/>
<int name="z" value="0"/>
<string name="_hash" value="8e439436c0aa977bfc477f7e277961dd40e4d22d7e25d70617460e6b583f06be"/>
</canvas>
<canvas name="3" width="78" height="107">
<vector name="origin" x="39" y="98"/>
<int name="z" value="0"/>
<string name="_hash" value="5de03f58965d2b011a826cb7b8c2296e1e5ee4d271dabfc5222836161c239c3b"/>
</canvas>
<canvas name="4" width="75" height="111">
<vector name="origin" x="36" y="102"/>
<int name="z" value="0"/>
<string name="_hash" value="c716a3844b6e50467d7849786667bd2cb820403fce36dcdc8da97ca9a0f4b575"/>
</canvas>
<canvas name="5" width="72" height="111">
<vector name="origin" x="34" y="102"/>
<int name="z" value="0"/>
<string name="_hash" value="8d73066183eb97dc65ee1dffc49a4e161a338b2c1b68c9eb36fc2382c1bffc1e"/>
</canvas>
<int name="special" value="1"/>
</imgdir>
</imgdir>
