<?xml version="1.0" encoding="UTF-8" standalone="yes"?>
<imgdir name="1052252.img">
<imgdir name="info">
<string name="hideName" value="1"/>
</imgdir>
<imgdir name="stand">
<canvas name="0" width="91" height="68">
<vector name="origin" x="46" y="68"/>
<int name="z" value="0"/>
<string name="_hash" value="eb1f9efb3d2156292b4307b89ef4134bf7776b9ee5bb26718600a7517183343a"/>
</canvas>
<canvas name="1" width="91" height="69">
<vector name="origin" x="46" y="69"/>
<int name="z" value="0"/>
<string name="_hash" value="9aa78a96d39b9db663ae6df035e41e2642a2876110a71f4f1981a4052e54ca8b"/>
</canvas>
<canvas name="2" width="91" height="70">
<vector name="origin" x="46" y="70"/>
<int name="z" value="0"/>
<string name="_hash" value="cb71d0f09ec56825aadc8d40dd314b31d3e23011b563957e3396065b9722bc6d"/>
</canvas>
<canvas name="3" width="1" height="1">
<vector name="origin" x="46" y="69"/>
<int name="z" value="0"/>
<string name="_inlink" value="stand/1"/>
</canvas>
<canvas name="4" width="1" height="1">
<vector name="origin" x="46" y="68"/>
<int name="z" value="0"/>
<string name="_inlink" value="stand/0"/>
</canvas>
</imgdir>
<imgdir name="condition1">
<int name="34407" value="2"/>
<int name="hide" value="1"/>
<imgdir name="stand">
<canvas name="0" width="1" height="1">
</canvas>
</imgdir>
</imgdir>
</imgdir>
