<?xml version="1.0" encoding="UTF-8" standalone="yes"?>
<imgdir name="1052246.img">
<imgdir name="info">
<string name="hideName" value="1"/>
</imgdir>
<imgdir name="stand">
<canvas name="0" width="51" height="68">
<vector name="origin" x="25" y="63"/>
<int name="z" value="0"/>
<int name="delay" value="150"/>
<string name="_hash" value="00878023495c200904b2b1015e0f5d975154c67d2502d8d0585536d1039e91a3"/>
</canvas>
<canvas name="1" width="51" height="68">
<vector name="origin" x="25" y="63"/>
<int name="z" value="0"/>
<int name="delay" value="150"/>
<string name="_hash" value="bbd7ed4d0dab1d570746314f489f6cc6cbd09a55025daf6d28d7bdc35ae4f714"/>
</canvas>
<canvas name="2" width="1" height="1">
<vector name="origin" x="25" y="63"/>
<int name="z" value="0"/>
<int name="delay" value="150"/>
<string name="_inlink" value="stand/0"/>
</canvas>
<canvas name="3" width="1" height="1">
<vector name="origin" x="25" y="63"/>
<int name="z" value="0"/>
<int name="delay" value="150"/>
<string name="_inlink" value="stand/1"/>
</canvas>
<canvas name="4" width="51" height="68">
<vector name="origin" x="25" y="63"/>
<int name="z" value="0"/>
<int name="delay" value="150"/>
<string name="_hash" value="56f6e3ee58aac9f0dd2ca3d4e9e504963b713c4040ea3d389d3ad48ec02c0260"/>
</canvas>
<canvas name="5" width="1" height="1">
<vector name="origin" x="25" y="63"/>
<int name="z" value="0"/>
<int name="delay" value="150"/>
<string name="_inlink" value="stand/1"/>
</canvas>
<canvas name="6" width="1" height="1">
<vector name="origin" x="25" y="63"/>
<int name="z" value="0"/>
<int name="delay" value="150"/>
<string name="_inlink" value="stand/0"/>
</canvas>
<canvas name="7" width="1" height="1">
<vector name="origin" x="25" y="63"/>
<int name="z" value="0"/>
<int name="delay" value="150"/>
<string name="_inlink" value="stand/0"/>
</canvas>
</imgdir>
<imgdir name="condition1">
<int name="34410" value="2"/>
<int name="hide" value="1"/>
<imgdir name="stand">
<canvas name="0" width="1" height="1">
</canvas>
</imgdir>
</imgdir>
</imgdir>
