<?xml version="1.0" encoding="UTF-8" standalone="yes"?>
<imgdir name="1052108.img">
<imgdir name="info">
<int name="hideName" value="1"/>
<int name="talkMouseOnly" value="1"/>
<imgdir name="script">
<imgdir name="0">
<string name="script" value="trash_q2878"/>
</imgdir>
</imgdir>
</imgdir>
<imgdir name="stand">
<canvas name="0" width="67" height="39">
<vector name="origin" x="31" y="37"/>
<string name="_hash" value="a22ce95025e6e4ceef19181b5a8c226234eda0ca75c1855a7f9cb9aa10def53c"/>
</canvas>
</imgdir>
</imgdir>
