<?xml version="1.0" encoding="UTF-8" standalone="yes"?>
<imgdir name="1052119.img">
<imgdir name="info">
<int name="dcLeft" value="-50"/>
<int name="dcTop" value="-135"/>
<int name="dcRight" value="32"/>
<int name="dcBottom" value="0"/>
</imgdir>
<imgdir name="stand">
<canvas name="0" width="42" height="71">
<vector name="origin" x="20" y="71"/>
<int name="z" value="0"/>
<int name="delay" value="1000"/>
<string name="_hash" value="c9a210a8106a42871113331ff60dd5ff4d2732b0c02d0205a8c67a04c6741c4b"/>
</canvas>
<canvas name="1" width="42" height="71">
<vector name="origin" x="20" y="71"/>
<int name="z" value="0"/>
<int name="delay" value="110"/>
<string name="_hash" value="c642fa96ac83f1a70dae462d59e7658d9c4fb574200395efd278652df7e3618a"/>
</canvas>
<canvas name="2" width="42" height="71">
<vector name="origin" x="20" y="71"/>
<int name="z" value="0"/>
<int name="delay" value="110"/>
<string name="_hash" value="100e9da6fd27377195b0365184fef3319401c95a2b8f3b095bae1889f3e26559"/>
</canvas>
<canvas name="3" width="42" height="71">
<vector name="origin" x="20" y="71"/>
<int name="z" value="0"/>
<int name="delay" value="110"/>
<string name="_hash" value="d4ff24ecade49f858482e7d82f46730be74d154d919233349eff2b1b25cc186a"/>
</canvas>
<canvas name="4" width="1" height="1">
<vector name="origin" x="20" y="71"/>
<int name="z" value="0"/>
<int name="delay" value="110"/>
<string name="_inlink" value="stand/2"/>
</canvas>
<canvas name="5" width="1" height="1">
<vector name="origin" x="20" y="71"/>
<int name="z" value="0"/>
<int name="delay" value="110"/>
<string name="_inlink" value="stand/1"/>
</canvas>
</imgdir>
<imgdir name="say">
<canvas name="0" width="1" height="1">
<vector name="origin" x="20" y="71"/>
<int name="z" value="0"/>
<int name="delay" value="500"/>
<string name="_inlink" value="stand/0"/>
</canvas>
<canvas name="1" width="42" height="71">
<vector name="origin" x="19" y="71"/>
<int name="z" value="0"/>
<int name="delay" value="140"/>
<string name="_hash" value="ef616efd8778426648c702db187e871d500819141ba3d9d1048d4af8f4425f75"/>
</canvas>
<canvas name="2" width="42" height="71">
<vector name="origin" x="17" y="71"/>
<int name="z" value="0"/>
<int name="delay" value="140"/>
<string name="_hash" value="d5ee5e1f1d0ead05d4d1e7ffe4cf70528a94ae38c9e1112af7fc4cb2003967f3"/>
</canvas>
<canvas name="3" width="42" height="71">
<vector name="origin" x="16" y="71"/>
<int name="z" value="0"/>
<int name="delay" value="140"/>
<string name="_hash" value="0a11071a19cdd9b7612a3d21fd81e795582a625eaa38fb7ba26c8078bb3d1f72"/>
</canvas>
<canvas name="4" width="42" height="71">
<vector name="origin" x="16" y="71"/>
<int name="z" value="0"/>
<int name="delay" value="140"/>
<string name="_hash" value="fe20838362b66a1e143a5cf63aa26c5580543d001cfb02f46726e3eefb51d661"/>
</canvas>
<canvas name="5" width="42" height="71">
<vector name="origin" x="16" y="71"/>
<int name="z" value="0"/>
<int name="delay" value="140"/>
<string name="_hash" value="2b338debd86b0ce8e4f16ccfe375c1664b9b645c2a96f3b3a42be571df744178"/>
</canvas>
<canvas name="6" width="1" height="1">
<vector name="origin" x="16" y="71"/>
<int name="z" value="0"/>
<int name="delay" value="140"/>
<string name="_inlink" value="say/3"/>
</canvas>
<canvas name="7" width="1" height="1">
<vector name="origin" x="17" y="71"/>
<int name="z" value="0"/>
<int name="delay" value="140"/>
<string name="_inlink" value="say/2"/>
</canvas>
<canvas name="8" width="1" height="1">
<vector name="origin" x="19" y="71"/>
<int name="z" value="0"/>
<int name="delay" value="140"/>
<string name="_inlink" value="say/1"/>
</canvas>
<imgdir name="speak">
<string name="0" value="n0"/>
<string name="1" value="n1"/>
</imgdir>
</imgdir>
<imgdir name="action">
<canvas name="0" width="1" height="1">
<vector name="origin" x="20" y="71"/>
<int name="z" value="0"/>
<int name="delay" value="500"/>
<string name="_inlink" value="stand/0"/>
</canvas>
<canvas name="1" width="42" height="71">
<vector name="origin" x="19" y="71"/>
<int name="z" value="0"/>
<int name="delay" value="110"/>
<string name="_hash" value="a8514ddc885519011ac65763cac6f0adc8fc679d785afd77dc9177da6102758f"/>
</canvas>
<canvas name="2" width="42" height="71">
<vector name="origin" x="17" y="71"/>
<int name="z" value="0"/>
<int name="delay" value="110"/>
<string name="_hash" value="8dfc38242c83745fbdb55f4fb8d9953aa1567a12898883c3a59237db877fc7aa"/>
</canvas>
<canvas name="3" width="42" height="71">
<vector name="origin" x="16" y="71"/>
<int name="z" value="0"/>
<int name="delay" value="110"/>
<string name="_hash" value="df2008365a44f832259888144c3e64803b8d9aa3fa34a02dc663a63562f5c823"/>
</canvas>
<canvas name="4" width="42" height="71">
<vector name="origin" x="16" y="71"/>
<int name="z" value="0"/>
<int name="delay" value="110"/>
<string name="_hash" value="d22c7c76ffb635bfc51b5d76f0132dfb936ff15d1a6e779c375cfabaae99bb0e"/>
</canvas>
<canvas name="5" width="42" height="71">
<vector name="origin" x="16" y="71"/>
<int name="z" value="0"/>
<int name="delay" value="110"/>
<string name="_hash" value="e326bbb6a7057eb75bda3b981326d0c4f2c406edb1bd09951e7a276764453f03"/>
</canvas>
<canvas name="6" width="42" height="71">
<vector name="origin" x="16" y="71"/>
<int name="z" value="0"/>
<int name="delay" value="1000"/>
<string name="_hash" value="752751e09dfe869f50131808f7e1df6ad19ba6500e76700d3bf639fed2f37397"/>
</canvas>
<uol name="7" value="5"/>
<uol name="8" value="4"/>
<uol name="9" value="3"/>
<uol name="10" value="2"/>
<uol name="11" value="1"/>
</imgdir>
</imgdir>
