<?xml version="1.0" encoding="UTF-8" standalone="yes"?>
<imgdir name="1052234.img">
<imgdir name="info">
<int name="forceMove" value="1"/>
<imgdir name="illustration2">
<canvas name="base" width="1" height="1">
<vector name="origin" x="0" y="0"/>
<int name="z" value="0"/>
</canvas>
<imgdir name="face">
<canvas name="0" width="235" height="265">
<vector name="origin" x="-8" y="148"/>
<int name="z" value="0"/>
<string name="_hash" value="2ed174a136448d7b40fa78ff8a38a698d4729403c3c69bba6157d0d775ded43b"/>
</canvas>
</imgdir>
</imgdir>
</imgdir>
<imgdir name="stand">
<canvas name="0" width="1" height="1">
<vector name="origin" x="23" y="76"/>
<int name="z" value="0"/>
<string name="_hash" value="2b8f54bee9d93f56d9d3e2d5a1b15efcb1e26b69b78c24fde74626f9c1a9a4e2"/>
<string name="_outlink" value="Npc/1052210.img/stand/0"/>
</canvas>
</imgdir>
<imgdir name="say">
<canvas name="0" width="1" height="1">
<vector name="origin" x="23" y="76"/>
<int name="z" value="0"/>
<int name="delay" value="200"/>
<string name="_outlink" value="Npc/1052210.img/stand/0"/>
</canvas>
<canvas name="1" width="1" height="1">
<vector name="origin" x="23" y="76"/>
<int name="z" value="0"/>
<int name="delay" value="200"/>
<string name="_hash" value="81dd396e60b6cc2f1ab193d133c1b1deb65f9d99bebc78d515e01a6881dca74f"/>
<string name="_outlink" value="Npc/1052210.img/say/1"/>
</canvas>
<canvas name="2" width="1" height="1">
<vector name="origin" x="23" y="76"/>
<int name="z" value="0"/>
<int name="delay" value="200"/>
<string name="_outlink" value="Npc/1052210.img/stand/0"/>
</canvas>
<canvas name="3" width="1" height="1">
<vector name="origin" x="23" y="76"/>
<int name="z" value="0"/>
<int name="delay" value="200"/>
<string name="_outlink" value="Npc/1052210.img/say/1"/>
</canvas>
</imgdir>
<imgdir name="eye">
<canvas name="0" width="1" height="1">
<vector name="origin" x="23" y="76"/>
<int name="z" value="0"/>
<int name="delay" value="120"/>
<string name="_outlink" value="Npc/1052210.img/stand/0"/>
</canvas>
<canvas name="1" width="1" height="1">
<vector name="origin" x="23" y="76"/>
<int name="z" value="0"/>
<int name="delay" value="120"/>
<string name="_hash" value="db3a051217733e4e5829abef29ab12064b111b8b20c389ed6ffb0ba6641a129d"/>
<string name="_outlink" value="Npc/1052210.img/eye/1"/>
</canvas>
<canvas name="2" width="1" height="1">
<vector name="origin" x="23" y="76"/>
<int name="z" value="0"/>
<int name="delay" value="120"/>
<string name="_hash" value="7759f36e3d0366e2bce555d678497cbeae2d56cdfcd80a24d691b163e7deebda"/>
<string name="_outlink" value="Npc/1052210.img/eye/2"/>
</canvas>
</imgdir>
<imgdir name="move">
<canvas name="0" width="1" height="1">
<vector name="origin" x="23" y="75"/>
<int name="z" value="0"/>
<int name="delay" value="200"/>
<string name="_hash" value="99bb57bc1ffa8efb35ebcf85a890e6ae2a61938914137d003c30602b06923f61"/>
<string name="_outlink" value="Npc/1052210.img/move/0"/>
</canvas>
<canvas name="1" width="1" height="1">
<vector name="origin" x="23" y="76"/>
<int name="z" value="0"/>
<int name="delay" value="200"/>
<string name="_hash" value="cc824669e8d8449e92f101fed55a574de54a12edcfb8dd91995e3ea7ca905859"/>
<string name="_outlink" value="Npc/1052210.img/move/1"/>
</canvas>
<canvas name="2" width="1" height="1">
<vector name="origin" x="23" y="75"/>
<int name="z" value="0"/>
<int name="delay" value="200"/>
<string name="_hash" value="69ef021454c95069a71d996a6ca4e627f58e2d88199f3c15b114058b79c32b76"/>
<string name="_outlink" value="Npc/1052210.img/move/2"/>
</canvas>
<canvas name="3" width="1" height="1">
<vector name="origin" x="23" y="76"/>
<int name="z" value="0"/>
<int name="delay" value="200"/>
<string name="_hash" value="628ecd1479455d6307570e8fbf28ef7af1310dc4ef46ea84f6d3df01d306e81d"/>
<string name="_outlink" value="Npc/1052210.img/move/3"/>
</canvas>
<int name="special" value="1"/>
</imgdir>
</imgdir>
