<?xml version="1.0" encoding="UTF-8" standalone="yes"?>
<imgdir name="1052232.img">
<imgdir name="info">
<int name="forceMove" value="1"/>
<imgdir name="illustration2">
<canvas name="base" width="1" height="1">
<vector name="origin" x="0" y="0"/>
<int name="z" value="0"/>
</canvas>
<imgdir name="face">
<canvas name="0" width="242" height="258">
<vector name="origin" x="-20" y="148"/>
<int name="z" value="0"/>
<string name="_hash" value="9a16310852a6babba8df3b28e650109444b5c3b075f26182891650c0e087c809"/>
</canvas>
<canvas name="1" width="242" height="258">
<vector name="origin" x="-20" y="148"/>
<int name="z" value="0"/>
<string name="_hash" value="4dae68b9bd8f171f31aeedb3067843aef8cca44c4be81fd9edc3f32fc02c7703"/>
</canvas>
</imgdir>
</imgdir>
</imgdir>
<imgdir name="stand">
<canvas name="0" width="1" height="1">
<vector name="origin" x="29" y="77"/>
<int name="z" value="0"/>
<int name="delay" value="630"/>
<string name="_hash" value="96e527cc3f1fb36fab63208daa2171397f42817865236ce616d0ec0778cac202"/>
<string name="_outlink" value="Npc/1052208.img/stand/0"/>
</canvas>
</imgdir>
<imgdir name="say">
<canvas name="0" width="1" height="1">
<vector name="origin" x="29" y="77"/>
<int name="z" value="0"/>
<int name="delay" value="180"/>
<string name="_outlink" value="Npc/1052208.img/stand/0"/>
</canvas>
<canvas name="1" width="1" height="1">
<vector name="origin" x="29" y="77"/>
<int name="z" value="0"/>
<int name="delay" value="180"/>
<string name="_hash" value="c4d18b23fef2f6eea18e070673ea5dccf16061d658924c1d45db508a86e97368"/>
<string name="_outlink" value="Npc/1052208.img/say/1"/>
</canvas>
<canvas name="2" width="1" height="1">
<vector name="origin" x="29" y="77"/>
<int name="z" value="0"/>
<int name="delay" value="180"/>
<string name="_hash" value="f01f570619e5db01c67a9b8d0a5b228ba12da8a35e7cc2217f77c31096d2fced"/>
<string name="_outlink" value="Npc/1052208.img/say/2"/>
</canvas>
<canvas name="3" width="1" height="1">
<vector name="origin" x="29" y="77"/>
<int name="z" value="0"/>
<int name="delay" value="180"/>
<string name="_outlink" value="Npc/1052208.img/say/1"/>
</canvas>
</imgdir>
<imgdir name="move">
<canvas name="0" width="49" height="77">
<vector name="origin" x="29" y="77"/>
<int name="z" value="0"/>
<int name="delay" value="180"/>
<string name="_hash" value="ae74141e41154ba943a4ed487a98ff141457bc16a32548f9e993d2b1c8516845"/>
</canvas>
<canvas name="1" width="49" height="76">
<vector name="origin" x="29" y="76"/>
<int name="z" value="0"/>
<int name="delay" value="180"/>
<string name="_hash" value="e6ff737a08cb50b5dd0d602e363fea537a1bd53734f4b20f0d231ab57ae41ecc"/>
</canvas>
<canvas name="2" width="49" height="77">
<vector name="origin" x="29" y="77"/>
<int name="z" value="0"/>
<int name="delay" value="180"/>
<string name="_hash" value="18d11860e3a5518705d8d4365f408d4eb689f486156306f41848b429b65faf46"/>
</canvas>
<canvas name="3" width="49" height="76">
<vector name="origin" x="29" y="76"/>
<int name="z" value="0"/>
<int name="delay" value="180"/>
<string name="_hash" value="930a425e8323f9a94986bd52f66bcbab01f94c00f8d968058d5e560d1163c257"/>
</canvas>
</imgdir>
</imgdir>
