<?xml version="1.0" encoding="UTF-8" standalone="yes"?>
<imgdir name="1052104.img">
<imgdir name="info">
<imgdir name="speak">
<string name="0" value="n0"/>
<string name="1" value="n1"/>
</imgdir>
<int name="shop" value="1"/>
</imgdir>
<imgdir name="stand">
<canvas name="0" width="69" height="86">
<vector name="origin" x="27" y="85"/>
<int name="delay" value="3000"/>
<string name="_hash" value="3840933550990e0412a919da0cf89757753360d0cfc35250b23de11b7029bb2b"/>
</canvas>
<canvas name="1" width="69" height="86">
<vector name="origin" x="27" y="85"/>
<int name="delay" value="120"/>
<string name="_hash" value="ee3f0c67f21f33efddd163e72bae19cab33c06287fe4fa08c27c2e6ffe8db431"/>
</canvas>
<canvas name="2" width="1" height="1">
<vector name="origin" x="27" y="85"/>
<int name="delay" value="200"/>
<string name="_inlink" value="stand/0"/>
</canvas>
<uol name="3" value="1"/>
<uol name="4" value="2"/>
<uol name="5" value="1"/>
</imgdir>
<imgdir name="magic">
<canvas name="0" width="1" height="1">
<vector name="origin" x="27" y="85"/>
<int name="delay" value="250"/>
<string name="_inlink" value="stand/0"/>
</canvas>
<canvas name="1" width="69" height="85">
<vector name="origin" x="27" y="85"/>
<int name="delay" value="150"/>
<string name="_hash" value="f34d8fe6b60c2a76b0d55ab775bb3263feb46bda6dd35eced96935a100989236"/>
</canvas>
<canvas name="2" width="69" height="85">
<vector name="origin" x="27" y="85"/>
<int name="delay" value="550"/>
<string name="_hash" value="47a1359780a6fb825b65fe7250eee04e07637af38f9341e275611251feda3ea6"/>
</canvas>
<canvas name="3" width="84" height="101">
<vector name="origin" x="42" y="85"/>
<int name="delay" value="150"/>
<string name="_hash" value="677386baf33aa870501ef1cfed8693237b8e02ab57d9f5804c611a8e6253af47"/>
</canvas>
<canvas name="4" width="83" height="101">
<vector name="origin" x="41" y="85"/>
<int name="delay" value="150"/>
<string name="_hash" value="c1898a8f1c5a3dad1c88e80893279aaa793e72bbf64bf27b58e04000747388ed"/>
</canvas>
<canvas name="5" width="83" height="100">
<vector name="origin" x="41" y="85"/>
<int name="delay" value="150"/>
<string name="_hash" value="b651c2dc9699c7b3fc1a019dceef1bcce6eb9f59aecb5875d7131e837de69103"/>
</canvas>
<canvas name="6" width="82" height="99">
<vector name="origin" x="40" y="85"/>
<int name="delay" value="150"/>
<string name="_hash" value="125f839b200905025d0b2763418bcd623d5f490dc714a578d84d29428b31c2c8"/>
</canvas>
<canvas name="7" width="79" height="97">
<vector name="origin" x="37" y="85"/>
<int name="delay" value="150"/>
<string name="_hash" value="48fa57fdbb5f46ca7e8c4192d74635ac9f4f18e76469803c25eaa7aad9a8a76b"/>
</canvas>
<canvas name="8" width="76" height="131">
<vector name="origin" x="27" y="131"/>
<int name="delay" value="100"/>
<string name="_hash" value="4e15b7ddadb5edb893a4c86278515b9084e9a4753c7ccb9761336507518ec457"/>
</canvas>
<canvas name="9" width="77" height="134">
<vector name="origin" x="28" y="133"/>
<int name="delay" value="100"/>
<string name="_hash" value="1135bbf91a6f7e70e03f736c316ab30b1462f00abcaae1b3df8b6eb8d9de981d"/>
</canvas>
<canvas name="10" width="74" height="131">
<vector name="origin" x="30" y="130"/>
<int name="delay" value="100"/>
<string name="_hash" value="a3691c705cdee8e5caf97c835074f78da26f07165dc96877ad36152cdf5b2bed"/>
</canvas>
<canvas name="11" width="73" height="124">
<vector name="origin" x="31" y="121"/>
<int name="delay" value="100"/>
<string name="_hash" value="3d473da7e1b569536f47481a976d94382e983ca02e86221854ecd6dc5285b6c8"/>
</canvas>
<canvas name="12" width="75" height="75">
<vector name="origin" x="33" y="70"/>
<int name="delay" value="100"/>
<string name="_hash" value="7878579c4f3fa1698a9bc0b296a093ab425a8ba5c0ff3a66163d02a752dc70bb"/>
</canvas>
<canvas name="13" width="64" height="70">
<vector name="origin" x="22" y="70"/>
<int name="delay" value="200"/>
<string name="_hash" value="d3e98f20aea0713b69fab8e1f357ded3098926043596ce18c4d550ecd2e335e1"/>
</canvas>
<canvas name="14" width="64" height="70">
<vector name="origin" x="22" y="70"/>
<int name="delay" value="200"/>
<string name="_hash" value="9059485689374fe4993de56c2e647dd781b98e6b7724a5cd7574203eeb24bfb7"/>
</canvas>
<canvas name="15" width="1" height="1">
<vector name="origin" x="22" y="70"/>
<int name="delay" value="200"/>
<string name="_inlink" value="magic/13"/>
</canvas>
<canvas name="16" width="1" height="1">
<vector name="origin" x="22" y="70"/>
<int name="delay" value="200"/>
<string name="_inlink" value="magic/14"/>
</canvas>
<canvas name="17" width="64" height="70">
<vector name="origin" x="22" y="70"/>
<int name="delay" value="500"/>
<string name="_hash" value="a873e8869497ddaa53ce9515230e0fc923a03091b15087d2c80949c8fbdacafb"/>
</canvas>
<canvas name="18" width="64" height="70">
<vector name="origin" x="22" y="70"/>
<int name="delay" value="100"/>
<string name="_hash" value="bf2d669d216cacaa39a256394085ddcfd9663cabafbacf9410123e52c5cf0916"/>
</canvas>
<canvas name="19" width="69" height="86">
<vector name="origin" x="27" y="85"/>
<int name="delay" value="150"/>
<string name="_hash" value="e36aa5dd9b2950b28e1bb76e388cbc3eea73a5356522c5ba663e46efb89ec7aa"/>
</canvas>
<canvas name="20" width="1" height="1">
<vector name="origin" x="27" y="85"/>
<int name="delay" value="200"/>
<string name="_inlink" value="stand/0"/>
</canvas>
<canvas name="21" width="69" height="86">
<vector name="origin" x="27" y="85"/>
<int name="delay" value="150"/>
<string name="_hash" value="486682804ebc966265cb29aa6a86e9bfac419a7a9ac0296de4f050a4ac7251d9"/>
</canvas>
<canvas name="22" width="70" height="85">
<vector name="origin" x="28" y="84"/>
<int name="delay" value="150"/>
<string name="_hash" value="8b6acedaf718ba6a98acff92163ab0c01d5ab995d59e6f1199ea5135f6a83827"/>
</canvas>
<canvas name="23" width="1" height="1">
<vector name="origin" x="27" y="85"/>
<int name="delay" value="150"/>
<string name="_inlink" value="magic/21"/>
</canvas>
<canvas name="24" width="1" height="1">
<vector name="origin" x="28" y="84"/>
<int name="delay" value="150"/>
<string name="_inlink" value="magic/22"/>
</canvas>
<canvas name="25" width="1" height="1">
<vector name="origin" x="27" y="85"/>
<int name="delay" value="150"/>
<string name="_inlink" value="magic/21"/>
</canvas>
</imgdir>
</imgdir>
