<?xml version="1.0" encoding="UTF-8" standalone="yes"?>
<imgdir name="1052222.img">
<imgdir name="info">
</imgdir>
<imgdir name="stand">
<canvas name="0" width="54" height="77">
<vector name="origin" x="27" y="76"/>
<int name="z" value="0"/>
<string name="_hash" value="fb9fd437469551f4eb7de02ee3620a90bfc1c48eae7a8e88a7e03e3ac04af133"/>
</canvas>
</imgdir>
<imgdir name="say">
<canvas name="0" width="1" height="1">
<vector name="origin" x="27" y="76"/>
<int name="z" value="0"/>
<int name="delay" value="200"/>
<string name="_inlink" value="stand/0"/>
</canvas>
<canvas name="1" width="54" height="77">
<vector name="origin" x="27" y="76"/>
<int name="z" value="0"/>
<int name="delay" value="200"/>
<string name="_hash" value="ce9634383478e9b60f287fdcd871de24527b1f1a8e1821b72cd8102fa478f13b"/>
</canvas>
<canvas name="2" width="1" height="1">
<vector name="origin" x="27" y="76"/>
<int name="z" value="0"/>
<int name="delay" value="200"/>
<string name="_inlink" value="stand/0"/>
</canvas>
<canvas name="3" width="1" height="1">
<vector name="origin" x="27" y="76"/>
<int name="z" value="0"/>
<int name="delay" value="200"/>
<string name="_inlink" value="say/1"/>
</canvas>
</imgdir>
<imgdir name="eye">
<canvas name="0" width="1" height="1">
<vector name="origin" x="27" y="76"/>
<int name="z" value="0"/>
<string name="_inlink" value="stand/0"/>
</canvas>
<canvas name="1" width="54" height="77">
<vector name="origin" x="27" y="76"/>
<int name="z" value="0"/>
<string name="_hash" value="d9ebb28eb9cb24b61fe78191bb24aa7eb0a2d76ee33f60750666719916028d22"/>
</canvas>
<canvas name="2" width="54" height="77">
<vector name="origin" x="27" y="76"/>
<int name="z" value="0"/>
<string name="_hash" value="df3c884f4ded8cc09bd465ba5cea04c78fa8e75ab60d0ccb6109dfcfaf28a83e"/>
</canvas>
</imgdir>
</imgdir>
