<?xml version="1.0" encoding="UTF-8" standalone="yes"?>
<imgdir name="1052131.img">
<imgdir name="info">
<int name="hideName" value="1"/>
<int name="dcLeft" value="-19"/>
<int name="dcTop" value="-1"/>
<int name="dcRight" value="24"/>
<int name="dcBottom" value="35"/>
<canvas name="default" width="60" height="36">
<vector name="origin" x="30" y="18"/>
<int name="z" value="0"/>
<string name="_hash" value="bccf223427ee39b3b58caef37de2c8e052ad4b13ce354007facf2a0f7857dc96"/>
</canvas>
</imgdir>
<imgdir name="stand">
<canvas name="0" width="1" height="1">
<vector name="origin" x="0" y="0"/>
</canvas>
</imgdir>
</imgdir>
