<?xml version="1.0" encoding="UTF-8" standalone="yes"?>
<imgdir name="1052136.img">
<imgdir name="info">
<int name="dcLeft" value="-60"/>
<int name="dcTop" value="-106"/>
<int name="dcRight" value="57"/>
<int name="dcBottom" value="0"/>
<int name="hideName" value="1"/>
<imgdir name="script">
<imgdir name="0">
<string name="script" value="DepPortalSay"/>
</imgdir>
</imgdir>
<canvas name="default" width="103" height="107">
<vector name="origin" x="51" y="53"/>
<int name="z" value="0"/>
<string name="_hash" value="66f07d89a338563df157570bc19f13c68638fc03f64e3040cb134b1a1b5b6d9c"/>
</canvas>
</imgdir>
<imgdir name="stand">
<canvas name="0" width="1" height="1">
<vector name="origin" x="0" y="0"/>
</canvas>
</imgdir>
</imgdir>
