<?xml version="1.0" encoding="UTF-8" standalone="yes"?>
<imgdir name="1052215.img">
<imgdir name="info">
<int name="hide" value="1"/>
<imgdir name="script">
<imgdir name="0">
<string name="script" value="npc_1052215"/>
</imgdir>
</imgdir>
</imgdir>
<imgdir name="stand">
<canvas name="0" width="1" height="1">
<vector name="origin" x="24" y="79"/>
<int name="z" value="0"/>
<string name="_hash" value="5127ca86836a15a0484f5bf7df6dfe08dd7a8f8eed60ddd5465d9e59efe34c68"/>
<string name="_outlink" value="Npc/1052209.img/stand/0"/>
</canvas>
</imgdir>
<imgdir name="eye">
<canvas name="0" width="1" height="1">
<vector name="origin" x="24" y="79"/>
<int name="z" value="0"/>
<int name="delay" value="180"/>
<string name="_hash" value="c13431dec47e331a8fc2ec2d74bd677436b17081048506eb3d7da10ccd83a789"/>
<string name="_outlink" value="Npc/1052209.img/eye/0"/>
</canvas>
<canvas name="1" width="1" height="1">
<vector name="origin" x="24" y="79"/>
<int name="z" value="0"/>
<int name="delay" value="180"/>
<string name="_hash" value="7db1dd9a6cdc6770d55834ea71bc25f16e7b09036b3666f5be15d33ea1247301"/>
<string name="_outlink" value="Npc/1052209.img/eye/1"/>
</canvas>
<canvas name="2" width="1" height="1">
<vector name="origin" x="24" y="79"/>
<int name="z" value="0"/>
<int name="delay" value="180"/>
<string name="_hash" value="acc6cf281e0b4ee95f19b6ef294113e69181e68fdab76415021e175440d9a575"/>
<string name="_outlink" value="Npc/1052209.img/eye/2"/>
</canvas>
</imgdir>
<imgdir name="say">
<canvas name="0" width="1" height="1">
<vector name="origin" x="24" y="79"/>
<int name="z" value="0"/>
<int name="delay" value="210"/>
<string name="_hash" value="e7759b27cb27f84d4996b976651a6a89e17cb234c368b473a07bec2a64a1b5d3"/>
<string name="_outlink" value="Npc/1052209.img/say/0"/>
</canvas>
<canvas name="1" width="1" height="1">
<vector name="origin" x="24" y="79"/>
<int name="z" value="0"/>
<int name="delay" value="210"/>
<string name="_hash" value="edf5072298e979f6c5a1294434a1b5daba86e0339d79c70708138e81f612b491"/>
<string name="_outlink" value="Npc/1052209.img/say/1"/>
</canvas>
<canvas name="2" width="1" height="1">
<vector name="origin" x="24" y="79"/>
<int name="z" value="0"/>
<int name="delay" value="210"/>
<string name="_outlink" value="Npc/1052209.img/say/0"/>
</canvas>
<canvas name="3" width="1" height="1">
<vector name="origin" x="24" y="79"/>
<int name="z" value="0"/>
<int name="delay" value="210"/>
<string name="_hash" value="1f77e538ca78389dd77224c35f30a6d8d8d659322812768cd9646b178ed6f2ff"/>
<string name="_outlink" value="Npc/1052209.img/say/3"/>
</canvas>
</imgdir>
<imgdir name="condition1">
<int name="34422" value="2"/>
<int name="hide" value="1"/>
<imgdir name="stand">
<canvas name="0" width="1" height="1">
</canvas>
</imgdir>
<imgdir name="eye">
<canvas name="0" width="1" height="1">
</canvas>
</imgdir>
<imgdir name="say">
<canvas name="0" width="1" height="1">
</canvas>
</imgdir>
</imgdir>
<imgdir name="condition2">
<int name="34413" value="2"/>
<uol name="stand" value="../stand"/>
<uol name="say" value="../say"/>
<uol name="eye" value="../eye"/>
</imgdir>
</imgdir>
